payment_id,trip_id,payment_method,payment_status
1,TRP-000001,Cash,Success
2,TRP-000002,GoPay,Success
3,TRP-000003,GoPay,Success
4,TRP-000004,GoPay,Success
5,TRP-000005,GoPay,Failed
6,TRP-000006,GoPay,Success
7,TRP-000007,GoPay,Success
8,TRP-000008,Credit Card,Success
9,TRP-000009,GoPay,Pending
10,TRP-000010,Cash,Success
11,TRP-000011,Cash,Pending
12,TRP-000012,Credit Card,Success
13,TRP-000013,Cash,Success
14,TRP-000014,Credit Card,Success
15,TRP-000015,Cash,Success
16,TRP-000016,GoPay,Success
17,TRP-000017,GoPay,Failed
18,TRP-000018,GoPay,Success
19,TRP-000019,Credit Card,Success
20,TRP-000020,Credit Card,Success
21,TRP-000021,GoPay,Pending
22,TRP-000022,GoPay,Success
23,TRP-000023,Credit Card,Failed
24,TRP-000024,Cash,Success
25,TRP-000025,GoPay,Success
26,TRP-000026,GoPay,Success
27,TRP-000027,GoPay,Success
28,TRP-000028,Credit Card,Success
29,TRP-000029,Cash,Failed
30,TRP-000030,Cash,Success
31,TRP-000031,Credit Card,Success
32,TRP-000032,GoPay,Success
33,TRP-000033,GoPay,Success
34,TRP-000034,Cash,Success
35,TRP-000035,GoPay,Success
36,TRP-000036,Credit Card,Success
37,TRP-000037,Credit Card,Failed
38,TRP-000038,Cash,Failed
39,TRP-000039,GoPay,Success
40,TRP-000040,Credit Card,Success
41,TRP-000041,Credit Card,Success
42,TRP-000042,Credit Card,Success
43,TRP-000043,Cash,Success
44,TRP-000044,Credit Card,Pending
45,TRP-000045,Credit Card,Success
46,TRP-000046,GoPay,Success
47,TRP-000047,Cash,Failed
48,TRP-000048,Cash,Success
49,TRP-000049,Credit Card,Success
50,TRP-000050,Cash,Success
51,TRP-000051,GoPay,Success
52,TRP-000052,Cash,Pending
53,TRP-000053,GoPay,Success
54,TRP-000054,Credit Card,Success
55,TRP-000055,Cash,Success
56,TRP-000056,Cash,Pending
57,TRP-000057,GoPay,Pending
58,TRP-000058,GoPay,Success
59,TRP-000059,GoPay,Success
60,TRP-000060,Credit Card,Success
61,TRP-000061,GoPay,Success
62,TRP-000062,Cash,Success
63,TRP-000063,GoPay,Failed
64,TRP-000064,Cash,Success
65,TRP-000065,GoPay,Success
66,TRP-000066,Credit Card,Success
67,TRP-000067,GoPay,Success
68,TRP-000068,GoPay,Success
69,TRP-000069,Credit Card,Success
70,TRP-000070,Credit Card,Success
71,TRP-000071,GoPay,Success
72,TRP-000072,Cash,Success
73,TRP-000073,GoPay,Success
74,TRP-000074,Cash,Success
75,TRP-000075,Cash,Success
76,TRP-000076,GoPay,Success
77,TRP-000077,GoPay,Success
78,TRP-000078,Credit Card,Success
79,TRP-000079,Credit Card,Success
80,TRP-000080,Credit Card,Success
81,TRP-000081,Credit Card,Success
82,TRP-000082,Credit Card,Pending
83,TRP-000083,Credit Card,Success
84,TRP-000084,Credit Card,Pending
85,TRP-000085,Credit Card,Success
86,TRP-000086,Credit Card,Success
87,TRP-000087,GoPay,Success
88,TRP-000088,Credit Card,Failed
89,TRP-000089,Cash,Success
90,TRP-000090,Cash,Success
91,TRP-000091,Cash,Success
92,TRP-000092,Credit Card,Success
93,TRP-000093,Credit Card,Pending
94,TRP-000094,GoPay,Pending
95,TRP-000095,Credit Card,Success
96,TRP-000096,GoPay,Success
97,TRP-000097,GoPay,Success
98,TRP-000098,Credit Card,Success
99,TRP-000099,Credit Card,Success
100,TRP-000100,Credit Card,Success
101,TRP-000101,Credit Card,Success
102,TRP-000102,Credit Card,Success
103,TRP-000103,GoPay,Failed
104,TRP-000104,Credit Card,Failed
105,TRP-000105,Cash,Success
106,TRP-000106,Cash,Success
107,TRP-000107,Cash,Success
108,TRP-000108,GoPay,Success
109,TRP-000109,Credit Card,Success
110,TRP-000110,Cash,Success
111,TRP-000111,Credit Card,Success
112,TRP-000112,GoPay,Failed
113,TRP-000113,GoPay,Success
114,TRP-000114,Cash,Success
115,TRP-000115,Cash,Pending
116,TRP-000116,GoPay,Success
117,TRP-000117,GoPay,Success
118,TRP-000118,GoPay,Success
119,TRP-000119,GoPay,Success
120,TRP-000120,Credit Card,Success
121,TRP-000121,Credit Card,Success
122,TRP-000122,Cash,Success
123,TRP-000123,Cash,Success
124,TRP-000124,Cash,Success
125,TRP-000125,Cash,Success
126,TRP-000126,Cash,Success
127,TRP-000127,GoPay,Success
128,TRP-000128,GoPay,Success
129,TRP-000129,GoPay,Success
130,TRP-000130,Cash,Success
131,TRP-000131,Cash,Success
132,TRP-000132,Cash,Pending
133,TRP-000133,Cash,Success
134,TRP-000134,GoPay,Success
135,TRP-000135,GoPay,Success
136,TRP-000136,Cash,Success
137,TRP-000137,Credit Card,Success
138,TRP-000138,Cash,Success
139,TRP-000139,Credit Card,Success
140,TRP-000140,GoPay,Pending
141,TRP-000141,Cash,Success
142,TRP-000142,Credit Card,Success
143,TRP-000143,Credit Card,Success
144,TRP-000144,Credit Card,Success
145,TRP-000145,Cash,Success
146,TRP-000146,GoPay,Success
147,TRP-000147,GoPay,Success
148,TRP-000148,Credit Card,Success
149,TRP-000149,Cash,Success
150,TRP-000150,GoPay,Success
151,TRP-000151,Cash,Success
152,TRP-000152,Credit Card,Success
153,TRP-000153,Credit Card,Success
154,TRP-000154,Credit Card,Success
155,TRP-000155,Cash,Success
156,TRP-000156,Credit Card,Success
157,TRP-000157,GoPay,Success
158,TRP-000158,Credit Card,Success
159,TRP-000159,Credit Card,Success
160,TRP-000160,GoPay,Success
161,TRP-000161,Credit Card,Success
162,TRP-000162,Credit Card,Success
163,TRP-000163,Credit Card,Success
164,TRP-000164,Credit Card,Failed
165,TRP-000165,GoPay,Success
166,TRP-000166,Credit Card,Success
167,TRP-000167,Cash,Success
168,TRP-000168,GoPay,Success
169,TRP-000169,Cash,Success
170,TRP-000170,GoPay,Success
171,TRP-000171,Cash,Success
172,TRP-000172,GoPay,Success
173,TRP-000173,Cash,Success
174,TRP-000174,GoPay,Success
175,TRP-000175,Cash,Success
176,TRP-000176,Credit Card,Failed
177,TRP-000177,Cash,Success
178,TRP-000178,Credit Card,Success
179,TRP-000179,Cash,Success
180,TRP-000180,Cash,Success
181,TRP-000181,GoPay,Pending
182,TRP-000182,Credit Card,Success
183,TRP-000183,Cash,Pending
184,TRP-000184,Credit Card,Pending
185,TRP-000185,Credit Card,Success
186,TRP-000186,Cash,Success
187,TRP-000187,Cash,Success
188,TRP-000188,Credit Card,Failed
189,TRP-000189,Cash,Success
190,TRP-000190,Cash,Pending
191,TRP-000191,Credit Card,Success
192,TRP-000192,Cash,Success
193,TRP-000193,Credit Card,Failed
194,TRP-000194,GoPay,Success
195,TRP-000195,Credit Card,Success
196,TRP-000196,Cash,Success
197,TRP-000197,Credit Card,Success
198,TRP-000198,Cash,Success
199,TRP-000199,Cash,Success
200,TRP-000200,Credit Card,Success
201,TRP-000201,Cash,Failed
202,TRP-000202,GoPay,Success
203,TRP-000203,Cash,Pending
204,TRP-000204,GoPay,Success
205,TRP-000205,GoPay,Success
206,TRP-000206,GoPay,Success
207,TRP-000207,GoPay,Success
208,TRP-000208,Cash,Success
209,TRP-000209,Cash,Success
210,TRP-000210,GoPay,Success
211,TRP-000211,Credit Card,Success
212,TRP-000212,Credit Card,Success
213,TRP-000213,GoPay,Pending
214,TRP-000214,Cash,Success
215,TRP-000215,Cash,Pending
216,TRP-000216,Cash,Success
217,TRP-000217,GoPay,Success
218,TRP-000218,Cash,Success
219,TRP-000219,Cash,Failed
220,TRP-000220,Cash,Success
221,TRP-000221,GoPay,Failed
222,TRP-000222,Cash,Pending
223,TRP-000223,GoPay,Success
224,TRP-000224,Credit Card,Success
225,TRP-000225,Credit Card,Success
226,TRP-000226,GoPay,Success
227,TRP-000227,GoPay,Success
228,TRP-000228,Credit Card,Success
229,TRP-000229,GoPay,Pending
230,TRP-000230,Credit Card,Pending
231,TRP-000231,Credit Card,Success
232,TRP-000232,Cash,Success
233,TRP-000233,GoPay,Pending
234,TRP-000234,GoPay,Success
235,TRP-000235,GoPay,Success
236,TRP-000236,Cash,Success
237,TRP-000237,GoPay,Pending
238,TRP-000238,GoPay,Success
239,TRP-000239,Credit Card,Success
240,TRP-000240,Cash,Success
241,TRP-000241,Credit Card,Success
242,TRP-000242,Credit Card,Success
243,TRP-000243,Cash,Success
244,TRP-000244,Cash,Success
245,TRP-000245,Credit Card,Success
246,TRP-000246,Cash,Success
247,TRP-000247,Credit Card,Success
248,TRP-000248,Cash,Success
249,TRP-000249,GoPay,Success
250,TRP-000250,GoPay,Success
251,TRP-000251,Credit Card,Success
252,TRP-000252,Cash,Success
253,TRP-000253,GoPay,Success
254,TRP-000254,Credit Card,Success
255,TRP-000255,GoPay,Success
256,TRP-000256,Credit Card,Success
257,TRP-000257,Credit Card,Success
258,TRP-000258,GoPay,Success
259,TRP-000259,Credit Card,Success
260,TRP-000260,GoPay,Success
261,TRP-000261,GoPay,Success
262,TRP-000262,GoPay,Success
263,TRP-000263,GoPay,Success
264,TRP-000264,GoPay,Failed
265,TRP-000265,Credit Card,Success
266,TRP-000266,Credit Card,Success
267,TRP-000267,GoPay,Success
268,TRP-000268,GoPay,Success
269,TRP-000269,GoPay,Success
270,TRP-000270,Cash,Success
271,TRP-000271,Cash,Success
272,TRP-000272,GoPay,Success
273,TRP-000273,GoPay,Success
274,TRP-000274,Credit Card,Success
275,TRP-000275,GoPay,Success
276,TRP-000276,Cash,Pending
277,TRP-000277,GoPay,Failed
278,TRP-000278,GoPay,Success
279,TRP-000279,Cash,Pending
280,TRP-000280,Cash,Success
281,TRP-000281,Credit Card,Success
282,TRP-000282,GoPay,Success
283,TRP-000283,Cash,Success
284,TRP-000284,Credit Card,Success
285,TRP-000285,Credit Card,Success
286,TRP-000286,Cash,Success
287,TRP-000287,Credit Card,Success
288,TRP-000288,Credit Card,Success
289,TRP-000289,Credit Card,Success
290,TRP-000290,GoPay,Success
291,TRP-000291,Cash,Success
292,TRP-000292,GoPay,Success
293,TRP-000293,GoPay,Success
294,TRP-000294,GoPay,Success
295,TRP-000295,Cash,Success
296,TRP-000296,Cash,Success
297,TRP-000297,Credit Card,Success
298,TRP-000298,Credit Card,Success
299,TRP-000299,Credit Card,Success
300,TRP-000300,Cash,Success
301,TRP-000301,Cash,Success
302,TRP-000302,GoPay,Success
303,TRP-000303,GoPay,Success
304,TRP-000304,Cash,Success
305,TRP-000305,GoPay,Success
306,TRP-000306,GoPay,Success
307,TRP-000307,Credit Card,Pending
308,TRP-000308,Credit Card,Success
309,TRP-000309,GoPay,Success
310,TRP-000310,Cash,Success
311,TRP-000311,Cash,Success
312,TRP-000312,Credit Card,Success
313,TRP-000313,Credit Card,Success
314,TRP-000314,Credit Card,Success
315,TRP-000315,Cash,Pending
316,TRP-000316,GoPay,Success
317,TRP-000317,Cash,Success
318,TRP-000318,Cash,Success
319,TRP-000319,Cash,Success
320,TRP-000320,GoPay,Success
321,TRP-000321,Cash,Success
322,TRP-000322,GoPay,Success
323,TRP-000323,Credit Card,Success
324,TRP-000324,Credit Card,Success
325,TRP-000325,GoPay,Success
326,TRP-000326,Cash,Failed
327,TRP-000327,GoPay,Success
328,TRP-000328,Cash,Success
329,TRP-000329,Cash,Success
330,TRP-000330,Cash,Success
331,TRP-000331,Cash,Success
332,TRP-000332,GoPay,Success
333,TRP-000333,Credit Card,Success
334,TRP-000334,GoPay,Pending
335,TRP-000335,Credit Card,Pending
336,TRP-000336,GoPay,Success
337,TRP-000337,Cash,Success
338,TRP-000338,GoPay,Success
339,TRP-000339,Credit Card,Success
340,TRP-000340,GoPay,Success
341,TRP-000341,Cash,Success
342,TRP-000342,Credit Card,Success
343,TRP-000343,GoPay,Success
344,TRP-000344,Credit Card,Pending
345,TRP-000345,Credit Card,Success
346,TRP-000346,GoPay,Success
347,TRP-000347,Credit Card,Success
348,TRP-000348,Cash,Success
349,TRP-000349,Cash,Success
350,TRP-000350,Cash,Success
351,TRP-000351,Credit Card,Success
352,TRP-000352,Cash,Success
353,TRP-000353,Credit Card,Success
354,TRP-000354,Credit Card,Success
355,TRP-000355,GoPay,Success
356,TRP-000356,Credit Card,Success
357,TRP-000357,Credit Card,Success
358,TRP-000358,Credit Card,Success
359,TRP-000359,Credit Card,Success
360,TRP-000360,Cash,Success
361,TRP-000361,GoPay,Success
362,TRP-000362,Cash,Success
363,TRP-000363,GoPay,Pending
364,TRP-000364,Credit Card,Success
365,TRP-000365,GoPay,Success
366,TRP-000366,Cash,Success
367,TRP-000367,Credit Card,Success
368,TRP-000368,Cash,Success
369,TRP-000369,Cash,Failed
370,TRP-000370,Credit Card,Success
371,TRP-000371,Cash,Success
372,TRP-000372,Cash,Success
373,TRP-000373,Credit Card,Success
374,TRP-000374,Cash,Success
375,TRP-000375,Credit Card,Success
376,TRP-000376,Cash,Success
377,TRP-000377,Credit Card,Failed
378,TRP-000378,GoPay,Success
379,TRP-000379,Cash,Success
380,TRP-000380,Cash,Success
381,TRP-000381,Cash,Success
382,TRP-000382,GoPay,Failed
383,TRP-000383,Credit Card,Success
384,TRP-000384,Cash,Success
385,TRP-000385,Credit Card,Success
386,TRP-000386,GoPay,Success
387,TRP-000387,GoPay,Pending
388,TRP-000388,Cash,Success
389,TRP-000389,GoPay,Success
390,TRP-000390,Credit Card,Success
391,TRP-000391,Credit Card,Success
392,TRP-000392,GoPay,Success
393,TRP-000393,Credit Card,Failed
394,TRP-000394,Cash,Success
395,TRP-000395,Credit Card,Success
396,TRP-000396,GoPay,Failed
397,TRP-000397,Credit Card,Success
398,TRP-000398,GoPay,Success
399,TRP-000399,GoPay,Success
400,TRP-000400,GoPay,Failed
401,TRP-000401,GoPay,Pending
402,TRP-000402,GoPay,Success
403,TRP-000403,Cash,Success
404,TRP-000404,Credit Card,Success
405,TRP-000405,Cash,Success
406,TRP-000406,Cash,Success
407,TRP-000407,GoPay,Success
408,TRP-000408,GoPay,Success
409,TRP-000409,GoPay,Success
410,TRP-000410,Cash,Success
411,TRP-000411,Cash,Success
412,TRP-000412,Credit Card,Success
413,TRP-000413,Credit Card,Success
414,TRP-000414,GoPay,Success
415,TRP-000415,Cash,Success
416,TRP-000416,Credit Card,Success
417,TRP-000417,Cash,Success
418,TRP-000418,GoPay,Pending
419,TRP-000419,GoPay,Success
420,TRP-000420,GoPay,Success
421,TRP-000421,GoPay,Success
422,TRP-000422,GoPay,Success
423,TRP-000423,GoPay,Success
424,TRP-000424,Credit Card,Success
425,TRP-000425,Cash,Success
426,TRP-000426,Cash,Pending
427,TRP-000427,GoPay,Pending
428,TRP-000428,GoPay,Success
429,TRP-000429,Cash,Success
430,TRP-000430,Cash,Success
431,TRP-000431,Credit Card,Success
432,TRP-000432,Cash,Success
433,TRP-000433,GoPay,Success
434,TRP-000434,Credit Card,Success
435,TRP-000435,Cash,Failed
436,TRP-000436,Cash,Success
437,TRP-000437,Cash,Success
438,TRP-000438,Credit Card,Success
439,TRP-000439,Credit Card,Failed
440,TRP-000440,Credit Card,Success
441,TRP-000441,GoPay,Success
442,TRP-000442,GoPay,Success
443,TRP-000443,Cash,Success
444,TRP-000444,Cash,Success
445,TRP-000445,GoPay,Success
446,TRP-000446,Cash,Success
447,TRP-000447,Credit Card,Success
448,TRP-000448,Credit Card,Pending
449,TRP-000449,Credit Card,Success
450,TRP-000450,GoPay,Success
451,TRP-000451,Cash,Success
452,TRP-000452,GoPay,Success
453,TRP-000453,GoPay,Success
454,TRP-000454,Credit Card,Success
455,TRP-000455,GoPay,Success
456,TRP-000456,GoPay,Success
457,TRP-000457,GoPay,Success
458,TRP-000458,GoPay,Success
459,TRP-000459,Cash,Failed
460,TRP-000460,Cash,Success
461,TRP-000461,GoPay,Success
462,TRP-000462,GoPay,Success
463,TRP-000463,Cash,Success
464,TRP-000464,GoPay,Failed
465,TRP-000465,Cash,Success
466,TRP-000466,Credit Card,Pending
467,TRP-000467,GoPay,Success
468,TRP-000468,Credit Card,Success
469,TRP-000469,Cash,Success
470,TRP-000470,Cash,Pending
471,TRP-000471,Cash,Success
472,TRP-000472,GoPay,Success
473,TRP-000473,GoPay,Success
474,TRP-000474,GoPay,Success
475,TRP-000475,Credit Card,Failed
476,TRP-000476,GoPay,Success
477,TRP-000477,Cash,Success
478,TRP-000478,Credit Card,Success
479,TRP-000479,GoPay,Success
480,TRP-000480,Credit Card,Success
481,TRP-000481,GoPay,Success
482,TRP-000482,Cash,Success
483,TRP-000483,Cash,Success
484,TRP-000484,Cash,Success
485,TRP-000485,GoPay,Success
486,TRP-000486,Credit Card,Success
487,TRP-000487,GoPay,Success
488,TRP-000488,Credit Card,Success
489,TRP-000489,GoPay,Success
490,TRP-000490,Credit Card,Success
491,TRP-000491,GoPay,Pending
492,TRP-000492,Cash,Success
493,TRP-000493,Cash,Success
494,TRP-000494,GoPay,Failed
495,TRP-000495,Cash,Pending
496,TRP-000496,Credit Card,Success
497,TRP-000497,GoPay,Success
498,TRP-000498,Credit Card,Success
499,TRP-000499,Credit Card,Success
500,TRP-000500,Cash,Failed
501,TRP-000501,GoPay,Success
502,TRP-000502,Credit Card,Failed
503,TRP-000503,GoPay,Pending
504,TRP-000504,Cash,Success
505,TRP-000505,Cash,Success
506,TRP-000506,GoPay,Success
507,TRP-000507,GoPay,Pending
508,TRP-000508,Cash,Success
509,TRP-000509,Cash,Success
510,TRP-000510,GoPay,Success
511,TRP-000511,GoPay,Success
512,TRP-000512,Cash,Success
513,TRP-000513,Credit Card,Success
514,TRP-000514,Cash,Success
515,TRP-000515,GoPay,Success
516,TRP-000516,GoPay,Success
517,TRP-000517,Cash,Failed
518,TRP-000518,Cash,Success
519,TRP-000519,Cash,Success
520,TRP-000520,Cash,Success
521,TRP-000521,Cash,Success
522,TRP-000522,GoPay,Success
523,TRP-000523,Cash,Success
524,TRP-000524,GoPay,Success
525,TRP-000525,Cash,Success
526,TRP-000526,Cash,Success
527,TRP-000527,Cash,Success
528,TRP-000528,Credit Card,Success
529,TRP-000529,Cash,Success
530,TRP-000530,Credit Card,Success
531,TRP-000531,GoPay,Success
532,TRP-000532,Cash,Success
533,TRP-000533,GoPay,Success
534,TRP-000534,Credit Card,Success
535,TRP-000535,GoPay,Success
536,TRP-000536,Credit Card,Success
537,TRP-000537,Credit Card,Success
538,TRP-000538,Credit Card,Success
539,TRP-000539,Credit Card,Success
540,TRP-000540,Credit Card,Success
541,TRP-000541,Credit Card,Success
542,TRP-000542,Credit Card,Success
543,TRP-000543,Credit Card,Success
544,TRP-000544,Cash,Pending
545,TRP-000545,Cash,Success
546,TRP-000546,Credit Card,Success
547,TRP-000547,Credit Card,Success
548,TRP-000548,GoPay,Success
549,TRP-000549,GoPay,Success
550,TRP-000550,Cash,Failed
551,TRP-000551,GoPay,Success
552,TRP-000552,Credit Card,Success
553,TRP-000553,Cash,Success
554,TRP-000554,GoPay,Success
555,TRP-000555,Credit Card,Success
556,TRP-000556,GoPay,Success
557,TRP-000557,GoPay,Success
558,TRP-000558,GoPay,Success
559,TRP-000559,Cash,Success
560,TRP-000560,Credit Card,Success
561,TRP-000561,Cash,Success
562,TRP-000562,Credit Card,Failed
563,TRP-000563,GoPay,Success
564,TRP-000564,GoPay,Success
565,TRP-000565,Cash,Success
566,TRP-000566,GoPay,Success
567,TRP-000567,Cash,Success
568,TRP-000568,GoPay,Success
569,TRP-000569,Cash,Pending
570,TRP-000570,GoPay,Success
571,TRP-000571,Credit Card,Success
572,TRP-000572,Credit Card,Success
573,TRP-000573,Credit Card,Failed
574,TRP-000574,GoPay,Success
575,TRP-000575,Cash,Success
576,TRP-000576,Cash,Success
577,TRP-000577,Cash,Success
578,TRP-000578,Credit Card,Success
579,TRP-000579,GoPay,Success
580,TRP-000580,Cash,Success
581,TRP-000581,Credit Card,Success
582,TRP-000582,Cash,Success
583,TRP-000583,Credit Card,Success
584,TRP-000584,Cash,Success
585,TRP-000585,GoPay,Failed
586,TRP-000586,Credit Card,Failed
587,TRP-000587,Credit Card,Success
588,TRP-000588,Cash,Success
589,TRP-000589,Cash,Success
590,TRP-000590,Credit Card,Success
591,TRP-000591,Credit Card,Success
592,TRP-000592,Credit Card,Success
593,TRP-000593,Credit Card,Success
594,TRP-000594,Credit Card,Failed
595,TRP-000595,Credit Card,Success
596,TRP-000596,Credit Card,Success
597,TRP-000597,Credit Card,Success
598,TRP-000598,Credit Card,Success
599,TRP-000599,GoPay,Pending
600,TRP-000600,GoPay,Success
601,TRP-000601,GoPay,Success
602,TRP-000602,Credit Card,Success
603,TRP-000603,Cash,Success
604,TRP-000604,GoPay,Success
605,TRP-000605,Credit Card,Failed
606,TRP-000606,Cash,Failed
607,TRP-000607,Cash,Success
608,TRP-000608,Credit Card,Success
609,TRP-000609,Credit Card,Success
610,TRP-000610,GoPay,Success
611,TRP-000611,Credit Card,Success
612,TRP-000612,Credit Card,Success
613,TRP-000613,Credit Card,Success
614,TRP-000614,GoPay,Failed
615,TRP-000615,GoPay,Success
616,TRP-000616,Cash,Success
617,TRP-000617,Credit Card,Success
618,TRP-000618,GoPay,Success
619,TRP-000619,Credit Card,Success
620,TRP-000620,Credit Card,Failed
621,TRP-000621,Credit Card,Failed
622,TRP-000622,Credit Card,Success
623,TRP-000623,Credit Card,Success
624,TRP-000624,Cash,Success
625,TRP-000625,Credit Card,Success
626,TRP-000626,GoPay,Success
627,TRP-000627,Cash,Success
628,TRP-000628,GoPay,Success
629,TRP-000629,Credit Card,Success
630,TRP-000630,GoPay,Success
631,TRP-000631,GoPay,Success
632,TRP-000632,GoPay,Failed
633,TRP-000633,Cash,Success
634,TRP-000634,GoPay,Success
635,TRP-000635,GoPay,Success
636,TRP-000636,Credit Card,Failed
637,TRP-000637,Cash,Success
638,TRP-000638,Cash,Success
639,TRP-000639,GoPay,Success
640,TRP-000640,GoPay,Success
641,TRP-000641,Credit Card,Success
642,TRP-000642,Credit Card,Success
643,TRP-000643,Credit Card,Success
644,TRP-000644,Cash,Success
645,TRP-000645,Credit Card,Success
646,TRP-000646,GoPay,Success
647,TRP-000647,GoPay,Success
648,TRP-000648,Cash,Success
649,TRP-000649,GoPay,Success
650,TRP-000650,Cash,Success
651,TRP-000651,Cash,Success
652,TRP-000652,Cash,Success
653,TRP-000653,GoPay,Success
654,TRP-000654,Credit Card,Success
655,TRP-000655,GoPay,Success
656,TRP-000656,GoPay,Success
657,TRP-000657,Cash,Success
658,TRP-000658,Cash,Failed
659,TRP-000659,Cash,Success
660,TRP-000660,GoPay,Success
661,TRP-000661,Cash,Failed
662,TRP-000662,Cash,Success
663,TRP-000663,Credit Card,Success
664,TRP-000664,Credit Card,Success
665,TRP-000665,Credit Card,Failed
666,TRP-000666,GoPay,Success
667,TRP-000667,Cash,Success
668,TRP-000668,Credit Card,Success
669,TRP-000669,GoPay,Success
670,TRP-000670,GoPay,Success
671,TRP-000671,GoPay,Success
672,TRP-000672,Cash,Success
673,TRP-000673,Credit Card,Success
674,TRP-000674,Credit Card,Failed
675,TRP-000675,GoPay,Success
676,TRP-000676,Credit Card,Success
677,TRP-000677,GoPay,Success
678,TRP-000678,Credit Card,Success
679,TRP-000679,Cash,Success
680,TRP-000680,Cash,Success
681,TRP-000681,Cash,Failed
682,TRP-000682,GoPay,Success
683,TRP-000683,GoPay,Failed
684,TRP-000684,Cash,Success
685,TRP-000685,GoPay,Success
686,TRP-000686,Credit Card,Success
687,TRP-000687,Cash,Failed
688,TRP-000688,GoPay,Success
689,TRP-000689,Credit Card,Success
690,TRP-000690,Credit Card,Success
691,TRP-000691,GoPay,Success
692,TRP-000692,GoPay,Success
693,TRP-000693,Credit Card,Failed
694,TRP-000694,GoPay,Success
695,TRP-000695,GoPay,Success
696,TRP-000696,Cash,Success
697,TRP-000697,Cash,Success
698,TRP-000698,Credit Card,Pending
699,TRP-000699,GoPay,Pending
700,TRP-000700,Credit Card,Success
701,TRP-000701,Credit Card,Failed
702,TRP-000702,Cash,Success
703,TRP-000703,GoPay,Success
704,TRP-000704,Credit Card,Pending
705,TRP-000705,Credit Card,Success
706,TRP-000706,Credit Card,Success
707,TRP-000707,Credit Card,Success
708,TRP-000708,Credit Card,Success
709,TRP-000709,Credit Card,Pending
710,TRP-000710,Cash,Success
711,TRP-000711,Credit Card,Success
712,TRP-000712,Credit Card,Success
713,TRP-000713,Cash,Success
714,TRP-000714,Credit Card,Success
715,TRP-000715,Credit Card,Success
716,TRP-000716,Cash,Success
717,TRP-000717,GoPay,Success
718,TRP-000718,GoPay,Success
719,TRP-000719,Credit Card,Success
720,TRP-000720,GoPay,Success
721,TRP-000721,Credit Card,Success
722,TRP-000722,Cash,Success
723,TRP-000723,Credit Card,Failed
724,TRP-000724,Cash,Success
725,TRP-000725,GoPay,Success
726,TRP-000726,GoPay,Failed
727,TRP-000727,GoPay,Success
728,TRP-000728,Credit Card,Success
729,TRP-000729,Credit Card,Success
730,TRP-000730,Credit Card,Success
731,TRP-000731,Cash,Success
732,TRP-000732,Cash,Success
733,TRP-000733,Cash,Success
734,TRP-000734,Credit Card,Success
735,TRP-000735,GoPay,Success
736,TRP-000736,Credit Card,Pending
737,TRP-000737,Cash,Success
738,TRP-000738,Cash,Success
739,TRP-000739,Credit Card,Success
740,TRP-000740,GoPay,Success
741,TRP-000741,Cash,Success
742,TRP-000742,Credit Card,Success
743,TRP-000743,Credit Card,Success
744,TRP-000744,GoPay,Success
745,TRP-000745,Cash,Success
746,TRP-000746,Credit Card,Success
747,TRP-000747,Cash,Success
748,TRP-000748,GoPay,Success
749,TRP-000749,Credit Card,Success
750,TRP-000750,Credit Card,Success
751,TRP-000751,GoPay,Success
752,TRP-000752,Credit Card,Pending
753,TRP-000753,Cash,Failed
754,TRP-000754,Cash,Success
755,TRP-000755,Cash,Success
756,TRP-000756,GoPay,Failed
757,TRP-000757,Cash,Success
758,TRP-000758,Credit Card,Success
759,TRP-000759,Credit Card,Success
760,TRP-000760,Credit Card,Success
761,TRP-000761,GoPay,Success
762,TRP-000762,GoPay,Success
763,TRP-000763,Credit Card,Success
764,TRP-000764,Credit Card,Success
765,TRP-000765,Cash,Success
766,TRP-000766,GoPay,Success
767,TRP-000767,Credit Card,Failed
768,TRP-000768,Credit Card,Success
769,TRP-000769,GoPay,Pending
770,TRP-000770,GoPay,Success
771,TRP-000771,GoPay,Success
772,TRP-000772,Credit Card,Success
773,TRP-000773,Credit Card,Success
774,TRP-000774,Cash,Success
775,TRP-000775,Cash,Success
776,TRP-000776,Cash,Success
777,TRP-000777,Cash,Success
778,TRP-000778,GoPay,Success
779,TRP-000779,Credit Card,Failed
780,TRP-000780,Cash,Success
781,TRP-000781,GoPay,Success
782,TRP-000782,Cash,Success
783,TRP-000783,Credit Card,Success
784,TRP-000784,Credit Card,Success
785,TRP-000785,Cash,Success
786,TRP-000786,GoPay,Success
787,TRP-000787,Credit Card,Success
788,TRP-000788,GoPay,Failed
789,TRP-000789,Credit Card,Success
790,TRP-000790,Credit Card,Success
791,TRP-000791,GoPay,Success
792,TRP-000792,GoPay,Success
793,TRP-000793,Credit Card,Success
794,TRP-000794,Cash,Success
795,TRP-000795,Credit Card,Success
796,TRP-000796,Cash,Success
797,TRP-000797,Cash,Success
798,TRP-000798,Credit Card,Success
799,TRP-000799,Cash,Failed
800,TRP-000800,GoPay,Success
801,TRP-000801,Credit Card,Success
802,TRP-000802,GoPay,Success
803,TRP-000803,GoPay,Success
804,TRP-000804,GoPay,Success
805,TRP-000805,Cash,Success
806,TRP-000806,Credit Card,Success
807,TRP-000807,Cash,Success
808,TRP-000808,GoPay,Success
809,TRP-000809,Cash,Success
810,TRP-000810,Credit Card,Success
811,TRP-000811,GoPay,Success
812,TRP-000812,GoPay,Failed
813,TRP-000813,Cash,Success
814,TRP-000814,Cash,Success
815,TRP-000815,GoPay,Success
816,TRP-000816,Credit Card,Success
817,TRP-000817,GoPay,Success
818,TRP-000818,Credit Card,Success
819,TRP-000819,GoPay,Success
820,TRP-000820,Cash,Success
821,TRP-000821,Cash,Success
822,TRP-000822,Credit Card,Success
823,TRP-000823,Credit Card,Success
824,TRP-000824,GoPay,Success
825,TRP-000825,Cash,Success
826,TRP-000826,Credit Card,Failed
827,TRP-000827,Cash,Pending
828,TRP-000828,Credit Card,Success
829,TRP-000829,Cash,Success
830,TRP-000830,Cash,Success
831,TRP-000831,Credit Card,Success
832,TRP-000832,Credit Card,Success
833,TRP-000833,GoPay,Success
834,TRP-000834,Credit Card,Success
835,TRP-000835,GoPay,Success
836,TRP-000836,Credit Card,Success
837,TRP-000837,Cash,Success
838,TRP-000838,Credit Card,Success
839,TRP-000839,Credit Card,Success
840,TRP-000840,Cash,Success
841,TRP-000841,Credit Card,Success
842,TRP-000842,Cash,Pending
843,TRP-000843,Credit Card,Success
844,TRP-000844,Cash,Success
845,TRP-000845,Credit Card,Success
846,TRP-000846,GoPay,Pending
847,TRP-000847,GoPay,Success
848,TRP-000848,Cash,Success
849,TRP-000849,GoPay,Success
850,TRP-000850,GoPay,Pending
851,TRP-000851,Credit Card,Success
852,TRP-000852,Cash,Success
853,TRP-000853,Cash,Success
854,TRP-000854,Credit Card,Success
855,TRP-000855,Cash,Success
856,TRP-000856,Cash,Success
857,TRP-000857,Cash,Success
858,TRP-000858,Cash,Success
859,TRP-000859,Credit Card,Success
860,TRP-000860,GoPay,Success
861,TRP-000861,Cash,Success
862,TRP-000862,GoPay,Failed
863,TRP-000863,Credit Card,Success
864,TRP-000864,Credit Card,Success
865,TRP-000865,Cash,Success
866,TRP-000866,Credit Card,Success
867,TRP-000867,Credit Card,Success
868,TRP-000868,Credit Card,Success
869,TRP-000869,Credit Card,Success
870,TRP-000870,Cash,Success
871,TRP-000871,Cash,Success
872,TRP-000872,GoPay,Success
873,TRP-000873,Credit Card,Success
874,TRP-000874,Cash,Success
875,TRP-000875,Credit Card,Success
876,TRP-000876,Cash,Success
877,TRP-000877,Cash,Success
878,TRP-000878,Credit Card,Success
879,TRP-000879,Cash,Success
880,TRP-000880,Credit Card,Success
881,TRP-000881,Cash,Success
882,TRP-000882,Cash,Success
883,TRP-000883,GoPay,Success
884,TRP-000884,Cash,Success
885,TRP-000885,Credit Card,Success
886,TRP-000886,Credit Card,Success
887,TRP-000887,GoPay,Success
888,TRP-000888,GoPay,Failed
889,TRP-000889,Credit Card,Success
890,TRP-000890,Cash,Success
891,TRP-000891,GoPay,Success
892,TRP-000892,Cash,Success
893,TRP-000893,Credit Card,Success
894,TRP-000894,Cash,Success
895,TRP-000895,Credit Card,Success
896,TRP-000896,Credit Card,Success
897,TRP-000897,Cash,Success
898,TRP-000898,Cash,Success
899,TRP-000899,GoPay,Success
900,TRP-000900,Credit Card,Pending
901,TRP-000901,Credit Card,Pending
902,TRP-000902,Cash,Success
903,TRP-000903,GoPay,Pending
904,TRP-000904,Cash,Pending
905,TRP-000905,Credit Card,Success
906,TRP-000906,Cash,Success
907,TRP-000907,Cash,Success
908,TRP-000908,GoPay,Success
909,TRP-000909,Cash,Pending
910,TRP-000910,GoPay,Success
911,TRP-000911,Credit Card,Success
912,TRP-000912,Credit Card,Success
913,TRP-000913,GoPay,Success
914,TRP-000914,GoPay,Success
915,TRP-000915,Cash,Success
916,TRP-000916,Cash,Failed
917,TRP-000917,Credit Card,Success
918,TRP-000918,Credit Card,Success
919,TRP-000919,Cash,Success
920,TRP-000920,Cash,Success
921,TRP-000921,GoPay,Success
922,TRP-000922,Credit Card,Success
923,TRP-000923,Credit Card,Success
924,TRP-000924,GoPay,Pending
925,TRP-000925,Credit Card,Success
926,TRP-000926,GoPay,Success
927,TRP-000927,GoPay,Success
928,TRP-000928,Credit Card,Success
929,TRP-000929,GoPay,Success
930,TRP-000930,Credit Card,Pending
931,TRP-000931,GoPay,Success
932,TRP-000932,Credit Card,Success
933,TRP-000933,Credit Card,Pending
934,TRP-000934,Cash,Success
935,TRP-000935,GoPay,Success
936,TRP-000936,Credit Card,Success
937,TRP-000937,Cash,Success
938,TRP-000938,Credit Card,Success
939,TRP-000939,Cash,Success
940,TRP-000940,Credit Card,Success
941,TRP-000941,Cash,Success
942,TRP-000942,Cash,Success
943,TRP-000943,Cash,Pending
944,TRP-000944,Credit Card,Success
945,TRP-000945,Credit Card,Success
946,TRP-000946,GoPay,Success
947,TRP-000947,Credit Card,Success
948,TRP-000948,GoPay,Success
949,TRP-000949,Cash,Success
950,TRP-000950,Cash,Success
951,TRP-000951,Cash,Success
952,TRP-000952,Cash,Success
953,TRP-000953,GoPay,Success
954,TRP-000954,Credit Card,Success
955,TRP-000955,Cash,Failed
956,TRP-000956,Credit Card,Success
957,TRP-000957,GoPay,Success
958,TRP-000958,Cash,Success
959,TRP-000959,Credit Card,Success
960,TRP-000960,Credit Card,Success
961,TRP-000961,Cash,Success
962,TRP-000962,GoPay,Success
963,TRP-000963,Cash,Pending
964,TRP-000964,GoPay,Success
965,TRP-000965,Cash,Success
966,TRP-000966,GoPay,Success
967,TRP-000967,Cash,Pending
968,TRP-000968,GoPay,Success
969,TRP-000969,Credit Card,Success
970,TRP-000970,Cash,Success
971,TRP-000971,Credit Card,Success
972,TRP-000972,Credit Card,Success
973,TRP-000973,Cash,Success
974,TRP-000974,Cash,Success
975,TRP-000975,Credit Card,Success
976,TRP-000976,Cash,Pending
977,TRP-000977,Credit Card,Success
978,TRP-000978,Cash,Success
979,TRP-000979,Credit Card,Success
980,TRP-000980,Cash,Pending
981,TRP-000981,GoPay,Success
982,TRP-000982,Cash,Success
983,TRP-000983,Credit Card,Pending
984,TRP-000984,GoPay,Success
985,TRP-000985,Credit Card,Failed
986,TRP-000986,Credit Card,Success
987,TRP-000987,Cash,Success
988,TRP-000988,GoPay,Failed
989,TRP-000989,Credit Card,Success
990,TRP-000990,Credit Card,Success
991,TRP-000991,GoPay,Success
992,TRP-000992,Credit Card,Success
993,TRP-000993,Credit Card,Pending
994,TRP-000994,GoPay,Failed
995,TRP-000995,Credit Card,Success
996,TRP-000996,GoPay,Success
997,TRP-000997,GoPay,Failed
998,TRP-000998,Credit Card,Success
999,TRP-000999,Credit Card,Success
1000,TRP-001000,Cash,Success
1001,TRP-001001,Credit Card,Success
1002,TRP-001002,Cash,Success
1003,TRP-001003,Cash,Success
1004,TRP-001004,Cash,Success
1005,TRP-001005,GoPay,Success
1006,TRP-001006,Credit Card,Success
1007,TRP-001007,GoPay,Success
1008,TRP-001008,Credit Card,Failed
1009,TRP-001009,Cash,Success
1010,TRP-001010,Cash,Success
1011,TRP-001011,Credit Card,Success
1012,TRP-001012,Credit Card,Success
1013,TRP-001013,GoPay,Success
1014,TRP-001014,Credit Card,Success
1015,TRP-001015,Cash,Success
1016,TRP-001016,GoPay,Success
1017,TRP-001017,GoPay,Success
1018,TRP-001018,Credit Card,Success
1019,TRP-001019,Cash,Success
1020,TRP-001020,Credit Card,Success
1021,TRP-001021,Cash,Success
1022,TRP-001022,Cash,Success
1023,TRP-001023,Cash,Success
1024,TRP-001024,Credit Card,Success
1025,TRP-001025,Cash,Success
1026,TRP-001026,Credit Card,Success
1027,TRP-001027,GoPay,Success
1028,TRP-001028,Cash,Success
1029,TRP-001029,Credit Card,Success
1030,TRP-001030,Credit Card,Success
1031,TRP-001031,Credit Card,Success
1032,TRP-001032,Credit Card,Success
1033,TRP-001033,GoPay,Pending
1034,TRP-001034,Credit Card,Success
1035,TRP-001035,GoPay,Success
1036,TRP-001036,GoPay,Success
1037,TRP-001037,GoPay,Success
1038,TRP-001038,Credit Card,Success
1039,TRP-001039,Cash,Success
1040,TRP-001040,GoPay,Success
1041,TRP-001041,Cash,Success
1042,TRP-001042,Credit Card,Success
1043,TRP-001043,GoPay,Success
1044,TRP-001044,Credit Card,Success
1045,TRP-001045,GoPay,Success
1046,TRP-001046,GoPay,Success
1047,TRP-001047,GoPay,Success
1048,TRP-001048,Cash,Pending
1049,TRP-001049,GoPay,Success
1050,TRP-001050,GoPay,Failed
1051,TRP-001051,GoPay,Success
1052,TRP-001052,Credit Card,Success
1053,TRP-001053,Cash,Success
1054,TRP-001054,GoPay,Success
1055,TRP-001055,GoPay,Success
1056,TRP-001056,Credit Card,Success
1057,TRP-001057,Cash,Success
1058,TRP-001058,Cash,Success
1059,TRP-001059,Cash,Success
1060,TRP-001060,GoPay,Success
1061,TRP-001061,GoPay,Success
1062,TRP-001062,Credit Card,Success
1063,TRP-001063,Credit Card,Success
1064,TRP-001064,Credit Card,Success
1065,TRP-001065,GoPay,Success
1066,TRP-001066,Credit Card,Success
1067,TRP-001067,GoPay,Success
1068,TRP-001068,Cash,Success
1069,TRP-001069,GoPay,Success
1070,TRP-001070,Credit Card,Success
1071,TRP-001071,GoPay,Success
1072,TRP-001072,Credit Card,Success
1073,TRP-001073,Cash,Success
1074,TRP-001074,Credit Card,Pending
1075,TRP-001075,Cash,Success
1076,TRP-001076,GoPay,Success
1077,TRP-001077,Cash,Success
1078,TRP-001078,Credit Card,Success
1079,TRP-001079,GoPay,Success
1080,TRP-001080,Credit Card,Success
1081,TRP-001081,Credit Card,Success
1082,TRP-001082,Credit Card,Success
1083,TRP-001083,Cash,Success
1084,TRP-001084,GoPay,Success
1085,TRP-001085,Cash,Success
1086,TRP-001086,GoPay,Success
1087,TRP-001087,GoPay,Success
1088,TRP-001088,Cash,Success
1089,TRP-001089,Cash,Success
1090,TRP-001090,Cash,Success
1091,TRP-001091,Cash,Success
1092,TRP-001092,Cash,Failed
1093,TRP-001093,GoPay,Success
1094,TRP-001094,GoPay,Success
1095,TRP-001095,Credit Card,Success
1096,TRP-001096,Credit Card,Success
1097,TRP-001097,Cash,Failed
1098,TRP-001098,GoPay,Pending
1099,TRP-001099,Cash,Success
1100,TRP-001100,Credit Card,Success
1101,TRP-001101,Credit Card,Pending
1102,TRP-001102,Cash,Success
1103,TRP-001103,GoPay,Success
1104,TRP-001104,Cash,Success
1105,TRP-001105,Credit Card,Success
1106,TRP-001106,Credit Card,Success
1107,TRP-001107,Cash,Success
1108,TRP-001108,Cash,Pending
1109,TRP-001109,Cash,Success
1110,TRP-001110,Credit Card,Success
1111,TRP-001111,GoPay,Success
1112,TRP-001112,GoPay,Pending
1113,TRP-001113,Cash,Success
1114,TRP-001114,Cash,Success
1115,TRP-001115,Credit Card,Success
1116,TRP-001116,GoPay,Success
1117,TRP-001117,GoPay,Success
1118,TRP-001118,Cash,Failed
1119,TRP-001119,Cash,Success
1120,TRP-001120,Cash,Pending
1121,TRP-001121,Credit Card,Success
1122,TRP-001122,Cash,Success
1123,TRP-001123,Cash,Success
1124,TRP-001124,Credit Card,Failed
1125,TRP-001125,Credit Card,Success
1126,TRP-001126,Credit Card,Success
1127,TRP-001127,Credit Card,Success
1128,TRP-001128,Cash,Success
1129,TRP-001129,Cash,Success
1130,TRP-001130,Cash,Success
1131,TRP-001131,GoPay,Success
1132,TRP-001132,Credit Card,Failed
1133,TRP-001133,GoPay,Success
1134,TRP-001134,GoPay,Success
1135,TRP-001135,GoPay,Pending
1136,TRP-001136,GoPay,Pending
1137,TRP-001137,GoPay,Success
1138,TRP-001138,GoPay,Success
1139,TRP-001139,Credit Card,Success
1140,TRP-001140,Cash,Success
1141,TRP-001141,Cash,Success
1142,TRP-001142,GoPay,Success
1143,TRP-001143,Credit Card,Success
1144,TRP-001144,Cash,Success
1145,TRP-001145,GoPay,Success
1146,TRP-001146,GoPay,Success
1147,TRP-001147,GoPay,Success
1148,TRP-001148,GoPay,Success
1149,TRP-001149,Credit Card,Success
1150,TRP-001150,Cash,Success
1151,TRP-001151,GoPay,Success
1152,TRP-001152,GoPay,Success
1153,TRP-001153,Credit Card,Success
1154,TRP-001154,Cash,Success
1155,TRP-001155,Cash,Success
1156,TRP-001156,Credit Card,Success
1157,TRP-001157,Cash,Success
1158,TRP-001158,GoPay,Success
1159,TRP-001159,GoPay,Success
1160,TRP-001160,GoPay,Failed
1161,TRP-001161,Cash,Success
1162,TRP-001162,Cash,Success
1163,TRP-001163,GoPay,Failed
1164,TRP-001164,Credit Card,Success
1165,TRP-001165,GoPay,Success
1166,TRP-001166,Cash,Success
1167,TRP-001167,GoPay,Success
1168,TRP-001168,GoPay,Success
1169,TRP-001169,GoPay,Pending
1170,TRP-001170,Credit Card,Pending
1171,TRP-001171,Credit Card,Success
1172,TRP-001172,Cash,Pending
1173,TRP-001173,Credit Card,Success
1174,TRP-001174,GoPay,Failed
1175,TRP-001175,GoPay,Success
1176,TRP-001176,Credit Card,Success
1177,TRP-001177,Credit Card,Success
1178,TRP-001178,Cash,Success
1179,TRP-001179,Cash,Success
1180,TRP-001180,Credit Card,Success
1181,TRP-001181,Credit Card,Success
1182,TRP-001182,Credit Card,Success
1183,TRP-001183,Cash,Success
1184,TRP-001184,Cash,Success
1185,TRP-001185,GoPay,Success
1186,TRP-001186,Credit Card,Failed
1187,TRP-001187,Credit Card,Success
1188,TRP-001188,Credit Card,Success
1189,TRP-001189,GoPay,Success
1190,TRP-001190,Cash,Success
1191,TRP-001191,GoPay,Success
1192,TRP-001192,Credit Card,Success
1193,TRP-001193,GoPay,Success
1194,TRP-001194,Cash,Success
1195,TRP-001195,Cash,Pending
1196,TRP-001196,Cash,Failed
1197,TRP-001197,Credit Card,Success
1198,TRP-001198,Cash,Success
1199,TRP-001199,Cash,Success
1200,TRP-001200,Cash,Success
1201,TRP-001201,GoPay,Success
1202,TRP-001202,Credit Card,Success
1203,TRP-001203,Cash,Success
1204,TRP-001204,Cash,Success
1205,TRP-001205,Cash,Success
1206,TRP-001206,GoPay,Success
1207,TRP-001207,Credit Card,Success
1208,TRP-001208,GoPay,Success
1209,TRP-001209,GoPay,Success
1210,TRP-001210,GoPay,Success
1211,TRP-001211,GoPay,Success
1212,TRP-001212,Credit Card,Success
1213,TRP-001213,GoPay,Success
1214,TRP-001214,Credit Card,Success
1215,TRP-001215,Cash,Success
1216,TRP-001216,Credit Card,Failed
1217,TRP-001217,GoPay,Success
1218,TRP-001218,Cash,Success
1219,TRP-001219,Cash,Success
1220,TRP-001220,Cash,Success
1221,TRP-001221,GoPay,Pending
1222,TRP-001222,Cash,Success
1223,TRP-001223,Credit Card,Success
1224,TRP-001224,Cash,Success
1225,TRP-001225,Cash,Success
1226,TRP-001226,Credit Card,Success
1227,TRP-001227,Credit Card,Success
1228,TRP-001228,Cash,Success
1229,TRP-001229,Credit Card,Pending
1230,TRP-001230,Credit Card,Success
1231,TRP-001231,Cash,Success
1232,TRP-001232,GoPay,Success
1233,TRP-001233,Cash,Success
1234,TRP-001234,GoPay,Success
1235,TRP-001235,GoPay,Success
1236,TRP-001236,GoPay,Success
1237,TRP-001237,Credit Card,Pending
1238,TRP-001238,GoPay,Success
1239,TRP-001239,Credit Card,Success
1240,TRP-001240,Cash,Success
1241,TRP-001241,GoPay,Success
1242,TRP-001242,Cash,Success
1243,TRP-001243,GoPay,Success
1244,TRP-001244,GoPay,Success
1245,TRP-001245,GoPay,Success
1246,TRP-001246,GoPay,Success
1247,TRP-001247,GoPay,Failed
1248,TRP-001248,GoPay,Success
1249,TRP-001249,Cash,Pending
1250,TRP-001250,GoPay,Success
1251,TRP-001251,Credit Card,Success
1252,TRP-001252,Credit Card,Success
1253,TRP-001253,Credit Card,Success
1254,TRP-001254,GoPay,Success
1255,TRP-001255,Cash,Pending
1256,TRP-001256,Cash,Success
1257,TRP-001257,Cash,Success
1258,TRP-001258,Cash,Pending
1259,TRP-001259,Credit Card,Success
1260,TRP-001260,Cash,Success
1261,TRP-001261,Cash,Success
1262,TRP-001262,GoPay,Success
1263,TRP-001263,GoPay,Success
1264,TRP-001264,Cash,Success
1265,TRP-001265,Credit Card,Success
1266,TRP-001266,Cash,Success
1267,TRP-001267,Cash,Success
1268,TRP-001268,GoPay,Success
1269,TRP-001269,GoPay,Success
1270,TRP-001270,Cash,Success
1271,TRP-001271,Credit Card,Success
1272,TRP-001272,Cash,Success
1273,TRP-001273,GoPay,Success
1274,TRP-001274,Credit Card,Success
1275,TRP-001275,Cash,Success
1276,TRP-001276,Credit Card,Success
1277,TRP-001277,GoPay,Success
1278,TRP-001278,Credit Card,Success
1279,TRP-001279,GoPay,Success
1280,TRP-001280,Credit Card,Success
1281,TRP-001281,GoPay,Success
1282,TRP-001282,Cash,Success
1283,TRP-001283,Credit Card,Success
1284,TRP-001284,Credit Card,Success
1285,TRP-001285,Cash,Success
1286,TRP-001286,GoPay,Success
1287,TRP-001287,Cash,Failed
1288,TRP-001288,GoPay,Success
1289,TRP-001289,Credit Card,Failed
1290,TRP-001290,Cash,Success
1291,TRP-001291,GoPay,Success
1292,TRP-001292,GoPay,Success
1293,TRP-001293,Credit Card,Success
1294,TRP-001294,GoPay,Success
1295,TRP-001295,Cash,Pending
1296,TRP-001296,Credit Card,Success
1297,TRP-001297,Credit Card,Success
1298,TRP-001298,Credit Card,Success
1299,TRP-001299,GoPay,Success
1300,TRP-001300,Credit Card,Success
1301,TRP-001301,GoPay,Success
1302,TRP-001302,Credit Card,Success
1303,TRP-001303,Credit Card,Success
1304,TRP-001304,Cash,Success
1305,TRP-001305,GoPay,Success
1306,TRP-001306,Credit Card,Success
1307,TRP-001307,Credit Card,Success
1308,TRP-001308,Cash,Success
1309,TRP-001309,GoPay,Success
1310,TRP-001310,Cash,Success
1311,TRP-001311,GoPay,Success
1312,TRP-001312,Credit Card,Success
1313,TRP-001313,Credit Card,Success
1314,TRP-001314,Cash,Success
1315,TRP-001315,Cash,Success
1316,TRP-001316,Credit Card,Success
1317,TRP-001317,Credit Card,Success
1318,TRP-001318,Cash,Failed
1319,TRP-001319,Credit Card,Success
1320,TRP-001320,Cash,Success
1321,TRP-001321,Credit Card,Success
1322,TRP-001322,GoPay,Success
1323,TRP-001323,Credit Card,Success
1324,TRP-001324,Cash,Success
1325,TRP-001325,Cash,Success
1326,TRP-001326,GoPay,Success
1327,TRP-001327,GoPay,Success
1328,TRP-001328,GoPay,Success
1329,TRP-001329,Cash,Success
1330,TRP-001330,Credit Card,Success
1331,TRP-001331,Credit Card,Success
1332,TRP-001332,Credit Card,Failed
1333,TRP-001333,Cash,Pending
1334,TRP-001334,GoPay,Failed
1335,TRP-001335,GoPay,Success
1336,TRP-001336,GoPay,Success
1337,TRP-001337,Credit Card,Success
1338,TRP-001338,GoPay,Success
1339,TRP-001339,Cash,Success
1340,TRP-001340,Credit Card,Success
1341,TRP-001341,GoPay,Success
1342,TRP-001342,Cash,Success
1343,TRP-001343,GoPay,Success
1344,TRP-001344,GoPay,Success
1345,TRP-001345,Cash,Success
1346,TRP-001346,GoPay,Success
1347,TRP-001347,Cash,Success
1348,TRP-001348,Credit Card,Success
1349,TRP-001349,GoPay,Failed
1350,TRP-001350,GoPay,Success
1351,TRP-001351,Cash,Success
1352,TRP-001352,GoPay,Success
1353,TRP-001353,Cash,Success
1354,TRP-001354,Cash,Success
1355,TRP-001355,Credit Card,Success
1356,TRP-001356,GoPay,Success
1357,TRP-001357,GoPay,Success
1358,TRP-001358,Cash,Success
1359,TRP-001359,Credit Card,Success
1360,TRP-001360,Cash,Success
1361,TRP-001361,Credit Card,Pending
1362,TRP-001362,Cash,Success
1363,TRP-001363,Credit Card,Success
1364,TRP-001364,GoPay,Success
1365,TRP-001365,Credit Card,Failed
1366,TRP-001366,Credit Card,Success
1367,TRP-001367,Cash,Success
1368,TRP-001368,Cash,Success
1369,TRP-001369,Cash,Success
1370,TRP-001370,GoPay,Success
1371,TRP-001371,Credit Card,Success
1372,TRP-001372,Cash,Success
1373,TRP-001373,Credit Card,Success
1374,TRP-001374,Credit Card,Success
1375,TRP-001375,GoPay,Success
1376,TRP-001376,Cash,Failed
1377,TRP-001377,Cash,Success
1378,TRP-001378,Cash,Success
1379,TRP-001379,Cash,Success
1380,TRP-001380,Cash,Success
1381,TRP-001381,Credit Card,Success
1382,TRP-001382,Cash,Failed
1383,TRP-001383,Credit Card,Success
1384,TRP-001384,GoPay,Pending
1385,TRP-001385,GoPay,Success
1386,TRP-001386,Credit Card,Success
1387,TRP-001387,Cash,Success
1388,TRP-001388,GoPay,Success
1389,TRP-001389,Cash,Success
1390,TRP-001390,Credit Card,Success
1391,TRP-001391,Credit Card,Success
1392,TRP-001392,Credit Card,Success
1393,TRP-001393,GoPay,Success
1394,TRP-001394,Credit Card,Success
1395,TRP-001395,GoPay,Success
1396,TRP-001396,Credit Card,Success
1397,TRP-001397,Cash,Success
1398,TRP-001398,Credit Card,Success
1399,TRP-001399,GoPay,Success
1400,TRP-001400,Cash,Success
1401,TRP-001401,GoPay,Success
1402,TRP-001402,Credit Card,Success
1403,TRP-001403,Cash,Success
1404,TRP-001404,Credit Card,Success
1405,TRP-001405,GoPay,Success
1406,TRP-001406,Cash,Success
1407,TRP-001407,GoPay,Success
1408,TRP-001408,Credit Card,Success
1409,TRP-001409,Cash,Success
1410,TRP-001410,Cash,Success
1411,TRP-001411,Cash,Success
1412,TRP-001412,Credit Card,Pending
1413,TRP-001413,Credit Card,Success
1414,TRP-001414,GoPay,Success
1415,TRP-001415,GoPay,Failed
1416,TRP-001416,Cash,Success
1417,TRP-001417,Cash,Success
1418,TRP-001418,Credit Card,Success
1419,TRP-001419,Cash,Success
1420,TRP-001420,Credit Card,Success
1421,TRP-001421,Credit Card,Success
1422,TRP-001422,Credit Card,Success
1423,TRP-001423,Credit Card,Success
1424,TRP-001424,Cash,Success
1425,TRP-001425,GoPay,Success
1426,TRP-001426,GoPay,Success
1427,TRP-001427,GoPay,Success
1428,TRP-001428,Credit Card,Failed
1429,TRP-001429,Cash,Success
1430,TRP-001430,Credit Card,Success
1431,TRP-001431,Cash,Success
1432,TRP-001432,GoPay,Success
1433,TRP-001433,Cash,Pending
1434,TRP-001434,GoPay,Success
1435,TRP-001435,Cash,Failed
1436,TRP-001436,Credit Card,Success
1437,TRP-001437,Cash,Success
1438,TRP-001438,Credit Card,Success
1439,TRP-001439,Credit Card,Pending
1440,TRP-001440,Cash,Success
1441,TRP-001441,GoPay,Success
1442,TRP-001442,Cash,Success
1443,TRP-001443,GoPay,Success
1444,TRP-001444,GoPay,Success
1445,TRP-001445,GoPay,Success
1446,TRP-001446,Cash,Success
1447,TRP-001447,Credit Card,Success
1448,TRP-001448,GoPay,Success
1449,TRP-001449,Credit Card,Success
1450,TRP-001450,GoPay,Success
1451,TRP-001451,Credit Card,Pending
1452,TRP-001452,Credit Card,Success
1453,TRP-001453,Cash,Success
1454,TRP-001454,Cash,Success
1455,TRP-001455,Cash,Success
1456,TRP-001456,GoPay,Success
1457,TRP-001457,GoPay,Success
1458,TRP-001458,GoPay,Success
1459,TRP-001459,Cash,Success
1460,TRP-001460,Credit Card,Failed
1461,TRP-001461,Cash,Success
1462,TRP-001462,Cash,Success
1463,TRP-001463,Credit Card,Success
1464,TRP-001464,Credit Card,Success
1465,TRP-001465,Credit Card,Success
1466,TRP-001466,GoPay,Success
1467,TRP-001467,GoPay,Success
1468,TRP-001468,Cash,Success
1469,TRP-001469,Cash,Success
1470,TRP-001470,GoPay,Pending
1471,TRP-001471,GoPay,Success
1472,TRP-001472,Cash,Success
1473,TRP-001473,GoPay,Success
1474,TRP-001474,Credit Card,Success
1475,TRP-001475,Credit Card,Success
1476,TRP-001476,GoPay,Success
1477,TRP-001477,GoPay,Success
1478,TRP-001478,Cash,Success
1479,TRP-001479,Credit Card,Success
1480,TRP-001480,GoPay,Success
1481,TRP-001481,Cash,Success
1482,TRP-001482,Cash,Success
1483,TRP-001483,Credit Card,Success
1484,TRP-001484,Cash,Pending
1485,TRP-001485,Cash,Success
1486,TRP-001486,GoPay,Success
1487,TRP-001487,Cash,Pending
1488,TRP-001488,GoPay,Failed
1489,TRP-001489,Cash,Failed
1490,TRP-001490,Credit Card,Success
1491,TRP-001491,Cash,Success
1492,TRP-001492,Credit Card,Failed
1493,TRP-001493,Credit Card,Success
1494,TRP-001494,Cash,Success
1495,TRP-001495,GoPay,Success
1496,TRP-001496,Cash,Success
1497,TRP-001497,Credit Card,Success
1498,TRP-001498,Credit Card,Success
1499,TRP-001499,GoPay,Success
1500,TRP-001500,GoPay,Success
1501,TRP-001501,GoPay,Success
1502,TRP-001502,GoPay,Pending
1503,TRP-001503,GoPay,Success
1504,TRP-001504,GoPay,Success
1505,TRP-001505,Credit Card,Success
1506,TRP-001506,GoPay,Success
1507,TRP-001507,Credit Card,Pending
1508,TRP-001508,Cash,Pending
1509,TRP-001509,GoPay,Success
1510,TRP-001510,Credit Card,Success
1511,TRP-001511,Cash,Success
1512,TRP-001512,Credit Card,Success
1513,TRP-001513,Cash,Success
1514,TRP-001514,GoPay,Success
1515,TRP-001515,Cash,Success
1516,TRP-001516,Cash,Success
1517,TRP-001517,Credit Card,Success
1518,TRP-001518,Cash,Failed
1519,TRP-001519,Credit Card,Success
1520,TRP-001520,Cash,Pending
1521,TRP-001521,Credit Card,Success
1522,TRP-001522,Credit Card,Success
1523,TRP-001523,GoPay,Success
1524,TRP-001524,GoPay,Success
1525,TRP-001525,Cash,Success
1526,TRP-001526,Cash,Success
1527,TRP-001527,Cash,Pending
1528,TRP-001528,Cash,Success
1529,TRP-001529,GoPay,Success
1530,TRP-001530,GoPay,Success
1531,TRP-001531,Credit Card,Success
1532,TRP-001532,Cash,Success
1533,TRP-001533,Credit Card,Success
1534,TRP-001534,Credit Card,Success
1535,TRP-001535,GoPay,Success
1536,TRP-001536,GoPay,Success
1537,TRP-001537,Credit Card,Pending
1538,TRP-001538,Cash,Success
1539,TRP-001539,Credit Card,Success
1540,TRP-001540,GoPay,Pending
1541,TRP-001541,Credit Card,Success
1542,TRP-001542,GoPay,Success
1543,TRP-001543,GoPay,Success
1544,TRP-001544,GoPay,Success
1545,TRP-001545,GoPay,Success
1546,TRP-001546,Credit Card,Failed
1547,TRP-001547,GoPay,Success
1548,TRP-001548,Cash,Success
1549,TRP-001549,GoPay,Success
1550,TRP-001550,GoPay,Success
1551,TRP-001551,Credit Card,Pending
1552,TRP-001552,GoPay,Success
1553,TRP-001553,Cash,Success
1554,TRP-001554,Cash,Success
1555,TRP-001555,Credit Card,Failed
1556,TRP-001556,Cash,Success
1557,TRP-001557,Cash,Success
1558,TRP-001558,Cash,Success
1559,TRP-001559,Credit Card,Success
1560,TRP-001560,Cash,Success
1561,TRP-001561,Cash,Success
1562,TRP-001562,Credit Card,Success
1563,TRP-001563,Cash,Success
1564,TRP-001564,GoPay,Success
1565,TRP-001565,GoPay,Success
1566,TRP-001566,GoPay,Success
1567,TRP-001567,Cash,Success
1568,TRP-001568,Cash,Success
1569,TRP-001569,Cash,Success
1570,TRP-001570,Credit Card,Failed
1571,TRP-001571,Cash,Success
1572,TRP-001572,Credit Card,Pending
1573,TRP-001573,Credit Card,Pending
1574,TRP-001574,GoPay,Success
1575,TRP-001575,Cash,Success
1576,TRP-001576,Credit Card,Success
1577,TRP-001577,GoPay,Success
1578,TRP-001578,GoPay,Failed
1579,TRP-001579,Credit Card,Success
1580,TRP-001580,Credit Card,Pending
1581,TRP-001581,Credit Card,Success
1582,TRP-001582,Credit Card,Success
1583,TRP-001583,Cash,Success
1584,TRP-001584,GoPay,Success
1585,TRP-001585,GoPay,Success
1586,TRP-001586,Cash,Success
1587,TRP-001587,GoPay,Success
1588,TRP-001588,GoPay,Success
1589,TRP-001589,Cash,Failed
1590,TRP-001590,Credit Card,Success
1591,TRP-001591,Credit Card,Success
1592,TRP-001592,Cash,Success
1593,TRP-001593,Cash,Success
1594,TRP-001594,Credit Card,Success
1595,TRP-001595,Cash,Success
1596,TRP-001596,Credit Card,Success
1597,TRP-001597,GoPay,Success
1598,TRP-001598,GoPay,Success
1599,TRP-001599,GoPay,Success
1600,TRP-001600,Cash,Success
1601,TRP-001601,GoPay,Success
1602,TRP-001602,GoPay,Success
1603,TRP-001603,Credit Card,Success
1604,TRP-001604,Credit Card,Failed
1605,TRP-001605,Cash,Success
1606,TRP-001606,Cash,Success
1607,TRP-001607,Cash,Pending
1608,TRP-001608,Credit Card,Failed
1609,TRP-001609,Cash,Success
1610,TRP-001610,Credit Card,Success
1611,TRP-001611,Cash,Failed
1612,TRP-001612,Credit Card,Success
1613,TRP-001613,GoPay,Success
1614,TRP-001614,Cash,Success
1615,TRP-001615,Cash,Success
1616,TRP-001616,Credit Card,Success
1617,TRP-001617,Credit Card,Success
1618,TRP-001618,GoPay,Success
1619,TRP-001619,GoPay,Success
1620,TRP-001620,Credit Card,Failed
1621,TRP-001621,GoPay,Success
1622,TRP-001622,GoPay,Success
1623,TRP-001623,Cash,Success
1624,TRP-001624,Cash,Failed
1625,TRP-001625,Cash,Success
1626,TRP-001626,Cash,Success
1627,TRP-001627,Cash,Success
1628,TRP-001628,Credit Card,Success
1629,TRP-001629,GoPay,Success
1630,TRP-001630,GoPay,Success
1631,TRP-001631,Cash,Success
1632,TRP-001632,Credit Card,Success
1633,TRP-001633,Credit Card,Success
1634,TRP-001634,Cash,Success
1635,TRP-001635,GoPay,Failed
1636,TRP-001636,GoPay,Success
1637,TRP-001637,Cash,Success
1638,TRP-001638,Cash,Failed
1639,TRP-001639,Credit Card,Success
1640,TRP-001640,Cash,Success
1641,TRP-001641,Credit Card,Success
1642,TRP-001642,Cash,Success
1643,TRP-001643,Cash,Success
1644,TRP-001644,Credit Card,Success
1645,TRP-001645,Cash,Failed
1646,TRP-001646,GoPay,Success
1647,TRP-001647,GoPay,Success
1648,TRP-001648,GoPay,Success
1649,TRP-001649,Cash,Success
1650,TRP-001650,Cash,Success
1651,TRP-001651,Cash,Success
1652,TRP-001652,Credit Card,Success
1653,TRP-001653,GoPay,Success
1654,TRP-001654,Cash,Success
1655,TRP-001655,GoPay,Success
1656,TRP-001656,Cash,Success
1657,TRP-001657,GoPay,Success
1658,TRP-001658,GoPay,Success
1659,TRP-001659,Credit Card,Success
1660,TRP-001660,Credit Card,Pending
1661,TRP-001661,GoPay,Success
1662,TRP-001662,GoPay,Success
1663,TRP-001663,Cash,Success
1664,TRP-001664,Credit Card,Success
1665,TRP-001665,Cash,Success
1666,TRP-001666,GoPay,Success
1667,TRP-001667,GoPay,Success
1668,TRP-001668,Cash,Pending
1669,TRP-001669,Cash,Success
1670,TRP-001670,Cash,Success
1671,TRP-001671,GoPay,Success
1672,TRP-001672,Cash,Success
1673,TRP-001673,GoPay,Success
1674,TRP-001674,GoPay,Success
1675,TRP-001675,Credit Card,Success
1676,TRP-001676,Credit Card,Success
1677,TRP-001677,Cash,Success
1678,TRP-001678,Cash,Failed
1679,TRP-001679,Cash,Success
1680,TRP-001680,Credit Card,Success
1681,TRP-001681,Credit Card,Success
1682,TRP-001682,GoPay,Failed
1683,TRP-001683,Credit Card,Failed
1684,TRP-001684,GoPay,Failed
1685,TRP-001685,Credit Card,Success
1686,TRP-001686,Credit Card,Pending
1687,TRP-001687,Cash,Success
1688,TRP-001688,GoPay,Success
1689,TRP-001689,Cash,Success
1690,TRP-001690,Cash,Success
1691,TRP-001691,GoPay,Success
1692,TRP-001692,Cash,Success
1693,TRP-001693,Credit Card,Success
1694,TRP-001694,Cash,Failed
1695,TRP-001695,Credit Card,Success
1696,TRP-001696,GoPay,Success
1697,TRP-001697,GoPay,Success
1698,TRP-001698,Credit Card,Success
1699,TRP-001699,GoPay,Success
1700,TRP-001700,Credit Card,Success
1701,TRP-001701,Cash,Success
1702,TRP-001702,GoPay,Success
1703,TRP-001703,GoPay,Success
1704,TRP-001704,Cash,Success
1705,TRP-001705,Credit Card,Success
1706,TRP-001706,Cash,Success
1707,TRP-001707,Credit Card,Failed
1708,TRP-001708,Credit Card,Success
1709,TRP-001709,Credit Card,Pending
1710,TRP-001710,Credit Card,Success
1711,TRP-001711,GoPay,Success
1712,TRP-001712,GoPay,Failed
1713,TRP-001713,Credit Card,Failed
1714,TRP-001714,Credit Card,Failed
1715,TRP-001715,Credit Card,Success
1716,TRP-001716,Cash,Success
1717,TRP-001717,GoPay,Success
1718,TRP-001718,Credit Card,Success
1719,TRP-001719,Cash,Success
1720,TRP-001720,GoPay,Success
1721,TRP-001721,Credit Card,Success
1722,TRP-001722,Credit Card,Success
1723,TRP-001723,Credit Card,Success
1724,TRP-001724,GoPay,Success
1725,TRP-001725,Cash,Success
1726,TRP-001726,Credit Card,Success
1727,TRP-001727,GoPay,Success
1728,TRP-001728,Credit Card,Success
1729,TRP-001729,GoPay,Success
1730,TRP-001730,Credit Card,Success
1731,TRP-001731,GoPay,Failed
1732,TRP-001732,GoPay,Success
1733,TRP-001733,Cash,Success
1734,TRP-001734,Cash,Success
1735,TRP-001735,Credit Card,Success
1736,TRP-001736,Credit Card,Success
1737,TRP-001737,Credit Card,Success
1738,TRP-001738,Credit Card,Success
1739,TRP-001739,GoPay,Success
1740,TRP-001740,Credit Card,Success
1741,TRP-001741,Cash,Success
1742,TRP-001742,Cash,Success
1743,TRP-001743,GoPay,Success
1744,TRP-001744,GoPay,Success
1745,TRP-001745,Credit Card,Success
1746,TRP-001746,Credit Card,Success
1747,TRP-001747,GoPay,Failed
1748,TRP-001748,GoPay,Success
1749,TRP-001749,GoPay,Success
1750,TRP-001750,Cash,Success
1751,TRP-001751,GoPay,Success
1752,TRP-001752,Credit Card,Success
1753,TRP-001753,Cash,Success
1754,TRP-001754,Credit Card,Success
1755,TRP-001755,Credit Card,Success
1756,TRP-001756,Cash,Success
1757,TRP-001757,GoPay,Success
1758,TRP-001758,GoPay,Success
1759,TRP-001759,Credit Card,Failed
1760,TRP-001760,Credit Card,Success
1761,TRP-001761,GoPay,Success
1762,TRP-001762,GoPay,Success
1763,TRP-001763,Cash,Success
1764,TRP-001764,Credit Card,Success
1765,TRP-001765,Cash,Success
1766,TRP-001766,Credit Card,Success
1767,TRP-001767,Credit Card,Success
1768,TRP-001768,GoPay,Success
1769,TRP-001769,GoPay,Success
1770,TRP-001770,GoPay,Success
1771,TRP-001771,GoPay,Success
1772,TRP-001772,GoPay,Success
1773,TRP-001773,Cash,Success
1774,TRP-001774,Credit Card,Success
1775,TRP-001775,Cash,Success
1776,TRP-001776,GoPay,Success
1777,TRP-001777,Credit Card,Success
1778,TRP-001778,Credit Card,Success
1779,TRP-001779,Cash,Success
1780,TRP-001780,Credit Card,Success
1781,TRP-001781,GoPay,Success
1782,TRP-001782,Cash,Failed
1783,TRP-001783,GoPay,Success
1784,TRP-001784,GoPay,Success
1785,TRP-001785,Cash,Success
1786,TRP-001786,Credit Card,Success
1787,TRP-001787,GoPay,Success
1788,TRP-001788,Credit Card,Pending
1789,TRP-001789,GoPay,Pending
1790,TRP-001790,Credit Card,Success
1791,TRP-001791,Cash,Success
1792,TRP-001792,Cash,Success
1793,TRP-001793,Cash,Success
1794,TRP-001794,Cash,Pending
1795,TRP-001795,Credit Card,Pending
1796,TRP-001796,Cash,Success
1797,TRP-001797,Cash,Success
1798,TRP-001798,Credit Card,Success
1799,TRP-001799,Credit Card,Success
1800,TRP-001800,Credit Card,Success
1801,TRP-001801,Credit Card,Success
1802,TRP-001802,Credit Card,Success
1803,TRP-001803,Cash,Success
1804,TRP-001804,Cash,Success
1805,TRP-001805,Cash,Pending
1806,TRP-001806,GoPay,Success
1807,TRP-001807,GoPay,Success
1808,TRP-001808,Credit Card,Success
1809,TRP-001809,GoPay,Success
1810,TRP-001810,GoPay,Success
1811,TRP-001811,GoPay,Success
1812,TRP-001812,GoPay,Failed
1813,TRP-001813,Cash,Failed
1814,TRP-001814,Credit Card,Success
1815,TRP-001815,GoPay,Success
1816,TRP-001816,Credit Card,Success
1817,TRP-001817,Credit Card,Success
1818,TRP-001818,GoPay,Success
1819,TRP-001819,Credit Card,Failed
1820,TRP-001820,GoPay,Failed
1821,TRP-001821,Credit Card,Success
1822,TRP-001822,Credit Card,Success
1823,TRP-001823,Credit Card,Success
1824,TRP-001824,GoPay,Failed
1825,TRP-001825,GoPay,Success
1826,TRP-001826,Credit Card,Success
1827,TRP-001827,Cash,Success
1828,TRP-001828,Credit Card,Success
1829,TRP-001829,Credit Card,Success
1830,TRP-001830,Credit Card,Success
1831,TRP-001831,Cash,Success
1832,TRP-001832,Cash,Success
1833,TRP-001833,Credit Card,Success
1834,TRP-001834,GoPay,Success
1835,TRP-001835,GoPay,Success
1836,TRP-001836,Credit Card,Pending
1837,TRP-001837,Credit Card,Success
1838,TRP-001838,GoPay,Pending
1839,TRP-001839,Cash,Success
1840,TRP-001840,GoPay,Success
1841,TRP-001841,GoPay,Success
1842,TRP-001842,GoPay,Success
1843,TRP-001843,Cash,Success
1844,TRP-001844,Cash,Success
1845,TRP-001845,Credit Card,Success
1846,TRP-001846,GoPay,Pending
1847,TRP-001847,Credit Card,Success
1848,TRP-001848,GoPay,Success
1849,TRP-001849,GoPay,Success
1850,TRP-001850,GoPay,Success
1851,TRP-001851,GoPay,Success
1852,TRP-001852,GoPay,Success
1853,TRP-001853,Credit Card,Success
1854,TRP-001854,Cash,Success
1855,TRP-001855,Credit Card,Success
1856,TRP-001856,Credit Card,Success
1857,TRP-001857,Cash,Success
1858,TRP-001858,GoPay,Pending
1859,TRP-001859,Cash,Success
1860,TRP-001860,GoPay,Failed
1861,TRP-001861,Cash,Success
1862,TRP-001862,Credit Card,Success
1863,TRP-001863,Cash,Success
1864,TRP-001864,Cash,Success
1865,TRP-001865,GoPay,Success
1866,TRP-001866,Credit Card,Failed
1867,TRP-001867,Credit Card,Success
1868,TRP-001868,GoPay,Success
1869,TRP-001869,GoPay,Success
1870,TRP-001870,GoPay,Success
1871,TRP-001871,Credit Card,Success
1872,TRP-001872,GoPay,Success
1873,TRP-001873,Credit Card,Failed
1874,TRP-001874,Cash,Success
1875,TRP-001875,Cash,Success
1876,TRP-001876,GoPay,Success
1877,TRP-001877,Credit Card,Success
1878,TRP-001878,GoPay,Success
1879,TRP-001879,Cash,Success
1880,TRP-001880,Cash,Pending
1881,TRP-001881,GoPay,Success
1882,TRP-001882,Cash,Success
1883,TRP-001883,Credit Card,Success
1884,TRP-001884,GoPay,Success
1885,TRP-001885,GoPay,Pending
1886,TRP-001886,GoPay,Success
1887,TRP-001887,Cash,Success
1888,TRP-001888,Cash,Success
1889,TRP-001889,Cash,Success
1890,TRP-001890,Cash,Success
1891,TRP-001891,Credit Card,Success
1892,TRP-001892,Credit Card,Success
1893,TRP-001893,Credit Card,Success
1894,TRP-001894,Credit Card,Pending
1895,TRP-001895,GoPay,Success
1896,TRP-001896,Credit Card,Success
1897,TRP-001897,Cash,Pending
1898,TRP-001898,Credit Card,Success
1899,TRP-001899,Cash,Success
1900,TRP-001900,Credit Card,Success
1901,TRP-001901,Credit Card,Failed
1902,TRP-001902,Cash,Success
1903,TRP-001903,Credit Card,Success
1904,TRP-001904,Cash,Success
1905,TRP-001905,GoPay,Success
1906,TRP-001906,GoPay,Pending
1907,TRP-001907,Cash,Success
1908,TRP-001908,GoPay,Success
1909,TRP-001909,GoPay,Pending
1910,TRP-001910,Credit Card,Success
1911,TRP-001911,Cash,Success
1912,TRP-001912,Cash,Success
1913,TRP-001913,GoPay,Pending
1914,TRP-001914,Credit Card,Pending
1915,TRP-001915,Credit Card,Success
1916,TRP-001916,GoPay,Success
1917,TRP-001917,Cash,Success
1918,TRP-001918,Cash,Success
1919,TRP-001919,Cash,Success
1920,TRP-001920,Cash,Success
1921,TRP-001921,Credit Card,Success
1922,TRP-001922,Cash,Success
1923,TRP-001923,Cash,Success
1924,TRP-001924,GoPay,Success
1925,TRP-001925,GoPay,Success
1926,TRP-001926,Cash,Success
1927,TRP-001927,Cash,Failed
1928,TRP-001928,Credit Card,Success
1929,TRP-001929,GoPay,Success
1930,TRP-001930,Cash,Success
1931,TRP-001931,Credit Card,Success
1932,TRP-001932,Credit Card,Success
1933,TRP-001933,GoPay,Success
1934,TRP-001934,Cash,Success
1935,TRP-001935,GoPay,Success
1936,TRP-001936,GoPay,Success
1937,TRP-001937,Cash,Pending
1938,TRP-001938,GoPay,Success
1939,TRP-001939,GoPay,Success
1940,TRP-001940,Credit Card,Success
1941,TRP-001941,Credit Card,Failed
1942,TRP-001942,Cash,Success
1943,TRP-001943,GoPay,Success
1944,TRP-001944,Credit Card,Success
1945,TRP-001945,Cash,Pending
1946,TRP-001946,GoPay,Success
1947,TRP-001947,Credit Card,Success
1948,TRP-001948,Credit Card,Success
1949,TRP-001949,Credit Card,Success
1950,TRP-001950,Cash,Success
1951,TRP-001951,GoPay,Success
1952,TRP-001952,GoPay,Success
1953,TRP-001953,Credit Card,Pending
1954,TRP-001954,GoPay,Success
1955,TRP-001955,Credit Card,Success
1956,TRP-001956,Credit Card,Success
1957,TRP-001957,Cash,Success
1958,TRP-001958,Credit Card,Success
1959,TRP-001959,GoPay,Success
1960,TRP-001960,Cash,Success
1961,TRP-001961,GoPay,Success
1962,TRP-001962,GoPay,Success
1963,TRP-001963,Credit Card,Success
1964,TRP-001964,Cash,Pending
1965,TRP-001965,GoPay,Success
1966,TRP-001966,Cash,Pending
1967,TRP-001967,Cash,Success
1968,TRP-001968,Cash,Success
1969,TRP-001969,Credit Card,Failed
1970,TRP-001970,GoPay,Success
1971,TRP-001971,Cash,Success
1972,TRP-001972,Cash,Success
1973,TRP-001973,Cash,Success
1974,TRP-001974,Cash,Success
1975,TRP-001975,Cash,Success
1976,TRP-001976,Cash,Success
1977,TRP-001977,Cash,Success
1978,TRP-001978,Cash,Success
1979,TRP-001979,GoPay,Success
1980,TRP-001980,Cash,Success
1981,TRP-001981,Cash,Success
1982,TRP-001982,Cash,Success
1983,TRP-001983,Credit Card,Success
1984,TRP-001984,Credit Card,Success
1985,TRP-001985,Cash,Pending
1986,TRP-001986,Credit Card,Success
1987,TRP-001987,GoPay,Success
1988,TRP-001988,GoPay,Success
1989,TRP-001989,Credit Card,Success
1990,TRP-001990,Cash,Success
1991,TRP-001991,Credit Card,Success
1992,TRP-001992,Credit Card,Success
1993,TRP-001993,Cash,Success
1994,TRP-001994,GoPay,Failed
1995,TRP-001995,Credit Card,Success
1996,TRP-001996,Cash,Pending
1997,TRP-001997,GoPay,Success
1998,TRP-001998,Cash,Success
1999,TRP-001999,Credit Card,Success
2000,TRP-002000,Credit Card,Success
2001,TRP-002001,Credit Card,Success
2002,TRP-002002,Credit Card,Success
2003,TRP-002003,Credit Card,Success
2004,TRP-002004,GoPay,Success
2005,TRP-002005,GoPay,Success
2006,TRP-002006,Credit Card,Success
2007,TRP-002007,Cash,Success
2008,TRP-002008,Credit Card,Success
2009,TRP-002009,Credit Card,Success
2010,TRP-002010,GoPay,Success
2011,TRP-002011,Cash,Success
2012,TRP-002012,Credit Card,Success
2013,TRP-002013,Cash,Failed
2014,TRP-002014,Credit Card,Success
2015,TRP-002015,Credit Card,Success
2016,TRP-002016,Cash,Success
2017,TRP-002017,Credit Card,Success
2018,TRP-002018,Credit Card,Pending
2019,TRP-002019,GoPay,Success
2020,TRP-002020,GoPay,Success
2021,TRP-002021,Cash,Success
2022,TRP-002022,Cash,Success
2023,TRP-002023,Cash,Success
2024,TRP-002024,GoPay,Success
2025,TRP-002025,GoPay,Pending
2026,TRP-002026,GoPay,Pending
2027,TRP-002027,Credit Card,Success
2028,TRP-002028,Cash,Pending
2029,TRP-002029,GoPay,Success
2030,TRP-002030,Credit Card,Success
2031,TRP-002031,GoPay,Success
2032,TRP-002032,GoPay,Success
2033,TRP-002033,Credit Card,Pending
2034,TRP-002034,GoPay,Success
2035,TRP-002035,GoPay,Failed
2036,TRP-002036,GoPay,Success
2037,TRP-002037,Credit Card,Success
2038,TRP-002038,GoPay,Success
2039,TRP-002039,GoPay,Success
2040,TRP-002040,Cash,Success
2041,TRP-002041,Credit Card,Success
2042,TRP-002042,Cash,Success
2043,TRP-002043,Credit Card,Success
2044,TRP-002044,Cash,Success
2045,TRP-002045,Credit Card,Success
2046,TRP-002046,Credit Card,Success
2047,TRP-002047,Credit Card,Failed
2048,TRP-002048,Credit Card,Success
2049,TRP-002049,Cash,Failed
2050,TRP-002050,GoPay,Success
2051,TRP-002051,GoPay,Success
2052,TRP-002052,GoPay,Success
2053,TRP-002053,Credit Card,Success
2054,TRP-002054,Credit Card,Success
2055,TRP-002055,GoPay,Failed
2056,TRP-002056,Credit Card,Failed
2057,TRP-002057,GoPay,Success
2058,TRP-002058,GoPay,Success
2059,TRP-002059,Credit Card,Success
2060,TRP-002060,GoPay,Success
2061,TRP-002061,GoPay,Success
2062,TRP-002062,Cash,Success
2063,TRP-002063,Credit Card,Success
2064,TRP-002064,Cash,Success
2065,TRP-002065,GoPay,Pending
2066,TRP-002066,Cash,Success
2067,TRP-002067,GoPay,Pending
2068,TRP-002068,Cash,Success
2069,TRP-002069,Cash,Success
2070,TRP-002070,Cash,Success
2071,TRP-002071,Cash,Success
2072,TRP-002072,Cash,Success
2073,TRP-002073,GoPay,Success
2074,TRP-002074,Credit Card,Pending
2075,TRP-002075,Cash,Failed
2076,TRP-002076,Credit Card,Success
2077,TRP-002077,GoPay,Success
2078,TRP-002078,Credit Card,Success
2079,TRP-002079,Credit Card,Success
2080,TRP-002080,GoPay,Success
2081,TRP-002081,Credit Card,Success
2082,TRP-002082,GoPay,Success
2083,TRP-002083,Credit Card,Success
2084,TRP-002084,Cash,Success
2085,TRP-002085,GoPay,Success
2086,TRP-002086,GoPay,Success
2087,TRP-002087,Cash,Success
2088,TRP-002088,Cash,Success
2089,TRP-002089,Credit Card,Success
2090,TRP-002090,Cash,Success
2091,TRP-002091,Cash,Failed
2092,TRP-002092,GoPay,Success
2093,TRP-002093,Credit Card,Success
2094,TRP-002094,GoPay,Pending
2095,TRP-002095,Cash,Failed
2096,TRP-002096,Credit Card,Pending
2097,TRP-002097,GoPay,Success
2098,TRP-002098,Credit Card,Success
2099,TRP-002099,Cash,Success
2100,TRP-002100,GoPay,Success
2101,TRP-002101,GoPay,Success
2102,TRP-002102,Credit Card,Pending
2103,TRP-002103,Cash,Failed
2104,TRP-002104,GoPay,Success
2105,TRP-002105,GoPay,Success
2106,TRP-002106,Cash,Success
2107,TRP-002107,Credit Card,Success
2108,TRP-002108,Credit Card,Success
2109,TRP-002109,GoPay,Success
2110,TRP-002110,Credit Card,Success
2111,TRP-002111,Cash,Success
2112,TRP-002112,GoPay,Success
2113,TRP-002113,GoPay,Success
2114,TRP-002114,GoPay,Success
2115,TRP-002115,Credit Card,Success
2116,TRP-002116,Cash,Pending
2117,TRP-002117,Cash,Success
2118,TRP-002118,Credit Card,Success
2119,TRP-002119,Credit Card,Failed
2120,TRP-002120,GoPay,Success
2121,TRP-002121,Credit Card,Success
2122,TRP-002122,GoPay,Success
2123,TRP-002123,GoPay,Failed
2124,TRP-002124,Cash,Success
2125,TRP-002125,Credit Card,Pending
2126,TRP-002126,Credit Card,Success
2127,TRP-002127,Cash,Success
2128,TRP-002128,Credit Card,Success
2129,TRP-002129,GoPay,Failed
2130,TRP-002130,Cash,Success
2131,TRP-002131,Credit Card,Failed
2132,TRP-002132,GoPay,Success
2133,TRP-002133,Cash,Success
2134,TRP-002134,GoPay,Success
2135,TRP-002135,GoPay,Success
2136,TRP-002136,Credit Card,Failed
2137,TRP-002137,Cash,Success
2138,TRP-002138,Cash,Success
2139,TRP-002139,Credit Card,Success
2140,TRP-002140,GoPay,Success
2141,TRP-002141,Credit Card,Success
2142,TRP-002142,GoPay,Success
2143,TRP-002143,Credit Card,Success
2144,TRP-002144,GoPay,Success
2145,TRP-002145,Credit Card,Pending
2146,TRP-002146,Credit Card,Success
2147,TRP-002147,GoPay,Failed
2148,TRP-002148,Credit Card,Success
2149,TRP-002149,Cash,Success
2150,TRP-002150,Cash,Success
2151,TRP-002151,GoPay,Pending
2152,TRP-002152,Cash,Success
2153,TRP-002153,GoPay,Success
2154,TRP-002154,Credit Card,Success
2155,TRP-002155,GoPay,Success
2156,TRP-002156,Cash,Success
2157,TRP-002157,Credit Card,Success
2158,TRP-002158,Cash,Success
2159,TRP-002159,GoPay,Success
2160,TRP-002160,Credit Card,Failed
2161,TRP-002161,GoPay,Success
2162,TRP-002162,Cash,Success
2163,TRP-002163,Credit Card,Success
2164,TRP-002164,GoPay,Success
2165,TRP-002165,GoPay,Success
2166,TRP-002166,Cash,Failed
2167,TRP-002167,Cash,Success
2168,TRP-002168,Credit Card,Success
2169,TRP-002169,Credit Card,Success
2170,TRP-002170,GoPay,Success
2171,TRP-002171,GoPay,Pending
2172,TRP-002172,Credit Card,Success
2173,TRP-002173,Credit Card,Success
2174,TRP-002174,Credit Card,Success
2175,TRP-002175,Cash,Success
2176,TRP-002176,Cash,Success
2177,TRP-002177,GoPay,Success
2178,TRP-002178,Credit Card,Success
2179,TRP-002179,GoPay,Pending
2180,TRP-002180,GoPay,Success
2181,TRP-002181,Cash,Success
2182,TRP-002182,Credit Card,Success
2183,TRP-002183,Credit Card,Success
2184,TRP-002184,GoPay,Success
2185,TRP-002185,Cash,Success
2186,TRP-002186,Credit Card,Success
2187,TRP-002187,Credit Card,Success
2188,TRP-002188,Credit Card,Success
2189,TRP-002189,GoPay,Success
2190,TRP-002190,GoPay,Pending
2191,TRP-002191,GoPay,Success
2192,TRP-002192,Credit Card,Success
2193,TRP-002193,GoPay,Success
2194,TRP-002194,GoPay,Success
2195,TRP-002195,Credit Card,Success
2196,TRP-002196,Cash,Success
2197,TRP-002197,GoPay,Success
2198,TRP-002198,Credit Card,Success
2199,TRP-002199,Cash,Success
2200,TRP-002200,Credit Card,Success
2201,TRP-002201,GoPay,Failed
2202,TRP-002202,Credit Card,Success
2203,TRP-002203,GoPay,Success
2204,TRP-002204,Cash,Success
2205,TRP-002205,Credit Card,Success
2206,TRP-002206,Cash,Success
2207,TRP-002207,Credit Card,Success
2208,TRP-002208,Cash,Success
2209,TRP-002209,Credit Card,Success
2210,TRP-002210,GoPay,Failed
2211,TRP-002211,GoPay,Success
2212,TRP-002212,GoPay,Pending
2213,TRP-002213,Credit Card,Success
2214,TRP-002214,GoPay,Success
2215,TRP-002215,GoPay,Success
2216,TRP-002216,Cash,Success
2217,TRP-002217,Cash,Success
2218,TRP-002218,Credit Card,Success
2219,TRP-002219,Credit Card,Success
2220,TRP-002220,Credit Card,Success
2221,TRP-002221,Cash,Success
2222,TRP-002222,Credit Card,Failed
2223,TRP-002223,Cash,Success
2224,TRP-002224,Cash,Success
2225,TRP-002225,Credit Card,Failed
2226,TRP-002226,Cash,Success
2227,TRP-002227,GoPay,Success
2228,TRP-002228,GoPay,Success
2229,TRP-002229,GoPay,Success
2230,TRP-002230,Cash,Success
2231,TRP-002231,Credit Card,Pending
2232,TRP-002232,GoPay,Success
2233,TRP-002233,Cash,Success
2234,TRP-002234,GoPay,Pending
2235,TRP-002235,Cash,Success
2236,TRP-002236,Credit Card,Success
2237,TRP-002237,GoPay,Success
2238,TRP-002238,Cash,Success
2239,TRP-002239,Credit Card,Success
2240,TRP-002240,Credit Card,Success
2241,TRP-002241,Credit Card,Success
2242,TRP-002242,GoPay,Success
2243,TRP-002243,Credit Card,Failed
2244,TRP-002244,Credit Card,Success
2245,TRP-002245,Cash,Success
2246,TRP-002246,Cash,Success
2247,TRP-002247,Cash,Success
2248,TRP-002248,Cash,Success
2249,TRP-002249,Credit Card,Success
2250,TRP-002250,Cash,Success
2251,TRP-002251,GoPay,Success
2252,TRP-002252,Credit Card,Success
2253,TRP-002253,Cash,Success
2254,TRP-002254,Credit Card,Success
2255,TRP-002255,GoPay,Success
2256,TRP-002256,Cash,Success
2257,TRP-002257,Credit Card,Success
2258,TRP-002258,GoPay,Success
2259,TRP-002259,Credit Card,Success
2260,TRP-002260,Credit Card,Success
2261,TRP-002261,GoPay,Success
2262,TRP-002262,Credit Card,Success
2263,TRP-002263,GoPay,Success
2264,TRP-002264,Credit Card,Success
2265,TRP-002265,GoPay,Success
2266,TRP-002266,GoPay,Pending
2267,TRP-002267,GoPay,Success
2268,TRP-002268,GoPay,Pending
2269,TRP-002269,GoPay,Success
2270,TRP-002270,GoPay,Success
2271,TRP-002271,Cash,Success
2272,TRP-002272,GoPay,Failed
2273,TRP-002273,Cash,Success
2274,TRP-002274,Cash,Success
2275,TRP-002275,Cash,Success
2276,TRP-002276,Credit Card,Success
2277,TRP-002277,GoPay,Failed
2278,TRP-002278,GoPay,Success
2279,TRP-002279,GoPay,Failed
2280,TRP-002280,GoPay,Success
2281,TRP-002281,GoPay,Success
2282,TRP-002282,GoPay,Success
2283,TRP-002283,Cash,Success
2284,TRP-002284,Credit Card,Success
2285,TRP-002285,Cash,Success
2286,TRP-002286,Credit Card,Success
2287,TRP-002287,Cash,Success
2288,TRP-002288,Credit Card,Success
2289,TRP-002289,Credit Card,Success
2290,TRP-002290,Credit Card,Success
2291,TRP-002291,Cash,Success
2292,TRP-002292,GoPay,Failed
2293,TRP-002293,Credit Card,Pending
2294,TRP-002294,GoPay,Success
2295,TRP-002295,Credit Card,Success
2296,TRP-002296,Cash,Success
2297,TRP-002297,Credit Card,Failed
2298,TRP-002298,Cash,Success
2299,TRP-002299,GoPay,Success
2300,TRP-002300,GoPay,Success
2301,TRP-002301,Credit Card,Success
2302,TRP-002302,Credit Card,Success
2303,TRP-002303,GoPay,Pending
2304,TRP-002304,Credit Card,Success
2305,TRP-002305,GoPay,Success
2306,TRP-002306,Cash,Success
2307,TRP-002307,Cash,Success
2308,TRP-002308,Cash,Success
2309,TRP-002309,Credit Card,Success
2310,TRP-002310,GoPay,Success
2311,TRP-002311,Cash,Success
2312,TRP-002312,Cash,Success
2313,TRP-002313,GoPay,Success
2314,TRP-002314,Cash,Success
2315,TRP-002315,GoPay,Pending
2316,TRP-002316,Cash,Success
2317,TRP-002317,Credit Card,Success
2318,TRP-002318,Cash,Success
2319,TRP-002319,GoPay,Success
2320,TRP-002320,Cash,Success
2321,TRP-002321,GoPay,Success
2322,TRP-002322,GoPay,Pending
2323,TRP-002323,Credit Card,Failed
2324,TRP-002324,Credit Card,Success
2325,TRP-002325,GoPay,Success
2326,TRP-002326,Credit Card,Success
2327,TRP-002327,GoPay,Success
2328,TRP-002328,Credit Card,Success
2329,TRP-002329,Cash,Success
2330,TRP-002330,GoPay,Success
2331,TRP-002331,GoPay,Success
2332,TRP-002332,Cash,Success
2333,TRP-002333,Credit Card,Pending
2334,TRP-002334,Credit Card,Success
2335,TRP-002335,Cash,Success
2336,TRP-002336,Credit Card,Success
2337,TRP-002337,GoPay,Success
2338,TRP-002338,Cash,Success
2339,TRP-002339,GoPay,Success
2340,TRP-002340,GoPay,Success
2341,TRP-002341,Credit Card,Success
2342,TRP-002342,Credit Card,Success
2343,TRP-002343,GoPay,Success
2344,TRP-002344,Cash,Success
2345,TRP-002345,Cash,Success
2346,TRP-002346,Cash,Failed
2347,TRP-002347,Cash,Pending
2348,TRP-002348,GoPay,Success
2349,TRP-002349,GoPay,Success
2350,TRP-002350,Credit Card,Success
2351,TRP-002351,GoPay,Success
2352,TRP-002352,Credit Card,Success
2353,TRP-002353,Credit Card,Success
2354,TRP-002354,Credit Card,Success
2355,TRP-002355,Cash,Success
2356,TRP-002356,Cash,Success
2357,TRP-002357,Credit Card,Pending
2358,TRP-002358,Credit Card,Success
2359,TRP-002359,Cash,Success
2360,TRP-002360,Credit Card,Success
2361,TRP-002361,Credit Card,Pending
2362,TRP-002362,GoPay,Success
2363,TRP-002363,Cash,Success
2364,TRP-002364,Credit Card,Success
2365,TRP-002365,Cash,Pending
2366,TRP-002366,GoPay,Success
2367,TRP-002367,GoPay,Success
2368,TRP-002368,Cash,Success
2369,TRP-002369,Credit Card,Success
2370,TRP-002370,Credit Card,Success
2371,TRP-002371,Credit Card,Success
2372,TRP-002372,GoPay,Success
2373,TRP-002373,GoPay,Success
2374,TRP-002374,Credit Card,Success
2375,TRP-002375,GoPay,Success
2376,TRP-002376,Cash,Success
2377,TRP-002377,Credit Card,Success
2378,TRP-002378,GoPay,Success
2379,TRP-002379,GoPay,Failed
2380,TRP-002380,Credit Card,Success
2381,TRP-002381,GoPay,Success
2382,TRP-002382,GoPay,Success
2383,TRP-002383,GoPay,Success
2384,TRP-002384,Cash,Success
2385,TRP-002385,GoPay,Pending
2386,TRP-002386,Cash,Success
2387,TRP-002387,Credit Card,Success
2388,TRP-002388,GoPay,Success
2389,TRP-002389,Cash,Success
2390,TRP-002390,Credit Card,Success
2391,TRP-002391,GoPay,Success
2392,TRP-002392,GoPay,Success
2393,TRP-002393,GoPay,Success
2394,TRP-002394,GoPay,Failed
2395,TRP-002395,Cash,Success
2396,TRP-002396,Credit Card,Success
2397,TRP-002397,Credit Card,Success
2398,TRP-002398,GoPay,Success
2399,TRP-002399,Credit Card,Success
2400,TRP-002400,Cash,Success
2401,TRP-002401,Credit Card,Success
2402,TRP-002402,Credit Card,Success
2403,TRP-002403,GoPay,Success
2404,TRP-002404,GoPay,Success
2405,TRP-002405,GoPay,Success
2406,TRP-002406,GoPay,Success
2407,TRP-002407,Cash,Success
2408,TRP-002408,Cash,Success
2409,TRP-002409,Cash,Success
2410,TRP-002410,GoPay,Success
2411,TRP-002411,Credit Card,Success
2412,TRP-002412,Cash,Success
2413,TRP-002413,Credit Card,Failed
2414,TRP-002414,Cash,Success
2415,TRP-002415,Credit Card,Success
2416,TRP-002416,Cash,Success
2417,TRP-002417,Credit Card,Pending
2418,TRP-002418,Credit Card,Success
2419,TRP-002419,Cash,Success
2420,TRP-002420,Credit Card,Success
2421,TRP-002421,GoPay,Success
2422,TRP-002422,Cash,Success
2423,TRP-002423,GoPay,Success
2424,TRP-002424,Credit Card,Success
2425,TRP-002425,Credit Card,Success
2426,TRP-002426,GoPay,Success
2427,TRP-002427,GoPay,Success
2428,TRP-002428,GoPay,Success
2429,TRP-002429,Cash,Success
2430,TRP-002430,Cash,Pending
2431,TRP-002431,Cash,Success
2432,TRP-002432,GoPay,Success
2433,TRP-002433,Credit Card,Success
2434,TRP-002434,Cash,Success
2435,TRP-002435,Cash,Success
2436,TRP-002436,Credit Card,Success
2437,TRP-002437,Credit Card,Success
2438,TRP-002438,Cash,Success
2439,TRP-002439,GoPay,Success
2440,TRP-002440,GoPay,Failed
2441,TRP-002441,GoPay,Success
2442,TRP-002442,Cash,Success
2443,TRP-002443,GoPay,Failed
2444,TRP-002444,Cash,Failed
2445,TRP-002445,Cash,Success
2446,TRP-002446,Cash,Success
2447,TRP-002447,Credit Card,Success
2448,TRP-002448,Credit Card,Success
2449,TRP-002449,Cash,Success
2450,TRP-002450,Credit Card,Success
2451,TRP-002451,Credit Card,Success
2452,TRP-002452,Cash,Success
2453,TRP-002453,Cash,Success
2454,TRP-002454,Cash,Success
2455,TRP-002455,Credit Card,Success
2456,TRP-002456,GoPay,Success
2457,TRP-002457,Credit Card,Success
2458,TRP-002458,GoPay,Success
2459,TRP-002459,Cash,Pending
2460,TRP-002460,Cash,Success
2461,TRP-002461,Credit Card,Success
2462,TRP-002462,Credit Card,Success
2463,TRP-002463,Credit Card,Success
2464,TRP-002464,Cash,Success
2465,TRP-002465,GoPay,Success
2466,TRP-002466,Credit Card,Failed
2467,TRP-002467,GoPay,Success
2468,TRP-002468,Credit Card,Success
2469,TRP-002469,GoPay,Success
2470,TRP-002470,Credit Card,Success
2471,TRP-002471,GoPay,Success
2472,TRP-002472,Credit Card,Success
2473,TRP-002473,GoPay,Success
2474,TRP-002474,GoPay,Success
2475,TRP-002475,Credit Card,Success
2476,TRP-002476,Credit Card,Success
2477,TRP-002477,Cash,Success
2478,TRP-002478,GoPay,Success
2479,TRP-002479,Cash,Success
2480,TRP-002480,Cash,Pending
2481,TRP-002481,Credit Card,Failed
2482,TRP-002482,Cash,Success
2483,TRP-002483,Cash,Failed
2484,TRP-002484,Cash,Success
2485,TRP-002485,Credit Card,Success
2486,TRP-002486,GoPay,Success
2487,TRP-002487,GoPay,Pending
2488,TRP-002488,GoPay,Success
2489,TRP-002489,Credit Card,Success
2490,TRP-002490,Credit Card,Success
2491,TRP-002491,Cash,Success
2492,TRP-002492,Cash,Failed
2493,TRP-002493,Credit Card,Success
2494,TRP-002494,Cash,Success
2495,TRP-002495,GoPay,Failed
2496,TRP-002496,Cash,Failed
2497,TRP-002497,Credit Card,Success
2498,TRP-002498,GoPay,Success
2499,TRP-002499,Credit Card,Failed
2500,TRP-002500,GoPay,Success
2501,TRP-002501,Cash,Success
2502,TRP-002502,Cash,Success
2503,TRP-002503,Cash,Success
2504,TRP-002504,Credit Card,Success
2505,TRP-002505,Cash,Success
2506,TRP-002506,GoPay,Success
2507,TRP-002507,Credit Card,Success
2508,TRP-002508,Credit Card,Success
2509,TRP-002509,GoPay,Success
2510,TRP-002510,Credit Card,Success
2511,TRP-002511,Cash,Success
2512,TRP-002512,Credit Card,Success
2513,TRP-002513,GoPay,Success
2514,TRP-002514,Credit Card,Pending
2515,TRP-002515,Credit Card,Pending
2516,TRP-002516,Cash,Failed
2517,TRP-002517,GoPay,Success
2518,TRP-002518,GoPay,Success
2519,TRP-002519,GoPay,Failed
2520,TRP-002520,Cash,Success
2521,TRP-002521,Credit Card,Success
2522,TRP-002522,Cash,Success
2523,TRP-002523,Credit Card,Success
2524,TRP-002524,Cash,Success
2525,TRP-002525,GoPay,Success
2526,TRP-002526,GoPay,Success
2527,TRP-002527,Credit Card,Success
2528,TRP-002528,GoPay,Success
2529,TRP-002529,Cash,Success
2530,TRP-002530,GoPay,Success
2531,TRP-002531,GoPay,Success
2532,TRP-002532,GoPay,Success
2533,TRP-002533,Cash,Success
2534,TRP-002534,GoPay,Success
2535,TRP-002535,GoPay,Success
2536,TRP-002536,Credit Card,Success
2537,TRP-002537,GoPay,Success
2538,TRP-002538,GoPay,Success
2539,TRP-002539,Credit Card,Success
2540,TRP-002540,Cash,Success
2541,TRP-002541,GoPay,Success
2542,TRP-002542,Credit Card,Success
2543,TRP-002543,Cash,Failed
2544,TRP-002544,GoPay,Pending
2545,TRP-002545,GoPay,Success
2546,TRP-002546,Credit Card,Success
2547,TRP-002547,Cash,Success
2548,TRP-002548,Credit Card,Success
2549,TRP-002549,GoPay,Success
2550,TRP-002550,GoPay,Success
2551,TRP-002551,Cash,Success
2552,TRP-002552,Credit Card,Success
2553,TRP-002553,Cash,Success
2554,TRP-002554,Cash,Pending
2555,TRP-002555,GoPay,Success
2556,TRP-002556,Credit Card,Success
2557,TRP-002557,Cash,Success
2558,TRP-002558,GoPay,Success
2559,TRP-002559,GoPay,Success
2560,TRP-002560,Cash,Success
2561,TRP-002561,Credit Card,Success
2562,TRP-002562,Cash,Success
2563,TRP-002563,Cash,Success
2564,TRP-002564,Credit Card,Failed
2565,TRP-002565,GoPay,Success
2566,TRP-002566,Cash,Success
2567,TRP-002567,GoPay,Pending
2568,TRP-002568,Cash,Success
2569,TRP-002569,Cash,Success
2570,TRP-002570,Credit Card,Success
2571,TRP-002571,GoPay,Success
2572,TRP-002572,Cash,Success
2573,TRP-002573,Cash,Failed
2574,TRP-002574,Cash,Success
2575,TRP-002575,Credit Card,Success
2576,TRP-002576,Credit Card,Success
2577,TRP-002577,GoPay,Success
2578,TRP-002578,GoPay,Success
2579,TRP-002579,Credit Card,Success
2580,TRP-002580,GoPay,Success
2581,TRP-002581,Cash,Success
2582,TRP-002582,Credit Card,Success
2583,TRP-002583,GoPay,Success
2584,TRP-002584,Credit Card,Success
2585,TRP-002585,Credit Card,Success
2586,TRP-002586,Cash,Success
2587,TRP-002587,Credit Card,Success
2588,TRP-002588,Credit Card,Success
2589,TRP-002589,Cash,Success
2590,TRP-002590,GoPay,Success
2591,TRP-002591,Cash,Success
2592,TRP-002592,GoPay,Success
2593,TRP-002593,GoPay,Success
2594,TRP-002594,GoPay,Success
2595,TRP-002595,GoPay,Success
2596,TRP-002596,Cash,Success
2597,TRP-002597,GoPay,Success
2598,TRP-002598,Cash,Failed
2599,TRP-002599,GoPay,Success
2600,TRP-002600,Cash,Success
2601,TRP-002601,GoPay,Success
2602,TRP-002602,GoPay,Success
2603,TRP-002603,GoPay,Success
2604,TRP-002604,Credit Card,Success
2605,TRP-002605,GoPay,Success
2606,TRP-002606,Credit Card,Success
2607,TRP-002607,Credit Card,Success
2608,TRP-002608,Credit Card,Success
2609,TRP-002609,GoPay,Success
2610,TRP-002610,Cash,Success
2611,TRP-002611,GoPay,Success
2612,TRP-002612,Credit Card,Success
2613,TRP-002613,Cash,Failed
2614,TRP-002614,GoPay,Failed
2615,TRP-002615,Credit Card,Success
2616,TRP-002616,Credit Card,Success
2617,TRP-002617,Cash,Success
2618,TRP-002618,Credit Card,Success
2619,TRP-002619,Credit Card,Success
2620,TRP-002620,Cash,Success
2621,TRP-002621,Cash,Success
2622,TRP-002622,Credit Card,Success
2623,TRP-002623,GoPay,Success
2624,TRP-002624,Credit Card,Success
2625,TRP-002625,Credit Card,Success
2626,TRP-002626,Cash,Success
2627,TRP-002627,Cash,Failed
2628,TRP-002628,GoPay,Success
2629,TRP-002629,Credit Card,Success
2630,TRP-002630,Cash,Success
2631,TRP-002631,Cash,Success
2632,TRP-002632,Cash,Success
2633,TRP-002633,GoPay,Success
2634,TRP-002634,Credit Card,Success
2635,TRP-002635,GoPay,Success
2636,TRP-002636,Cash,Success
2637,TRP-002637,Cash,Pending
2638,TRP-002638,Cash,Success
2639,TRP-002639,GoPay,Success
2640,TRP-002640,GoPay,Success
2641,TRP-002641,Credit Card,Success
2642,TRP-002642,Credit Card,Pending
2643,TRP-002643,Cash,Pending
2644,TRP-002644,Credit Card,Failed
2645,TRP-002645,Credit Card,Success
2646,TRP-002646,GoPay,Success
2647,TRP-002647,Credit Card,Success
2648,TRP-002648,Cash,Success
2649,TRP-002649,Cash,Success
2650,TRP-002650,Credit Card,Success
2651,TRP-002651,GoPay,Success
2652,TRP-002652,Cash,Success
2653,TRP-002653,Cash,Success
2654,TRP-002654,Cash,Success
2655,TRP-002655,Cash,Success
2656,TRP-002656,Cash,Success
2657,TRP-002657,Credit Card,Success
2658,TRP-002658,GoPay,Success
2659,TRP-002659,GoPay,Success
2660,TRP-002660,GoPay,Pending
2661,TRP-002661,GoPay,Failed
2662,TRP-002662,Credit Card,Success
2663,TRP-002663,Credit Card,Success
2664,TRP-002664,Credit Card,Pending
2665,TRP-002665,Credit Card,Success
2666,TRP-002666,Cash,Success
2667,TRP-002667,Cash,Success
2668,TRP-002668,GoPay,Success
2669,TRP-002669,Credit Card,Success
2670,TRP-002670,Cash,Failed
2671,TRP-002671,GoPay,Success
2672,TRP-002672,GoPay,Success
2673,TRP-002673,Credit Card,Success
2674,TRP-002674,Cash,Pending
2675,TRP-002675,Credit Card,Success
2676,TRP-002676,Cash,Success
2677,TRP-002677,Cash,Pending
2678,TRP-002678,Cash,Success
2679,TRP-002679,Credit Card,Success
2680,TRP-002680,Cash,Failed
2681,TRP-002681,Credit Card,Success
2682,TRP-002682,GoPay,Success
2683,TRP-002683,Credit Card,Success
2684,TRP-002684,Cash,Success
2685,TRP-002685,Cash,Success
2686,TRP-002686,GoPay,Success
2687,TRP-002687,GoPay,Success
2688,TRP-002688,GoPay,Success
2689,TRP-002689,GoPay,Success
2690,TRP-002690,Credit Card,Success
2691,TRP-002691,GoPay,Success
2692,TRP-002692,GoPay,Success
2693,TRP-002693,Credit Card,Success
2694,TRP-002694,Cash,Success
2695,TRP-002695,Cash,Pending
2696,TRP-002696,Credit Card,Success
2697,TRP-002697,Credit Card,Success
2698,TRP-002698,Cash,Pending
2699,TRP-002699,Credit Card,Success
2700,TRP-002700,GoPay,Failed
2701,TRP-002701,Credit Card,Success
2702,TRP-002702,Credit Card,Success
2703,TRP-002703,Cash,Success
2704,TRP-002704,Cash,Success
2705,TRP-002705,Cash,Success
2706,TRP-002706,Credit Card,Success
2707,TRP-002707,GoPay,Failed
2708,TRP-002708,GoPay,Success
2709,TRP-002709,GoPay,Success
2710,TRP-002710,Credit Card,Success
2711,TRP-002711,Credit Card,Success
2712,TRP-002712,Credit Card,Success
2713,TRP-002713,Cash,Success
2714,TRP-002714,Credit Card,Success
2715,TRP-002715,GoPay,Success
2716,TRP-002716,GoPay,Success
2717,TRP-002717,GoPay,Success
2718,TRP-002718,Cash,Success
2719,TRP-002719,GoPay,Success
2720,TRP-002720,Cash,Success
2721,TRP-002721,Credit Card,Success
2722,TRP-002722,Credit Card,Success
2723,TRP-002723,GoPay,Success
2724,TRP-002724,Credit Card,Success
2725,TRP-002725,Cash,Success
2726,TRP-002726,GoPay,Success
2727,TRP-002727,GoPay,Success
2728,TRP-002728,GoPay,Success
2729,TRP-002729,Credit Card,Success
2730,TRP-002730,GoPay,Success
2731,TRP-002731,GoPay,Failed
2732,TRP-002732,Cash,Success
2733,TRP-002733,Cash,Success
2734,TRP-002734,Cash,Success
2735,TRP-002735,Credit Card,Success
2736,TRP-002736,Credit Card,Success
2737,TRP-002737,GoPay,Success
2738,TRP-002738,Credit Card,Success
2739,TRP-002739,GoPay,Success
2740,TRP-002740,GoPay,Success
2741,TRP-002741,GoPay,Pending
2742,TRP-002742,Cash,Failed
2743,TRP-002743,Cash,Success
2744,TRP-002744,Credit Card,Success
2745,TRP-002745,GoPay,Success
2746,TRP-002746,Cash,Success
2747,TRP-002747,Credit Card,Success
2748,TRP-002748,Credit Card,Pending
2749,TRP-002749,Cash,Success
2750,TRP-002750,Cash,Success
2751,TRP-002751,Credit Card,Success
2752,TRP-002752,GoPay,Success
2753,TRP-002753,GoPay,Failed
2754,TRP-002754,GoPay,Success
2755,TRP-002755,Credit Card,Success
2756,TRP-002756,Cash,Success
2757,TRP-002757,Cash,Success
2758,TRP-002758,GoPay,Success
2759,TRP-002759,Credit Card,Success
2760,TRP-002760,Cash,Success
2761,TRP-002761,GoPay,Failed
2762,TRP-002762,GoPay,Failed
2763,TRP-002763,Cash,Success
2764,TRP-002764,Cash,Success
2765,TRP-002765,Credit Card,Success
2766,TRP-002766,Credit Card,Success
2767,TRP-002767,Cash,Success
2768,TRP-002768,Credit Card,Success
2769,TRP-002769,Credit Card,Success
2770,TRP-002770,GoPay,Success
2771,TRP-002771,GoPay,Success
2772,TRP-002772,Credit Card,Failed
2773,TRP-002773,GoPay,Success
2774,TRP-002774,Credit Card,Success
2775,TRP-002775,GoPay,Success
2776,TRP-002776,Cash,Success
2777,TRP-002777,Credit Card,Failed
2778,TRP-002778,Credit Card,Success
2779,TRP-002779,Cash,Success
2780,TRP-002780,Credit Card,Success
2781,TRP-002781,GoPay,Success
2782,TRP-002782,Cash,Success
2783,TRP-002783,Credit Card,Success
2784,TRP-002784,GoPay,Success
2785,TRP-002785,GoPay,Success
2786,TRP-002786,Cash,Success
2787,TRP-002787,Credit Card,Success
2788,TRP-002788,Cash,Success
2789,TRP-002789,Cash,Success
2790,TRP-002790,Credit Card,Success
2791,TRP-002791,Credit Card,Success
2792,TRP-002792,GoPay,Success
2793,TRP-002793,GoPay,Success
2794,TRP-002794,GoPay,Success
2795,TRP-002795,Credit Card,Success
2796,TRP-002796,GoPay,Success
2797,TRP-002797,Cash,Success
2798,TRP-002798,GoPay,Success
2799,TRP-002799,Credit Card,Success
2800,TRP-002800,Credit Card,Success
2801,TRP-002801,Credit Card,Failed
2802,TRP-002802,Cash,Failed
2803,TRP-002803,GoPay,Success
2804,TRP-002804,Cash,Success
2805,TRP-002805,Credit Card,Success
2806,TRP-002806,Cash,Success
2807,TRP-002807,GoPay,Success
2808,TRP-002808,Credit Card,Success
2809,TRP-002809,Cash,Success
2810,TRP-002810,Cash,Pending
2811,TRP-002811,GoPay,Success
2812,TRP-002812,GoPay,Pending
2813,TRP-002813,GoPay,Success
2814,TRP-002814,Credit Card,Success
2815,TRP-002815,Credit Card,Success
2816,TRP-002816,Credit Card,Success
2817,TRP-002817,Credit Card,Pending
2818,TRP-002818,GoPay,Success
2819,TRP-002819,Cash,Success
2820,TRP-002820,GoPay,Pending
2821,TRP-002821,GoPay,Success
2822,TRP-002822,GoPay,Success
2823,TRP-002823,Cash,Success
2824,TRP-002824,Credit Card,Success
2825,TRP-002825,Credit Card,Failed
2826,TRP-002826,Cash,Pending
2827,TRP-002827,Cash,Pending
2828,TRP-002828,Cash,Pending
2829,TRP-002829,Credit Card,Success
2830,TRP-002830,GoPay,Success
2831,TRP-002831,Cash,Success
2832,TRP-002832,GoPay,Success
2833,TRP-002833,Cash,Success
2834,TRP-002834,Cash,Success
2835,TRP-002835,Cash,Success
2836,TRP-002836,Credit Card,Pending
2837,TRP-002837,GoPay,Success
2838,TRP-002838,GoPay,Success
2839,TRP-002839,Cash,Success
2840,TRP-002840,Credit Card,Failed
2841,TRP-002841,GoPay,Success
2842,TRP-002842,Cash,Success
2843,TRP-002843,Credit Card,Success
2844,TRP-002844,Credit Card,Success
2845,TRP-002845,Cash,Success
2846,TRP-002846,Credit Card,Success
2847,TRP-002847,Cash,Success
2848,TRP-002848,Credit Card,Success
2849,TRP-002849,Cash,Failed
2850,TRP-002850,Credit Card,Success
2851,TRP-002851,GoPay,Pending
2852,TRP-002852,GoPay,Success
2853,TRP-002853,Cash,Success
2854,TRP-002854,Credit Card,Failed
2855,TRP-002855,GoPay,Success
2856,TRP-002856,GoPay,Success
2857,TRP-002857,GoPay,Success
2858,TRP-002858,Credit Card,Failed
2859,TRP-002859,Cash,Success
2860,TRP-002860,GoPay,Success
2861,TRP-002861,GoPay,Success
2862,TRP-002862,Cash,Success
2863,TRP-002863,Credit Card,Success
2864,TRP-002864,Credit Card,Success
2865,TRP-002865,GoPay,Success
2866,TRP-002866,Cash,Success
2867,TRP-002867,Credit Card,Success
2868,TRP-002868,Cash,Success
2869,TRP-002869,Credit Card,Success
2870,TRP-002870,Cash,Success
2871,TRP-002871,Credit Card,Success
2872,TRP-002872,Cash,Failed
2873,TRP-002873,Cash,Pending
2874,TRP-002874,Credit Card,Success
2875,TRP-002875,Credit Card,Success
2876,TRP-002876,Credit Card,Success
2877,TRP-002877,GoPay,Success
2878,TRP-002878,Credit Card,Success
2879,TRP-002879,Cash,Success
2880,TRP-002880,Credit Card,Failed
2881,TRP-002881,GoPay,Pending
2882,TRP-002882,Credit Card,Success
2883,TRP-002883,Cash,Failed
2884,TRP-002884,Credit Card,Success
2885,TRP-002885,GoPay,Failed
2886,TRP-002886,GoPay,Pending
2887,TRP-002887,Credit Card,Failed
2888,TRP-002888,GoPay,Success
2889,TRP-002889,GoPay,Success
2890,TRP-002890,GoPay,Success
2891,TRP-002891,Cash,Success
2892,TRP-002892,Credit Card,Success
2893,TRP-002893,GoPay,Success
2894,TRP-002894,Credit Card,Success
2895,TRP-002895,Credit Card,Failed
2896,TRP-002896,Credit Card,Success
2897,TRP-002897,GoPay,Success
2898,TRP-002898,Credit Card,Success
2899,TRP-002899,GoPay,Success
2900,TRP-002900,GoPay,Success
2901,TRP-002901,GoPay,Success
2902,TRP-002902,Cash,Success
2903,TRP-002903,GoPay,Success
2904,TRP-002904,Credit Card,Success
2905,TRP-002905,Cash,Success
2906,TRP-002906,Cash,Success
2907,TRP-002907,Cash,Success
2908,TRP-002908,Cash,Success
2909,TRP-002909,GoPay,Failed
2910,TRP-002910,Credit Card,Success
2911,TRP-002911,Credit Card,Success
2912,TRP-002912,Cash,Success
2913,TRP-002913,GoPay,Pending
2914,TRP-002914,GoPay,Success
2915,TRP-002915,Credit Card,Success
2916,TRP-002916,GoPay,Success
2917,TRP-002917,Credit Card,Success
2918,TRP-002918,GoPay,Success
2919,TRP-002919,Credit Card,Success
2920,TRP-002920,Cash,Success
2921,TRP-002921,GoPay,Success
2922,TRP-002922,GoPay,Success
2923,TRP-002923,Cash,Success
2924,TRP-002924,GoPay,Success
2925,TRP-002925,GoPay,Success
2926,TRP-002926,Cash,Success
2927,TRP-002927,Credit Card,Pending
2928,TRP-002928,Credit Card,Success
2929,TRP-002929,Cash,Success
2930,TRP-002930,Cash,Success
2931,TRP-002931,GoPay,Failed
2932,TRP-002932,Cash,Success
2933,TRP-002933,GoPay,Success
2934,TRP-002934,Cash,Success
2935,TRP-002935,Credit Card,Failed
2936,TRP-002936,Cash,Success
2937,TRP-002937,Cash,Pending
2938,TRP-002938,Credit Card,Success
2939,TRP-002939,Cash,Success
2940,TRP-002940,GoPay,Success
2941,TRP-002941,Cash,Success
2942,TRP-002942,Cash,Success
2943,TRP-002943,Credit Card,Pending
2944,TRP-002944,Credit Card,Success
2945,TRP-002945,GoPay,Success
2946,TRP-002946,Cash,Pending
2947,TRP-002947,Credit Card,Success
2948,TRP-002948,GoPay,Success
2949,TRP-002949,Cash,Success
2950,TRP-002950,Credit Card,Success
2951,TRP-002951,Cash,Success
2952,TRP-002952,GoPay,Success
2953,TRP-002953,GoPay,Pending
2954,TRP-002954,Credit Card,Success
2955,TRP-002955,GoPay,Pending
2956,TRP-002956,Credit Card,Pending
2957,TRP-002957,Cash,Success
2958,TRP-002958,Cash,Success
2959,TRP-002959,GoPay,Pending
2960,TRP-002960,GoPay,Pending
2961,TRP-002961,Credit Card,Success
2962,TRP-002962,Cash,Success
2963,TRP-002963,GoPay,Success
2964,TRP-002964,Credit Card,Success
2965,TRP-002965,Credit Card,Success
2966,TRP-002966,Cash,Success
2967,TRP-002967,GoPay,Success
2968,TRP-002968,Cash,Failed
2969,TRP-002969,GoPay,Success
2970,TRP-002970,Cash,Pending
2971,TRP-002971,Credit Card,Success
2972,TRP-002972,Credit Card,Success
2973,TRP-002973,GoPay,Success
2974,TRP-002974,GoPay,Success
2975,TRP-002975,GoPay,Success
2976,TRP-002976,Credit Card,Success
2977,TRP-002977,Credit Card,Pending
2978,TRP-002978,Credit Card,Success
2979,TRP-002979,Credit Card,Success
2980,TRP-002980,Credit Card,Success
2981,TRP-002981,Cash,Success
2982,TRP-002982,Cash,Success
2983,TRP-002983,GoPay,Success
2984,TRP-002984,Cash,Success
2985,TRP-002985,Cash,Success
2986,TRP-002986,Cash,Success
2987,TRP-002987,Cash,Success
2988,TRP-002988,Cash,Pending
2989,TRP-002989,Cash,Success
2990,TRP-002990,Credit Card,Success
2991,TRP-002991,Cash,Success
2992,TRP-002992,Cash,Success
2993,TRP-002993,GoPay,Success
2994,TRP-002994,Credit Card,Success
2995,TRP-002995,GoPay,Success
2996,TRP-002996,Cash,Success
2997,TRP-002997,GoPay,Success
2998,TRP-002998,Credit Card,Success
2999,TRP-002999,Credit Card,Success
3000,TRP-003000,Cash,Success
3001,TRP-003001,GoPay,Success
3002,TRP-003002,GoPay,Success
3003,TRP-003003,Cash,Success
3004,TRP-003004,GoPay,Success
3005,TRP-003005,Credit Card,Pending
3006,TRP-003006,Cash,Success
3007,TRP-003007,GoPay,Pending
3008,TRP-003008,Credit Card,Success
3009,TRP-003009,Credit Card,Success
3010,TRP-003010,GoPay,Success
3011,TRP-003011,Credit Card,Success
3012,TRP-003012,GoPay,Success
3013,TRP-003013,GoPay,Success
3014,TRP-003014,Credit Card,Success
3015,TRP-003015,GoPay,Success
3016,TRP-003016,Cash,Success
3017,TRP-003017,Credit Card,Success
3018,TRP-003018,Credit Card,Success
3019,TRP-003019,Credit Card,Success
3020,TRP-003020,GoPay,Success
3021,TRP-003021,Cash,Success
3022,TRP-003022,GoPay,Success
3023,TRP-003023,Cash,Success
3024,TRP-003024,Cash,Success
3025,TRP-003025,Credit Card,Success
3026,TRP-003026,GoPay,Pending
3027,TRP-003027,Cash,Success
3028,TRP-003028,Credit Card,Success
3029,TRP-003029,Credit Card,Success
3030,TRP-003030,Credit Card,Success
3031,TRP-003031,Credit Card,Success
3032,TRP-003032,GoPay,Success
3033,TRP-003033,GoPay,Success
3034,TRP-003034,Cash,Success
3035,TRP-003035,Credit Card,Success
3036,TRP-003036,GoPay,Success
3037,TRP-003037,GoPay,Success
3038,TRP-003038,GoPay,Success
3039,TRP-003039,Credit Card,Success
3040,TRP-003040,Cash,Failed
3041,TRP-003041,Credit Card,Success
3042,TRP-003042,GoPay,Success
3043,TRP-003043,Credit Card,Failed
3044,TRP-003044,Cash,Success
3045,TRP-003045,Cash,Success
3046,TRP-003046,Cash,Success
3047,TRP-003047,Cash,Pending
3048,TRP-003048,Credit Card,Success
3049,TRP-003049,Cash,Success
3050,TRP-003050,Cash,Success
3051,TRP-003051,Credit Card,Success
3052,TRP-003052,Credit Card,Success
3053,TRP-003053,GoPay,Success
3054,TRP-003054,Credit Card,Success
3055,TRP-003055,Credit Card,Pending
3056,TRP-003056,GoPay,Success
3057,TRP-003057,GoPay,Success
3058,TRP-003058,GoPay,Success
3059,TRP-003059,Credit Card,Success
3060,TRP-003060,GoPay,Success
3061,TRP-003061,GoPay,Success
3062,TRP-003062,Credit Card,Success
3063,TRP-003063,Cash,Failed
3064,TRP-003064,GoPay,Success
3065,TRP-003065,Cash,Success
3066,TRP-003066,GoPay,Success
3067,TRP-003067,GoPay,Success
3068,TRP-003068,Credit Card,Failed
3069,TRP-003069,GoPay,Success
3070,TRP-003070,Cash,Success
3071,TRP-003071,Cash,Success
3072,TRP-003072,GoPay,Success
3073,TRP-003073,GoPay,Failed
3074,TRP-003074,Credit Card,Failed
3075,TRP-003075,Cash,Success
3076,TRP-003076,Cash,Success
3077,TRP-003077,GoPay,Success
3078,TRP-003078,Cash,Success
3079,TRP-003079,GoPay,Success
3080,TRP-003080,Credit Card,Success
3081,TRP-003081,Cash,Failed
3082,TRP-003082,Cash,Success
3083,TRP-003083,Cash,Success
3084,TRP-003084,Credit Card,Success
3085,TRP-003085,GoPay,Success
3086,TRP-003086,Cash,Success
3087,TRP-003087,Cash,Success
3088,TRP-003088,Credit Card,Success
3089,TRP-003089,Cash,Success
3090,TRP-003090,Cash,Success
3091,TRP-003091,Cash,Success
3092,TRP-003092,Cash,Success
3093,TRP-003093,GoPay,Success
3094,TRP-003094,Cash,Failed
3095,TRP-003095,Cash,Success
3096,TRP-003096,Cash,Success
3097,TRP-003097,Credit Card,Success
3098,TRP-003098,Credit Card,Success
3099,TRP-003099,GoPay,Success
3100,TRP-003100,Cash,Success
3101,TRP-003101,Cash,Success
3102,TRP-003102,Credit Card,Success
3103,TRP-003103,Credit Card,Success
3104,TRP-003104,Cash,Success
3105,TRP-003105,Cash,Success
3106,TRP-003106,Credit Card,Success
3107,TRP-003107,Cash,Success
3108,TRP-003108,Credit Card,Success
3109,TRP-003109,GoPay,Success
3110,TRP-003110,Cash,Success
3111,TRP-003111,GoPay,Success
3112,TRP-003112,Cash,Success
3113,TRP-003113,Credit Card,Pending
3114,TRP-003114,Cash,Success
3115,TRP-003115,Cash,Failed
3116,TRP-003116,Cash,Success
3117,TRP-003117,GoPay,Success
3118,TRP-003118,Credit Card,Success
3119,TRP-003119,Cash,Pending
3120,TRP-003120,Cash,Success
3121,TRP-003121,Credit Card,Success
3122,TRP-003122,Credit Card,Success
3123,TRP-003123,Cash,Success
3124,TRP-003124,GoPay,Success
3125,TRP-003125,Cash,Success
3126,TRP-003126,Credit Card,Success
3127,TRP-003127,Credit Card,Failed
3128,TRP-003128,GoPay,Success
3129,TRP-003129,Credit Card,Failed
3130,TRP-003130,Cash,Success
3131,TRP-003131,Cash,Success
3132,TRP-003132,GoPay,Success
3133,TRP-003133,Credit Card,Success
3134,TRP-003134,Credit Card,Success
3135,TRP-003135,GoPay,Success
3136,TRP-003136,Credit Card,Success
3137,TRP-003137,Cash,Success
3138,TRP-003138,Credit Card,Success
3139,TRP-003139,Cash,Success
3140,TRP-003140,Cash,Success
3141,TRP-003141,Cash,Success
3142,TRP-003142,GoPay,Success
3143,TRP-003143,Cash,Success
3144,TRP-003144,Credit Card,Success
3145,TRP-003145,Cash,Success
3146,TRP-003146,GoPay,Success
3147,TRP-003147,Cash,Success
3148,TRP-003148,GoPay,Success
3149,TRP-003149,Credit Card,Success
3150,TRP-003150,GoPay,Success
3151,TRP-003151,Credit Card,Success
3152,TRP-003152,Credit Card,Success
3153,TRP-003153,GoPay,Success
3154,TRP-003154,Cash,Success
3155,TRP-003155,GoPay,Success
3156,TRP-003156,Credit Card,Success
3157,TRP-003157,GoPay,Success
3158,TRP-003158,GoPay,Success
3159,TRP-003159,GoPay,Success
3160,TRP-003160,GoPay,Success
3161,TRP-003161,GoPay,Success
3162,TRP-003162,Credit Card,Success
3163,TRP-003163,Credit Card,Success
3164,TRP-003164,Credit Card,Pending
3165,TRP-003165,Credit Card,Success
3166,TRP-003166,Credit Card,Success
3167,TRP-003167,Cash,Success
3168,TRP-003168,GoPay,Failed
3169,TRP-003169,GoPay,Success
3170,TRP-003170,Credit Card,Success
3171,TRP-003171,Cash,Success
3172,TRP-003172,Credit Card,Success
3173,TRP-003173,Credit Card,Success
3174,TRP-003174,GoPay,Success
3175,TRP-003175,Credit Card,Success
3176,TRP-003176,Cash,Success
3177,TRP-003177,GoPay,Success
3178,TRP-003178,GoPay,Pending
3179,TRP-003179,Credit Card,Success
3180,TRP-003180,GoPay,Success
3181,TRP-003181,Cash,Success
3182,TRP-003182,Cash,Success
3183,TRP-003183,GoPay,Pending
3184,TRP-003184,Credit Card,Success
3185,TRP-003185,Cash,Success
3186,TRP-003186,Credit Card,Success
3187,TRP-003187,Credit Card,Success
3188,TRP-003188,GoPay,Success
3189,TRP-003189,Credit Card,Success
3190,TRP-003190,Credit Card,Failed
3191,TRP-003191,Cash,Success
3192,TRP-003192,Credit Card,Success
3193,TRP-003193,Cash,Success
3194,TRP-003194,GoPay,Failed
3195,TRP-003195,Cash,Success
3196,TRP-003196,Credit Card,Success
3197,TRP-003197,Credit Card,Success
3198,TRP-003198,GoPay,Success
3199,TRP-003199,Cash,Failed
3200,TRP-003200,GoPay,Success
3201,TRP-003201,Cash,Failed
3202,TRP-003202,Credit Card,Success
3203,TRP-003203,Credit Card,Success
3204,TRP-003204,Credit Card,Success
3205,TRP-003205,GoPay,Success
3206,TRP-003206,GoPay,Success
3207,TRP-003207,Credit Card,Success
3208,TRP-003208,GoPay,Success
3209,TRP-003209,Cash,Success
3210,TRP-003210,Cash,Success
3211,TRP-003211,Cash,Success
3212,TRP-003212,Cash,Success
3213,TRP-003213,Credit Card,Success
3214,TRP-003214,Cash,Success
3215,TRP-003215,Credit Card,Success
3216,TRP-003216,Cash,Pending
3217,TRP-003217,Cash,Pending
3218,TRP-003218,Cash,Success
3219,TRP-003219,Credit Card,Success
3220,TRP-003220,GoPay,Success
3221,TRP-003221,Credit Card,Success
3222,TRP-003222,Credit Card,Success
3223,TRP-003223,Credit Card,Pending
3224,TRP-003224,GoPay,Success
3225,TRP-003225,GoPay,Success
3226,TRP-003226,GoPay,Success
3227,TRP-003227,Cash,Pending
3228,TRP-003228,GoPay,Success
3229,TRP-003229,Credit Card,Success
3230,TRP-003230,Cash,Success
3231,TRP-003231,GoPay,Success
3232,TRP-003232,Cash,Success
3233,TRP-003233,Credit Card,Pending
3234,TRP-003234,GoPay,Success
3235,TRP-003235,Cash,Success
3236,TRP-003236,GoPay,Success
3237,TRP-003237,Cash,Success
3238,TRP-003238,Credit Card,Pending
3239,TRP-003239,GoPay,Pending
3240,TRP-003240,GoPay,Success
3241,TRP-003241,Credit Card,Success
3242,TRP-003242,GoPay,Success
3243,TRP-003243,Cash,Success
3244,TRP-003244,Credit Card,Success
3245,TRP-003245,Cash,Success
3246,TRP-003246,Cash,Success
3247,TRP-003247,GoPay,Success
3248,TRP-003248,Cash,Failed
3249,TRP-003249,Credit Card,Failed
3250,TRP-003250,GoPay,Success
3251,TRP-003251,Credit Card,Pending
3252,TRP-003252,Cash,Success
3253,TRP-003253,Credit Card,Success
3254,TRP-003254,Cash,Success
3255,TRP-003255,Credit Card,Success
3256,TRP-003256,Credit Card,Success
3257,TRP-003257,Credit Card,Success
3258,TRP-003258,Cash,Success
3259,TRP-003259,Cash,Success
3260,TRP-003260,Cash,Success
3261,TRP-003261,GoPay,Success
3262,TRP-003262,Cash,Success
3263,TRP-003263,GoPay,Success
3264,TRP-003264,GoPay,Success
3265,TRP-003265,Cash,Success
3266,TRP-003266,GoPay,Success
3267,TRP-003267,Cash,Success
3268,TRP-003268,Cash,Success
3269,TRP-003269,Cash,Success
3270,TRP-003270,Cash,Success
3271,TRP-003271,Cash,Success
3272,TRP-003272,Credit Card,Success
3273,TRP-003273,Cash,Success
3274,TRP-003274,Cash,Failed
3275,TRP-003275,Cash,Success
3276,TRP-003276,Cash,Success
3277,TRP-003277,GoPay,Pending
3278,TRP-003278,Credit Card,Success
3279,TRP-003279,Credit Card,Success
3280,TRP-003280,GoPay,Success
3281,TRP-003281,Credit Card,Success
3282,TRP-003282,Credit Card,Success
3283,TRP-003283,Credit Card,Success
3284,TRP-003284,Cash,Pending
3285,TRP-003285,Credit Card,Success
3286,TRP-003286,GoPay,Success
3287,TRP-003287,Credit Card,Success
3288,TRP-003288,GoPay,Success
3289,TRP-003289,GoPay,Success
3290,TRP-003290,Cash,Success
3291,TRP-003291,Credit Card,Success
3292,TRP-003292,Credit Card,Success
3293,TRP-003293,GoPay,Success
3294,TRP-003294,GoPay,Success
3295,TRP-003295,GoPay,Failed
3296,TRP-003296,Credit Card,Success
3297,TRP-003297,Cash,Success
3298,TRP-003298,Cash,Success
3299,TRP-003299,Cash,Success
3300,TRP-003300,GoPay,Success
3301,TRP-003301,Cash,Success
3302,TRP-003302,Credit Card,Success
3303,TRP-003303,GoPay,Success
3304,TRP-003304,GoPay,Success
3305,TRP-003305,GoPay,Success
3306,TRP-003306,Credit Card,Success
3307,TRP-003307,Credit Card,Pending
3308,TRP-003308,Credit Card,Success
3309,TRP-003309,Credit Card,Success
3310,TRP-003310,Cash,Success
3311,TRP-003311,Cash,Success
3312,TRP-003312,GoPay,Failed
3313,TRP-003313,Cash,Success
3314,TRP-003314,GoPay,Success
3315,TRP-003315,Credit Card,Success
3316,TRP-003316,Credit Card,Success
3317,TRP-003317,Credit Card,Success
3318,TRP-003318,Credit Card,Success
3319,TRP-003319,GoPay,Success
3320,TRP-003320,GoPay,Success
3321,TRP-003321,GoPay,Success
3322,TRP-003322,Cash,Success
3323,TRP-003323,Credit Card,Success
3324,TRP-003324,GoPay,Success
3325,TRP-003325,GoPay,Success
3326,TRP-003326,GoPay,Success
3327,TRP-003327,GoPay,Success
3328,TRP-003328,Cash,Failed
3329,TRP-003329,Cash,Success
3330,TRP-003330,Cash,Success
3331,TRP-003331,Credit Card,Success
3332,TRP-003332,Credit Card,Success
3333,TRP-003333,Credit Card,Success
3334,TRP-003334,GoPay,Success
3335,TRP-003335,Cash,Success
3336,TRP-003336,Credit Card,Success
3337,TRP-003337,GoPay,Success
3338,TRP-003338,Cash,Success
3339,TRP-003339,Credit Card,Success
3340,TRP-003340,Credit Card,Failed
3341,TRP-003341,GoPay,Success
3342,TRP-003342,GoPay,Success
3343,TRP-003343,Credit Card,Pending
3344,TRP-003344,Credit Card,Success
3345,TRP-003345,GoPay,Success
3346,TRP-003346,GoPay,Success
3347,TRP-003347,Cash,Success
3348,TRP-003348,Credit Card,Pending
3349,TRP-003349,GoPay,Success
3350,TRP-003350,GoPay,Success
3351,TRP-003351,GoPay,Success
3352,TRP-003352,GoPay,Success
3353,TRP-003353,Cash,Success
3354,TRP-003354,GoPay,Success
3355,TRP-003355,GoPay,Success
3356,TRP-003356,Cash,Success
3357,TRP-003357,Cash,Success
3358,TRP-003358,GoPay,Success
3359,TRP-003359,Credit Card,Success
3360,TRP-003360,Cash,Failed
3361,TRP-003361,GoPay,Success
3362,TRP-003362,GoPay,Success
3363,TRP-003363,Cash,Success
3364,TRP-003364,Credit Card,Success
3365,TRP-003365,Credit Card,Success
3366,TRP-003366,GoPay,Success
3367,TRP-003367,Cash,Pending
3368,TRP-003368,Cash,Success
3369,TRP-003369,Credit Card,Success
3370,TRP-003370,Cash,Failed
3371,TRP-003371,Credit Card,Success
3372,TRP-003372,Credit Card,Success
3373,TRP-003373,Credit Card,Success
3374,TRP-003374,Cash,Success
3375,TRP-003375,GoPay,Success
3376,TRP-003376,Cash,Success
3377,TRP-003377,GoPay,Success
3378,TRP-003378,Cash,Success
3379,TRP-003379,Cash,Pending
3380,TRP-003380,Cash,Success
3381,TRP-003381,Cash,Success
3382,TRP-003382,Cash,Success
3383,TRP-003383,Cash,Pending
3384,TRP-003384,GoPay,Success
3385,TRP-003385,Cash,Success
3386,TRP-003386,GoPay,Pending
3387,TRP-003387,Credit Card,Success
3388,TRP-003388,GoPay,Success
3389,TRP-003389,GoPay,Success
3390,TRP-003390,Credit Card,Success
3391,TRP-003391,Cash,Success
3392,TRP-003392,Cash,Success
3393,TRP-003393,Credit Card,Success
3394,TRP-003394,Cash,Success
3395,TRP-003395,Cash,Success
3396,TRP-003396,Cash,Success
3397,TRP-003397,GoPay,Success
3398,TRP-003398,Cash,Success
3399,TRP-003399,Cash,Success
3400,TRP-003400,GoPay,Success
3401,TRP-003401,Cash,Success
3402,TRP-003402,GoPay,Success
3403,TRP-003403,Credit Card,Success
3404,TRP-003404,Cash,Failed
3405,TRP-003405,Cash,Success
3406,TRP-003406,Cash,Success
3407,TRP-003407,Cash,Success
3408,TRP-003408,GoPay,Success
3409,TRP-003409,Cash,Success
3410,TRP-003410,Credit Card,Success
3411,TRP-003411,Cash,Success
3412,TRP-003412,Cash,Success
3413,TRP-003413,Cash,Success
3414,TRP-003414,Credit Card,Success
3415,TRP-003415,Cash,Success
3416,TRP-003416,Cash,Success
3417,TRP-003417,Cash,Pending
3418,TRP-003418,Cash,Success
3419,TRP-003419,Credit Card,Success
3420,TRP-003420,Cash,Failed
3421,TRP-003421,Cash,Success
3422,TRP-003422,Cash,Success
3423,TRP-003423,Credit Card,Success
3424,TRP-003424,Cash,Success
3425,TRP-003425,Cash,Success
3426,TRP-003426,Credit Card,Success
3427,TRP-003427,Cash,Failed
3428,TRP-003428,GoPay,Success
3429,TRP-003429,GoPay,Success
3430,TRP-003430,GoPay,Success
3431,TRP-003431,Credit Card,Success
3432,TRP-003432,Credit Card,Success
3433,TRP-003433,GoPay,Success
3434,TRP-003434,GoPay,Success
3435,TRP-003435,Cash,Success
3436,TRP-003436,Credit Card,Failed
3437,TRP-003437,Credit Card,Success
3438,TRP-003438,Cash,Success
3439,TRP-003439,Credit Card,Success
3440,TRP-003440,GoPay,Pending
3441,TRP-003441,GoPay,Success
3442,TRP-003442,Cash,Success
3443,TRP-003443,GoPay,Success
3444,TRP-003444,Cash,Pending
3445,TRP-003445,GoPay,Success
3446,TRP-003446,GoPay,Pending
3447,TRP-003447,Cash,Success
3448,TRP-003448,Cash,Success
3449,TRP-003449,Credit Card,Success
3450,TRP-003450,GoPay,Success
3451,TRP-003451,GoPay,Success
3452,TRP-003452,Cash,Success
3453,TRP-003453,Credit Card,Success
3454,TRP-003454,GoPay,Success
3455,TRP-003455,Credit Card,Success
3456,TRP-003456,GoPay,Success
3457,TRP-003457,Credit Card,Failed
3458,TRP-003458,Cash,Success
3459,TRP-003459,Cash,Pending
3460,TRP-003460,Cash,Success
3461,TRP-003461,Cash,Success
3462,TRP-003462,GoPay,Success
3463,TRP-003463,Credit Card,Success
3464,TRP-003464,Cash,Success
3465,TRP-003465,Cash,Success
3466,TRP-003466,GoPay,Success
3467,TRP-003467,GoPay,Success
3468,TRP-003468,Cash,Success
3469,TRP-003469,Credit Card,Success
3470,TRP-003470,Cash,Success
3471,TRP-003471,GoPay,Failed
3472,TRP-003472,Credit Card,Success
3473,TRP-003473,GoPay,Success
3474,TRP-003474,Cash,Success
3475,TRP-003475,GoPay,Success
3476,TRP-003476,GoPay,Pending
3477,TRP-003477,GoPay,Failed
3478,TRP-003478,Credit Card,Success
3479,TRP-003479,GoPay,Pending
3480,TRP-003480,GoPay,Success
3481,TRP-003481,Cash,Success
3482,TRP-003482,Credit Card,Failed
3483,TRP-003483,GoPay,Success
3484,TRP-003484,Cash,Success
3485,TRP-003485,GoPay,Success
3486,TRP-003486,Credit Card,Success
3487,TRP-003487,Credit Card,Success
3488,TRP-003488,Cash,Success
3489,TRP-003489,Cash,Success
3490,TRP-003490,GoPay,Success
3491,TRP-003491,GoPay,Failed
3492,TRP-003492,Cash,Success
3493,TRP-003493,Credit Card,Success
3494,TRP-003494,Credit Card,Success
3495,TRP-003495,Cash,Success
3496,TRP-003496,GoPay,Success
3497,TRP-003497,Credit Card,Success
3498,TRP-003498,Cash,Success
3499,TRP-003499,Credit Card,Success
3500,TRP-003500,Credit Card,Success
3501,TRP-003501,Cash,Success
3502,TRP-003502,Credit Card,Failed
3503,TRP-003503,Credit Card,Success
3504,TRP-003504,GoPay,Success
3505,TRP-003505,GoPay,Success
3506,TRP-003506,Credit Card,Success
3507,TRP-003507,Credit Card,Success
3508,TRP-003508,GoPay,Success
3509,TRP-003509,Credit Card,Success
3510,TRP-003510,GoPay,Success
3511,TRP-003511,Cash,Success
3512,TRP-003512,Credit Card,Pending
3513,TRP-003513,Credit Card,Success
3514,TRP-003514,Cash,Success
3515,TRP-003515,Cash,Success
3516,TRP-003516,Credit Card,Success
3517,TRP-003517,Credit Card,Success
3518,TRP-003518,Cash,Success
3519,TRP-003519,GoPay,Pending
3520,TRP-003520,GoPay,Failed
3521,TRP-003521,Credit Card,Pending
3522,TRP-003522,GoPay,Success
3523,TRP-003523,GoPay,Success
3524,TRP-003524,GoPay,Success
3525,TRP-003525,Credit Card,Success
3526,TRP-003526,Cash,Success
3527,TRP-003527,Cash,Success
3528,TRP-003528,Credit Card,Failed
3529,TRP-003529,Cash,Success
3530,TRP-003530,Cash,Success
3531,TRP-003531,Cash,Success
3532,TRP-003532,Credit Card,Success
3533,TRP-003533,GoPay,Success
3534,TRP-003534,Credit Card,Success
3535,TRP-003535,Cash,Success
3536,TRP-003536,Cash,Success
3537,TRP-003537,Cash,Success
3538,TRP-003538,Credit Card,Success
3539,TRP-003539,GoPay,Success
3540,TRP-003540,GoPay,Failed
3541,TRP-003541,Credit Card,Success
3542,TRP-003542,Cash,Success
3543,TRP-003543,GoPay,Success
3544,TRP-003544,Credit Card,Pending
3545,TRP-003545,Credit Card,Success
3546,TRP-003546,GoPay,Success
3547,TRP-003547,GoPay,Failed
3548,TRP-003548,GoPay,Success
3549,TRP-003549,Cash,Success
3550,TRP-003550,Cash,Success
3551,TRP-003551,Credit Card,Pending
3552,TRP-003552,Credit Card,Success
3553,TRP-003553,Credit Card,Success
3554,TRP-003554,Credit Card,Success
3555,TRP-003555,Credit Card,Success
3556,TRP-003556,Credit Card,Success
3557,TRP-003557,GoPay,Success
3558,TRP-003558,Cash,Success
3559,TRP-003559,Cash,Success
3560,TRP-003560,Cash,Success
3561,TRP-003561,Cash,Failed
3562,TRP-003562,GoPay,Success
3563,TRP-003563,GoPay,Success
3564,TRP-003564,Credit Card,Success
3565,TRP-003565,Cash,Success
3566,TRP-003566,Credit Card,Success
3567,TRP-003567,Credit Card,Success
3568,TRP-003568,Credit Card,Failed
3569,TRP-003569,Cash,Success
3570,TRP-003570,Cash,Failed
3571,TRP-003571,Cash,Success
3572,TRP-003572,GoPay,Success
3573,TRP-003573,Cash,Failed
3574,TRP-003574,Cash,Success
3575,TRP-003575,Credit Card,Success
3576,TRP-003576,Cash,Success
3577,TRP-003577,Cash,Success
3578,TRP-003578,GoPay,Success
3579,TRP-003579,Credit Card,Pending
3580,TRP-003580,GoPay,Success
3581,TRP-003581,GoPay,Success
3582,TRP-003582,GoPay,Success
3583,TRP-003583,GoPay,Success
3584,TRP-003584,Credit Card,Success
3585,TRP-003585,Credit Card,Success
3586,TRP-003586,GoPay,Success
3587,TRP-003587,Credit Card,Success
3588,TRP-003588,Credit Card,Success
3589,TRP-003589,Credit Card,Success
3590,TRP-003590,GoPay,Success
3591,TRP-003591,GoPay,Success
3592,TRP-003592,Credit Card,Success
3593,TRP-003593,Credit Card,Success
3594,TRP-003594,GoPay,Success
3595,TRP-003595,Credit Card,Success
3596,TRP-003596,GoPay,Pending
3597,TRP-003597,GoPay,Success
3598,TRP-003598,Cash,Success
3599,TRP-003599,Credit Card,Success
3600,TRP-003600,Credit Card,Success
3601,TRP-003601,GoPay,Success
3602,TRP-003602,Credit Card,Success
3603,TRP-003603,GoPay,Success
3604,TRP-003604,Credit Card,Success
3605,TRP-003605,Cash,Success
3606,TRP-003606,Credit Card,Success
3607,TRP-003607,Cash,Success
3608,TRP-003608,Cash,Success
3609,TRP-003609,GoPay,Success
3610,TRP-003610,Credit Card,Success
3611,TRP-003611,Credit Card,Success
3612,TRP-003612,Cash,Success
3613,TRP-003613,Credit Card,Success
3614,TRP-003614,Cash,Success
3615,TRP-003615,Credit Card,Success
3616,TRP-003616,Credit Card,Failed
3617,TRP-003617,Credit Card,Success
3618,TRP-003618,GoPay,Success
3619,TRP-003619,GoPay,Success
3620,TRP-003620,Credit Card,Success
3621,TRP-003621,Credit Card,Success
3622,TRP-003622,GoPay,Success
3623,TRP-003623,GoPay,Success
3624,TRP-003624,Credit Card,Success
3625,TRP-003625,Credit Card,Success
3626,TRP-003626,Cash,Success
3627,TRP-003627,Credit Card,Success
3628,TRP-003628,Credit Card,Success
3629,TRP-003629,GoPay,Success
3630,TRP-003630,GoPay,Success
3631,TRP-003631,Cash,Success
3632,TRP-003632,GoPay,Success
3633,TRP-003633,Cash,Failed
3634,TRP-003634,Credit Card,Success
3635,TRP-003635,Cash,Success
3636,TRP-003636,Credit Card,Pending
3637,TRP-003637,Credit Card,Failed
3638,TRP-003638,Cash,Pending
3639,TRP-003639,Credit Card,Success
3640,TRP-003640,GoPay,Success
3641,TRP-003641,GoPay,Success
3642,TRP-003642,Cash,Success
3643,TRP-003643,Cash,Success
3644,TRP-003644,GoPay,Success
3645,TRP-003645,Cash,Success
3646,TRP-003646,GoPay,Pending
3647,TRP-003647,GoPay,Success
3648,TRP-003648,Cash,Success
3649,TRP-003649,Credit Card,Success
3650,TRP-003650,Credit Card,Success
3651,TRP-003651,GoPay,Success
3652,TRP-003652,Credit Card,Success
3653,TRP-003653,Cash,Failed
3654,TRP-003654,GoPay,Success
3655,TRP-003655,Cash,Success
3656,TRP-003656,Credit Card,Success
3657,TRP-003657,Cash,Success
3658,TRP-003658,Credit Card,Success
3659,TRP-003659,GoPay,Success
3660,TRP-003660,Credit Card,Success
3661,TRP-003661,GoPay,Failed
3662,TRP-003662,Credit Card,Success
3663,TRP-003663,Credit Card,Success
3664,TRP-003664,Cash,Success
3665,TRP-003665,GoPay,Success
3666,TRP-003666,Credit Card,Success
3667,TRP-003667,GoPay,Success
3668,TRP-003668,GoPay,Failed
3669,TRP-003669,Cash,Success
3670,TRP-003670,Cash,Success
3671,TRP-003671,Cash,Success
3672,TRP-003672,GoPay,Success
3673,TRP-003673,Credit Card,Success
3674,TRP-003674,GoPay,Success
3675,TRP-003675,GoPay,Success
3676,TRP-003676,GoPay,Success
3677,TRP-003677,Credit Card,Pending
3678,TRP-003678,Cash,Failed
3679,TRP-003679,GoPay,Success
3680,TRP-003680,Cash,Success
3681,TRP-003681,GoPay,Failed
3682,TRP-003682,Credit Card,Success
3683,TRP-003683,Credit Card,Success
3684,TRP-003684,Cash,Success
3685,TRP-003685,Credit Card,Failed
3686,TRP-003686,GoPay,Success
3687,TRP-003687,Credit Card,Success
3688,TRP-003688,Cash,Success
3689,TRP-003689,Cash,Pending
3690,TRP-003690,GoPay,Success
3691,TRP-003691,Credit Card,Success
3692,TRP-003692,Credit Card,Failed
3693,TRP-003693,Credit Card,Pending
3694,TRP-003694,Credit Card,Success
3695,TRP-003695,GoPay,Success
3696,TRP-003696,Cash,Success
3697,TRP-003697,Credit Card,Failed
3698,TRP-003698,Credit Card,Success
3699,TRP-003699,Credit Card,Success
3700,TRP-003700,GoPay,Success
3701,TRP-003701,GoPay,Failed
3702,TRP-003702,Credit Card,Success
3703,TRP-003703,Cash,Success
3704,TRP-003704,GoPay,Success
3705,TRP-003705,Credit Card,Success
3706,TRP-003706,Credit Card,Success
3707,TRP-003707,GoPay,Success
3708,TRP-003708,Cash,Success
3709,TRP-003709,Credit Card,Success
3710,TRP-003710,GoPay,Success
3711,TRP-003711,GoPay,Success
3712,TRP-003712,Cash,Success
3713,TRP-003713,Credit Card,Success
3714,TRP-003714,Cash,Success
3715,TRP-003715,GoPay,Success
3716,TRP-003716,Cash,Success
3717,TRP-003717,GoPay,Success
3718,TRP-003718,Cash,Pending
3719,TRP-003719,Cash,Success
3720,TRP-003720,Credit Card,Success
3721,TRP-003721,Credit Card,Success
3722,TRP-003722,Credit Card,Success
3723,TRP-003723,Credit Card,Success
3724,TRP-003724,GoPay,Success
3725,TRP-003725,Cash,Success
3726,TRP-003726,GoPay,Success
3727,TRP-003727,Credit Card,Success
3728,TRP-003728,Cash,Success
3729,TRP-003729,Credit Card,Failed
3730,TRP-003730,Cash,Success
3731,TRP-003731,GoPay,Success
3732,TRP-003732,GoPay,Success
3733,TRP-003733,Cash,Success
3734,TRP-003734,GoPay,Success
3735,TRP-003735,Credit Card,Success
3736,TRP-003736,Credit Card,Success
3737,TRP-003737,Cash,Success
3738,TRP-003738,GoPay,Success
3739,TRP-003739,GoPay,Success
3740,TRP-003740,GoPay,Pending
3741,TRP-003741,Cash,Success
3742,TRP-003742,Cash,Pending
3743,TRP-003743,GoPay,Success
3744,TRP-003744,GoPay,Success
3745,TRP-003745,Credit Card,Pending
3746,TRP-003746,Cash,Success
3747,TRP-003747,Credit Card,Success
3748,TRP-003748,GoPay,Success
3749,TRP-003749,GoPay,Pending
3750,TRP-003750,Cash,Success
3751,TRP-003751,Credit Card,Success
3752,TRP-003752,Credit Card,Success
3753,TRP-003753,Credit Card,Failed
3754,TRP-003754,Credit Card,Success
3755,TRP-003755,GoPay,Success
3756,TRP-003756,GoPay,Failed
3757,TRP-003757,Cash,Failed
3758,TRP-003758,GoPay,Failed
3759,TRP-003759,Credit Card,Success
3760,TRP-003760,GoPay,Success
3761,TRP-003761,GoPay,Success
3762,TRP-003762,GoPay,Success
3763,TRP-003763,Credit Card,Success
3764,TRP-003764,GoPay,Success
3765,TRP-003765,Credit Card,Success
3766,TRP-003766,Credit Card,Success
3767,TRP-003767,Cash,Success
3768,TRP-003768,GoPay,Success
3769,TRP-003769,Cash,Success
3770,TRP-003770,Credit Card,Success
3771,TRP-003771,Cash,Failed
3772,TRP-003772,Credit Card,Success
3773,TRP-003773,Credit Card,Success
3774,TRP-003774,Cash,Success
3775,TRP-003775,GoPay,Success
3776,TRP-003776,GoPay,Success
3777,TRP-003777,Credit Card,Success
3778,TRP-003778,Cash,Success
3779,TRP-003779,GoPay,Success
3780,TRP-003780,Credit Card,Success
3781,TRP-003781,Credit Card,Success
3782,TRP-003782,Cash,Success
3783,TRP-003783,GoPay,Success
3784,TRP-003784,Credit Card,Success
3785,TRP-003785,GoPay,Success
3786,TRP-003786,Credit Card,Success
3787,TRP-003787,Credit Card,Success
3788,TRP-003788,Credit Card,Pending
3789,TRP-003789,Credit Card,Success
3790,TRP-003790,GoPay,Success
3791,TRP-003791,Cash,Success
3792,TRP-003792,Credit Card,Success
3793,TRP-003793,GoPay,Pending
3794,TRP-003794,Credit Card,Success
3795,TRP-003795,Credit Card,Success
3796,TRP-003796,GoPay,Success
3797,TRP-003797,Credit Card,Success
3798,TRP-003798,Credit Card,Success
3799,TRP-003799,GoPay,Success
3800,TRP-003800,GoPay,Success
3801,TRP-003801,Credit Card,Success
3802,TRP-003802,GoPay,Success
3803,TRP-003803,GoPay,Success
3804,TRP-003804,GoPay,Success
3805,TRP-003805,GoPay,Success
3806,TRP-003806,Cash,Success
3807,TRP-003807,Cash,Success
3808,TRP-003808,GoPay,Success
3809,TRP-003809,Cash,Success
3810,TRP-003810,GoPay,Success
3811,TRP-003811,GoPay,Success
3812,TRP-003812,Cash,Success
3813,TRP-003813,Cash,Success
3814,TRP-003814,GoPay,Success
3815,TRP-003815,GoPay,Pending
3816,TRP-003816,GoPay,Failed
3817,TRP-003817,Cash,Success
3818,TRP-003818,Credit Card,Success
3819,TRP-003819,Credit Card,Failed
3820,TRP-003820,Credit Card,Success
3821,TRP-003821,GoPay,Success
3822,TRP-003822,Credit Card,Success
3823,TRP-003823,Cash,Pending
3824,TRP-003824,Cash,Success
3825,TRP-003825,Cash,Success
3826,TRP-003826,Credit Card,Success
3827,TRP-003827,Credit Card,Success
3828,TRP-003828,Credit Card,Success
3829,TRP-003829,Cash,Success
3830,TRP-003830,Cash,Success
3831,TRP-003831,Cash,Success
3832,TRP-003832,Cash,Success
3833,TRP-003833,Cash,Success
3834,TRP-003834,GoPay,Pending
3835,TRP-003835,Cash,Success
3836,TRP-003836,GoPay,Success
3837,TRP-003837,Credit Card,Success
3838,TRP-003838,Credit Card,Failed
3839,TRP-003839,Credit Card,Failed
3840,TRP-003840,GoPay,Success
3841,TRP-003841,GoPay,Success
3842,TRP-003842,Credit Card,Success
3843,TRP-003843,GoPay,Success
3844,TRP-003844,Cash,Pending
3845,TRP-003845,GoPay,Success
3846,TRP-003846,GoPay,Success
3847,TRP-003847,GoPay,Success
3848,TRP-003848,Cash,Success
3849,TRP-003849,Credit Card,Success
3850,TRP-003850,Cash,Success
3851,TRP-003851,Cash,Success
3852,TRP-003852,Cash,Success
3853,TRP-003853,GoPay,Success
3854,TRP-003854,Cash,Success
3855,TRP-003855,Cash,Success
3856,TRP-003856,Credit Card,Success
3857,TRP-003857,GoPay,Success
3858,TRP-003858,Credit Card,Failed
3859,TRP-003859,Credit Card,Success
3860,TRP-003860,Cash,Success
3861,TRP-003861,Credit Card,Pending
3862,TRP-003862,GoPay,Success
3863,TRP-003863,GoPay,Pending
3864,TRP-003864,Credit Card,Success
3865,TRP-003865,Credit Card,Success
3866,TRP-003866,Credit Card,Failed
3867,TRP-003867,Credit Card,Success
3868,TRP-003868,GoPay,Success
3869,TRP-003869,GoPay,Success
3870,TRP-003870,Cash,Failed
3871,TRP-003871,Credit Card,Success
3872,TRP-003872,Credit Card,Success
3873,TRP-003873,GoPay,Success
3874,TRP-003874,GoPay,Success
3875,TRP-003875,GoPay,Success
3876,TRP-003876,Credit Card,Success
3877,TRP-003877,GoPay,Success
3878,TRP-003878,Credit Card,Pending
3879,TRP-003879,GoPay,Success
3880,TRP-003880,GoPay,Success
3881,TRP-003881,GoPay,Success
3882,TRP-003882,Credit Card,Success
3883,TRP-003883,GoPay,Pending
3884,TRP-003884,Credit Card,Success
3885,TRP-003885,Credit Card,Success
3886,TRP-003886,GoPay,Success
3887,TRP-003887,Credit Card,Success
3888,TRP-003888,Cash,Success
3889,TRP-003889,GoPay,Success
3890,TRP-003890,Credit Card,Success
3891,TRP-003891,Credit Card,Success
3892,TRP-003892,Credit Card,Failed
3893,TRP-003893,Credit Card,Success
3894,TRP-003894,GoPay,Success
3895,TRP-003895,Cash,Success
3896,TRP-003896,Credit Card,Success
3897,TRP-003897,Credit Card,Success
3898,TRP-003898,Cash,Success
3899,TRP-003899,GoPay,Success
3900,TRP-003900,GoPay,Success
3901,TRP-003901,Credit Card,Success
3902,TRP-003902,Credit Card,Success
3903,TRP-003903,GoPay,Success
3904,TRP-003904,GoPay,Success
3905,TRP-003905,Cash,Success
3906,TRP-003906,GoPay,Success
3907,TRP-003907,GoPay,Pending
3908,TRP-003908,Cash,Success
3909,TRP-003909,GoPay,Success
3910,TRP-003910,Credit Card,Failed
3911,TRP-003911,GoPay,Success
3912,TRP-003912,GoPay,Success
3913,TRP-003913,Cash,Success
3914,TRP-003914,Cash,Success
3915,TRP-003915,Cash,Pending
3916,TRP-003916,Credit Card,Success
3917,TRP-003917,Credit Card,Success
3918,TRP-003918,Credit Card,Success
3919,TRP-003919,GoPay,Success
3920,TRP-003920,Credit Card,Pending
3921,TRP-003921,Credit Card,Success
3922,TRP-003922,Credit Card,Success
3923,TRP-003923,Credit Card,Success
3924,TRP-003924,GoPay,Success
3925,TRP-003925,GoPay,Success
3926,TRP-003926,Credit Card,Failed
3927,TRP-003927,Credit Card,Success
3928,TRP-003928,Credit Card,Success
3929,TRP-003929,Credit Card,Success
3930,TRP-003930,GoPay,Success
3931,TRP-003931,Cash,Success
3932,TRP-003932,GoPay,Pending
3933,TRP-003933,GoPay,Success
3934,TRP-003934,GoPay,Success
3935,TRP-003935,GoPay,Failed
3936,TRP-003936,GoPay,Failed
3937,TRP-003937,GoPay,Success
3938,TRP-003938,Cash,Success
3939,TRP-003939,GoPay,Success
3940,TRP-003940,Credit Card,Success
3941,TRP-003941,Credit Card,Success
3942,TRP-003942,Cash,Success
3943,TRP-003943,Credit Card,Success
3944,TRP-003944,GoPay,Success
3945,TRP-003945,Cash,Pending
3946,TRP-003946,Credit Card,Success
3947,TRP-003947,GoPay,Failed
3948,TRP-003948,Credit Card,Success
3949,TRP-003949,GoPay,Success
3950,TRP-003950,Cash,Success
3951,TRP-003951,GoPay,Success
3952,TRP-003952,GoPay,Success
3953,TRP-003953,Credit Card,Pending
3954,TRP-003954,Credit Card,Success
3955,TRP-003955,Cash,Success
3956,TRP-003956,Credit Card,Success
3957,TRP-003957,GoPay,Success
3958,TRP-003958,Credit Card,Failed
3959,TRP-003959,GoPay,Success
3960,TRP-003960,Credit Card,Success
3961,TRP-003961,GoPay,Success
3962,TRP-003962,Credit Card,Failed
3963,TRP-003963,Credit Card,Success
3964,TRP-003964,Credit Card,Success
3965,TRP-003965,Credit Card,Success
3966,TRP-003966,Credit Card,Pending
3967,TRP-003967,GoPay,Success
3968,TRP-003968,Credit Card,Pending
3969,TRP-003969,Credit Card,Success
3970,TRP-003970,GoPay,Success
3971,TRP-003971,Cash,Pending
3972,TRP-003972,GoPay,Success
3973,TRP-003973,Credit Card,Success
3974,TRP-003974,Cash,Success
3975,TRP-003975,GoPay,Success
3976,TRP-003976,Cash,Failed
3977,TRP-003977,GoPay,Success
3978,TRP-003978,Credit Card,Success
3979,TRP-003979,GoPay,Success
3980,TRP-003980,Credit Card,Success
3981,TRP-003981,Cash,Failed
3982,TRP-003982,Cash,Pending
3983,TRP-003983,GoPay,Success
3984,TRP-003984,GoPay,Success
3985,TRP-003985,GoPay,Success
3986,TRP-003986,Credit Card,Success
3987,TRP-003987,GoPay,Success
3988,TRP-003988,Credit Card,Pending
3989,TRP-003989,Cash,Success
3990,TRP-003990,Cash,Success
3991,TRP-003991,Credit Card,Failed
3992,TRP-003992,Credit Card,Success
3993,TRP-003993,Cash,Success
3994,TRP-003994,Credit Card,Success
3995,TRP-003995,Cash,Failed
3996,TRP-003996,GoPay,Success
3997,TRP-003997,Credit Card,Success
3998,TRP-003998,Cash,Success
3999,TRP-003999,Cash,Pending
4000,TRP-004000,Cash,Success
4001,TRP-004001,Credit Card,Success
4002,TRP-004002,GoPay,Success
4003,TRP-004003,GoPay,Success
4004,TRP-004004,GoPay,Success
4005,TRP-004005,Credit Card,Success
4006,TRP-004006,Cash,Success
4007,TRP-004007,GoPay,Success
4008,TRP-004008,Cash,Success
4009,TRP-004009,Cash,Success
4010,TRP-004010,Credit Card,Success
4011,TRP-004011,GoPay,Success
4012,TRP-004012,Credit Card,Success
4013,TRP-004013,Credit Card,Success
4014,TRP-004014,Cash,Success
4015,TRP-004015,GoPay,Success
4016,TRP-004016,Credit Card,Success
4017,TRP-004017,Credit Card,Success
4018,TRP-004018,GoPay,Success
4019,TRP-004019,GoPay,Success
4020,TRP-004020,Cash,Success
4021,TRP-004021,Credit Card,Success
4022,TRP-004022,Cash,Success
4023,TRP-004023,Cash,Success
4024,TRP-004024,Cash,Success
4025,TRP-004025,Credit Card,Success
4026,TRP-004026,Credit Card,Failed
4027,TRP-004027,GoPay,Success
4028,TRP-004028,GoPay,Pending
4029,TRP-004029,GoPay,Success
4030,TRP-004030,GoPay,Success
4031,TRP-004031,Cash,Success
4032,TRP-004032,Credit Card,Success
4033,TRP-004033,Cash,Success
4034,TRP-004034,Credit Card,Success
4035,TRP-004035,GoPay,Success
4036,TRP-004036,Credit Card,Success
4037,TRP-004037,GoPay,Success
4038,TRP-004038,Cash,Success
4039,TRP-004039,Credit Card,Pending
4040,TRP-004040,GoPay,Success
4041,TRP-004041,GoPay,Success
4042,TRP-004042,Credit Card,Success
4043,TRP-004043,Credit Card,Success
4044,TRP-004044,Credit Card,Success
4045,TRP-004045,Cash,Success
4046,TRP-004046,Cash,Success
4047,TRP-004047,Cash,Pending
4048,TRP-004048,Cash,Success
4049,TRP-004049,GoPay,Success
4050,TRP-004050,Credit Card,Failed
4051,TRP-004051,Credit Card,Success
4052,TRP-004052,Cash,Failed
4053,TRP-004053,Cash,Failed
4054,TRP-004054,Cash,Success
4055,TRP-004055,Cash,Success
4056,TRP-004056,Credit Card,Success
4057,TRP-004057,Cash,Failed
4058,TRP-004058,Credit Card,Success
4059,TRP-004059,GoPay,Success
4060,TRP-004060,Cash,Success
4061,TRP-004061,Credit Card,Pending
4062,TRP-004062,Credit Card,Success
4063,TRP-004063,GoPay,Success
4064,TRP-004064,Cash,Success
4065,TRP-004065,GoPay,Pending
4066,TRP-004066,Cash,Success
4067,TRP-004067,GoPay,Pending
4068,TRP-004068,Cash,Failed
4069,TRP-004069,GoPay,Success
4070,TRP-004070,GoPay,Pending
4071,TRP-004071,Cash,Success
4072,TRP-004072,Cash,Success
4073,TRP-004073,Cash,Success
4074,TRP-004074,Credit Card,Success
4075,TRP-004075,Cash,Success
4076,TRP-004076,Cash,Success
4077,TRP-004077,Cash,Success
4078,TRP-004078,Credit Card,Success
4079,TRP-004079,Credit Card,Success
4080,TRP-004080,Credit Card,Failed
4081,TRP-004081,GoPay,Success
4082,TRP-004082,Cash,Pending
4083,TRP-004083,Cash,Success
4084,TRP-004084,Cash,Success
4085,TRP-004085,GoPay,Success
4086,TRP-004086,Cash,Success
4087,TRP-004087,Credit Card,Success
4088,TRP-004088,Credit Card,Success
4089,TRP-004089,Cash,Success
4090,TRP-004090,GoPay,Success
4091,TRP-004091,GoPay,Success
4092,TRP-004092,Credit Card,Success
4093,TRP-004093,GoPay,Success
4094,TRP-004094,Cash,Success
4095,TRP-004095,Cash,Success
4096,TRP-004096,Credit Card,Success
4097,TRP-004097,Cash,Success
4098,TRP-004098,Credit Card,Success
4099,TRP-004099,GoPay,Success
4100,TRP-004100,Cash,Success
4101,TRP-004101,GoPay,Success
4102,TRP-004102,Credit Card,Success
4103,TRP-004103,Credit Card,Success
4104,TRP-004104,GoPay,Success
4105,TRP-004105,GoPay,Failed
4106,TRP-004106,Cash,Pending
4107,TRP-004107,Credit Card,Success
4108,TRP-004108,GoPay,Success
4109,TRP-004109,Credit Card,Success
4110,TRP-004110,GoPay,Success
4111,TRP-004111,Cash,Success
4112,TRP-004112,Cash,Success
4113,TRP-004113,GoPay,Success
4114,TRP-004114,GoPay,Success
4115,TRP-004115,GoPay,Success
4116,TRP-004116,Cash,Success
4117,TRP-004117,Credit Card,Success
4118,TRP-004118,Cash,Success
4119,TRP-004119,Cash,Success
4120,TRP-004120,Credit Card,Success
4121,TRP-004121,Cash,Success
4122,TRP-004122,Cash,Success
4123,TRP-004123,GoPay,Success
4124,TRP-004124,Cash,Success
4125,TRP-004125,GoPay,Success
4126,TRP-004126,GoPay,Success
4127,TRP-004127,Cash,Success
4128,TRP-004128,Credit Card,Success
4129,TRP-004129,Cash,Success
4130,TRP-004130,Cash,Success
4131,TRP-004131,Cash,Success
4132,TRP-004132,GoPay,Success
4133,TRP-004133,Credit Card,Success
4134,TRP-004134,GoPay,Success
4135,TRP-004135,Credit Card,Pending
4136,TRP-004136,Credit Card,Success
4137,TRP-004137,GoPay,Success
4138,TRP-004138,Credit Card,Success
4139,TRP-004139,Cash,Success
4140,TRP-004140,Credit Card,Success
4141,TRP-004141,Cash,Success
4142,TRP-004142,GoPay,Success
4143,TRP-004143,Cash,Success
4144,TRP-004144,Credit Card,Success
4145,TRP-004145,Credit Card,Success
4146,TRP-004146,Cash,Success
4147,TRP-004147,GoPay,Success
4148,TRP-004148,Cash,Success
4149,TRP-004149,GoPay,Success
4150,TRP-004150,Credit Card,Success
4151,TRP-004151,GoPay,Success
4152,TRP-004152,GoPay,Success
4153,TRP-004153,Credit Card,Pending
4154,TRP-004154,Credit Card,Failed
4155,TRP-004155,Credit Card,Success
4156,TRP-004156,Credit Card,Failed
4157,TRP-004157,GoPay,Success
4158,TRP-004158,GoPay,Success
4159,TRP-004159,Credit Card,Success
4160,TRP-004160,Credit Card,Success
4161,TRP-004161,GoPay,Success
4162,TRP-004162,Credit Card,Success
4163,TRP-004163,Credit Card,Success
4164,TRP-004164,GoPay,Success
4165,TRP-004165,Credit Card,Success
4166,TRP-004166,Credit Card,Success
4167,TRP-004167,GoPay,Pending
4168,TRP-004168,Cash,Pending
4169,TRP-004169,Credit Card,Success
4170,TRP-004170,Credit Card,Success
4171,TRP-004171,Cash,Success
4172,TRP-004172,Cash,Success
4173,TRP-004173,Cash,Success
4174,TRP-004174,Cash,Success
4175,TRP-004175,Cash,Failed
4176,TRP-004176,Credit Card,Success
4177,TRP-004177,GoPay,Pending
4178,TRP-004178,Credit Card,Pending
4179,TRP-004179,Credit Card,Success
4180,TRP-004180,Credit Card,Success
4181,TRP-004181,Credit Card,Success
4182,TRP-004182,GoPay,Success
4183,TRP-004183,GoPay,Success
4184,TRP-004184,Credit Card,Success
4185,TRP-004185,Credit Card,Success
4186,TRP-004186,Cash,Success
4187,TRP-004187,GoPay,Success
4188,TRP-004188,Cash,Success
4189,TRP-004189,GoPay,Success
4190,TRP-004190,Credit Card,Success
4191,TRP-004191,Credit Card,Failed
4192,TRP-004192,GoPay,Success
4193,TRP-004193,GoPay,Failed
4194,TRP-004194,Credit Card,Success
4195,TRP-004195,GoPay,Pending
4196,TRP-004196,GoPay,Success
4197,TRP-004197,Cash,Success
4198,TRP-004198,GoPay,Success
4199,TRP-004199,Credit Card,Success
4200,TRP-004200,Credit Card,Success
4201,TRP-004201,Cash,Success
4202,TRP-004202,Cash,Success
4203,TRP-004203,GoPay,Success
4204,TRP-004204,Credit Card,Success
4205,TRP-004205,Credit Card,Success
4206,TRP-004206,Cash,Success
4207,TRP-004207,Credit Card,Success
4208,TRP-004208,Cash,Success
4209,TRP-004209,GoPay,Success
4210,TRP-004210,GoPay,Success
4211,TRP-004211,GoPay,Success
4212,TRP-004212,Cash,Success
4213,TRP-004213,GoPay,Failed
4214,TRP-004214,Cash,Failed
4215,TRP-004215,GoPay,Success
4216,TRP-004216,GoPay,Success
4217,TRP-004217,GoPay,Success
4218,TRP-004218,Credit Card,Success
4219,TRP-004219,Credit Card,Pending
4220,TRP-004220,Cash,Success
4221,TRP-004221,Cash,Success
4222,TRP-004222,GoPay,Pending
4223,TRP-004223,GoPay,Success
4224,TRP-004224,Credit Card,Success
4225,TRP-004225,GoPay,Success
4226,TRP-004226,Credit Card,Success
4227,TRP-004227,Credit Card,Success
4228,TRP-004228,GoPay,Success
4229,TRP-004229,Cash,Success
4230,TRP-004230,Credit Card,Success
4231,TRP-004231,Cash,Success
4232,TRP-004232,Credit Card,Success
4233,TRP-004233,Credit Card,Success
4234,TRP-004234,GoPay,Pending
4235,TRP-004235,Credit Card,Failed
4236,TRP-004236,Cash,Pending
4237,TRP-004237,Credit Card,Success
4238,TRP-004238,Credit Card,Pending
4239,TRP-004239,GoPay,Pending
4240,TRP-004240,Cash,Success
4241,TRP-004241,GoPay,Pending
4242,TRP-004242,GoPay,Success
4243,TRP-004243,GoPay,Pending
4244,TRP-004244,GoPay,Success
4245,TRP-004245,Cash,Success
4246,TRP-004246,Cash,Success
4247,TRP-004247,Credit Card,Success
4248,TRP-004248,Cash,Success
4249,TRP-004249,Credit Card,Success
4250,TRP-004250,Credit Card,Success
4251,TRP-004251,GoPay,Pending
4252,TRP-004252,Cash,Pending
4253,TRP-004253,Credit Card,Success
4254,TRP-004254,GoPay,Success
4255,TRP-004255,Credit Card,Success
4256,TRP-004256,Credit Card,Success
4257,TRP-004257,Credit Card,Success
4258,TRP-004258,Credit Card,Failed
4259,TRP-004259,Cash,Failed
4260,TRP-004260,Cash,Success
4261,TRP-004261,Cash,Success
4262,TRP-004262,GoPay,Success
4263,TRP-004263,Credit Card,Success
4264,TRP-004264,Cash,Success
4265,TRP-004265,Credit Card,Failed
4266,TRP-004266,Cash,Success
4267,TRP-004267,Cash,Success
4268,TRP-004268,GoPay,Failed
4269,TRP-004269,Cash,Success
4270,TRP-004270,Credit Card,Success
4271,TRP-004271,Cash,Success
4272,TRP-004272,GoPay,Success
4273,TRP-004273,Cash,Success
4274,TRP-004274,Cash,Success
4275,TRP-004275,GoPay,Success
4276,TRP-004276,Credit Card,Success
4277,TRP-004277,Credit Card,Success
4278,TRP-004278,Credit Card,Success
4279,TRP-004279,Credit Card,Success
4280,TRP-004280,Credit Card,Success
4281,TRP-004281,Cash,Success
4282,TRP-004282,Credit Card,Success
4283,TRP-004283,Credit Card,Pending
4284,TRP-004284,GoPay,Success
4285,TRP-004285,GoPay,Success
4286,TRP-004286,Credit Card,Success
4287,TRP-004287,GoPay,Success
4288,TRP-004288,Cash,Pending
4289,TRP-004289,Cash,Pending
4290,TRP-004290,Credit Card,Success
4291,TRP-004291,GoPay,Success
4292,TRP-004292,Credit Card,Success
4293,TRP-004293,Cash,Success
4294,TRP-004294,Cash,Success
4295,TRP-004295,Cash,Success
4296,TRP-004296,Cash,Success
4297,TRP-004297,Cash,Success
4298,TRP-004298,Credit Card,Success
4299,TRP-004299,Credit Card,Failed
4300,TRP-004300,Credit Card,Success
4301,TRP-004301,GoPay,Success
4302,TRP-004302,GoPay,Success
4303,TRP-004303,Cash,Success
4304,TRP-004304,Cash,Success
4305,TRP-004305,GoPay,Success
4306,TRP-004306,GoPay,Success
4307,TRP-004307,Cash,Success
4308,TRP-004308,GoPay,Success
4309,TRP-004309,Credit Card,Success
4310,TRP-004310,GoPay,Success
4311,TRP-004311,Credit Card,Success
4312,TRP-004312,GoPay,Success
4313,TRP-004313,Credit Card,Success
4314,TRP-004314,Credit Card,Success
4315,TRP-004315,GoPay,Success
4316,TRP-004316,Credit Card,Success
4317,TRP-004317,Cash,Success
4318,TRP-004318,Credit Card,Failed
4319,TRP-004319,Cash,Success
4320,TRP-004320,Cash,Pending
4321,TRP-004321,Credit Card,Success
4322,TRP-004322,Credit Card,Success
4323,TRP-004323,Credit Card,Success
4324,TRP-004324,Cash,Success
4325,TRP-004325,Cash,Success
4326,TRP-004326,Credit Card,Success
4327,TRP-004327,GoPay,Success
4328,TRP-004328,Cash,Success
4329,TRP-004329,GoPay,Pending
4330,TRP-004330,Credit Card,Success
4331,TRP-004331,GoPay,Success
4332,TRP-004332,Cash,Success
4333,TRP-004333,Credit Card,Success
4334,TRP-004334,Cash,Success
4335,TRP-004335,Cash,Success
4336,TRP-004336,GoPay,Success
4337,TRP-004337,Credit Card,Failed
4338,TRP-004338,Credit Card,Success
4339,TRP-004339,GoPay,Success
4340,TRP-004340,GoPay,Success
4341,TRP-004341,GoPay,Success
4342,TRP-004342,Cash,Success
4343,TRP-004343,Cash,Success
4344,TRP-004344,Credit Card,Success
4345,TRP-004345,GoPay,Success
4346,TRP-004346,Credit Card,Success
4347,TRP-004347,Cash,Failed
4348,TRP-004348,Credit Card,Success
4349,TRP-004349,Credit Card,Success
4350,TRP-004350,GoPay,Success
4351,TRP-004351,Credit Card,Success
4352,TRP-004352,Credit Card,Success
4353,TRP-004353,GoPay,Success
4354,TRP-004354,GoPay,Success
4355,TRP-004355,Credit Card,Success
4356,TRP-004356,Credit Card,Success
4357,TRP-004357,Credit Card,Success
4358,TRP-004358,GoPay,Success
4359,TRP-004359,GoPay,Success
4360,TRP-004360,Cash,Success
4361,TRP-004361,Credit Card,Success
4362,TRP-004362,Cash,Success
4363,TRP-004363,Credit Card,Success
4364,TRP-004364,Cash,Success
4365,TRP-004365,GoPay,Pending
4366,TRP-004366,Credit Card,Success
4367,TRP-004367,Credit Card,Success
4368,TRP-004368,Cash,Failed
4369,TRP-004369,Cash,Success
4370,TRP-004370,Credit Card,Success
4371,TRP-004371,Credit Card,Success
4372,TRP-004372,Credit Card,Success
4373,TRP-004373,Credit Card,Failed
4374,TRP-004374,Cash,Success
4375,TRP-004375,Credit Card,Success
4376,TRP-004376,Cash,Success
4377,TRP-004377,Credit Card,Success
4378,TRP-004378,GoPay,Success
4379,TRP-004379,GoPay,Success
4380,TRP-004380,GoPay,Success
4381,TRP-004381,GoPay,Success
4382,TRP-004382,Cash,Success
4383,TRP-004383,GoPay,Success
4384,TRP-004384,Credit Card,Pending
4385,TRP-004385,Credit Card,Success
4386,TRP-004386,GoPay,Success
4387,TRP-004387,Credit Card,Success
4388,TRP-004388,GoPay,Success
4389,TRP-004389,Credit Card,Success
4390,TRP-004390,GoPay,Success
4391,TRP-004391,GoPay,Success
4392,TRP-004392,Cash,Success
4393,TRP-004393,Cash,Pending
4394,TRP-004394,GoPay,Success
4395,TRP-004395,GoPay,Success
4396,TRP-004396,Credit Card,Success
4397,TRP-004397,Credit Card,Success
4398,TRP-004398,Credit Card,Success
4399,TRP-004399,Credit Card,Success
4400,TRP-004400,GoPay,Success
4401,TRP-004401,GoPay,Success
4402,TRP-004402,GoPay,Success
4403,TRP-004403,Cash,Success
4404,TRP-004404,Cash,Success
4405,TRP-004405,GoPay,Success
4406,TRP-004406,Cash,Success
4407,TRP-004407,GoPay,Success
4408,TRP-004408,Cash,Success
4409,TRP-004409,Cash,Success
4410,TRP-004410,Cash,Pending
4411,TRP-004411,GoPay,Pending
4412,TRP-004412,Credit Card,Success
4413,TRP-004413,Credit Card,Success
4414,TRP-004414,Credit Card,Success
4415,TRP-004415,Credit Card,Failed
4416,TRP-004416,Cash,Success
4417,TRP-004417,Cash,Pending
4418,TRP-004418,Cash,Success
4419,TRP-004419,Cash,Success
4420,TRP-004420,Cash,Success
4421,TRP-004421,Cash,Success
4422,TRP-004422,GoPay,Success
4423,TRP-004423,Credit Card,Success
4424,TRP-004424,GoPay,Failed
4425,TRP-004425,GoPay,Success
4426,TRP-004426,Credit Card,Success
4427,TRP-004427,Credit Card,Success
4428,TRP-004428,Credit Card,Success
4429,TRP-004429,Credit Card,Success
4430,TRP-004430,GoPay,Success
4431,TRP-004431,Credit Card,Success
4432,TRP-004432,GoPay,Success
4433,TRP-004433,Cash,Success
4434,TRP-004434,GoPay,Success
4435,TRP-004435,GoPay,Pending
4436,TRP-004436,Credit Card,Success
4437,TRP-004437,GoPay,Success
4438,TRP-004438,GoPay,Success
4439,TRP-004439,Cash,Success
4440,TRP-004440,GoPay,Success
4441,TRP-004441,Credit Card,Success
4442,TRP-004442,GoPay,Failed
4443,TRP-004443,GoPay,Pending
4444,TRP-004444,GoPay,Success
4445,TRP-004445,GoPay,Success
4446,TRP-004446,Cash,Success
4447,TRP-004447,Credit Card,Success
4448,TRP-004448,GoPay,Success
4449,TRP-004449,Credit Card,Pending
4450,TRP-004450,GoPay,Success
4451,TRP-004451,Credit Card,Success
4452,TRP-004452,Cash,Success
4453,TRP-004453,GoPay,Success
4454,TRP-004454,GoPay,Success
4455,TRP-004455,Credit Card,Success
4456,TRP-004456,Cash,Success
4457,TRP-004457,Credit Card,Success
4458,TRP-004458,Credit Card,Success
4459,TRP-004459,Cash,Success
4460,TRP-004460,Cash,Success
4461,TRP-004461,Credit Card,Success
4462,TRP-004462,Cash,Success
4463,TRP-004463,GoPay,Success
4464,TRP-004464,GoPay,Success
4465,TRP-004465,Cash,Success
4466,TRP-004466,GoPay,Success
4467,TRP-004467,Credit Card,Success
4468,TRP-004468,Credit Card,Success
4469,TRP-004469,Credit Card,Success
4470,TRP-004470,Cash,Success
4471,TRP-004471,GoPay,Success
4472,TRP-004472,Cash,Success
4473,TRP-004473,GoPay,Success
4474,TRP-004474,GoPay,Success
4475,TRP-004475,Cash,Success
4476,TRP-004476,Cash,Success
4477,TRP-004477,Credit Card,Success
4478,TRP-004478,Credit Card,Success
4479,TRP-004479,GoPay,Success
4480,TRP-004480,GoPay,Success
4481,TRP-004481,Credit Card,Pending
4482,TRP-004482,GoPay,Success
4483,TRP-004483,Cash,Success
4484,TRP-004484,Credit Card,Success
4485,TRP-004485,Cash,Success
4486,TRP-004486,Credit Card,Success
4487,TRP-004487,Credit Card,Success
4488,TRP-004488,Credit Card,Success
4489,TRP-004489,Cash,Success
4490,TRP-004490,Cash,Success
4491,TRP-004491,GoPay,Success
4492,TRP-004492,Credit Card,Success
4493,TRP-004493,Credit Card,Pending
4494,TRP-004494,Cash,Pending
4495,TRP-004495,Credit Card,Success
4496,TRP-004496,Cash,Pending
4497,TRP-004497,GoPay,Success
4498,TRP-004498,Credit Card,Success
4499,TRP-004499,Credit Card,Success
4500,TRP-004500,Credit Card,Success
4501,TRP-004501,Credit Card,Success
4502,TRP-004502,Credit Card,Success
4503,TRP-004503,GoPay,Success
4504,TRP-004504,Cash,Success
4505,TRP-004505,Credit Card,Success
4506,TRP-004506,Cash,Failed
4507,TRP-004507,Credit Card,Success
4508,TRP-004508,Cash,Success
4509,TRP-004509,GoPay,Success
4510,TRP-004510,Cash,Success
4511,TRP-004511,GoPay,Success
4512,TRP-004512,GoPay,Success
4513,TRP-004513,Credit Card,Success
4514,TRP-004514,GoPay,Success
4515,TRP-004515,GoPay,Success
4516,TRP-004516,Credit Card,Success
4517,TRP-004517,GoPay,Success
4518,TRP-004518,GoPay,Success
4519,TRP-004519,Cash,Success
4520,TRP-004520,Credit Card,Success
4521,TRP-004521,Cash,Pending
4522,TRP-004522,GoPay,Success
4523,TRP-004523,GoPay,Success
4524,TRP-004524,GoPay,Success
4525,TRP-004525,GoPay,Success
4526,TRP-004526,GoPay,Success
4527,TRP-004527,Credit Card,Success
4528,TRP-004528,GoPay,Success
4529,TRP-004529,GoPay,Success
4530,TRP-004530,Credit Card,Pending
4531,TRP-004531,GoPay,Success
4532,TRP-004532,Cash,Success
4533,TRP-004533,GoPay,Success
4534,TRP-004534,Credit Card,Success
4535,TRP-004535,Cash,Success
4536,TRP-004536,GoPay,Success
4537,TRP-004537,Cash,Success
4538,TRP-004538,GoPay,Success
4539,TRP-004539,Cash,Success
4540,TRP-004540,Credit Card,Pending
4541,TRP-004541,GoPay,Pending
4542,TRP-004542,Credit Card,Success
4543,TRP-004543,GoPay,Success
4544,TRP-004544,GoPay,Success
4545,TRP-004545,GoPay,Success
4546,TRP-004546,Credit Card,Success
4547,TRP-004547,GoPay,Success
4548,TRP-004548,Cash,Success
4549,TRP-004549,Credit Card,Success
4550,TRP-004550,Credit Card,Success
4551,TRP-004551,GoPay,Success
4552,TRP-004552,Cash,Success
4553,TRP-004553,Cash,Success
4554,TRP-004554,GoPay,Success
4555,TRP-004555,GoPay,Success
4556,TRP-004556,Credit Card,Success
4557,TRP-004557,GoPay,Success
4558,TRP-004558,Cash,Success
4559,TRP-004559,Cash,Success
4560,TRP-004560,Cash,Success
4561,TRP-004561,Credit Card,Success
4562,TRP-004562,GoPay,Success
4563,TRP-004563,Cash,Success
4564,TRP-004564,Credit Card,Success
4565,TRP-004565,GoPay,Success
4566,TRP-004566,GoPay,Success
4567,TRP-004567,Credit Card,Pending
4568,TRP-004568,Credit Card,Success
4569,TRP-004569,GoPay,Success
4570,TRP-004570,GoPay,Success
4571,TRP-004571,Cash,Success
4572,TRP-004572,Credit Card,Success
4573,TRP-004573,GoPay,Success
4574,TRP-004574,GoPay,Success
4575,TRP-004575,GoPay,Success
4576,TRP-004576,Cash,Success
4577,TRP-004577,Cash,Success
4578,TRP-004578,GoPay,Success
4579,TRP-004579,GoPay,Success
4580,TRP-004580,Cash,Success
4581,TRP-004581,Cash,Success
4582,TRP-004582,Cash,Success
4583,TRP-004583,GoPay,Success
4584,TRP-004584,Credit Card,Success
4585,TRP-004585,Credit Card,Success
4586,TRP-004586,GoPay,Success
4587,TRP-004587,Cash,Success
4588,TRP-004588,Credit Card,Success
4589,TRP-004589,GoPay,Success
4590,TRP-004590,Cash,Success
4591,TRP-004591,Credit Card,Success
4592,TRP-004592,GoPay,Success
4593,TRP-004593,GoPay,Success
4594,TRP-004594,Cash,Success
4595,TRP-004595,Cash,Success
4596,TRP-004596,Cash,Success
4597,TRP-004597,Cash,Success
4598,TRP-004598,Cash,Success
4599,TRP-004599,GoPay,Success
4600,TRP-004600,Cash,Success
4601,TRP-004601,GoPay,Success
4602,TRP-004602,Cash,Success
4603,TRP-004603,Credit Card,Success
4604,TRP-004604,Cash,Pending
4605,TRP-004605,Cash,Success
4606,TRP-004606,Cash,Success
4607,TRP-004607,Cash,Success
4608,TRP-004608,GoPay,Success
4609,TRP-004609,Cash,Failed
4610,TRP-004610,Credit Card,Success
4611,TRP-004611,GoPay,Success
4612,TRP-004612,Credit Card,Success
4613,TRP-004613,Cash,Success
4614,TRP-004614,GoPay,Success
4615,TRP-004615,GoPay,Success
4616,TRP-004616,Credit Card,Success
4617,TRP-004617,GoPay,Success
4618,TRP-004618,Cash,Success
4619,TRP-004619,GoPay,Success
4620,TRP-004620,GoPay,Success
4621,TRP-004621,Credit Card,Success
4622,TRP-004622,Cash,Success
4623,TRP-004623,Credit Card,Success
4624,TRP-004624,GoPay,Success
4625,TRP-004625,Credit Card,Success
4626,TRP-004626,GoPay,Success
4627,TRP-004627,Credit Card,Success
4628,TRP-004628,Credit Card,Success
4629,TRP-004629,GoPay,Pending
4630,TRP-004630,GoPay,Success
4631,TRP-004631,GoPay,Success
4632,TRP-004632,Credit Card,Success
4633,TRP-004633,Credit Card,Success
4634,TRP-004634,Cash,Success
4635,TRP-004635,Cash,Success
4636,TRP-004636,Credit Card,Success
4637,TRP-004637,Credit Card,Failed
4638,TRP-004638,Credit Card,Success
4639,TRP-004639,Credit Card,Success
4640,TRP-004640,GoPay,Success
4641,TRP-004641,Cash,Success
4642,TRP-004642,GoPay,Success
4643,TRP-004643,Cash,Success
4644,TRP-004644,GoPay,Success
4645,TRP-004645,Cash,Success
4646,TRP-004646,Credit Card,Success
4647,TRP-004647,Credit Card,Success
4648,TRP-004648,Credit Card,Success
4649,TRP-004649,Credit Card,Success
4650,TRP-004650,GoPay,Success
4651,TRP-004651,GoPay,Success
4652,TRP-004652,GoPay,Success
4653,TRP-004653,Credit Card,Success
4654,TRP-004654,GoPay,Success
4655,TRP-004655,Credit Card,Success
4656,TRP-004656,Cash,Success
4657,TRP-004657,GoPay,Success
4658,TRP-004658,Cash,Success
4659,TRP-004659,GoPay,Pending
4660,TRP-004660,GoPay,Pending
4661,TRP-004661,GoPay,Success
4662,TRP-004662,GoPay,Failed
4663,TRP-004663,Credit Card,Success
4664,TRP-004664,Cash,Failed
4665,TRP-004665,Credit Card,Success
4666,TRP-004666,Cash,Success
4667,TRP-004667,Cash,Pending
4668,TRP-004668,Cash,Success
4669,TRP-004669,GoPay,Success
4670,TRP-004670,GoPay,Failed
4671,TRP-004671,Credit Card,Success
4672,TRP-004672,Credit Card,Failed
4673,TRP-004673,Cash,Success
4674,TRP-004674,Cash,Success
4675,TRP-004675,GoPay,Success
4676,TRP-004676,Credit Card,Success
4677,TRP-004677,Credit Card,Failed
4678,TRP-004678,Credit Card,Failed
4679,TRP-004679,Cash,Success
4680,TRP-004680,Credit Card,Success
4681,TRP-004681,Credit Card,Pending
4682,TRP-004682,Credit Card,Success
4683,TRP-004683,Credit Card,Success
4684,TRP-004684,Credit Card,Success
4685,TRP-004685,Cash,Success
4686,TRP-004686,Credit Card,Success
4687,TRP-004687,Credit Card,Success
4688,TRP-004688,GoPay,Pending
4689,TRP-004689,Credit Card,Success
4690,TRP-004690,GoPay,Success
4691,TRP-004691,GoPay,Success
4692,TRP-004692,Credit Card,Success
4693,TRP-004693,Credit Card,Success
4694,TRP-004694,GoPay,Pending
4695,TRP-004695,GoPay,Failed
4696,TRP-004696,GoPay,Success
4697,TRP-004697,Credit Card,Success
4698,TRP-004698,Credit Card,Success
4699,TRP-004699,GoPay,Success
4700,TRP-004700,Credit Card,Success
4701,TRP-004701,Cash,Success
4702,TRP-004702,Credit Card,Success
4703,TRP-004703,GoPay,Success
4704,TRP-004704,Cash,Failed
4705,TRP-004705,GoPay,Success
4706,TRP-004706,Cash,Success
4707,TRP-004707,GoPay,Success
4708,TRP-004708,Cash,Success
4709,TRP-004709,Credit Card,Success
4710,TRP-004710,Credit Card,Success
4711,TRP-004711,Credit Card,Success
4712,TRP-004712,GoPay,Success
4713,TRP-004713,Cash,Success
4714,TRP-004714,GoPay,Success
4715,TRP-004715,Credit Card,Success
4716,TRP-004716,GoPay,Success
4717,TRP-004717,Credit Card,Success
4718,TRP-004718,Credit Card,Success
4719,TRP-004719,GoPay,Pending
4720,TRP-004720,Cash,Success
4721,TRP-004721,GoPay,Success
4722,TRP-004722,GoPay,Success
4723,TRP-004723,Credit Card,Success
4724,TRP-004724,GoPay,Success
4725,TRP-004725,GoPay,Success
4726,TRP-004726,GoPay,Success
4727,TRP-004727,Credit Card,Success
4728,TRP-004728,Credit Card,Success
4729,TRP-004729,Cash,Success
4730,TRP-004730,Cash,Success
4731,TRP-004731,Credit Card,Success
4732,TRP-004732,GoPay,Failed
4733,TRP-004733,GoPay,Success
4734,TRP-004734,GoPay,Success
4735,TRP-004735,Credit Card,Success
4736,TRP-004736,GoPay,Failed
4737,TRP-004737,GoPay,Success
4738,TRP-004738,Cash,Failed
4739,TRP-004739,Credit Card,Success
4740,TRP-004740,Credit Card,Success
4741,TRP-004741,Cash,Success
4742,TRP-004742,GoPay,Failed
4743,TRP-004743,Credit Card,Success
4744,TRP-004744,Credit Card,Success
4745,TRP-004745,GoPay,Success
4746,TRP-004746,Cash,Success
4747,TRP-004747,Credit Card,Success
4748,TRP-004748,GoPay,Success
4749,TRP-004749,Cash,Success
4750,TRP-004750,Credit Card,Success
4751,TRP-004751,GoPay,Success
4752,TRP-004752,Cash,Success
4753,TRP-004753,Credit Card,Success
4754,TRP-004754,Cash,Success
4755,TRP-004755,Credit Card,Success
4756,TRP-004756,Credit Card,Success
4757,TRP-004757,Cash,Success
4758,TRP-004758,Cash,Success
4759,TRP-004759,GoPay,Success
4760,TRP-004760,Cash,Success
4761,TRP-004761,Credit Card,Success
4762,TRP-004762,Credit Card,Failed
4763,TRP-004763,Credit Card,Success
4764,TRP-004764,Cash,Success
4765,TRP-004765,GoPay,Success
4766,TRP-004766,GoPay,Success
4767,TRP-004767,GoPay,Failed
4768,TRP-004768,Credit Card,Success
4769,TRP-004769,GoPay,Success
4770,TRP-004770,GoPay,Success
4771,TRP-004771,Cash,Success
4772,TRP-004772,Credit Card,Success
4773,TRP-004773,GoPay,Failed
4774,TRP-004774,GoPay,Success
4775,TRP-004775,Cash,Success
4776,TRP-004776,GoPay,Success
4777,TRP-004777,GoPay,Success
4778,TRP-004778,Credit Card,Success
4779,TRP-004779,Cash,Success
4780,TRP-004780,GoPay,Success
4781,TRP-004781,Credit Card,Success
4782,TRP-004782,Credit Card,Success
4783,TRP-004783,Credit Card,Pending
4784,TRP-004784,Cash,Success
4785,TRP-004785,Cash,Pending
4786,TRP-004786,GoPay,Failed
4787,TRP-004787,Credit Card,Pending
4788,TRP-004788,Credit Card,Failed
4789,TRP-004789,Credit Card,Success
4790,TRP-004790,Credit Card,Success
4791,TRP-004791,GoPay,Success
4792,TRP-004792,Credit Card,Success
4793,TRP-004793,Cash,Success
4794,TRP-004794,Credit Card,Success
4795,TRP-004795,Cash,Failed
4796,TRP-004796,GoPay,Failed
4797,TRP-004797,Credit Card,Success
4798,TRP-004798,GoPay,Success
4799,TRP-004799,Credit Card,Success
4800,TRP-004800,Cash,Success
4801,TRP-004801,Cash,Success
4802,TRP-004802,Cash,Success
4803,TRP-004803,GoPay,Success
4804,TRP-004804,GoPay,Success
4805,TRP-004805,Credit Card,Pending
4806,TRP-004806,Credit Card,Success
4807,TRP-004807,Cash,Success
4808,TRP-004808,GoPay,Success
4809,TRP-004809,GoPay,Success
4810,TRP-004810,Credit Card,Success
4811,TRP-004811,GoPay,Success
4812,TRP-004812,Credit Card,Success
4813,TRP-004813,Credit Card,Pending
4814,TRP-004814,GoPay,Success
4815,TRP-004815,GoPay,Success
4816,TRP-004816,Cash,Success
4817,TRP-004817,Credit Card,Pending
4818,TRP-004818,Cash,Success
4819,TRP-004819,Cash,Success
4820,TRP-004820,GoPay,Success
4821,TRP-004821,Cash,Success
4822,TRP-004822,Cash,Success
4823,TRP-004823,Credit Card,Success
4824,TRP-004824,Cash,Failed
4825,TRP-004825,Credit Card,Success
4826,TRP-004826,Credit Card,Success
4827,TRP-004827,Credit Card,Success
4828,TRP-004828,GoPay,Success
4829,TRP-004829,Cash,Success
4830,TRP-004830,Credit Card,Success
4831,TRP-004831,Cash,Success
4832,TRP-004832,Cash,Failed
4833,TRP-004833,GoPay,Success
4834,TRP-004834,Credit Card,Success
4835,TRP-004835,Credit Card,Success
4836,TRP-004836,GoPay,Success
4837,TRP-004837,GoPay,Success
4838,TRP-004838,Cash,Success
4839,TRP-004839,Cash,Success
4840,TRP-004840,Cash,Success
4841,TRP-004841,Cash,Success
4842,TRP-004842,GoPay,Success
4843,TRP-004843,Cash,Success
4844,TRP-004844,Cash,Success
4845,TRP-004845,Cash,Success
4846,TRP-004846,GoPay,Success
4847,TRP-004847,Cash,Success
4848,TRP-004848,Cash,Failed
4849,TRP-004849,Cash,Pending
4850,TRP-004850,Cash,Failed
4851,TRP-004851,Credit Card,Success
4852,TRP-004852,Cash,Success
4853,TRP-004853,Cash,Success
4854,TRP-004854,GoPay,Success
4855,TRP-004855,GoPay,Success
4856,TRP-004856,Credit Card,Success
4857,TRP-004857,Cash,Success
4858,TRP-004858,GoPay,Success
4859,TRP-004859,GoPay,Success
4860,TRP-004860,Cash,Success
4861,TRP-004861,Credit Card,Success
4862,TRP-004862,GoPay,Success
4863,TRP-004863,Credit Card,Success
4864,TRP-004864,Cash,Success
4865,TRP-004865,GoPay,Pending
4866,TRP-004866,GoPay,Success
4867,TRP-004867,GoPay,Success
4868,TRP-004868,GoPay,Success
4869,TRP-004869,GoPay,Success
4870,TRP-004870,GoPay,Success
4871,TRP-004871,Credit Card,Success
4872,TRP-004872,Credit Card,Success
4873,TRP-004873,Credit Card,Success
4874,TRP-004874,Cash,Success
4875,TRP-004875,Cash,Success
4876,TRP-004876,Credit Card,Failed
4877,TRP-004877,Cash,Pending
4878,TRP-004878,Cash,Failed
4879,TRP-004879,GoPay,Success
4880,TRP-004880,Credit Card,Success
4881,TRP-004881,Cash,Success
4882,TRP-004882,Credit Card,Success
4883,TRP-004883,Credit Card,Pending
4884,TRP-004884,Cash,Success
4885,TRP-004885,Credit Card,Success
4886,TRP-004886,Credit Card,Success
4887,TRP-004887,GoPay,Success
4888,TRP-004888,Cash,Failed
4889,TRP-004889,Credit Card,Success
4890,TRP-004890,GoPay,Success
4891,TRP-004891,Cash,Success
4892,TRP-004892,Credit Card,Success
4893,TRP-004893,Credit Card,Success
4894,TRP-004894,GoPay,Success
4895,TRP-004895,GoPay,Failed
4896,TRP-004896,Credit Card,Success
4897,TRP-004897,GoPay,Success
4898,TRP-004898,GoPay,Success
4899,TRP-004899,Credit Card,Success
4900,TRP-004900,Credit Card,Success
4901,TRP-004901,Credit Card,Success
4902,TRP-004902,Credit Card,Success
4903,TRP-004903,GoPay,Success
4904,TRP-004904,Cash,Success
4905,TRP-004905,GoPay,Success
4906,TRP-004906,GoPay,Success
4907,TRP-004907,Cash,Success
4908,TRP-004908,Credit Card,Success
4909,TRP-004909,Cash,Success
4910,TRP-004910,Credit Card,Success
4911,TRP-004911,Credit Card,Failed
4912,TRP-004912,GoPay,Success
4913,TRP-004913,Credit Card,Success
4914,TRP-004914,Credit Card,Success
4915,TRP-004915,Cash,Pending
4916,TRP-004916,Cash,Success
4917,TRP-004917,GoPay,Success
4918,TRP-004918,Cash,Success
4919,TRP-004919,Credit Card,Success
4920,TRP-004920,GoPay,Success
4921,TRP-004921,Credit Card,Success
4922,TRP-004922,Credit Card,Pending
4923,TRP-004923,Credit Card,Success
4924,TRP-004924,Credit Card,Success
4925,TRP-004925,Cash,Success
4926,TRP-004926,GoPay,Success
4927,TRP-004927,GoPay,Success
4928,TRP-004928,GoPay,Success
4929,TRP-004929,Credit Card,Success
4930,TRP-004930,GoPay,Success
4931,TRP-004931,Credit Card,Success
4932,TRP-004932,Credit Card,Success
4933,TRP-004933,Credit Card,Success
4934,TRP-004934,Cash,Success
4935,TRP-004935,GoPay,Failed
4936,TRP-004936,Cash,Success
4937,TRP-004937,Cash,Success
4938,TRP-004938,Cash,Success
4939,TRP-004939,Credit Card,Success
4940,TRP-004940,Cash,Success
4941,TRP-004941,Cash,Success
4942,TRP-004942,GoPay,Failed
4943,TRP-004943,Cash,Success
4944,TRP-004944,GoPay,Success
4945,TRP-004945,Credit Card,Success
4946,TRP-004946,Credit Card,Success
4947,TRP-004947,Credit Card,Success
4948,TRP-004948,Credit Card,Success
4949,TRP-004949,Cash,Success
4950,TRP-004950,Cash,Success
4951,TRP-004951,Credit Card,Success
4952,TRP-004952,Credit Card,Failed
4953,TRP-004953,GoPay,Success
4954,TRP-004954,Credit Card,Success
4955,TRP-004955,Credit Card,Success
4956,TRP-004956,Credit Card,Success
4957,TRP-004957,Cash,Success
4958,TRP-004958,Credit Card,Success
4959,TRP-004959,Credit Card,Success
4960,TRP-004960,Cash,Success
4961,TRP-004961,GoPay,Success
4962,TRP-004962,Credit Card,Success
4963,TRP-004963,GoPay,Success
4964,TRP-004964,GoPay,Success
4965,TRP-004965,Credit Card,Success
4966,TRP-004966,Cash,Failed
4967,TRP-004967,Credit Card,Success
4968,TRP-004968,Credit Card,Success
4969,TRP-004969,Cash,Success
4970,TRP-004970,Cash,Failed
4971,TRP-004971,Credit Card,Success
4972,TRP-004972,Cash,Success
4973,TRP-004973,Credit Card,Success
4974,TRP-004974,GoPay,Failed
4975,TRP-004975,Credit Card,Pending
4976,TRP-004976,Cash,Failed
4977,TRP-004977,Cash,Failed
4978,TRP-004978,Cash,Success
4979,TRP-004979,GoPay,Success
4980,TRP-004980,GoPay,Success
4981,TRP-004981,GoPay,Success
4982,TRP-004982,Credit Card,Success
4983,TRP-004983,Cash,Success
4984,TRP-004984,Cash,Success
4985,TRP-004985,GoPay,Success
4986,TRP-004986,Credit Card,Failed
4987,TRP-004987,Cash,Failed
4988,TRP-004988,Credit Card,Success
4989,TRP-004989,Credit Card,Success
4990,TRP-004990,Cash,Success
4991,TRP-004991,Cash,Success
4992,TRP-004992,Credit Card,Success
4993,TRP-004993,GoPay,Success
4994,TRP-004994,Cash,Success
4995,TRP-004995,GoPay,Success
4996,TRP-004996,Credit Card,Success
4997,TRP-004997,Credit Card,Success
4998,TRP-004998,Cash,Success
4999,TRP-004999,GoPay,Success
5000,TRP-005000,Credit Card,Success
5001,TRP-005001,Cash,Success
5002,TRP-005002,GoPay,Success
5003,TRP-005003,Cash,Success
5004,TRP-005004,Credit Card,Success
5005,TRP-005005,Credit Card,Success
5006,TRP-005006,Cash,Success
5007,TRP-005007,GoPay,Success
5008,TRP-005008,Cash,Success
5009,TRP-005009,Credit Card,Success
5010,TRP-005010,Credit Card,Success
5011,TRP-005011,GoPay,Success
5012,TRP-005012,Cash,Success
5013,TRP-005013,GoPay,Success
5014,TRP-005014,Credit Card,Success
5015,TRP-005015,GoPay,Success
5016,TRP-005016,Credit Card,Success
5017,TRP-005017,GoPay,Success
5018,TRP-005018,GoPay,Success
5019,TRP-005019,Cash,Failed
5020,TRP-005020,Cash,Success
5021,TRP-005021,Cash,Failed
5022,TRP-005022,Credit Card,Success
5023,TRP-005023,Credit Card,Success
5024,TRP-005024,Cash,Success
5025,TRP-005025,Credit Card,Success
5026,TRP-005026,Cash,Pending
5027,TRP-005027,GoPay,Success
5028,TRP-005028,GoPay,Failed
5029,TRP-005029,Credit Card,Success
5030,TRP-005030,Credit Card,Success
5031,TRP-005031,GoPay,Pending
5032,TRP-005032,GoPay,Success
5033,TRP-005033,GoPay,Success
5034,TRP-005034,Credit Card,Success
5035,TRP-005035,Cash,Success
5036,TRP-005036,GoPay,Success
5037,TRP-005037,Credit Card,Success
5038,TRP-005038,GoPay,Success
5039,TRP-005039,GoPay,Success
5040,TRP-005040,Cash,Failed
5041,TRP-005041,Credit Card,Success
5042,TRP-005042,GoPay,Success
5043,TRP-005043,Credit Card,Success
5044,TRP-005044,Credit Card,Success
5045,TRP-005045,Credit Card,Pending
5046,TRP-005046,Cash,Success
5047,TRP-005047,Credit Card,Failed
5048,TRP-005048,GoPay,Success
5049,TRP-005049,GoPay,Success
5050,TRP-005050,Cash,Success
5051,TRP-005051,Cash,Success
5052,TRP-005052,GoPay,Success
5053,TRP-005053,Credit Card,Success
5054,TRP-005054,Cash,Failed
5055,TRP-005055,Credit Card,Success
5056,TRP-005056,Cash,Success
5057,TRP-005057,Credit Card,Pending
5058,TRP-005058,Credit Card,Success
5059,TRP-005059,Credit Card,Success
5060,TRP-005060,GoPay,Success
5061,TRP-005061,Cash,Success
5062,TRP-005062,Credit Card,Success
5063,TRP-005063,Credit Card,Success
5064,TRP-005064,Cash,Success
5065,TRP-005065,GoPay,Success
5066,TRP-005066,Credit Card,Success
5067,TRP-005067,GoPay,Failed
5068,TRP-005068,Cash,Success
5069,TRP-005069,Credit Card,Success
5070,TRP-005070,GoPay,Success
5071,TRP-005071,Credit Card,Success
5072,TRP-005072,Cash,Success
5073,TRP-005073,Credit Card,Success
5074,TRP-005074,GoPay,Success
5075,TRP-005075,Credit Card,Success
5076,TRP-005076,Credit Card,Pending
5077,TRP-005077,Credit Card,Failed
5078,TRP-005078,Credit Card,Success
5079,TRP-005079,Credit Card,Failed
5080,TRP-005080,GoPay,Pending
5081,TRP-005081,GoPay,Success
5082,TRP-005082,Credit Card,Failed
5083,TRP-005083,Credit Card,Success
5084,TRP-005084,GoPay,Success
5085,TRP-005085,GoPay,Success
5086,TRP-005086,GoPay,Success
5087,TRP-005087,GoPay,Failed
5088,TRP-005088,GoPay,Success
5089,TRP-005089,GoPay,Success
5090,TRP-005090,Credit Card,Success
5091,TRP-005091,GoPay,Failed
5092,TRP-005092,Credit Card,Failed
5093,TRP-005093,Cash,Success
5094,TRP-005094,GoPay,Success
5095,TRP-005095,GoPay,Success
5096,TRP-005096,Credit Card,Success
5097,TRP-005097,Credit Card,Success
5098,TRP-005098,GoPay,Success
5099,TRP-005099,GoPay,Success
5100,TRP-005100,Cash,Failed
5101,TRP-005101,Cash,Success
5102,TRP-005102,Cash,Success
5103,TRP-005103,Cash,Success
5104,TRP-005104,Credit Card,Failed
5105,TRP-005105,Credit Card,Success
5106,TRP-005106,Credit Card,Success
5107,TRP-005107,Cash,Success
5108,TRP-005108,Credit Card,Success
5109,TRP-005109,Cash,Success
5110,TRP-005110,Cash,Success
5111,TRP-005111,Credit Card,Success
5112,TRP-005112,Cash,Success
5113,TRP-005113,Cash,Success
5114,TRP-005114,GoPay,Pending
5115,TRP-005115,Credit Card,Success
5116,TRP-005116,GoPay,Success
5117,TRP-005117,Cash,Success
5118,TRP-005118,Credit Card,Success
5119,TRP-005119,Credit Card,Success
5120,TRP-005120,Cash,Pending
5121,TRP-005121,Cash,Success
5122,TRP-005122,Credit Card,Success
5123,TRP-005123,Cash,Success
5124,TRP-005124,GoPay,Success
5125,TRP-005125,Cash,Success
5126,TRP-005126,GoPay,Success
5127,TRP-005127,Cash,Success
5128,TRP-005128,GoPay,Success
5129,TRP-005129,Cash,Success
5130,TRP-005130,Credit Card,Success
5131,TRP-005131,Cash,Pending
5132,TRP-005132,GoPay,Success
5133,TRP-005133,Credit Card,Success
5134,TRP-005134,Credit Card,Success
5135,TRP-005135,GoPay,Success
5136,TRP-005136,Credit Card,Success
5137,TRP-005137,Credit Card,Success
5138,TRP-005138,Credit Card,Success
5139,TRP-005139,Credit Card,Success
5140,TRP-005140,GoPay,Success
5141,TRP-005141,Cash,Success
5142,TRP-005142,Credit Card,Success
5143,TRP-005143,GoPay,Success
5144,TRP-005144,GoPay,Success
5145,TRP-005145,Cash,Success
5146,TRP-005146,Credit Card,Success
5147,TRP-005147,Cash,Success
5148,TRP-005148,Credit Card,Failed
5149,TRP-005149,Cash,Failed
5150,TRP-005150,Credit Card,Success
5151,TRP-005151,Cash,Success
5152,TRP-005152,Credit Card,Success
5153,TRP-005153,GoPay,Failed
5154,TRP-005154,GoPay,Failed
5155,TRP-005155,Credit Card,Success
5156,TRP-005156,GoPay,Success
5157,TRP-005157,GoPay,Success
5158,TRP-005158,GoPay,Success
5159,TRP-005159,Cash,Success
5160,TRP-005160,Credit Card,Pending
5161,TRP-005161,Credit Card,Success
5162,TRP-005162,Cash,Success
5163,TRP-005163,Cash,Success
5164,TRP-005164,Cash,Success
5165,TRP-005165,Cash,Success
5166,TRP-005166,GoPay,Success
5167,TRP-005167,Cash,Success
5168,TRP-005168,Cash,Success
5169,TRP-005169,Cash,Pending
5170,TRP-005170,GoPay,Success
5171,TRP-005171,Credit Card,Success
5172,TRP-005172,GoPay,Success
5173,TRP-005173,Credit Card,Success
5174,TRP-005174,Cash,Success
5175,TRP-005175,Credit Card,Success
5176,TRP-005176,GoPay,Success
5177,TRP-005177,GoPay,Success
5178,TRP-005178,Cash,Success
5179,TRP-005179,Credit Card,Success
5180,TRP-005180,Credit Card,Failed
5181,TRP-005181,Cash,Success
5182,TRP-005182,Cash,Success
5183,TRP-005183,Credit Card,Pending
5184,TRP-005184,Credit Card,Success
5185,TRP-005185,Cash,Pending
5186,TRP-005186,Cash,Success
5187,TRP-005187,Credit Card,Success
5188,TRP-005188,Cash,Success
5189,TRP-005189,Cash,Success
5190,TRP-005190,Cash,Success
5191,TRP-005191,Credit Card,Success
5192,TRP-005192,Cash,Success
5193,TRP-005193,Cash,Success
5194,TRP-005194,Credit Card,Success
5195,TRP-005195,GoPay,Success
5196,TRP-005196,GoPay,Failed
5197,TRP-005197,Credit Card,Success
5198,TRP-005198,Credit Card,Success
5199,TRP-005199,GoPay,Pending
5200,TRP-005200,Credit Card,Success
5201,TRP-005201,GoPay,Success
5202,TRP-005202,GoPay,Success
5203,TRP-005203,Credit Card,Success
5204,TRP-005204,GoPay,Success
5205,TRP-005205,Credit Card,Success
5206,TRP-005206,Credit Card,Success
5207,TRP-005207,GoPay,Success
5208,TRP-005208,Cash,Success
5209,TRP-005209,Credit Card,Success
5210,TRP-005210,GoPay,Pending
5211,TRP-005211,GoPay,Success
5212,TRP-005212,GoPay,Success
5213,TRP-005213,GoPay,Success
5214,TRP-005214,Cash,Success
5215,TRP-005215,Cash,Success
5216,TRP-005216,Cash,Pending
5217,TRP-005217,Cash,Success
5218,TRP-005218,GoPay,Success
5219,TRP-005219,Credit Card,Success
5220,TRP-005220,Cash,Failed
5221,TRP-005221,Credit Card,Failed
5222,TRP-005222,Credit Card,Failed
5223,TRP-005223,GoPay,Success
5224,TRP-005224,GoPay,Success
5225,TRP-005225,Cash,Success
5226,TRP-005226,GoPay,Success
5227,TRP-005227,Cash,Success
5228,TRP-005228,Cash,Success
5229,TRP-005229,Cash,Success
5230,TRP-005230,GoPay,Failed
5231,TRP-005231,GoPay,Success
5232,TRP-005232,Cash,Success
5233,TRP-005233,Credit Card,Success
5234,TRP-005234,GoPay,Success
5235,TRP-005235,GoPay,Success
5236,TRP-005236,Credit Card,Success
5237,TRP-005237,Cash,Success
5238,TRP-005238,GoPay,Success
5239,TRP-005239,Cash,Success
5240,TRP-005240,Cash,Success
5241,TRP-005241,GoPay,Success
5242,TRP-005242,Cash,Success
5243,TRP-005243,Credit Card,Pending
5244,TRP-005244,GoPay,Success
5245,TRP-005245,Cash,Success
5246,TRP-005246,GoPay,Success
5247,TRP-005247,Credit Card,Success
5248,TRP-005248,Cash,Success
5249,TRP-005249,Credit Card,Success
5250,TRP-005250,Credit Card,Pending
5251,TRP-005251,Credit Card,Success
5252,TRP-005252,Credit Card,Success
5253,TRP-005253,Credit Card,Success
5254,TRP-005254,GoPay,Success
5255,TRP-005255,GoPay,Pending
5256,TRP-005256,Credit Card,Success
5257,TRP-005257,Credit Card,Success
5258,TRP-005258,GoPay,Success
5259,TRP-005259,Cash,Success
5260,TRP-005260,GoPay,Failed
5261,TRP-005261,Credit Card,Success
5262,TRP-005262,Cash,Pending
5263,TRP-005263,Credit Card,Success
5264,TRP-005264,GoPay,Success
5265,TRP-005265,Credit Card,Success
5266,TRP-005266,Credit Card,Success
5267,TRP-005267,Credit Card,Success
5268,TRP-005268,GoPay,Success
5269,TRP-005269,Credit Card,Success
5270,TRP-005270,GoPay,Success
5271,TRP-005271,GoPay,Success
5272,TRP-005272,Credit Card,Success
5273,TRP-005273,Credit Card,Success
5274,TRP-005274,GoPay,Success
5275,TRP-005275,Credit Card,Success
5276,TRP-005276,Cash,Success
5277,TRP-005277,Cash,Success
5278,TRP-005278,Cash,Success
5279,TRP-005279,Credit Card,Success
5280,TRP-005280,Cash,Success
5281,TRP-005281,Credit Card,Success
5282,TRP-005282,Cash,Success
5283,TRP-005283,GoPay,Success
5284,TRP-005284,Credit Card,Success
5285,TRP-005285,GoPay,Success
5286,TRP-005286,GoPay,Success
5287,TRP-005287,GoPay,Success
5288,TRP-005288,GoPay,Success
5289,TRP-005289,GoPay,Success
5290,TRP-005290,Credit Card,Success
5291,TRP-005291,GoPay,Success
5292,TRP-005292,GoPay,Success
5293,TRP-005293,GoPay,Pending
5294,TRP-005294,GoPay,Pending
5295,TRP-005295,Credit Card,Success
5296,TRP-005296,GoPay,Success
5297,TRP-005297,Credit Card,Success
5298,TRP-005298,GoPay,Success
5299,TRP-005299,GoPay,Success
5300,TRP-005300,Cash,Failed
5301,TRP-005301,Credit Card,Success
5302,TRP-005302,Credit Card,Success
5303,TRP-005303,Credit Card,Success
5304,TRP-005304,Cash,Success
5305,TRP-005305,GoPay,Success
5306,TRP-005306,Credit Card,Success
5307,TRP-005307,GoPay,Success
5308,TRP-005308,Credit Card,Success
5309,TRP-005309,GoPay,Success
5310,TRP-005310,Credit Card,Success
5311,TRP-005311,Cash,Pending
5312,TRP-005312,Cash,Success
5313,TRP-005313,GoPay,Pending
5314,TRP-005314,Cash,Pending
5315,TRP-005315,Credit Card,Success
5316,TRP-005316,Cash,Failed
5317,TRP-005317,Cash,Success
5318,TRP-005318,Cash,Success
5319,TRP-005319,GoPay,Success
5320,TRP-005320,GoPay,Success
5321,TRP-005321,Credit Card,Success
5322,TRP-005322,Credit Card,Success
5323,TRP-005323,Credit Card,Success
5324,TRP-005324,GoPay,Success
5325,TRP-005325,Cash,Success
5326,TRP-005326,Cash,Success
5327,TRP-005327,GoPay,Success
5328,TRP-005328,Credit Card,Success
5329,TRP-005329,GoPay,Success
5330,TRP-005330,Credit Card,Pending
5331,TRP-005331,Credit Card,Success
5332,TRP-005332,GoPay,Success
5333,TRP-005333,Credit Card,Failed
5334,TRP-005334,Cash,Pending
5335,TRP-005335,GoPay,Success
5336,TRP-005336,Credit Card,Success
5337,TRP-005337,GoPay,Success
5338,TRP-005338,Credit Card,Success
5339,TRP-005339,Credit Card,Success
5340,TRP-005340,Cash,Success
5341,TRP-005341,Cash,Success
5342,TRP-005342,Credit Card,Success
5343,TRP-005343,Credit Card,Success
5344,TRP-005344,GoPay,Success
5345,TRP-005345,GoPay,Success
5346,TRP-005346,GoPay,Success
5347,TRP-005347,Cash,Success
5348,TRP-005348,Credit Card,Success
5349,TRP-005349,Credit Card,Success
5350,TRP-005350,Credit Card,Success
5351,TRP-005351,Cash,Success
5352,TRP-005352,Credit Card,Success
5353,TRP-005353,Cash,Success
5354,TRP-005354,GoPay,Success
5355,TRP-005355,GoPay,Success
5356,TRP-005356,Credit Card,Success
5357,TRP-005357,Credit Card,Success
5358,TRP-005358,Cash,Success
5359,TRP-005359,Cash,Success
5360,TRP-005360,GoPay,Success
5361,TRP-005361,Credit Card,Success
5362,TRP-005362,Cash,Success
5363,TRP-005363,Credit Card,Success
5364,TRP-005364,Credit Card,Success
5365,TRP-005365,Cash,Success
5366,TRP-005366,Cash,Success
5367,TRP-005367,Cash,Success
5368,TRP-005368,Credit Card,Success
5369,TRP-005369,Cash,Success
5370,TRP-005370,Cash,Pending
5371,TRP-005371,GoPay,Success
5372,TRP-005372,Credit Card,Success
5373,TRP-005373,Cash,Success
5374,TRP-005374,Credit Card,Success
5375,TRP-005375,Cash,Success
5376,TRP-005376,GoPay,Success
5377,TRP-005377,Credit Card,Success
5378,TRP-005378,Credit Card,Success
5379,TRP-005379,GoPay,Success
5380,TRP-005380,Cash,Success
5381,TRP-005381,Cash,Failed
5382,TRP-005382,Cash,Success
5383,TRP-005383,Cash,Pending
5384,TRP-005384,Cash,Success
5385,TRP-005385,Cash,Success
5386,TRP-005386,Credit Card,Success
5387,TRP-005387,Credit Card,Pending
5388,TRP-005388,Cash,Success
5389,TRP-005389,Credit Card,Success
5390,TRP-005390,GoPay,Success
5391,TRP-005391,GoPay,Success
5392,TRP-005392,Credit Card,Success
5393,TRP-005393,GoPay,Success
5394,TRP-005394,GoPay,Success
5395,TRP-005395,GoPay,Failed
5396,TRP-005396,GoPay,Success
5397,TRP-005397,GoPay,Success
5398,TRP-005398,GoPay,Success
5399,TRP-005399,Cash,Success
5400,TRP-005400,Cash,Success
5401,TRP-005401,GoPay,Success
5402,TRP-005402,GoPay,Success
5403,TRP-005403,GoPay,Success
5404,TRP-005404,Cash,Success
5405,TRP-005405,Cash,Success
5406,TRP-005406,Credit Card,Success
5407,TRP-005407,Credit Card,Success
5408,TRP-005408,GoPay,Success
5409,TRP-005409,Cash,Success
5410,TRP-005410,GoPay,Pending
5411,TRP-005411,GoPay,Success
5412,TRP-005412,GoPay,Success
5413,TRP-005413,Credit Card,Success
5414,TRP-005414,GoPay,Success
5415,TRP-005415,Credit Card,Success
5416,TRP-005416,Cash,Success
5417,TRP-005417,Cash,Success
5418,TRP-005418,Cash,Success
5419,TRP-005419,Cash,Success
5420,TRP-005420,Credit Card,Success
5421,TRP-005421,Credit Card,Success
5422,TRP-005422,Credit Card,Success
5423,TRP-005423,GoPay,Success
5424,TRP-005424,Cash,Success
5425,TRP-005425,Cash,Success
5426,TRP-005426,Cash,Success
5427,TRP-005427,GoPay,Success
5428,TRP-005428,GoPay,Success
5429,TRP-005429,Credit Card,Failed
5430,TRP-005430,Credit Card,Success
5431,TRP-005431,GoPay,Success
5432,TRP-005432,Credit Card,Failed
5433,TRP-005433,Credit Card,Success
5434,TRP-005434,Cash,Pending
5435,TRP-005435,GoPay,Success
5436,TRP-005436,Credit Card,Success
5437,TRP-005437,Cash,Success
5438,TRP-005438,Cash,Failed
5439,TRP-005439,Credit Card,Success
5440,TRP-005440,Credit Card,Success
5441,TRP-005441,Cash,Success
5442,TRP-005442,Cash,Success
5443,TRP-005443,GoPay,Success
5444,TRP-005444,Credit Card,Success
5445,TRP-005445,GoPay,Success
5446,TRP-005446,GoPay,Success
5447,TRP-005447,Cash,Success
5448,TRP-005448,Cash,Success
5449,TRP-005449,Credit Card,Success
5450,TRP-005450,Credit Card,Success
5451,TRP-005451,Credit Card,Success
5452,TRP-005452,Cash,Success
5453,TRP-005453,GoPay,Success
5454,TRP-005454,GoPay,Pending
5455,TRP-005455,Credit Card,Success
5456,TRP-005456,Credit Card,Success
5457,TRP-005457,GoPay,Success
5458,TRP-005458,Credit Card,Success
5459,TRP-005459,Credit Card,Success
5460,TRP-005460,Credit Card,Success
5461,TRP-005461,Credit Card,Success
5462,TRP-005462,Credit Card,Success
5463,TRP-005463,Credit Card,Success
5464,TRP-005464,GoPay,Success
5465,TRP-005465,GoPay,Success
5466,TRP-005466,Credit Card,Success
5467,TRP-005467,Credit Card,Success
5468,TRP-005468,Credit Card,Success
5469,TRP-005469,Cash,Success
5470,TRP-005470,GoPay,Success
5471,TRP-005471,GoPay,Success
5472,TRP-005472,Credit Card,Success
5473,TRP-005473,Credit Card,Pending
5474,TRP-005474,Credit Card,Success
5475,TRP-005475,Credit Card,Success
5476,TRP-005476,Credit Card,Success
5477,TRP-005477,GoPay,Success
5478,TRP-005478,Credit Card,Pending
5479,TRP-005479,Credit Card,Success
5480,TRP-005480,Cash,Success
5481,TRP-005481,Cash,Success
5482,TRP-005482,Credit Card,Pending
5483,TRP-005483,GoPay,Success
5484,TRP-005484,Credit Card,Success
5485,TRP-005485,GoPay,Success
5486,TRP-005486,Cash,Success
5487,TRP-005487,Cash,Success
5488,TRP-005488,Credit Card,Success
5489,TRP-005489,Credit Card,Success
5490,TRP-005490,Credit Card,Success
5491,TRP-005491,GoPay,Success
5492,TRP-005492,GoPay,Failed
5493,TRP-005493,GoPay,Success
5494,TRP-005494,GoPay,Success
5495,TRP-005495,Cash,Success
5496,TRP-005496,Credit Card,Success
5497,TRP-005497,Cash,Success
5498,TRP-005498,Credit Card,Success
5499,TRP-005499,GoPay,Pending
5500,TRP-005500,Credit Card,Success
5501,TRP-005501,Credit Card,Success
5502,TRP-005502,Cash,Success
5503,TRP-005503,Credit Card,Success
5504,TRP-005504,Cash,Pending
5505,TRP-005505,Credit Card,Success
5506,TRP-005506,GoPay,Success
5507,TRP-005507,GoPay,Success
5508,TRP-005508,Cash,Success
5509,TRP-005509,Cash,Failed
5510,TRP-005510,Credit Card,Pending
5511,TRP-005511,Credit Card,Failed
5512,TRP-005512,Credit Card,Success
5513,TRP-005513,Credit Card,Success
5514,TRP-005514,Cash,Pending
5515,TRP-005515,Cash,Success
5516,TRP-005516,GoPay,Success
5517,TRP-005517,Cash,Success
5518,TRP-005518,Cash,Failed
5519,TRP-005519,Cash,Success
5520,TRP-005520,GoPay,Success
5521,TRP-005521,GoPay,Success
5522,TRP-005522,GoPay,Success
5523,TRP-005523,Credit Card,Success
5524,TRP-005524,Cash,Success
5525,TRP-005525,GoPay,Success
5526,TRP-005526,Cash,Success
5527,TRP-005527,GoPay,Success
5528,TRP-005528,Cash,Success
5529,TRP-005529,GoPay,Success
5530,TRP-005530,Cash,Success
5531,TRP-005531,GoPay,Success
5532,TRP-005532,Cash,Success
5533,TRP-005533,Cash,Success
5534,TRP-005534,GoPay,Success
5535,TRP-005535,GoPay,Failed
5536,TRP-005536,Cash,Success
5537,TRP-005537,GoPay,Success
5538,TRP-005538,GoPay,Success
5539,TRP-005539,GoPay,Success
5540,TRP-005540,Cash,Success
5541,TRP-005541,Cash,Success
5542,TRP-005542,GoPay,Success
5543,TRP-005543,Credit Card,Success
5544,TRP-005544,Credit Card,Success
5545,TRP-005545,Cash,Success
5546,TRP-005546,GoPay,Success
5547,TRP-005547,Cash,Success
5548,TRP-005548,GoPay,Success
5549,TRP-005549,GoPay,Success
5550,TRP-005550,Cash,Success
5551,TRP-005551,Credit Card,Success
5552,TRP-005552,GoPay,Success
5553,TRP-005553,Cash,Success
5554,TRP-005554,GoPay,Success
5555,TRP-005555,GoPay,Success
5556,TRP-005556,Credit Card,Success
5557,TRP-005557,GoPay,Success
5558,TRP-005558,Cash,Pending
5559,TRP-005559,Cash,Success
5560,TRP-005560,GoPay,Success
5561,TRP-005561,Cash,Failed
5562,TRP-005562,Credit Card,Success
5563,TRP-005563,Credit Card,Success
5564,TRP-005564,Cash,Success
5565,TRP-005565,Credit Card,Success
5566,TRP-005566,GoPay,Success
5567,TRP-005567,Credit Card,Success
5568,TRP-005568,GoPay,Success
5569,TRP-005569,Credit Card,Success
5570,TRP-005570,Credit Card,Success
5571,TRP-005571,GoPay,Success
5572,TRP-005572,GoPay,Success
5573,TRP-005573,Cash,Success
5574,TRP-005574,Credit Card,Success
5575,TRP-005575,Cash,Success
5576,TRP-005576,Credit Card,Success
5577,TRP-005577,Cash,Success
5578,TRP-005578,GoPay,Pending
5579,TRP-005579,Cash,Success
5580,TRP-005580,Credit Card,Success
5581,TRP-005581,GoPay,Success
5582,TRP-005582,Credit Card,Success
5583,TRP-005583,Cash,Success
5584,TRP-005584,GoPay,Success
5585,TRP-005585,GoPay,Success
5586,TRP-005586,GoPay,Failed
5587,TRP-005587,Credit Card,Success
5588,TRP-005588,Credit Card,Success
5589,TRP-005589,GoPay,Success
5590,TRP-005590,Cash,Success
5591,TRP-005591,Credit Card,Success
5592,TRP-005592,GoPay,Success
5593,TRP-005593,Credit Card,Pending
5594,TRP-005594,GoPay,Success
5595,TRP-005595,GoPay,Success
5596,TRP-005596,Cash,Success
5597,TRP-005597,Cash,Failed
5598,TRP-005598,Credit Card,Success
5599,TRP-005599,Cash,Success
5600,TRP-005600,GoPay,Success
5601,TRP-005601,Credit Card,Success
5602,TRP-005602,Cash,Success
5603,TRP-005603,Cash,Success
5604,TRP-005604,Cash,Failed
5605,TRP-005605,GoPay,Success
5606,TRP-005606,GoPay,Pending
5607,TRP-005607,GoPay,Success
5608,TRP-005608,Cash,Success
5609,TRP-005609,Cash,Success
5610,TRP-005610,GoPay,Pending
5611,TRP-005611,Credit Card,Success
5612,TRP-005612,Cash,Success
5613,TRP-005613,GoPay,Success
5614,TRP-005614,Credit Card,Success
5615,TRP-005615,Cash,Success
5616,TRP-005616,GoPay,Success
5617,TRP-005617,Credit Card,Success
5618,TRP-005618,Credit Card,Failed
5619,TRP-005619,Cash,Success
5620,TRP-005620,GoPay,Success
5621,TRP-005621,GoPay,Success
5622,TRP-005622,Cash,Success
5623,TRP-005623,GoPay,Success
5624,TRP-005624,Credit Card,Success
5625,TRP-005625,GoPay,Success
5626,TRP-005626,Credit Card,Success
5627,TRP-005627,Credit Card,Success
5628,TRP-005628,Cash,Success
5629,TRP-005629,Credit Card,Success
5630,TRP-005630,Cash,Pending
5631,TRP-005631,Cash,Failed
5632,TRP-005632,Credit Card,Success
5633,TRP-005633,Cash,Pending
5634,TRP-005634,GoPay,Success
5635,TRP-005635,Credit Card,Success
5636,TRP-005636,Credit Card,Success
5637,TRP-005637,Cash,Success
5638,TRP-005638,Cash,Success
5639,TRP-005639,GoPay,Success
5640,TRP-005640,Credit Card,Success
5641,TRP-005641,Credit Card,Success
5642,TRP-005642,Credit Card,Failed
5643,TRP-005643,GoPay,Success
5644,TRP-005644,Credit Card,Success
5645,TRP-005645,Cash,Success
5646,TRP-005646,Cash,Success
5647,TRP-005647,GoPay,Success
5648,TRP-005648,Credit Card,Success
5649,TRP-005649,Credit Card,Success
5650,TRP-005650,Cash,Success
5651,TRP-005651,GoPay,Success
5652,TRP-005652,GoPay,Success
5653,TRP-005653,Cash,Success
5654,TRP-005654,Cash,Success
5655,TRP-005655,Credit Card,Success
5656,TRP-005656,Credit Card,Failed
5657,TRP-005657,Credit Card,Success
5658,TRP-005658,Credit Card,Success
5659,TRP-005659,Cash,Failed
5660,TRP-005660,Credit Card,Failed
5661,TRP-005661,GoPay,Success
5662,TRP-005662,Cash,Failed
5663,TRP-005663,Cash,Success
5664,TRP-005664,Credit Card,Success
5665,TRP-005665,Cash,Success
5666,TRP-005666,Credit Card,Success
5667,TRP-005667,GoPay,Success
5668,TRP-005668,Credit Card,Success
5669,TRP-005669,Cash,Success
5670,TRP-005670,Credit Card,Success
5671,TRP-005671,Credit Card,Success
5672,TRP-005672,GoPay,Success
5673,TRP-005673,Credit Card,Success
5674,TRP-005674,Cash,Success
5675,TRP-005675,Credit Card,Success
5676,TRP-005676,GoPay,Success
5677,TRP-005677,Cash,Success
5678,TRP-005678,Credit Card,Success
5679,TRP-005679,GoPay,Failed
5680,TRP-005680,Cash,Success
5681,TRP-005681,Cash,Success
5682,TRP-005682,GoPay,Success
5683,TRP-005683,Cash,Success
5684,TRP-005684,Cash,Success
5685,TRP-005685,GoPay,Success
5686,TRP-005686,Cash,Success
5687,TRP-005687,GoPay,Success
5688,TRP-005688,Credit Card,Success
5689,TRP-005689,GoPay,Success
5690,TRP-005690,GoPay,Success
5691,TRP-005691,Credit Card,Success
5692,TRP-005692,GoPay,Success
5693,TRP-005693,GoPay,Success
5694,TRP-005694,Credit Card,Success
5695,TRP-005695,GoPay,Success
5696,TRP-005696,Credit Card,Pending
5697,TRP-005697,Cash,Success
5698,TRP-005698,GoPay,Failed
5699,TRP-005699,Cash,Success
5700,TRP-005700,Credit Card,Failed
5701,TRP-005701,Cash,Success
5702,TRP-005702,GoPay,Success
5703,TRP-005703,Credit Card,Success
5704,TRP-005704,Credit Card,Success
5705,TRP-005705,Cash,Success
5706,TRP-005706,GoPay,Success
5707,TRP-005707,Cash,Success
5708,TRP-005708,GoPay,Pending
5709,TRP-005709,Credit Card,Success
5710,TRP-005710,Cash,Success
5711,TRP-005711,Cash,Success
5712,TRP-005712,Cash,Success
5713,TRP-005713,Credit Card,Success
5714,TRP-005714,Cash,Success
5715,TRP-005715,Credit Card,Success
5716,TRP-005716,Cash,Success
5717,TRP-005717,Credit Card,Success
5718,TRP-005718,Credit Card,Success
5719,TRP-005719,Credit Card,Failed
5720,TRP-005720,GoPay,Pending
5721,TRP-005721,Credit Card,Success
5722,TRP-005722,Credit Card,Success
5723,TRP-005723,GoPay,Success
5724,TRP-005724,Credit Card,Pending
5725,TRP-005725,Cash,Success
5726,TRP-005726,GoPay,Pending
5727,TRP-005727,GoPay,Success
5728,TRP-005728,Cash,Pending
5729,TRP-005729,Credit Card,Success
5730,TRP-005730,Cash,Success
5731,TRP-005731,Cash,Success
5732,TRP-005732,Credit Card,Success
5733,TRP-005733,Credit Card,Success
5734,TRP-005734,GoPay,Success
5735,TRP-005735,GoPay,Success
5736,TRP-005736,Cash,Pending
5737,TRP-005737,Cash,Success
5738,TRP-005738,Credit Card,Success
5739,TRP-005739,Credit Card,Success
5740,TRP-005740,GoPay,Success
5741,TRP-005741,Cash,Success
5742,TRP-005742,Credit Card,Success
5743,TRP-005743,Credit Card,Failed
5744,TRP-005744,Cash,Success
5745,TRP-005745,Cash,Failed
5746,TRP-005746,Credit Card,Success
5747,TRP-005747,Credit Card,Success
5748,TRP-005748,Credit Card,Success
5749,TRP-005749,Cash,Success
5750,TRP-005750,GoPay,Success
5751,TRP-005751,Credit Card,Success
5752,TRP-005752,GoPay,Success
5753,TRP-005753,Cash,Success
5754,TRP-005754,Credit Card,Success
5755,TRP-005755,Cash,Success
5756,TRP-005756,GoPay,Failed
5757,TRP-005757,GoPay,Success
5758,TRP-005758,Cash,Success
5759,TRP-005759,Cash,Success
5760,TRP-005760,Cash,Success
5761,TRP-005761,GoPay,Failed
5762,TRP-005762,GoPay,Success
5763,TRP-005763,Credit Card,Success
5764,TRP-005764,Credit Card,Failed
5765,TRP-005765,Cash,Success
5766,TRP-005766,Cash,Success
5767,TRP-005767,Cash,Success
5768,TRP-005768,Credit Card,Success
5769,TRP-005769,GoPay,Success
5770,TRP-005770,GoPay,Pending
5771,TRP-005771,Cash,Success
5772,TRP-005772,Cash,Success
5773,TRP-005773,GoPay,Success
5774,TRP-005774,GoPay,Success
5775,TRP-005775,GoPay,Success
5776,TRP-005776,Credit Card,Success
5777,TRP-005777,Cash,Success
5778,TRP-005778,GoPay,Success
5779,TRP-005779,GoPay,Success
5780,TRP-005780,GoPay,Success
5781,TRP-005781,Credit Card,Success
5782,TRP-005782,Cash,Success
5783,TRP-005783,Cash,Success
5784,TRP-005784,Credit Card,Success
5785,TRP-005785,GoPay,Success
5786,TRP-005786,GoPay,Success
5787,TRP-005787,Cash,Success
5788,TRP-005788,Credit Card,Success
5789,TRP-005789,GoPay,Success
5790,TRP-005790,Cash,Success
5791,TRP-005791,GoPay,Success
5792,TRP-005792,Credit Card,Success
5793,TRP-005793,Credit Card,Success
5794,TRP-005794,GoPay,Success
5795,TRP-005795,GoPay,Success
5796,TRP-005796,Cash,Success
5797,TRP-005797,Credit Card,Success
5798,TRP-005798,Cash,Success
5799,TRP-005799,Credit Card,Success
5800,TRP-005800,Credit Card,Success
5801,TRP-005801,GoPay,Success
5802,TRP-005802,Cash,Success
5803,TRP-005803,GoPay,Failed
5804,TRP-005804,Credit Card,Success
5805,TRP-005805,GoPay,Success
5806,TRP-005806,Credit Card,Success
5807,TRP-005807,GoPay,Success
5808,TRP-005808,GoPay,Success
5809,TRP-005809,GoPay,Success
5810,TRP-005810,Cash,Success
5811,TRP-005811,Cash,Success
5812,TRP-005812,Credit Card,Success
5813,TRP-005813,Credit Card,Success
5814,TRP-005814,GoPay,Success
5815,TRP-005815,Credit Card,Failed
5816,TRP-005816,Cash,Success
5817,TRP-005817,Credit Card,Success
5818,TRP-005818,GoPay,Failed
5819,TRP-005819,GoPay,Success
5820,TRP-005820,GoPay,Success
5821,TRP-005821,GoPay,Pending
5822,TRP-005822,Cash,Success
5823,TRP-005823,GoPay,Success
5824,TRP-005824,GoPay,Success
5825,TRP-005825,Cash,Success
5826,TRP-005826,Credit Card,Success
5827,TRP-005827,Cash,Success
5828,TRP-005828,Credit Card,Success
5829,TRP-005829,Cash,Success
5830,TRP-005830,Cash,Success
5831,TRP-005831,GoPay,Success
5832,TRP-005832,GoPay,Success
5833,TRP-005833,Credit Card,Success
5834,TRP-005834,Cash,Success
5835,TRP-005835,GoPay,Failed
5836,TRP-005836,GoPay,Success
5837,TRP-005837,Cash,Failed
5838,TRP-005838,GoPay,Success
5839,TRP-005839,Cash,Failed
5840,TRP-005840,Cash,Success
5841,TRP-005841,Cash,Success
5842,TRP-005842,Credit Card,Success
5843,TRP-005843,Credit Card,Success
5844,TRP-005844,Credit Card,Success
5845,TRP-005845,Cash,Success
5846,TRP-005846,GoPay,Failed
5847,TRP-005847,Credit Card,Success
5848,TRP-005848,Cash,Success
5849,TRP-005849,GoPay,Success
5850,TRP-005850,Cash,Failed
5851,TRP-005851,GoPay,Success
5852,TRP-005852,Credit Card,Success
5853,TRP-005853,Credit Card,Success
5854,TRP-005854,GoPay,Success
5855,TRP-005855,Cash,Success
5856,TRP-005856,Credit Card,Success
5857,TRP-005857,Credit Card,Success
5858,TRP-005858,Cash,Success
5859,TRP-005859,Credit Card,Success
5860,TRP-005860,GoPay,Success
5861,TRP-005861,Cash,Success
5862,TRP-005862,Cash,Success
5863,TRP-005863,Credit Card,Success
5864,TRP-005864,Credit Card,Success
5865,TRP-005865,Cash,Success
5866,TRP-005866,Cash,Success
5867,TRP-005867,Credit Card,Failed
5868,TRP-005868,GoPay,Success
5869,TRP-005869,Cash,Pending
5870,TRP-005870,Cash,Success
5871,TRP-005871,Cash,Success
5872,TRP-005872,Credit Card,Success
5873,TRP-005873,GoPay,Success
5874,TRP-005874,Cash,Success
5875,TRP-005875,Cash,Success
5876,TRP-005876,GoPay,Success
5877,TRP-005877,Credit Card,Failed
5878,TRP-005878,GoPay,Success
5879,TRP-005879,Credit Card,Success
5880,TRP-005880,Cash,Success
5881,TRP-005881,Cash,Success
5882,TRP-005882,GoPay,Failed
5883,TRP-005883,Credit Card,Success
5884,TRP-005884,Credit Card,Failed
5885,TRP-005885,Credit Card,Success
5886,TRP-005886,Credit Card,Success
5887,TRP-005887,Credit Card,Success
5888,TRP-005888,GoPay,Failed
5889,TRP-005889,GoPay,Success
5890,TRP-005890,Credit Card,Success
5891,TRP-005891,Cash,Success
5892,TRP-005892,Cash,Success
5893,TRP-005893,GoPay,Success
5894,TRP-005894,Cash,Success
5895,TRP-005895,Cash,Failed
5896,TRP-005896,Cash,Success
5897,TRP-005897,Credit Card,Success
5898,TRP-005898,Cash,Failed
5899,TRP-005899,Cash,Success
5900,TRP-005900,Credit Card,Pending
5901,TRP-005901,Credit Card,Failed
5902,TRP-005902,Credit Card,Success
5903,TRP-005903,GoPay,Success
5904,TRP-005904,Cash,Success
5905,TRP-005905,Credit Card,Pending
5906,TRP-005906,Credit Card,Pending
5907,TRP-005907,Credit Card,Failed
5908,TRP-005908,GoPay,Pending
5909,TRP-005909,GoPay,Success
5910,TRP-005910,Cash,Success
5911,TRP-005911,GoPay,Success
5912,TRP-005912,Cash,Success
5913,TRP-005913,Credit Card,Success
5914,TRP-005914,GoPay,Success
5915,TRP-005915,Cash,Success
5916,TRP-005916,GoPay,Success
5917,TRP-005917,Credit Card,Success
5918,TRP-005918,GoPay,Success
5919,TRP-005919,Credit Card,Success
5920,TRP-005920,Cash,Success
5921,TRP-005921,Credit Card,Pending
5922,TRP-005922,Credit Card,Success
5923,TRP-005923,Cash,Success
5924,TRP-005924,Credit Card,Success
5925,TRP-005925,Credit Card,Success
5926,TRP-005926,Cash,Success
5927,TRP-005927,Credit Card,Success
5928,TRP-005928,GoPay,Success
5929,TRP-005929,GoPay,Success
5930,TRP-005930,GoPay,Success
5931,TRP-005931,GoPay,Success
5932,TRP-005932,GoPay,Failed
5933,TRP-005933,Cash,Success
5934,TRP-005934,Credit Card,Success
5935,TRP-005935,Cash,Success
5936,TRP-005936,Cash,Success
5937,TRP-005937,GoPay,Success
5938,TRP-005938,GoPay,Pending
5939,TRP-005939,Credit Card,Success
5940,TRP-005940,Credit Card,Success
5941,TRP-005941,Credit Card,Success
5942,TRP-005942,Credit Card,Success
5943,TRP-005943,Cash,Success
5944,TRP-005944,Credit Card,Failed
5945,TRP-005945,GoPay,Success
5946,TRP-005946,Credit Card,Success
5947,TRP-005947,Cash,Pending
5948,TRP-005948,GoPay,Success
5949,TRP-005949,Cash,Success
5950,TRP-005950,Credit Card,Success
5951,TRP-005951,Credit Card,Success
5952,TRP-005952,Cash,Success
5953,TRP-005953,Credit Card,Success
5954,TRP-005954,Credit Card,Success
5955,TRP-005955,GoPay,Success
5956,TRP-005956,Credit Card,Success
5957,TRP-005957,Cash,Success
5958,TRP-005958,Cash,Success
5959,TRP-005959,Cash,Success
5960,TRP-005960,GoPay,Success
5961,TRP-005961,GoPay,Success
5962,TRP-005962,Credit Card,Success
5963,TRP-005963,Credit Card,Success
5964,TRP-005964,Cash,Pending
5965,TRP-005965,Credit Card,Success
5966,TRP-005966,GoPay,Success
5967,TRP-005967,Credit Card,Success
5968,TRP-005968,GoPay,Success
5969,TRP-005969,GoPay,Success
5970,TRP-005970,Cash,Success
5971,TRP-005971,Cash,Success
5972,TRP-005972,GoPay,Success
5973,TRP-005973,GoPay,Success
5974,TRP-005974,GoPay,Success
5975,TRP-005975,GoPay,Success
5976,TRP-005976,Cash,Failed
5977,TRP-005977,GoPay,Success
5978,TRP-005978,Cash,Success
5979,TRP-005979,GoPay,Success
5980,TRP-005980,Cash,Success
5981,TRP-005981,Cash,Success
5982,TRP-005982,Cash,Success
5983,TRP-005983,GoPay,Success
5984,TRP-005984,Cash,Success
5985,TRP-005985,Cash,Success
5986,TRP-005986,GoPay,Success
5987,TRP-005987,GoPay,Pending
5988,TRP-005988,Cash,Success
5989,TRP-005989,Credit Card,Success
5990,TRP-005990,Cash,Failed
5991,TRP-005991,GoPay,Success
5992,TRP-005992,Cash,Success
5993,TRP-005993,Cash,Success
5994,TRP-005994,GoPay,Success
5995,TRP-005995,Credit Card,Success
5996,TRP-005996,Credit Card,Success
5997,TRP-005997,Cash,Success
5998,TRP-005998,Cash,Success
5999,TRP-005999,Credit Card,Success
6000,TRP-006000,GoPay,Success
