raw_trip_id,trip_id,driver_id,user_id,pickup_location_id,dropoff_location_id,pickup_time,dropoff_time,distance_km,duration_minutes,base_fare,surge_multiplier,total_fare,trip_status,payment_method,payment_status
1,TRP-000001,DRV-00187,USR-00321,LOC-0026,LOC-0013,2024-05-14 00:25:52,2024-05-14 00:43:52,2.91,18,127756.99,1.5,191635.49,Completed,Cash,Success
2,TRP-000002,DRV-00338,USR-00645,LOC-0049,LOC-0037,2024-12-03 03:35:38,2024-12-03 05:14:38,8.17,99,131684.38,1.0,131684.38,Completed,GoPay,Success
3,TRP-000003,DRV-00370,USR-00370,LOC-0027,LOC-0003,2024-10-26 08:56:07,2024-10-26 09:07:07,25.63,11,109591.13,1.5,164386.7,Completed,GoPay,Success
4,TRP-000004,DRV-00141,USR-01088,LOC-0026,LOC-0035,2024-08-17 07:44:42,2024-08-17 09:12:42,37.14,88,37532.54,1.5,56298.81,Completed,GoPay,Success
5,TRP-000005,DRV-00322,USR-01977,LOC-0051,LOC-0005,2024-07-03 06:49:27,2024-07-03 08:45:27,35.25,116,140066.78,2.0,280133.56,Completed,GoPay,Failed
6,TRP-000006,DRV-00297,USR-00521,LOC-0026,LOC-0017,2024-01-02 15:56:21,2024-01-02 17:13:21,9.94,77,41052.13,1.75,71841.23,Completed,GoPay,Success
7,TRP-000007,DRV-00488,USR-01501,LOC-0051,LOC-0050,2024-09-05 13:24:55,2024-09-05 15:14:55,12.94,110,94034.3,1.0,94034.3,Failed,GoPay,Success
8,TRP-000008,DRV-00336,USR-00411,LOC-0001,LOC-0045,2024-06-15 19:14:04,2024-06-15 19:34:04,13.82,20,44383.48,1.0,44383.48,Completed,Credit Card,Success
9,TRP-000009,DRV-00392,USR-01909,LOC-0019,LOC-0021,2024-07-29 14:47:04,2024-07-29 16:25:04,22.4,98,19602.57,2.5,49006.43,Cancelled,GoPay,Pending
10,TRP-000010,DRV-00257,USR-01569,LOC-0054,LOC-0050,2024-07-26 14:45:27,2024-07-26 15:54:27,20.92,69,77373.86,1.25,96717.32,Completed,Cash,Success
11,TRP-000011,DRV-00497,USR-01625,LOC-0050,LOC-0006,2024-01-25 15:14:17,2024-01-25 15:44:17,6.69,30,32447.58,1.5,48671.37,Completed,Cash,Pending
12,TRP-000012,DRV-00416,USR-00825,LOC-0014,LOC-0011,2024-03-14 20:16:03,2024-03-14 21:45:03,25.86,89,118284.87,1.5,177427.3,Completed,Credit Card,Success
13,TRP-000013,DRV-00022,USR-00075,LOC-0029,LOC-0013,2024-01-02 10:41:20,2024-01-02 12:04:20,,83,148272.74,2.0,296545.48,Completed,Cash,Success
14,TRP-000014,DRV-00304,USR-00279,LOC-0031,LOC-0033,2024-08-02 23:47:12,2024-08-03 01:07:12,29.31,80,57698.47,1.25,72123.09,Completed,Credit Card,Success
15,TRP-000015,DRV-00071,USR-01426,LOC-0017,LOC-0054,2024-05-27 09:57:10,2024-05-27 10:26:10,11.95,29,128963.18,2.5,322407.95,Failed,Cash,Success
16,TRP-000016,DRV-00477,USR-01076,LOC-0039,LOC-0040,2024-11-26 17:12:24,2024-11-26 17:34:24,15.14,22,23322.02,1.0,23322.02,Completed,GoPay,Success
17,TRP-000017,DRV-00440,USR-00164,LOC-0052,LOC-0046,2024-08-01 04:27:32,2024-08-01 05:50:32,34.94,83,86449.05,2.0,172898.1,Completed,GoPay,Failed
18,TRP-000018,DRV-00036,USR-00194,LOC-0038,LOC-0001,2024-02-11 11:42:56,2024-02-11 12:53:56,2.66,71,123330.08,1.0,123330.08,Completed,GoPay,Success
19,TRP-000019,DRV-00323,USR-01664,LOC-0002,LOC-0032,2024-03-25 19:48:07,2024-03-25 21:31:07,28.62,103,33711.74,2.0,67423.48,Cancelled,Credit Card,Success
20,TRP-000020,DRV-00122,USR-00122,LOC-0028,LOC-0014,2024-08-26 03:58:42,2024-08-26 05:33:42,16.15,95,125503.55,1.0,125503.55,Completed,Credit Card,Success
21,TRP-000021,DRV-00001,USR-00235,LOC-0026,LOC-0039,2024-03-15 05:47:10,2024-03-15 07:32:10,10.86,105,27946.75,1.0,27946.75,Completed,GoPay,Pending
22,TRP-000022,DRV-00495,USR-00447,LOC-0018,LOC-0008,2024-08-11 03:25:28,2024-08-11 03:35:28,26.42,10,110413.11,1.75,193222.94,Completed,GoPay,Success
23,TRP-000023,DRV-00266,USR-01394,LOC-0018,LOC-0030,2024-09-14 12:43:26,2024-09-14 13:18:26,34.45,35,30428.17,1.0,30428.17,Completed,Credit Card,Failed
24,TRP-000024,DRV-00401,USR-01821,LOC-0054,LOC-0004,2024-10-17 14:53:17,2024-10-17 16:01:17,21.45,68,,1.0,,Completed,Cash,Success
25,TRP-000025,DRV-00231,USR-00412,LOC-0045,LOC-0057,2024-04-17 00:55:23,2024-04-17 02:52:23,19.6,117,64683.29,1.0,64683.29,Completed,GoPay,Success
26,TRP-000026,DRV-00370,USR-00760,LOC-0034,LOC-0017,2024-09-24 22:24:26,2024-09-24 22:46:26,11.6,22,102161.13,1.5,153241.7,Completed,GoPay,Success
27,TRP-000027,DRV-00439,USR-01257,LOC-0037,LOC-0053,2024-12-25 00:19:06,2024-12-25 01:36:06,36.95,-10,97852.71,2.5,244631.78,Completed,GoPay,Success
28,TRP-000028,DRV-00218,USR-00515,LOC-0045,LOC-0053,2024-04-15 14:40:44,2024-04-15 16:05:44,8.78,85,66273.51,1.75,115978.64,Completed,Credit Card,Success
29,TRP-000029,DRV-00273,USR-00683,LOC-0032,LOC-0015,2024-06-16 07:33:47,2024-06-16 08:54:47,1.64,81,20677.56,1.25,25846.95,Completed,Cash,Failed
30,TRP-000030,DRV-00070,USR-00453,LOC-0048,LOC-0014,2024-03-25 20:17:32,2024-03-25 21:14:32,4.78,57,45903.92,2.0,91807.84,Completed,Cash,Success
31,TRP-000031,DRV-00307,USR-01100,LOC-0048,LOC-0041,2024-12-30 09:19:34,2024-12-30 11:06:34,10.41,107,76641.75,1.0,76641.75,Completed,Credit Card,Success
32,TRP-000032,DRV-00118,USR-01895,LOC-0037,LOC-0018,2024-01-01 00:51:57,2024-01-01 01:55:57,28.16,64,140851.68,1.5,211277.52,Completed,GoPay,Success
33,TRP-000033,DRV-00376,USR-00368,LOC-0013,LOC-0054,2024-03-22 04:40:56,2024-03-22 05:15:56,6.17,35,74519.72,1.25,93149.65,Completed,GoPay,Success
34,TRP-000034,DRV-00353,USR-00130,LOC-0054,LOC-0011,2024-07-02 23:29:02,2024-07-03 00:27:02,1.3,58,62434.99,1.0,62434.99,Completed,Cash,Success
35,TRP-000035,DRV-00267,USR-01462,LOC-0036,LOC-0045,2024-07-25 04:01:40,2024-07-25 05:26:40,36.06,85,138399.3,2.5,345998.25,Cancelled,GoPay,Success
36,TRP-000036,DRV-00162,USR-00533,LOC-0039,LOC-0014,2024-12-25 16:55:54,2024-12-25 18:38:54,32.13,103,126987.32,1.0,126987.32,Completed,Credit Card,Success
37,TRP-000037,DRV-00439,USR-00232,LOC-0036,LOC-0031,2024-06-02 06:00:15,2024-06-02 07:33:15,23.65,93,113265.72,1.0,113265.72,Completed,Credit Card,Failed
38,TRP-000038,DRV-00043,USR-00695,LOC-0034,LOC-0036,2024-02-06 07:49:25,2024-02-06 08:32:25,11.18,43,86847.04,1.75,151982.32,Completed,Cash,Failed
39,TRP-000039,DRV-00370,USR-01299,LOC-0035,LOC-0006,2024-10-13 12:14:43,2024-10-13 14:01:43,,107,,1.0,,Cancelled,GoPay,Success
40,TRP-000040,DRV-00388,USR-01521,LOC-0052,LOC-0041,2024-08-15 12:25:46,2024-08-15 12:45:46,4.22,20,36659.08,2.0,73318.16,Completed,Credit Card,Success
41,TRP-000041,DRV-00059,USR-01628,LOC-0033,LOC-0043,2024-04-22 13:42:27,2024-04-22 15:28:27,12.39,106,32298.42,1.0,32298.42,Completed,Credit Card,Success
42,TRP-000042,DRV-00404,USR-00087,LOC-0021,LOC-0026,2024-07-01 02:13:33,2024-07-01 02:28:33,20.78,15,75423.79,1.0,75423.79,Completed,Credit Card,Success
43,TRP-000043,DRV-00289,USR-00252,LOC-0016,LOC-0028,2024-02-27 23:19:32,2024-02-28 01:11:32,11.51,112,41898.27,1.0,41898.27,Completed,Cash,Success
44,TRP-000044,DRV-00124,USR-00841,LOC-0039,LOC-0056,2024-08-26 12:50:27,2024-08-26 14:11:27,18.94,81,59710.79,2.5,149276.98,Completed,Credit Card,Pending
45,TRP-000045,DRV-00130,USR-01710,LOC-0034,LOC-0008,2024-12-11 17:18:42,2024-12-11 18:39:42,36.69,81,113390.87,1.0,113390.87,Completed,Credit Card,Success
46,TRP-000046,DRV-00033,USR-00819,LOC-0018,LOC-0016,2024-03-01 03:24:30,2024-03-01 05:00:30,3.56,96,107530.24,1.25,134412.8,Completed,GoPay,Success
47,TRP-000047,DRV-00067,USR-00755,LOC-0047,LOC-0048,2024-11-24 04:20:23,2024-11-24 05:37:23,17.8,77,24573.0,2.5,61432.5,Completed,Cash,Failed
48,TRP-000048,DRV-00444,USR-01789,LOC-0003,LOC-0013,2024-06-05 14:50:03,2024-06-05 16:40:03,9.93,110,104605.13,1.0,104605.13,Completed,Cash,Success
49,TRP-000049,DRV-00263,USR-01180,LOC-0053,LOC-0034,2024-07-15 04:57:27,2024-07-15 05:09:27,31.11,12,112309.21,1.0,112309.21,Completed,Credit Card,Success
50,TRP-000050,DRV-00175,USR-00077,LOC-0019,LOC-0045,2024-09-05 04:40:09,2024-09-05 04:57:09,39.73,17,50792.67,1.0,50792.67,Completed,Cash,Success
51,TRP-000051,DRV-00047,USR-00194,LOC-0046,LOC-0039,2024-06-25 14:31:13,2024-06-25 15:48:13,19.19,77,133003.51,1.0,133003.51,Completed,GoPay,Success
52,TRP-000051,DRV-00047,USR-00194,LOC-0046,LOC-0039,2024-06-25 14:31:13,2024-06-25 15:48:13,19.19,77,133003.51,1.0,133003.51,Completed,GoPay,Success
53,TRP-000052,DRV-00209,USR-01751,LOC-0003,LOC-0048,2024-01-30 20:12:23,2024-01-30 20:32:23,36.81,20,95662.52,1.0,95662.52,Completed,Cash,Pending
54,TRP-000052,DRV-00209,USR-01751,LOC-0003,LOC-0048,2024-01-30 20:12:23,2024-01-30 20:32:23,36.81,20,95662.52,1.0,95662.52,Completed,Cash,Pending
55,TRP-000053,DRV-00467,USR-00379,LOC-0014,LOC-0054,2024-01-11 07:38:36,2024-01-11 09:31:36,2.15,113,,1.5,,Completed,GoPay,Success
56,TRP-000054,DRV-00422,USR-01221,LOC-0008,LOC-0048,2024-12-18 14:35:05,2024-12-18 15:38:05,36.75,63,133519.38,1.25,166899.23,Completed,Credit Card,Success
57,TRP-000055,DRV-00147,USR-00223,LOC-0035,LOC-0019,2024-03-28 17:01:10,2024-03-28 17:40:10,16.48,39,76828.56,1.75,134449.98,Completed,Cash,Success
58,TRP-000056,DRV-00173,USR-00857,LOC-0005,LOC-0007,2024-04-09 02:08:43,2024-04-09 02:22:43,28.12,14,130018.82,1.0,130018.82,Completed,Cash,Pending
59,TRP-000057,DRV-00495,USR-01620,LOC-0048,LOC-0003,2024-07-20 16:35:33,2024-07-20 18:13:33,4.74,98,114488.01,1.0,114488.01,Cancelled,GoPay,Pending
60,TRP-000058,DRV-00391,USR-00056,LOC-0025,LOC-0010,2024-09-22 23:48:22,2024-09-23 00:56:22,3.83,68,141643.29,1.0,141643.29,Failed,GoPay,Success
61,TRP-000059,DRV-00249,USR-00870,LOC-0049,LOC-0036,2024-09-07 03:55:18,2024-09-07 04:23:18,25.23,28,147748.78,1.75,258560.36,Completed,GoPay,Success
62,TRP-000060,DRV-00442,USR-01367,LOC-0036,LOC-0049,2024-12-13 02:07:10,2024-12-13 03:24:10,6.32,-10,16456.88,1.0,16456.88,Completed,Credit Card,Success
63,TRP-000061,DRV-00034,USR-01646,LOC-0019,LOC-0020,2024-08-10 22:52:59,2024-08-10 23:25:59,37.46,33,110051.39,1.0,110051.39,Completed,GoPay,Success
64,TRP-000062,DRV-00337,USR-00608,LOC-0054,LOC-0036,2024-09-06 05:32:13,2024-09-06 06:59:13,30.62,87,114442.66,1.25,143053.33,Completed,Cash,Success
65,TRP-000063,DRV-00290,USR-00211,LOC-0019,LOC-0002,2024-10-26 22:21:11,2024-10-26 23:35:11,35.61,74,89727.41,1.5,134591.11,Cancelled,GoPay,Failed
66,TRP-000064,DRV-00289,USR-01147,LOC-0004,LOC-0028,2024-08-29 15:29:27,2024-08-29 17:08:27,1.9,99,88107.2,1.0,88107.2,Completed,Cash,Success
67,TRP-000065,DRV-00267,USR-01243,LOC-0015,LOC-0022,2024-09-17 06:13:07,2024-09-17 07:47:07,24.49,94,,3.5,,Failed,GoPay,Success
68,TRP-000066,DRV-00061,USR-00292,LOC-0045,LOC-0037,2024-08-24 21:40:38,2024-08-24 22:45:38,14.31,65,86895.31,1.75,152066.79,Completed,Credit Card,Success
69,TRP-000067,DRV-00323,USR-00150,LOC-0054,LOC-0014,2024-01-06 19:11:11,2024-01-06 20:32:11,19.8,81,69633.53,1.25,87041.91,Completed,GoPay,Success
70,TRP-000068,DRV-00205,USR-01109,LOC-0010,LOC-0017,2024-08-16 04:56:00,2024-08-16 06:47:00,31.15,111,0.0,1.0,0.0,Cancelled,GoPay,Success
71,TRP-000069,DRV-00200,USR-00129,LOC-0004,LOC-0009,2024-11-19 18:44:34,2024-11-19 20:31:34,16.1,107,38288.21,1.0,38288.21,Completed,Credit Card,Success
72,TRP-000070,DRV-00151,USR-01290,LOC-0039,LOC-0005,2024-11-29 03:37:07,2024-11-29 05:21:07,13.53,104,73439.17,1.5,110158.76,Cancelled,Credit Card,Success
73,TRP-000071,DRV-00009,USR-01835,LOC-0032,LOC-0029,2024-06-20 22:12:57,2024-06-20 23:38:57,11.98,86,32723.72,0.5,49085.58,Completed,GoPay,Success
74,TRP-000072,DRV-00321,USR-01692,LOC-0031,LOC-0025,2024-12-24 11:49:22,2024-12-24 12:05:22,39.3,16,89158.99,2.0,178317.98,Completed,Cash,Success
75,TRP-000073,DRV-00068,USR-01955,LOC-0021,LOC-0024,2024-10-04 15:31:37,2024-10-04 16:02:37,8.9,31,138214.71,1.0,138214.71,Completed,GoPay,Success
76,TRP-000074,DRV-00113,USR-01537,LOC-0028,LOC-0016,2024-11-16 11:07:02,2024-11-16 12:22:02,39.2,75,54485.83,1.0,54485.83,Completed,Cash,Success
77,TRP-000075,DRV-00087,USR-01771,LOC-0038,LOC-0021,2024-01-19 13:23:39,2024-01-19 13:51:39,34.7,28,51162.31,1.0,51162.31,Cancelled,Cash,Success
78,TRP-000076,DRV-00073,USR-01854,LOC-0030,LOC-0049,2024-11-03 04:03:55,2024-11-03 05:16:55,27.02,73,33844.55,1.0,33844.55,Completed,GoPay,Success
79,TRP-000077,DRV-00499,USR-00860,LOC-0011,LOC-0038,2024-07-31 02:15:16,2024-07-31 03:08:16,29.65,53,78782.82,1.5,118174.23,Completed,GoPay,Success
80,TRP-000078,DRV-00164,USR-00837,LOC-0002,LOC-0023,2024-03-29 21:34:47,2024-03-29 22:57:47,30.26,83,144367.43,1.0,144367.43,Completed,Credit Card,Success
81,TRP-000079,DRV-00255,USR-00484,LOC-0026,LOC-0035,2024-10-29 21:03:47,2024-10-29 22:56:47,6.72,113,120936.56,1.0,120936.56,Completed,Credit Card,Success
82,TRP-000080,DRV-00448,USR-01351,LOC-0024,LOC-0001,2024-10-28 20:50:09,2024-10-28 21:42:09,22.02,52,72619.53,1.0,72619.53,Completed,Credit Card,Success
83,TRP-000081,DRV-00234,USR-01547,LOC-0039,LOC-0003,2024-08-04 12:31:22,2024-08-04 13:56:22,21.84,85,,1.0,,Completed,Credit Card,Success
84,TRP-000081,DRV-00234,USR-01547,LOC-0039,LOC-0003,2024-08-04 12:31:22,2024-08-04 13:56:22,21.84,85,,1.0,,Completed,Credit Card,Success
85,TRP-000082,DRV-00310,USR-01417,LOC-0047,LOC-0015,2024-09-14 05:12:35,2024-09-14 07:09:35,22.15,117,146501.31,1.25,183126.64,Completed,Credit Card,Pending
86,TRP-000083,DRV-00044,USR-00581,LOC-0023,LOC-0030,2024-08-31 03:21:23,2024-08-31 04:40:23,20.79,79,144740.2,1.5,217110.3,Completed,Credit Card,Success
87,TRP-000084,DRV-00337,USR-00383,LOC-0002,LOC-0041,2024-06-24 13:00:18,2024-06-24 13:45:18,15.84,45,20918.86,1.25,26148.58,Completed,Credit Card,Pending
88,TRP-000085,DRV-00368,USR-01732,LOC-0010,LOC-0055,2024-11-19 22:15:52,2024-11-19 22:41:52,13.48,26,,1.0,,Completed,Credit Card,Success
89,TRP-000086,DRV-00453,USR-00062,LOC-0043,LOC-0057,2024-05-19 22:46:23,2024-05-20 00:32:23,39.78,106,63331.49,1.25,79164.36,Completed,Credit Card,Success
90,TRP-000087,DRV-00094,USR-01914,LOC-0034,LOC-0026,2024-06-27 21:54:10,2024-06-27 23:19:10,16.37,85,29649.58,1.75,51886.76,Completed,GoPay,Success
91,TRP-000088,DRV-00444,USR-01927,LOC-0013,LOC-0036,2024-12-16 02:45:20,2024-12-16 04:08:20,37.45,83,57626.05,1.0,57626.05,Completed,Credit Card,Failed
92,TRP-000089,DRV-00496,USR-01179,LOC-0011,LOC-0027,2024-08-16 19:02:09,2024-08-16 19:40:09,34.87,38,41117.86,1.0,41117.86,failed,Cash,Success
93,TRP-000090,DRV-00490,USR-00792,LOC-0055,LOC-0036,2024-05-05 23:24:24,2024-05-05 23:36:24,24.79,12,115838.31,1.5,173757.46,Completed,Cash,Success
94,TRP-000091,DRV-00058,USR-01872,LOC-0031,LOC-0040,2024-07-07 01:31:43,2024-07-07 02:02:43,2.83,31,83015.96,1.5,124523.94,Completed,Cash,Success
95,TRP-000092,DRV-00104,USR-00220,LOC-0014,LOC-0048,2024-03-08 09:13:38,2024-03-08 10:09:38,25.16,0,40025.46,1.0,40025.46,Completed,Credit Card,Success
96,TRP-000093,DRV-00330,USR-01644,LOC-0007,LOC-0020,2024-10-25 22:40:38,2024-10-26 00:31:38,4.4,111,118686.72,1.0,118686.72,Completed,Credit Card,Pending
97,TRP-000094,DRV-00140,USR-00740,LOC-0009,LOC-0017,2024-11-24 01:11:42,2024-11-24 02:26:42,21.54,75,129903.48,1.0,129903.48,Completed,GoPay,Pending
98,TRP-000095,DRV-00213,USR-01623,LOC-0049,LOC-0029,2024-07-28 07:03:03,2024-07-28 08:09:03,11.9,66,130762.98,1.0,130762.98,Completed,Credit Card,Success
99,TRP-000096,DRV-00163,USR-01614,LOC-0046,LOC-0055,2024-08-26 07:36:44,2024-08-26 08:22:44,7.93,46,28045.56,2.0,56091.12,Cancelled,GoPay,Success
100,TRP-000097,DRV-00191,USR-01310,LOC-0015,LOC-0039,2024-09-08 09:38:47,2024-09-08 10:17:47,3.84,39,0.0,1.25,0.0,Cancelled,GoPay,Success
101,TRP-000098,DRV-00285,USR-01512,LOC-0012,LOC-0045,2024-02-08 23:30:37,2024-02-09 00:16:37,12.83,46,129157.1,1.0,129157.1,Completed,Credit Card,Success
102,TRP-000099,DRV-00404,USR-00904,LOC-0047,LOC-0019,2024-09-06 18:33:05,2024-09-06 19:35:05,6.84,62,10891.15,1.0,10891.15,Completed,Credit Card,Success
103,TRP-000100,DRV-00414,USR-01672,LOC-0007,LOC-0049,2024-02-21 22:24:52,2024-02-21 22:58:52,33.62,-10,27681.36,1.25,34601.7,Cancelled,Credit Card,Success
104,TRP-000101,DRV-00105,USR-01470,LOC-0036,LOC-0030,2024-05-13 23:41:57,2024-05-13 23:54:57,21.77,13,117370.9,1.0,117370.9,Completed,Credit Card,Success
105,TRP-000102,DRV-00248,USR-00278,LOC-0025,LOC-0010,2024-12-01 01:17:54,2024-12-01 02:40:54,37.74,83,55560.79,1.25,69450.99,Completed,Credit Card,Success
106,TRP-000103,DRV-00492,USR-00248,LOC-0042,LOC-0031,2024-03-09 04:14:06,2024-03-09 04:32:06,18.83,18,40109.59,1.0,40109.59,Completed,GoPay,Failed
107,TRP-000104,DRV-00291,USR-01863,LOC-0040,LOC-0014,2024-10-14 18:34:12,2024-10-14 19:36:12,35.38,62,143747.88,1.5,215621.82,Completed,Credit Card,Failed
108,TRP-000105,DRV-00494,USR-00501,LOC-0051,LOC-0037,2024-11-28 07:41:33,2024-11-28 09:00:33,8.92,79,87832.18,1.0,87832.18,Completed,Cash,Success
109,TRP-000105,DRV-00494,USR-00501,LOC-0051,LOC-0037,2024-11-28 07:41:33,2024-11-28 09:00:33,8.92,79,87832.18,1.0,87832.18,Completed,Cash,Success
110,TRP-000106,DRV-00171,USR-00535,LOC-0056,LOC-0017,2024-08-12 07:42:19,2024-08-12 09:35:19,38.17,113,0.0,1.5,0.0,Completed,Cash,Success
111,TRP-000107,DRV-00342,USR-01846,LOC-0039,LOC-0030,2024-10-22 01:20:33,2024-10-22 02:37:33,36.52,77,110627.05,1.0,110627.05,Completed,Cash,Success
112,TRP-000108,DRV-00069,USR-01625,LOC-0024,LOC-0027,2024-10-10 04:39:55,2024-10-10 06:30:55,29.32,111,17600.69,1.0,17600.69,Completed,GoPay,Success
113,TRP-000109,DRV-00179,USR-01401,LOC-0014,LOC-0046,2024-10-14 09:07:26,2024-10-14 10:49:26,28.49,102,62107.0,1.0,62107.0,Completed,Credit Card,Success
114,TRP-000109,DRV-00179,USR-01401,LOC-0014,LOC-0046,2024-10-14 09:07:26,2024-10-14 10:49:26,28.49,102,62107.0,1.0,62107.0,Completed,Credit Card,Success
115,TRP-000110,DRV-00155,USR-00484,LOC-0025,LOC-0043,2024-02-01 20:23:14,2024-02-01 22:17:14,23.33,114,121194.82,1.0,121194.82,COMPLETED,Cash,Success
116,TRP-000111,DRV-00086,USR-01596,LOC-0047,LOC-0038,2024-10-17 23:46:47,2024-10-18 00:40:47,26.9,54,22946.51,1.0,22946.51,Completed,Credit Card,Success
117,TRP-000112,DRV-00256,USR-00191,LOC-0039,LOC-0008,2024-02-26 09:12:48,2024-02-26 10:12:48,2.89,60,31130.44,1.0,31130.44,Completed,GoPay,Failed
118,TRP-000113,DRV-00345,USR-00183,LOC-0008,LOC-0009,2024-05-28 13:55:23,2024-05-28 14:56:23,5.08,61,137859.94,1.0,137859.94,Completed,GoPay,Success
119,TRP-000114,DRV-00374,USR-00439,LOC-0003,LOC-0020,2024-08-10 02:20:37,2024-08-10 02:54:37,17.83,34,57223.85,1.0,57223.85,Completed,Cash,Success
120,TRP-000115,DRV-00012,USR-01618,LOC-0036,LOC-0045,2024-06-02 07:39:02,2024-06-02 09:09:02,21.47,90,139070.06,1.75,243372.6,Completed,Cash,Pending
121,TRP-000116,DRV-00496,USR-00717,LOC-0047,LOC-0025,2024-11-22 02:04:06,2024-11-22 03:55:06,3.57,111,113895.69,1.25,142369.61,Cancelled,GoPay,Success
122,TRP-000117,DRV-00233,USR-00243,LOC-0010,LOC-0019,2024-03-15 01:58:43,2024-03-15 03:02:43,,64,86957.3,1.0,86957.3,Completed,GoPay,Success
123,TRP-000118,DRV-00217,USR-00253,LOC-0024,LOC-0041,2024-03-03 21:31:09,2024-03-03 22:42:09,10.0,71,79279.99,1.0,79279.99,Completed,GoPay,Success
124,TRP-000119,DRV-00272,USR-01332,LOC-0007,LOC-0023,2024-05-04 01:21:05,2024-05-04 02:04:05,38.16,43,32203.78,1.75,56356.61,Completed,GoPay,Success
125,TRP-000120,DRV-00255,USR-01156,LOC-0050,LOC-0041,2024-06-24 08:02:20,2024-06-24 08:59:20,17.5,57,120157.54,1.25,150196.92,Completed,Credit Card,Success
126,TRP-000121,DRV-00429,USR-01660,LOC-0017,LOC-0031,2024-06-17 14:53:46,2024-06-17 15:03:46,5.31,10,87691.8,1.5,131537.7,Completed,Credit Card,Success
127,TRP-000122,DRV-00483,USR-00185,LOC-0032,LOC-0011,2024-06-13 14:09:05,2024-06-13 15:25:05,2.66,76,11838.06,1.0,11838.06,Completed,Cash,Success
128,TRP-000123,DRV-00022,USR-00837,LOC-0029,LOC-0007,2024-04-05 17:34:28,2024-04-05 17:50:28,19.02,16,42086.46,1.0,42086.46,Completed,Cash,Success
129,TRP-000123,DRV-00022,USR-00837,LOC-0029,LOC-0007,2024-04-05 17:34:28,2024-04-05 17:50:28,19.02,16,42086.46,1.0,42086.46,Completed,Cash,Success
130,TRP-000124,DRV-00290,USR-00892,LOC-0012,LOC-0024,2024-07-25 11:43:32,2024-07-25 13:43:32,21.6,120,59746.69,1.0,59746.69,Completed,Cash,Success
131,TRP-000125,DRV-00081,USR-01685,LOC-0052,LOC-0029,2024-12-24 01:22:34,2024-12-24 02:04:34,33.69,42,134549.11,1.0,134549.11,Completed,Cash,Success
132,TRP-000126,DRV-00218,USR-00206,LOC-0020,LOC-0023,2024-08-31 10:33:01,2024-08-31 11:58:01,1.97,85,0.0,1.0,0.0,Completed,Cash,Success
133,TRP-000127,DRV-00035,USR-01681,LOC-0046,LOC-0037,2024-10-21 02:25:42,2024-10-21 04:04:42,34.46,99,98350.44,1.0,98350.44,Completed,GoPay,Success
134,TRP-000128,DRV-00332,USR-01701,LOC-0039,LOC-0054,2024-07-11 23:29:52,2024-07-12 00:29:52,31.55,60,84086.31,1.0,84086.31,Completed,GoPay,Success
135,TRP-000129,DRV-00196,USR-01957,LOC-0007,LOC-0011,2024-03-24 23:54:32,2024-03-25 01:06:32,12.18,72,16874.58,1.0,16874.58,Completed,GoPay,Success
136,TRP-000130,DRV-00292,USR-01868,LOC-0008,LOC-0041,2024-06-22 05:39:17,2024-06-22 07:32:17,1.57,113,109608.16,2.0,219216.32,Completed,Cash,Success
137,TRP-000131,DRV-00055,USR-00183,LOC-0027,LOC-0004,2024-11-22 14:56:38,2024-11-22 15:26:38,26.77,30,102296.94,1.25,127871.18,Completed,Cash,Success
138,TRP-000132,DRV-00293,USR-01051,LOC-0039,LOC-0033,2024-12-09 16:20:27,2024-12-09 18:09:27,23.8,109,136116.54,1.75,238203.95,Completed,Cash,Pending
139,TRP-000133,DRV-00436,USR-00145,LOC-0035,LOC-0026,2024-12-13 06:12:31,2024-12-13 06:55:31,12.86,43,29353.69,1.5,44030.53,Completed,Cash,Success
140,TRP-000134,DRV-00032,USR-01663,LOC-0002,LOC-0018,2024-07-28 18:03:00,2024-07-28 18:18:00,17.33,15,54827.74,1.25,68534.68,Cancelled,GoPay,Success
141,TRP-000135,DRV-00457,USR-01024,LOC-0044,LOC-0054,2024-08-17 07:12:21,2024-08-17 07:56:21,31.87,44,93986.24,1.0,93986.24,Cancelled,GoPay,Success
142,TRP-000136,DRV-00302,USR-00727,LOC-0015,LOC-0047,2024-02-15 19:02:16,2024-02-15 19:45:16,36.28,43,22381.18,1.25,27976.47,Completed,Cash,Success
143,TRP-000137,DRV-00171,USR-01481,LOC-0025,LOC-0023,2024-02-11 13:23:42,2024-02-11 15:12:42,37.31,109,91344.72,1.75,159853.26,Completed,Credit Card,Success
144,TRP-000138,DRV-00280,USR-00510,LOC-0047,LOC-0017,2024-12-29 08:01:07,2024-12-29 09:29:07,17.74,88,47190.26,1.0,47190.26,Completed,Cash,Success
145,TRP-000139,DRV-00209,USR-00564,LOC-0035,LOC-0036,2024-02-18 13:37:20,2024-02-18 13:47:20,20.6,10,90341.85,1.5,135512.78,Completed,Credit Card,Success
146,TRP-000140,DRV-00386,USR-01080,LOC-0029,LOC-0040,2024-08-11 14:22:52,2024-08-11 14:40:52,17.57,18,97253.47,1.0,97253.47,Completed,GoPay,Pending
147,TRP-000141,DRV-00084,USR-01681,LOC-0056,LOC-0014,2024-10-04 13:48:39,2024-10-04 14:50:39,5.21,62,39868.13,1.5,59802.19,Cancelled,Cash,Success
148,TRP-000142,DRV-00466,USR-00340,LOC-0024,LOC-0018,2024-10-18 10:56:51,2024-10-18 11:44:51,20.33,48,46705.58,1.25,58381.98,Completed,Credit Card,Success
149,TRP-000143,DRV-00248,USR-01837,LOC-0048,LOC-0005,2024-10-26 23:17:18,2024-10-27 00:33:18,5.94,76,0.0,1.0,0.0,Completed,Credit Card,Success
150,TRP-000144,DRV-00227,USR-00555,LOC-0027,LOC-0035,2024-11-25 05:59:02,2024-11-25 06:22:02,31.7,23,127562.85,1.25,159453.56,Cancelled,Credit Card,Success
151,TRP-000145,DRV-00357,USR-01267,LOC-0036,LOC-0029,2024-05-01 00:28:10,2024-05-01 01:42:10,15.87,74,53729.04,1.75,94025.82,Completed,Cash,Success
152,TRP-000146,DRV-00433,USR-01408,LOC-0050,LOC-0031,2024-05-20 07:42:35,2024-05-20 08:23:35,28.18,41,63408.59,1.25,79260.74,Completed,GoPay,Success
153,TRP-000147,DRV-00216,USR-00644,LOC-0016,LOC-0028,2024-10-02 11:40:58,2024-10-02 13:12:58,,92,,1.0,,Completed,GoPay,Success
154,TRP-000148,DRV-00129,USR-00367,LOC-0004,LOC-0020,2024-12-23 11:45:38,2024-12-23 12:43:38,39.95,58,105537.18,1.0,105537.18,Cancelled,Credit Card,Success
155,TRP-000149,DRV-00162,USR-00868,LOC-0056,LOC-0024,2024-07-09 07:24:14,2024-07-09 09:10:14,18.28,106,85252.51,1.0,85252.51,Completed,Cash,Success
156,TRP-000150,DRV-00133,USR-01637,LOC-0026,LOC-0025,2024-10-31 04:41:25,2024-10-31 05:07:25,34.32,26,35805.55,5.0,35805.55,Completed,GoPay,Success
157,TRP-000151,DRV-00090,USR-00312,LOC-0019,LOC-0012,2024-10-22 22:41:44,2024-10-23 00:33:44,18.63,112,145006.76,1.0,145006.76,Completed,Cash,Success
158,TRP-000152,DRV-00191,USR-01866,LOC-0055,LOC-0033,2024-11-12 15:00:42,2024-11-12 15:42:42,21.8,42,82389.73,1.0,82389.73,Completed,Credit Card,Success
159,TRP-000153,DRV-00089,USR-01184,LOC-0039,LOC-0023,2024-06-21 11:12:11,2024-06-21 13:02:11,35.99,110,140337.95,1.0,140337.95,Completed,Credit Card,Success
160,TRP-000154,DRV-00271,USR-00515,LOC-0015,LOC-0049,2024-10-22 01:07:25,2024-10-22 02:18:25,14.34,71,70211.72,1.25,87764.65,Completed,Credit Card,Success
161,TRP-000155,DRV-00064,USR-01376,LOC-0036,LOC-0046,2024-10-18 17:29:29,2024-10-18 18:08:29,20.64,39,133010.99,1.0,133010.99,Completed,Cash,Success
162,TRP-000156,DRV-00101,USR-01732,LOC-0057,LOC-0005,2024-02-13 06:21:26,2024-02-13 06:48:26,37.83,27,31582.94,1.5,47374.41,Completed,Credit Card,Success
163,TRP-000157,DRV-00397,USR-00816,LOC-0049,LOC-0014,2024-04-04 07:57:24,2024-04-04 09:32:24,12.45,95,99812.19,1.5,149718.29,Completed,GoPay,Success
164,TRP-000157,DRV-00397,USR-00816,LOC-0049,LOC-0014,2024-04-04 07:57:24,2024-04-04 09:32:24,12.45,95,99812.19,1.5,149718.29,Completed,GoPay,Success
165,TRP-000158,DRV-00278,USR-00125,LOC-0052,LOC-0056,2024-01-27 03:00:58,2024-01-27 04:27:58,31.58,87,144724.27,1.75,253267.47,Completed,Credit Card,Success
166,TRP-000159,DRV-00320,USR-01831,LOC-0015,LOC-0023,2024-11-25 05:47:36,2024-11-25 06:26:36,35.36,39,11654.14,1.75,20394.74,Cancelled,Credit Card,Success
167,TRP-000160,DRV-00177,USR-00353,LOC-0018,LOC-0017,2024-04-08 19:07:02,2024-04-08 20:42:02,38.26,95,46631.39,1.0,46631.39,Cancelled,GoPay,Success
168,TRP-000161,DRV-00329,USR-01406,LOC-0042,LOC-0050,2024-12-19 13:03:40,2024-12-19 14:55:40,29.32,112,54869.8,1.25,68587.25,Completed,Credit Card,Success
169,TRP-000162,DRV-00301,USR-01081,LOC-0033,LOC-0051,2024-03-01 04:44:16,2024-03-01 06:31:16,27.93,107,18528.92,2.5,46322.3,Completed,Credit Card,Success
170,TRP-000163,DRV-00442,USR-01493,LOC-0039,LOC-0035,2024-10-17 09:03:34,2024-10-17 10:01:34,28.71,58,34504.14,1.0,34504.14,Completed,Credit Card,Success
171,TRP-000164,DRV-00338,USR-01126,LOC-0032,LOC-0002,2024-06-01 04:44:46,2024-06-01 06:38:46,7.13,114,133418.89,1.0,133418.89,Completed,Credit Card,Failed
172,TRP-000165,DRV-00090,USR-01821,LOC-0001,LOC-0003,2024-01-25 11:29:21,2024-01-25 13:07:21,21.36,98,74583.28,1.0,74583.28,Completed,GoPay,Success
173,TRP-000165,DRV-00090,USR-01821,LOC-0001,LOC-0003,2024-01-25 11:29:21,2024-01-25 13:07:21,21.36,98,74583.28,1.0,74583.28,Completed,GoPay,Success
174,TRP-000166,DRV-00043,USR-01675,LOC-0019,LOC-0013,2024-05-24 17:32:55,2024-05-24 18:31:55,32.08,59,50426.94,2.0,100853.88,Completed,Credit Card,Success
175,TRP-000167,DRV-00401,USR-01539,LOC-0050,LOC-0056,2024-08-01 17:27:39,2024-08-01 18:59:39,6.39,92,54080.66,5.0,54080.66,Failed,Cash,Success
176,TRP-000167,DRV-00401,USR-01539,LOC-0050,LOC-0056,2024-08-01 17:27:39,2024-08-01 18:59:39,6.39,92,54080.66,5.0,54080.66,Failed,Cash,Success
177,TRP-000168,DRV-00419,USR-01671,LOC-0018,LOC-0023,2024-10-15 05:45:14,2024-10-15 07:10:14,15.79,85,126772.76,5.0,126772.76,Cancelled,GoPay,Success
178,TRP-000169,DRV-00045,USR-01452,LOC-0006,LOC-0047,2024-11-22 12:06:38,2024-11-22 12:44:38,39.48,38,10221.99,1.0,10221.99,CANCELLED,Cash,Success
179,TRP-000170,DRV-00221,USR-00860,LOC-0036,LOC-0013,2024-04-24 06:09:10,2024-04-24 07:29:10,6.49,80,,1.25,,Completed,GoPay,Success
180,TRP-000171,DRV-00242,USR-01084,LOC-0044,LOC-0043,2024-09-05 21:02:59,2024-09-05 22:14:59,31.48,72,20170.7,1.0,20170.7,Cancelled,Cash,Success
181,TRP-000171,DRV-00242,USR-01084,LOC-0044,LOC-0043,2024-09-05 21:02:59,2024-09-05 22:14:59,31.48,72,20170.7,1.0,20170.7,Cancelled,Cash,Success
182,TRP-000172,DRV-00045,USR-00272,LOC-0028,LOC-0046,2024-10-23 17:00:03,2024-10-23 17:55:03,18.73,55,144874.92,1.0,144874.92,Completed,GoPay,Success
183,TRP-000173,DRV-00482,USR-00150,LOC-0051,LOC-0030,2024-05-20 06:41:32,2024-05-20 07:33:32,20.91,52,146012.16,1.0,146012.16,Completed,Cash,Success
184,TRP-000174,DRV-00428,USR-01321,LOC-0036,LOC-0010,2024-04-18 20:52:23,2024-04-18 21:13:23,24.73,21,92910.89,2.0,185821.78,Completed,GoPay,Success
185,TRP-000175,DRV-00453,USR-00542,LOC-0047,LOC-0048,2024-05-22 07:28:51,2024-05-22 08:12:51,36.73,44,24733.01,1.25,30916.26,Completed,Cash,Success
186,TRP-000176,DRV-00188,USR-01018,LOC-0054,LOC-0001,2024-10-02 20:32:15,2024-10-02 21:55:15,1.7,83,112804.43,1.0,112804.43,Completed,Credit Card,Failed
187,TRP-000177,DRV-00091,USR-01031,LOC-0011,LOC-0037,2024-08-25 07:10:48,2024-08-25 08:01:48,35.61,51,133967.03,1.0,133967.03,Completed,Cash,Success
188,TRP-000178,DRV-00215,USR-00149,LOC-0025,LOC-0036,2024-12-24 22:07:51,2024-12-24 23:58:51,31.12,111,10874.58,0.8,10874.58,Completed,Credit Card,Success
189,TRP-000179,DRV-00056,USR-01672,LOC-0043,LOC-0006,2024-05-02 07:51:28,2024-05-02 08:24:28,17.67,33,114654.41,1.0,114654.41,Completed,Cash,Success
190,TRP-000179,DRV-00056,USR-01672,LOC-0043,LOC-0006,2024-05-02 07:51:28,2024-05-02 08:24:28,17.67,33,114654.41,1.0,114654.41,Completed,Cash,Success
191,TRP-000180,DRV-00490,USR-00991,LOC-0017,LOC-0046,2024-11-18 07:56:50,2024-11-18 09:29:50,4.38,93,80585.2,1.5,120877.8,Completed,Cash,Success
192,TRP-000181,DRV-00440,USR-00845,LOC-0023,LOC-0009,2024-08-19 03:27:37,2024-08-19 04:09:37,11.88,42,76110.44,1.0,76110.44,Cancelled,GoPay,Pending
193,TRP-000182,DRV-00462,USR-01579,LOC-0047,LOC-0051,2024-01-28 11:11:18,2024-01-28 11:25:18,11.05,14,16356.55,1.0,16356.55,Completed,Credit Card,Success
194,TRP-000183,DRV-00132,USR-01074,LOC-0049,LOC-0054,2024-04-03 23:11:55,2024-04-04 00:04:55,34.98,53,31193.75,1.0,31193.75,Completed,Cash,Pending
195,TRP-000184,DRV-00154,USR-01907,LOC-0035,LOC-0033,2024-03-16 19:41:36,2024-03-16 21:01:36,12.84,80,34762.74,1.5,52144.11,Completed,Credit Card,Pending
196,TRP-000185,DRV-00361,USR-00103,LOC-0026,LOC-0024,2024-06-23 08:50:58,2024-06-23 10:19:58,14.09,89,21208.63,2.5,53021.58,Completed,Credit Card,Success
197,TRP-000186,DRV-00359,USR-00634,LOC-0047,LOC-0002,2024-09-15 16:20:16,2024-09-15 17:46:16,4.97,-5,42699.94,2.0,85399.88,Failed,Cash,Success
198,TRP-000187,DRV-00200,USR-00111,LOC-0044,LOC-0046,2024-03-09 19:08:07,2024-03-09 19:39:07,25.72,31,66857.21,0.5,83571.51,Cancelled,Cash,Success
199,TRP-000188,DRV-00462,USR-00643,LOC-0051,LOC-0052,2024-12-15 13:31:10,2024-12-15 14:53:10,14.94,82,144677.05,1.0,144677.05,Cancelled,Credit Card,Failed
200,TRP-000189,DRV-00336,USR-01406,LOC-0044,LOC-0038,2024-04-10 19:55:26,2024-04-10 21:01:26,25.71,66,96468.93,1.0,96468.93,Completed,Cash,Success
201,TRP-000190,DRV-00346,USR-00750,LOC-0042,LOC-0002,2024-12-20 18:01:13,2024-12-20 18:40:13,26.99,0,126092.7,1.0,126092.7,Failed,Cash,Pending
202,TRP-000191,DRV-00065,USR-01921,LOC-0003,LOC-0015,2024-06-15 09:03:15,2024-06-15 09:18:15,20.75,15,107822.16,1.5,161733.24,Completed,Credit Card,Success
203,TRP-000192,DRV-00280,USR-00736,LOC-0023,LOC-0050,2024-10-18 06:54:18,2024-10-18 07:35:18,36.46,41,106043.46,1.0,106043.46,Completed,Cash,Success
204,TRP-000193,DRV-00468,USR-01862,LOC-0053,LOC-0036,2024-01-23 19:57:38,2024-01-23 20:16:38,22.32,19,110398.04,1.0,110398.04,Completed,Credit Card,Failed
205,TRP-000194,DRV-00435,USR-00592,LOC-0020,LOC-0039,2024-09-28 10:07:12,2024-09-28 11:04:12,,-5,12871.57,1.0,12871.57,Completed,GoPay,Success
206,TRP-000195,DRV-00461,USR-00802,LOC-0012,LOC-0020,2024-02-11 01:49:40,2024-02-11 02:57:40,21.95,68,35727.84,1.0,35727.84,Completed,Credit Card,Success
207,TRP-000195,DRV-00461,USR-00802,LOC-0012,LOC-0020,2024-02-11 01:49:40,2024-02-11 02:57:40,21.95,68,35727.84,1.0,35727.84,Completed,Credit Card,Success
208,TRP-000196,DRV-00021,USR-01318,LOC-0027,LOC-0055,2024-09-19 19:55:28,2024-09-19 20:10:28,14.89,15,10786.6,1.5,16179.9,Completed,Cash,Success
209,TRP-000197,DRV-00475,USR-00014,LOC-0019,LOC-0045,2024-05-09 21:52:31,2024-05-09 23:00:31,14.03,68,132704.02,1.25,165880.02,Completed,Credit Card,Success
210,TRP-000198,DRV-00024,USR-00473,LOC-0054,LOC-0016,2024-06-11 18:06:40,2024-06-11 19:41:40,32.36,95,35085.33,1.0,35085.33,Completed,Cash,Success
211,TRP-000198,DRV-00024,USR-00473,LOC-0054,LOC-0016,2024-06-11 18:06:40,2024-06-11 19:41:40,32.36,95,35085.33,1.0,35085.33,Completed,Cash,Success
212,TRP-000199,DRV-00228,USR-00235,LOC-0006,LOC-0053,2024-05-13 16:39:48,2024-05-13 18:36:48,7.32,117,109917.2,1.25,137396.5,Completed,Cash,Success
213,TRP-000200,DRV-00064,USR-01070,LOC-0037,LOC-0032,2024-10-07 16:53:07,2024-10-07 17:03:07,27.77,10,89176.07,1.0,89176.07,Completed,Credit Card,Success
214,TRP-000201,DRV-00499,USR-00964,LOC-0011,LOC-0047,2024-09-25 06:05:16,2024-09-25 06:27:16,15.89,22,82346.96,1.5,123520.44,Completed,Cash,Failed
215,TRP-000202,DRV-00080,USR-01042,LOC-0038,LOC-0031,2024-12-15 05:17:18,2024-12-15 05:49:18,32.34,32,48655.54,0.8,121638.85,Completed,GoPay,Success
216,TRP-000203,DRV-00275,USR-00262,LOC-0041,LOC-0055,2024-03-29 19:03:53,2024-03-29 19:30:53,26.84,27,31768.19,1.0,31768.19,Completed,Cash,Pending
217,TRP-000204,DRV-00490,USR-00738,LOC-0037,LOC-0040,2024-10-02 22:42:52,2024-10-02 23:17:52,28.34,35,104237.68,1.5,156356.52,Completed,GoPay,Success
218,TRP-000205,DRV-00255,USR-00736,LOC-0055,LOC-0009,2024-09-27 02:05:16,2024-09-27 02:28:16,10.5,23,110499.33,0.5,110499.33,Completed,GoPay,Success
219,TRP-000206,DRV-00119,USR-01915,LOC-0054,LOC-0029,2024-06-26 10:47:05,2024-06-26 11:55:05,14.88,68,136433.07,1.0,136433.07,Completed,GoPay,Success
220,TRP-000207,DRV-00038,USR-00962,LOC-0020,LOC-0026,2024-12-02 00:08:49,2024-12-02 01:35:49,2.59,87,142284.64,1.25,177855.8,Failed,GoPay,Success
221,TRP-000208,DRV-00084,USR-00309,LOC-0037,LOC-0006,2024-11-07 06:08:02,2024-11-07 06:43:02,37.62,35,68771.94,1.0,68771.94,Completed,Cash,Success
222,TRP-000209,DRV-00197,USR-00479,LOC-0045,LOC-0026,2024-12-27 02:56:16,2024-12-27 03:25:16,4.28,29,81700.3,1.0,81700.3,Completed,Cash,Success
223,TRP-000210,DRV-00157,USR-01239,LOC-0050,LOC-0013,2024-10-05 13:31:54,2024-10-05 14:09:54,23.13,38,58130.59,1.0,58130.59,Completed,GoPay,Success
224,TRP-000211,DRV-00111,USR-01610,LOC-0027,LOC-0044,2024-02-23 09:05:03,2024-02-23 11:01:03,29.81,116,141717.37,1.25,177146.71,Completed,Credit Card,Success
225,TRP-000212,DRV-00487,USR-01408,LOC-0040,LOC-0007,2024-10-14 08:25:01,2024-10-14 09:54:01,37.28,89,30652.65,1.0,30652.65,Completed,Credit Card,Success
226,TRP-000213,DRV-00495,USR-01972,LOC-0019,LOC-0031,2024-03-13 11:47:16,2024-03-13 12:43:16,27.0,56,61053.87,1.0,61053.87,Completed,GoPay,Pending
227,TRP-000214,DRV-00015,USR-00766,LOC-0047,LOC-0018,2024-05-23 14:44:18,2024-05-23 16:44:18,19.21,120,111886.99,2.0,223773.98,Completed,Cash,Success
228,TRP-000215,DRV-00470,USR-01302,LOC-0022,LOC-0013,2024-05-20 00:02:04,2024-05-20 00:42:04,18.03,40,89004.47,2.5,222511.17,Completed,Cash,Pending
229,TRP-000216,DRV-00176,USR-00585,LOC-0024,LOC-0002,2024-07-26 23:05:42,2024-07-27 00:44:42,36.42,99,90176.11,2.0,180352.22,Cancelled,Cash,Success
230,TRP-000217,DRV-00155,USR-01730,LOC-0029,LOC-0012,2024-02-13 19:45:38,2024-02-13 21:44:38,36.98,119,11896.47,1.75,20818.82,Completed,GoPay,Success
231,TRP-000218,DRV-00489,USR-00543,LOC-0042,LOC-0035,2024-08-14 14:48:42,2024-08-14 15:23:42,10.66,35,135616.49,2.0,271232.98,Cancelled,Cash,Success
232,TRP-000219,DRV-00054,USR-01969,LOC-0044,LOC-0002,2024-01-12 15:30:19,2024-01-12 16:48:19,26.18,78,112321.89,1.0,112321.89,Completed,Cash,Failed
233,TRP-000220,DRV-00081,USR-00429,LOC-0024,LOC-0054,2024-09-12 12:27:33,2024-09-12 13:12:33,29.83,45,34670.55,1.75,60673.46,Completed,Cash,Success
234,TRP-000221,DRV-00332,USR-01913,LOC-0053,LOC-0044,2024-01-10 19:57:12,2024-01-10 21:35:12,21.63,98,121528.57,1.75,212675.0,Cancelled,GoPay,Failed
235,TRP-000221,DRV-00332,USR-01913,LOC-0053,LOC-0044,2024-01-10 19:57:12,2024-01-10 21:35:12,21.63,98,121528.57,1.75,212675.0,Cancelled,GoPay,Failed
236,TRP-000222,DRV-00143,USR-01866,LOC-0004,LOC-0043,2024-11-17 08:03:58,2024-11-17 08:18:58,37.08,15,98101.97,1.0,98101.97,Completed,Cash,Pending
237,TRP-000222,DRV-00143,USR-01866,LOC-0004,LOC-0043,2024-11-17 08:03:58,2024-11-17 08:18:58,37.08,15,98101.97,1.0,98101.97,Completed,Cash,Pending
238,TRP-000223,DRV-00078,USR-00991,LOC-0055,LOC-0044,2024-03-10 04:46:15,2024-03-10 06:29:15,,103,53286.43,1.0,53286.43,Completed,GoPay,Success
239,TRP-000224,DRV-00271,USR-01651,LOC-0041,LOC-0046,2024-02-03 17:27:01,2024-02-03 18:40:01,39.74,73,137180.64,1.0,137180.64,Completed,Credit Card,Success
240,TRP-000225,DRV-00324,USR-01753,LOC-0032,LOC-0052,2024-04-05 14:06:34,2024-04-05 15:00:34,5.99,54,62294.05,1.25,77867.56,Cancelled,Credit Card,Success
241,TRP-000226,DRV-00458,USR-01070,LOC-0039,LOC-0040,2024-03-08 16:39:10,2024-03-08 16:49:10,12.21,10,129400.97,1.25,161751.21,Cancelled,GoPay,Success
242,TRP-000227,DRV-00026,USR-01129,LOC-0030,LOC-0003,2024-07-17 15:03:56,2024-07-17 15:36:56,16.17,33,0.0,2.0,0.0,Completed,GoPay,Success
243,TRP-000228,DRV-00422,USR-01134,LOC-0015,LOC-0037,2024-09-20 05:16:57,2024-09-20 06:37:57,25.65,81,35603.9,1.0,35603.9,Cancelled,Credit Card,Success
244,TRP-000229,DRV-00227,USR-01544,LOC-0017,LOC-0009,2024-02-26 08:52:59,2024-02-26 09:28:59,39.21,36,144984.14,2.5,362460.35,Failed,GoPay,Pending
245,TRP-000230,DRV-00344,USR-01758,LOC-0048,LOC-0037,2024-02-29 22:01:18,2024-02-29 23:42:18,32.81,101,148713.74,1.25,185892.17,Completed,Credit Card,Pending
246,TRP-000231,DRV-00461,USR-00798,LOC-0016,LOC-0055,2024-12-14 09:28:26,2024-12-14 10:59:26,31.82,91,77030.38,1.5,115545.57,Cancelled ,Credit Card,Success
247,TRP-000232,DRV-00287,USR-01946,LOC-0020,LOC-0051,2024-02-17 09:21:08,2024-02-17 10:54:08,22.91,93,30789.6,1.75,53881.8,Completed,Cash,Success
248,TRP-000233,DRV-00198,USR-00130,LOC-0021,LOC-0048,2024-04-17 12:25:05,2024-04-17 14:16:05,19.57,111,60614.5,1.0,60614.5,Completed,GoPay,Pending
249,TRP-000234,DRV-00176,USR-00676,LOC-0028,LOC-0018,2024-01-07 13:35:04,2024-01-07 14:57:04,37.4,82,22785.36,1.5,34178.04,Completed,GoPay,Success
250,TRP-000234,DRV-00176,USR-00676,LOC-0028,LOC-0018,2024-01-07 13:35:04,2024-01-07 14:57:04,37.4,82,22785.36,1.5,34178.04,Completed,GoPay,Success
251,TRP-000235,DRV-00087,USR-00891,LOC-0011,LOC-0044,2024-01-06 18:57:40,2024-01-06 19:16:40,25.29,19,101284.06,1.0,101284.06,Completed,GoPay,Success
252,TRP-000236,DRV-00291,USR-01326,LOC-0030,LOC-0026,2024-01-15 02:40:23,2024-01-15 04:02:23,38.24,82,76439.31,1.0,76439.31,Completed,Cash,Success
253,TRP-000237,DRV-00174,USR-01425,LOC-0037,LOC-0034,2024-07-26 16:22:21,2024-07-26 17:51:21,19.53,89,86257.53,1.0,86257.53,Cancelled,GoPay,Pending
254,TRP-000238,DRV-00169,USR-00633,LOC-0013,LOC-0002,2024-07-18 00:47:31,2024-07-18 02:23:31,29.28,96,90950.58,1.0,90950.58,Completed,GoPay,Success
255,TRP-000239,DRV-00289,USR-01311,LOC-0030,LOC-0053,2024-12-23 22:30:05,2024-12-23 23:16:05,19.72,46,109535.3,1.0,109535.3,Completed,Credit Card,Success
256,TRP-000240,DRV-00159,USR-01813,LOC-0006,LOC-0028,2024-11-12 23:40:55,2024-11-13 00:15:55,16.04,35,58658.22,1.25,73322.77,Completed,Cash,Success
257,TRP-000241,DRV-00290,USR-00874,LOC-0040,LOC-0012,2024-06-29 08:33:01,2024-06-29 09:39:01,4.08,66,133582.47,1.25,166978.09,Completed,Credit Card,Success
258,TRP-000242,DRV-00083,USR-01084,LOC-0011,LOC-0031,2024-06-09 14:20:12,2024-06-09 15:56:12,9.05,96,51959.35,2.5,129898.38,Cancelled,Credit Card,Success
259,TRP-000243,DRV-00337,USR-00891,LOC-0016,LOC-0021,2024-05-08 07:37:18,2024-05-08 09:23:18,11.21,106,136157.72,2.0,272315.44,Completed,Cash,Success
260,TRP-000244,DRV-00312,USR-00497,LOC-0054,LOC-0046,2024-11-29 02:34:30,2024-11-29 03:17:30,11.76,43,73124.66,1.0,73124.66,Cancelled,Cash,Success
261,TRP-000245,DRV-00216,USR-00263,LOC-0039,LOC-0048,2024-07-04 06:13:24,2024-07-04 07:55:24,37.47,102,148365.8,1.25,185457.25,Completed,Credit Card,Success
262,TRP-000246,DRV-00032,USR-01416,LOC-0012,LOC-0008,2024-11-30 03:42:26,2024-11-30 04:53:26,30.71,71,77050.23,1.0,77050.23,Cancelled,Cash,Success
263,TRP-000247,DRV-00126,USR-00021,LOC-0003,LOC-0021,2024-04-18 00:25:51,2024-04-18 01:47:51,17.88,82,,2.0,,Completed,Credit Card,Success
264,TRP-000248,DRV-00443,USR-00946,LOC-0022,LOC-0056,2024-06-01 19:31:15,2024-06-01 21:31:15,14.89,120,108977.03,1.0,108977.03,Completed,Cash,Success
265,TRP-000249,DRV-00484,USR-00141,LOC-0017,LOC-0047,2024-05-20 00:04:05,2024-05-20 01:24:05,12.64,80,46312.49,1.0,46312.49,Completed,GoPay,Success
266,TRP-000250,DRV-00478,USR-01374,LOC-0048,LOC-0009,2024-01-14 00:06:25,2024-01-14 02:05:25,,119,53403.83,1.0,53403.83,Completed,GoPay,Success
267,TRP-000251,DRV-00203,USR-01601,LOC-0053,LOC-0035,2024-11-18 19:17:59,2024-11-18 19:30:59,2.27,13,120805.76,2.5,302014.4,Completed,Credit Card,Success
268,TRP-000252,DRV-00332,USR-01358,LOC-0032,LOC-0029,2024-12-11 08:35:01,2024-12-11 09:21:01,3.51,46,46889.43,2.5,117223.57,Completed,Cash,Success
269,TRP-000253,DRV-00144,USR-00865,LOC-0026,LOC-0022,2024-03-11 08:39:51,2024-03-11 09:46:51,30.31,-10,112176.58,1.5,168264.87,Completed,GoPay,Success
270,TRP-000254,DRV-00111,USR-00419,LOC-0057,LOC-0001,2024-03-30 05:09:45,2024-03-30 05:21:45,9.56,12,45509.44,1.0,45509.44,Completed,Credit Card,Success
271,TRP-000255,DRV-00313,USR-01250,LOC-0023,LOC-0050,2024-11-12 01:27:07,2024-11-12 02:17:07,10.72,50,114774.99,1.0,114774.99,Completed,GoPay,Success
272,TRP-000256,DRV-00015,USR-00444,LOC-0018,LOC-0047,2024-12-22 11:26:46,2024-12-22 13:17:46,6.14,111,0.0,1.0,0.0,Completed,Credit Card,Success
273,TRP-000257,DRV-00150,USR-00107,LOC-0057,LOC-0024,2024-01-23 17:09:48,2024-01-23 18:15:48,32.76,66,111109.73,2.0,222219.46,Completed,Credit Card,Success
274,TRP-000258,DRV-00055,USR-01275,LOC-0051,LOC-0055,2024-08-21 07:07:05,2024-08-21 09:07:05,8.13,120,46919.35,1.0,46919.35,Completed,GoPay,Success
275,TRP-000259,DRV-00080,USR-00649,LOC-0039,LOC-0003,2024-11-07 17:22:29,2024-11-07 18:46:29,31.5,84,58053.9,1.0,58053.9,Completed,Credit Card,Success
276,TRP-000260,DRV-00040,USR-01627,LOC-0012,LOC-0007,2024-02-20 11:36:05,2024-02-20 11:56:05,4.35,20,16600.48,1.0,16600.48,Failed,GoPay,Success
277,TRP-000261,DRV-00461,USR-00152,LOC-0030,LOC-0056,2024-01-20 05:13:19,2024-01-20 07:13:19,33.15,120,50788.73,1.0,50788.73,Completed,GoPay,Success
278,TRP-000262,DRV-00460,USR-01566,LOC-0008,LOC-0033,2024-02-09 14:55:46,2024-02-09 15:27:46,7.84,32,136744.25,2.0,273488.5,Completed,GoPay,Success
279,TRP-000263,DRV-00165,USR-01404,LOC-0052,LOC-0017,2024-08-17 13:28:32,2024-08-17 15:00:32,15.92,92,144135.96,2.0,288271.92,Completed,GoPay,Success
280,TRP-000264,DRV-00431,USR-01063,LOC-0032,LOC-0034,2024-08-20 17:08:17,2024-08-20 18:32:17,36.98,84,11644.1,1.0,11644.1,Cancelled,GoPay,Failed
281,TRP-000265,DRV-00350,USR-00918,LOC-0032,LOC-0017,2024-08-30 07:18:01,2024-08-30 08:57:01,36.25,99,65616.53,1.25,82020.66,Completed,Credit Card,Success
282,TRP-000266,DRV-00291,USR-00315,LOC-0002,LOC-0028,2024-02-01 06:48:43,2024-02-01 07:49:43,14.62,61,21720.09,1.5,32580.14,Completed,Credit Card,Success
283,TRP-000267,DRV-00211,USR-00448,LOC-0003,LOC-0011,2024-08-17 16:21:46,2024-08-17 17:11:46,13.32,50,103077.67,1.25,128847.09,Completed,GoPay,Success
284,TRP-000268,DRV-00022,USR-00884,LOC-0025,LOC-0005,2024-05-10 04:31:07,2024-05-10 06:05:07,11.11,94,82012.09,1.25,102515.11,Completed,GoPay,Success
285,TRP-000269,DRV-00115,USR-01443,LOC-0055,LOC-0011,2024-01-25 22:41:19,2024-01-26 00:35:19,26.05,114,34749.23,1.0,34749.23,Cancelled,GoPay,Success
286,TRP-000270,DRV-00279,USR-00855,LOC-0035,LOC-0032,2024-06-04 21:54:36,2024-06-04 22:42:36,35.85,48,24557.37,1.25,30696.71,failed,Cash,Success
287,TRP-000271,DRV-00476,USR-01030,LOC-0032,LOC-0029,2024-09-04 21:12:34,2024-09-04 22:29:34,19.74,77,126467.16,1.0,126467.16,Completed,Cash,Success
288,TRP-000272,DRV-00152,USR-01349,LOC-0012,LOC-0008,2024-08-25 02:24:44,2024-08-25 02:52:44,28.88,28,71056.62,1.0,71056.62,Completed,GoPay,Success
289,TRP-000273,DRV-00249,USR-01921,LOC-0033,LOC-0038,2024-10-27 00:05:15,2024-10-27 02:05:15,28.3,120,25668.33,1.0,25668.33,Completed,GoPay,Success
290,TRP-000274,DRV-00358,USR-00408,LOC-0008,LOC-0049,2024-08-01 10:12:10,2024-08-01 10:24:10,3.22,12,132525.67,1.0,132525.67,Completed,Credit Card,Success
291,TRP-000275,DRV-00097,USR-01788,LOC-0007,LOC-0001,2024-05-04 23:04:17,2024-05-05 00:34:17,,90,123345.84,1.0,123345.84,Cancelled,GoPay,Success
292,TRP-000276,DRV-00290,USR-01572,LOC-0040,LOC-0004,2024-01-24 03:53:49,2024-01-24 05:00:49,16.53,67,107650.91,1.0,107650.91,Completed,Cash,Pending
293,TRP-000277,DRV-00345,USR-01618,LOC-0057,LOC-0014,2024-03-24 07:11:35,2024-03-24 09:05:35,19.86,114,136017.96,1.0,136017.96,Completed,GoPay,Failed
294,TRP-000278,DRV-00283,USR-00625,LOC-0050,LOC-0007,2024-01-01 07:38:50,2024-01-01 07:57:50,8.41,19,102935.36,1.5,154403.04,Completed,GoPay,Success
295,TRP-000279,DRV-00308,USR-01492,LOC-0055,LOC-0005,2024-07-24 04:37:31,2024-07-24 05:48:31,13.69,71,141305.38,1.5,211958.07,Completed,Cash,Pending
296,TRP-000280,DRV-00004,USR-01301,LOC-0035,LOC-0034,2024-02-09 00:16:21,2024-02-09 02:15:21,26.51,119,47296.15,1.5,70944.23,Completed,Cash,Success
297,TRP-000281,DRV-00274,USR-01318,LOC-0016,LOC-0036,2024-09-26 01:10:09,2024-09-26 01:58:09,14.65,48,79647.0,1.5,119470.5,Completed,Credit Card,Success
298,TRP-000282,DRV-00446,USR-00725,LOC-0037,LOC-0055,2024-02-06 14:00:54,2024-02-06 14:27:54,13.62,27,38579.6,1.25,48224.5,Completed,GoPay,Success
299,TRP-000283,DRV-00297,USR-01765,LOC-0039,LOC-0002,2024-06-21 20:11:00,2024-06-21 20:55:00,25.47,44,29980.71,1.25,37475.89,Completed,Cash,Success
300,TRP-000284,DRV-00349,USR-01020,LOC-0017,LOC-0037,2024-05-16 16:20:58,2024-05-16 17:57:58,25.09,97,89937.0,1.0,89937.0,Completed,Credit Card,Success
301,TRP-000285,DRV-00323,USR-00704,LOC-0014,LOC-0027,2024-10-11 16:45:53,2024-10-11 18:09:53,21.92,84,84650.52,2.5,211626.3,Completed,Credit Card,Success
302,TRP-000286,DRV-00168,USR-01977,LOC-0011,LOC-0008,2024-11-20 13:14:06,2024-11-20 13:28:06,7.4,14,,1.0,,Completed,Cash,Success
303,TRP-000287,DRV-00114,USR-00002,LOC-0036,LOC-0035,2024-08-10 13:59:59,2024-08-10 15:20:59,8.41,81,103201.56,1.0,103201.56,Completed,Credit Card,Success
304,TRP-000288,DRV-00213,USR-01773,LOC-0016,LOC-0001,2024-02-28 00:17:51,2024-02-28 01:24:51,31.74,67,138127.8,1.0,138127.8,Completed,Credit Card,Success
305,TRP-000289,DRV-00467,USR-01983,LOC-0023,LOC-0026,2024-04-23 16:56:35,2024-04-23 17:18:35,22.76,22,117415.58,1.0,117415.58,Completed,Credit Card,Success
306,TRP-000290,DRV-00335,USR-00243,LOC-0034,LOC-0031,2024-03-03 21:54:26,2024-03-03 22:57:26,35.25,63,122510.42,1.0,122510.42,Completed,GoPay,Success
307,TRP-000291,DRV-00305,USR-01922,LOC-0003,LOC-0027,2024-07-06 22:43:19,2024-07-06 23:28:19,26.95,45,143656.9,1.25,179571.12,Cancelled,Cash,Success
308,TRP-000292,DRV-00447,USR-00979,LOC-0009,LOC-0022,2024-12-28 02:57:37,2024-12-28 04:01:37,30.96,64,35793.15,1.75,62638.01,Completed,GoPay,Success
309,TRP-000293,DRV-00200,USR-00622,LOC-0035,LOC-0019,2024-09-22 22:11:10,2024-09-23 00:01:10,13.7,110,93620.28,1.25,117025.35,Completed,GoPay,Success
310,TRP-000294,DRV-00179,USR-00447,LOC-0007,LOC-0012,2024-09-29 10:36:37,2024-09-29 12:32:37,34.61,116,93430.49,1.0,93430.49,Completed,GoPay,Success
311,TRP-000295,DRV-00325,USR-01987,LOC-0030,LOC-0033,2024-03-01 23:50:22,2024-03-02 00:54:22,31.12,64,85050.04,1.0,85050.04,Completed,Cash,Success
312,TRP-000296,DRV-00072,USR-01460,LOC-0055,LOC-0021,2024-02-09 09:08:45,2024-02-09 10:09:45,5.51,61,80329.99,1.0,80329.99,Completed,Cash,Success
313,TRP-000297,DRV-00158,USR-00552,LOC-0031,LOC-0015,2024-10-23 23:23:16,2024-10-24 00:19:16,25.91,56,59927.08,1.0,59927.08,Completed,Credit Card,Success
314,TRP-000298,DRV-00293,USR-00941,LOC-0013,LOC-0018,2024-04-22 09:15:47,2024-04-22 11:13:47,36.15,118,38444.43,1.0,38444.43,Completed,Credit Card,Success
315,TRP-000299,DRV-00267,USR-01881,LOC-0039,LOC-0012,2024-06-14 21:05:03,2024-06-14 21:19:03,21.01,0,80843.86,1.75,141476.76,Cancelled,Credit Card,Success
316,TRP-000300,DRV-00093,USR-00251,LOC-0029,LOC-0046,2024-04-28 17:36:21,2024-04-28 18:38:21,13.74,62,102525.14,2.0,205050.28,Completed,Cash,Success
317,TRP-000301,DRV-00143,USR-01781,LOC-0025,LOC-0033,2024-02-04 00:41:57,2024-02-04 02:25:57,19.69,104,113922.95,2.0,227845.9,Completed,Cash,Success
318,TRP-000302,DRV-00323,USR-01626,LOC-0028,LOC-0017,2024-12-17 20:51:36,2024-12-17 21:44:36,3.05,53,92255.87,1.25,115319.84,Completed,GoPay,Success
319,TRP-000303,DRV-00363,USR-00698,LOC-0011,LOC-0007,2024-09-30 12:17:18,2024-09-30 12:37:18,22.07,20,67343.83,1.0,67343.83,Cancelled,GoPay,Success
320,TRP-000304,DRV-00315,USR-01484,LOC-0030,LOC-0039,2024-05-23 23:17:15,2024-05-24 00:23:15,7.66,66,137517.41,1.0,137517.41,Completed,Cash,Success
321,TRP-000305,DRV-00074,USR-00147,LOC-0029,LOC-0049,2024-08-14 17:28:31,2024-08-14 18:37:31,29.51,69,95288.38,1.75,166754.67,Cancelled,GoPay,Success
322,TRP-000305,DRV-00074,USR-00147,LOC-0029,LOC-0049,2024-08-14 17:28:31,2024-08-14 18:37:31,29.51,69,95288.38,1.75,166754.67,Cancelled,GoPay,Success
323,TRP-000306,DRV-00169,USR-01538,LOC-0038,LOC-0034,2024-04-26 05:12:00,2024-04-26 05:55:00,37.09,43,123523.93,1.5,185285.89,Completed,GoPay,Success
324,TRP-000307,DRV-00016,USR-00430,LOC-0034,LOC-0033,2024-05-12 17:03:07,2024-05-12 18:49:07,17.94,106,85092.65,1.5,127638.97,Completed,Credit Card,Pending
325,TRP-000307,DRV-00016,USR-00430,LOC-0034,LOC-0033,2024-05-12 17:03:07,2024-05-12 18:49:07,17.94,106,85092.65,1.5,127638.97,Completed,Credit Card,Pending
326,TRP-000308,DRV-00408,USR-01265,LOC-0043,LOC-0057,2024-11-23 15:56:51,2024-11-23 17:38:51,23.34,102,128429.24,1.75,224751.17,Completed,Credit Card,Success
327,TRP-000309,DRV-00322,USR-01698,LOC-0043,LOC-0021,2024-10-16 03:22:08,2024-10-16 04:36:08,22.0,0,12893.45,1.5,19340.18,Failed,GoPay,Success
328,TRP-000310,DRV-00041,USR-00022,LOC-0016,LOC-0056,2024-07-25 20:32:54,2024-07-25 20:58:54,34.26,26,147866.24,1.0,147866.24,Completed,Cash,Success
329,TRP-000311,DRV-00258,USR-01469,LOC-0008,LOC-0003,2024-04-20 01:32:43,2024-04-20 02:23:43,3.38,51,28988.06,1.0,28988.06,Completed,Cash,Success
330,TRP-000312,DRV-00041,USR-00445,LOC-0045,LOC-0023,2024-07-16 22:20:51,2024-07-17 00:02:51,,102,89568.99,1.0,89568.99,Completed,Credit Card,Success
331,TRP-000313,DRV-00325,USR-01958,LOC-0019,LOC-0030,2024-09-15 12:23:34,2024-09-15 13:04:34,4.35,41,56803.72,1.0,56803.72,Completed,Credit Card,Success
332,TRP-000314,DRV-00022,USR-01352,LOC-0009,LOC-0055,2024-07-16 07:26:40,2024-07-16 08:06:40,19.39,40,0.0,1.0,0.0,Completed,Credit Card,Success
333,TRP-000315,DRV-00131,USR-00526,LOC-0005,LOC-0054,2024-09-30 17:10:08,2024-09-30 18:47:08,17.08,97,14894.67,1.0,14894.67,Failed,Cash,Pending
334,TRP-000316,DRV-00022,USR-01998,LOC-0024,LOC-0008,2024-01-15 13:16:39,2024-01-15 13:50:39,27.1,34,86560.81,1.0,86560.81,Failed,GoPay,Success
335,TRP-000317,DRV-00139,USR-00929,LOC-0008,LOC-0035,2024-10-20 04:54:12,2024-10-20 06:18:12,9.97,84,54378.39,1.0,54378.39,Completed,Cash,Success
336,TRP-000318,DRV-00355,USR-01884,LOC-0001,LOC-0038,2024-03-08 11:00:18,2024-03-08 11:32:18,20.72,32,116894.39,1.0,116894.39,Completed,Cash,Success
337,TRP-000319,DRV-00384,USR-01829,LOC-0030,LOC-0009,2024-11-24 11:58:14,2024-11-24 13:10:14,5.81,72,47223.49,1.0,47223.49,Completed,Cash,Success
338,TRP-000320,DRV-00393,USR-01698,LOC-0003,LOC-0014,2024-04-28 11:25:45,2024-04-28 12:01:45,24.04,36,116400.94,2.0,232801.88,Completed,GoPay,Success
339,TRP-000321,DRV-00231,USR-00029,LOC-0054,LOC-0017,2024-02-06 14:52:31,2024-02-06 15:31:31,28.98,39,94706.0,1.25,118382.5,Completed,Cash,Success
340,TRP-000322,DRV-00086,USR-01987,LOC-0003,LOC-0018,2024-01-27 08:07:44,2024-01-27 09:40:44,34.05,93,0.0,1.0,0.0,Completed,GoPay,Success
341,TRP-000323,DRV-00354,USR-01212,LOC-0054,LOC-0046,2024-04-15 16:15:43,2024-04-15 16:37:43,23.04,22,32338.54,1.0,32338.54,Completed,Credit Card,Success
342,TRP-000324,DRV-00279,USR-01950,LOC-0030,LOC-0002,2024-08-16 02:47:39,2024-08-16 04:30:39,29.68,103,76453.72,1.5,114680.58,Failed,Credit Card,Success
343,TRP-000324,DRV-00279,USR-01950,LOC-0030,LOC-0002,2024-08-16 02:47:39,2024-08-16 04:30:39,29.68,103,76453.72,1.5,114680.58,Failed,Credit Card,Success
344,TRP-000325,DRV-00427,USR-01823,LOC-0045,LOC-0042,2024-09-18 12:59:57,2024-09-18 13:36:57,7.72,37,23955.03,1.0,23955.03,Completed,GoPay,Success
345,TRP-000326,DRV-00356,USR-01337,LOC-0011,LOC-0004,2024-12-28 19:50:31,2024-12-28 20:19:31,31.38,29,14451.65,1.0,14451.65,Completed,Cash,Failed
346,TRP-000326,DRV-00356,USR-01337,LOC-0011,LOC-0004,2024-12-28 19:50:31,2024-12-28 20:19:31,31.38,29,14451.65,1.0,14451.65,Completed,Cash,Failed
347,TRP-000327,DRV-00239,USR-00975,LOC-0039,LOC-0021,2024-01-12 15:51:14,2024-01-12 16:08:14,4.74,17,44075.3,1.0,44075.3,Completed,GoPay,Success
348,TRP-000328,DRV-00056,USR-00419,LOC-0035,LOC-0054,2024-05-27 20:08:44,2024-05-27 21:30:44,2.61,82,81304.25,1.75,142282.44,Completed,Cash,Success
349,TRP-000329,DRV-00058,USR-01016,LOC-0008,LOC-0038,2024-03-05 22:15:59,2024-03-05 23:35:59,32.5,80,145017.83,1.0,145017.83,Completed,Cash,Success
350,TRP-000330,DRV-00068,USR-00377,LOC-0024,LOC-0010,2024-02-06 01:21:33,2024-02-06 02:53:33,16.5,92,30169.9,1.0,30169.9,Cancelled,Cash,Success
351,TRP-000331,DRV-00409,USR-01726,LOC-0031,LOC-0012,2024-05-25 22:58:02,2024-05-26 00:26:02,1.88,88,104416.41,1.0,104416.41,Completed,Cash,Success
352,TRP-000331,DRV-00409,USR-01726,LOC-0031,LOC-0012,2024-05-25 22:58:02,2024-05-26 00:26:02,1.88,88,104416.41,1.0,104416.41,Completed,Cash,Success
353,TRP-000332,DRV-00497,USR-01387,LOC-0009,LOC-0019,2024-05-13 23:08:00,2024-05-14 01:03:00,27.99,115,91808.46,1.0,91808.46,Completed,GoPay,Success
354,TRP-000333,DRV-00277,USR-01804,LOC-0026,LOC-0050,2024-09-30 01:32:28,2024-09-30 02:18:28,29.57,46,122326.72,1.75,214071.76,Completed,Credit Card,Success
355,TRP-000334,DRV-00257,USR-01077,LOC-0018,LOC-0021,2024-06-26 03:57:59,2024-06-26 04:40:59,1.92,43,114888.2,1.0,114888.2,Completed,GoPay,Pending
356,TRP-000334,DRV-00257,USR-01077,LOC-0018,LOC-0021,2024-06-26 03:57:59,2024-06-26 04:40:59,1.92,43,114888.2,1.0,114888.2,Completed,GoPay,Pending
357,TRP-000335,DRV-00207,USR-01170,LOC-0048,LOC-0047,2024-10-23 17:50:49,2024-10-23 19:07:49,37.4,77,117594.89,2.0,235189.78,Completed,Credit Card,Pending
358,TRP-000336,DRV-00230,USR-01935,LOC-0003,LOC-0034,2024-03-02 06:03:36,2024-03-02 06:28:36,9.74,25,145164.99,1.0,145164.99,Completed,GoPay,Success
359,TRP-000337,DRV-00444,USR-00030,LOC-0023,LOC-0022,2024-01-01 13:53:19,2024-01-01 14:29:19,30.69,36,10276.97,1.0,10276.97,CANCELLED,Cash,Success
360,TRP-000338,DRV-00394,USR-01594,LOC-0037,LOC-0006,2024-02-17 02:45:59,2024-02-17 03:27:59,5.65,42,121764.97,1.0,121764.97,Failed,GoPay,Success
361,TRP-000339,DRV-00298,USR-01379,LOC-0035,LOC-0051,2024-08-12 03:36:40,2024-08-12 05:19:40,18.93,103,110290.52,1.0,110290.52,Completed,Credit Card,Success
362,TRP-000340,DRV-00199,USR-00502,LOC-0003,LOC-0005,2024-01-09 22:54:46,2024-01-10 00:20:46,32.82,86,146141.72,1.0,146141.72,Completed,GoPay,Success
363,TRP-000341,DRV-00048,USR-01357,LOC-0039,LOC-0036,2024-09-07 18:56:09,2024-09-07 19:53:09,,57,56161.65,1.0,56161.65,Completed,Cash,Success
364,TRP-000342,DRV-00143,USR-00846,LOC-0027,LOC-0002,2024-06-22 09:28:25,2024-06-22 10:19:25,15.63,51,90465.58,1.25,113081.98,Completed,Credit Card,Success
365,TRP-000343,DRV-00009,USR-01660,LOC-0009,LOC-0047,2024-10-26 00:50:11,2024-10-26 02:09:11,36.5,79,106420.57,1.0,106420.57,Completed,GoPay,Success
366,TRP-000344,DRV-00257,USR-01818,LOC-0005,LOC-0033,2024-04-11 18:45:43,2024-04-11 20:23:43,13.67,98,29032.04,1.0,29032.04,completed,Credit Card,Pending
367,TRP-000345,DRV-00049,USR-01581,LOC-0036,LOC-0009,2024-08-02 05:50:53,2024-08-02 07:29:53,13.95,99,86853.29,1.25,108566.61,Cancelled,Credit Card,Success
368,TRP-000346,DRV-00032,USR-00952,LOC-0039,LOC-0012,2024-03-26 01:49:03,2024-03-26 02:06:03,11.32,17,,1.0,,Completed,GoPay,Success
369,TRP-000347,DRV-00377,USR-01895,LOC-0041,LOC-0028,2024-01-27 15:48:23,2024-01-27 16:42:23,4.49,54,14111.11,2.0,28222.22,Cancelled,Credit Card,Success
370,TRP-000348,DRV-00387,USR-00530,LOC-0020,LOC-0026,2024-10-08 17:16:29,2024-10-08 17:31:29,38.86,15,52764.61,1.0,52764.61,Completed,Cash,Success
371,TRP-000349,DRV-00188,USR-01023,LOC-0047,LOC-0049,2024-11-06 03:01:17,2024-11-06 04:31:17,39.34,90,144965.44,1.0,144965.44,Cancelled,Cash,Success
372,TRP-000350,DRV-00384,USR-01392,LOC-0009,LOC-0054,2024-06-27 04:46:00,2024-06-27 06:21:00,38.16,95,65193.75,2.5,162984.38,Completed,Cash,Success
373,TRP-000351,DRV-00490,USR-01898,LOC-0040,LOC-0029,2024-12-09 06:18:14,2024-12-09 07:20:14,34.24,62,71879.7,1.75,125789.47,failed,Credit Card,Success
374,TRP-000352,DRV-00056,USR-01652,LOC-0033,LOC-0020,2024-07-13 09:54:59,2024-07-13 11:16:59,19.85,82,52187.21,1.0,52187.21,Completed,Cash,Success
375,TRP-000353,DRV-00045,USR-00689,LOC-0051,LOC-0041,2024-06-17 02:12:31,2024-06-17 04:09:31,,117,113355.67,1.0,113355.67,Completed,Credit Card,Success
376,TRP-000354,DRV-00344,USR-01455,LOC-0040,LOC-0032,2024-10-27 15:13:43,2024-10-27 15:48:43,22.32,35,21243.1,1.0,21243.1,Completed,Credit Card,Success
377,TRP-000355,DRV-00034,USR-01082,LOC-0034,LOC-0018,2024-08-15 20:18:51,2024-08-15 22:10:51,17.37,112,13247.87,1.0,13247.87,Completed,GoPay,Success
378,TRP-000356,DRV-00384,USR-00572,LOC-0006,LOC-0053,2024-10-09 00:44:36,2024-10-09 01:17:36,10.64,33,,1.5,,Completed,Credit Card,Success
379,TRP-000357,DRV-00198,USR-00109,LOC-0004,LOC-0014,2024-03-04 08:43:15,2024-03-04 09:00:15,39.98,17,38230.22,1.25,47787.78,Completed,Credit Card,Success
380,TRP-000358,DRV-00244,USR-01666,LOC-0008,LOC-0017,2024-02-11 12:43:57,2024-02-11 14:29:57,27.9,106,114655.4,1.25,143319.25,Completed,Credit Card,Success
381,TRP-000359,DRV-00182,USR-01401,LOC-0046,LOC-0040,2024-10-18 18:12:43,2024-10-18 18:28:43,29.15,16,46171.87,1.25,57714.84,Completed,Credit Card,Success
382,TRP-000360,DRV-00173,USR-01086,LOC-0011,LOC-0047,2024-02-16 08:42:03,2024-02-16 08:54:03,,12,33305.49,1.0,33305.49,Cancelled,Cash,Success
383,TRP-000361,DRV-00055,USR-00874,LOC-0002,LOC-0037,2024-09-25 01:41:02,2024-09-25 02:56:02,5.33,75,96179.72,2.5,240449.3,Completed,GoPay,Success
384,TRP-000362,DRV-00174,USR-01716,LOC-0015,LOC-0003,2024-06-22 18:09:04,2024-06-22 19:12:04,22.83,63,24845.93,2.0,49691.86,Completed,Cash,Success
385,TRP-000362,DRV-00174,USR-01716,LOC-0015,LOC-0003,2024-06-22 18:09:04,2024-06-22 19:12:04,22.83,63,24845.93,2.0,49691.86,Completed,Cash,Success
386,TRP-000363,DRV-00334,USR-00527,LOC-0043,LOC-0057,2024-04-23 20:27:04,2024-04-23 21:01:04,32.14,34,28893.48,1.75,50563.59,Failed,GoPay,Pending
387,TRP-000364,DRV-00234,USR-00532,LOC-0026,LOC-0044,2024-07-02 08:50:54,2024-07-02 09:02:54,16.17,12,71947.76,1.25,89934.7,Completed,Credit Card,Success
388,TRP-000365,DRV-00165,USR-00113,LOC-0048,LOC-0008,2024-11-21 17:31:34,2024-11-21 18:33:34,35.89,62,125283.2,1.0,125283.2,Completed,GoPay,Success
389,TRP-000366,DRV-00435,USR-00434,LOC-0045,LOC-0049,2024-09-26 20:21:39,2024-09-26 20:45:39,25.18,24,,1.25,,Completed,Cash,Success
390,TRP-000367,DRV-00162,USR-01758,LOC-0015,LOC-0003,2024-02-27 05:29:44,2024-02-27 05:51:44,15.36,22,19977.56,1.0,19977.56,Completed,Credit Card,Success
391,TRP-000368,DRV-00120,USR-00635,LOC-0036,LOC-0006,2024-02-06 07:13:33,2024-02-06 07:23:33,13.71,10,124825.95,1.75,218445.41,Completed,Cash,Success
392,TRP-000369,DRV-00242,USR-00506,LOC-0036,LOC-0022,2024-05-04 15:29:09,2024-05-04 17:14:09,30.83,105,130991.83,1.0,130991.83,Completed,Cash,Failed
393,TRP-000370,DRV-00133,USR-00317,LOC-0025,LOC-0056,2024-12-30 15:04:22,2024-12-30 16:35:22,2.78,91,104002.52,1.25,130003.15,Completed,Credit Card,Success
394,TRP-000371,DRV-00237,USR-00960,LOC-0010,LOC-0003,2024-05-19 01:45:44,2024-05-19 02:03:44,18.22,18,13824.31,1.0,13824.31,Cancelled,Cash,Success
395,TRP-000372,DRV-00032,USR-00444,LOC-0007,LOC-0033,2024-05-03 12:26:32,2024-05-03 13:15:32,39.17,49,84210.68,1.5,126316.02,Cancelled,Cash,Success
396,TRP-000373,DRV-00171,USR-00532,LOC-0050,LOC-0049,2024-06-02 04:19:41,2024-06-02 05:56:41,21.6,97,147377.12,1.75,257909.96,Completed,Credit Card,Success
397,TRP-000374,DRV-00074,USR-00980,LOC-0005,LOC-0057,2024-11-20 05:13:28,2024-11-20 06:53:28,9.05,100,57356.02,1.5,86034.03,Failed,Cash,Success
398,TRP-000375,DRV-00027,USR-00833,LOC-0043,LOC-0046,2024-01-12 17:34:24,2024-01-12 19:26:24,11.27,112,138593.16,0.5,138593.16,Completed,Credit Card,Success
399,TRP-000376,DRV-00310,USR-01582,LOC-0010,LOC-0032,2024-03-18 16:16:22,2024-03-18 17:39:22,17.31,83,,2.0,,Completed,Cash,Success
400,TRP-000377,DRV-00257,USR-01220,LOC-0057,LOC-0030,2024-07-13 02:34:49,2024-07-13 04:14:49,14.22,100,45656.75,1.0,45656.75,Completed,Credit Card,Failed
401,TRP-000378,DRV-00067,USR-00933,LOC-0047,LOC-0014,2024-03-11 00:10:01,2024-03-11 00:27:01,28.54,17,34561.77,1.25,43202.21,Completed,GoPay,Success
402,TRP-000379,DRV-00085,USR-00118,LOC-0050,LOC-0019,2024-03-02 05:04:29,2024-03-02 06:32:29,35.44,88,62072.85,1.0,62072.85,CANCELLED,Cash,Success
403,TRP-000380,DRV-00092,USR-00384,LOC-0002,LOC-0013,2024-10-17 01:24:05,2024-10-17 02:26:05,39.8,62,147752.57,1.5,221628.86,Completed,Cash,Success
404,TRP-000381,DRV-00455,USR-01556,LOC-0002,LOC-0015,2024-11-09 02:32:49,2024-11-09 02:52:49,16.6,20,37162.54,1.75,65034.44,Completed,Cash,Success
405,TRP-000382,DRV-00193,USR-01183,LOC-0015,LOC-0056,2024-02-13 22:28:15,2024-02-14 00:28:15,,120,32387.36,1.0,32387.36,Completed,GoPay,Failed
406,TRP-000383,DRV-00452,USR-00717,LOC-0040,LOC-0048,2024-08-25 23:13:36,2024-08-26 01:07:36,39.48,114,55507.0,1.25,69383.75,Completed,Credit Card,Success
407,TRP-000384,DRV-00421,USR-00794,LOC-0015,LOC-0024,2024-09-10 07:06:24,2024-09-10 07:22:24,12.64,16,118136.57,1.5,177204.86,Completed,Cash,Success
408,TRP-000385,DRV-00106,USR-01205,LOC-0032,LOC-0017,2024-08-30 02:46:35,2024-08-30 04:31:35,25.44,105,62308.86,1.0,62308.86,Completed,Credit Card,Success
409,TRP-000386,DRV-00280,USR-00021,LOC-0043,LOC-0047,2024-12-24 05:04:29,2024-12-24 05:27:29,23.04,23,127936.65,1.0,127936.65,Completed,GoPay,Success
410,TRP-000387,DRV-00294,USR-01872,LOC-0003,LOC-0039,2024-03-28 10:44:30,2024-03-28 11:16:30,36.05,32,58789.43,1.0,58789.43,Completed,GoPay,Pending
411,TRP-000388,DRV-00031,USR-00233,LOC-0040,LOC-0048,2024-03-28 20:43:44,2024-03-28 21:36:44,12.06,53,121470.05,1.25,151837.56,Completed,Cash,Success
412,TRP-000389,DRV-00449,USR-00333,LOC-0019,LOC-0056,2024-04-05 15:35:13,2024-04-05 16:35:13,36.85,60,92893.37,1.0,92893.37,Cancelled,GoPay,Success
413,TRP-000390,DRV-00047,USR-00332,LOC-0057,LOC-0038,2024-01-23 08:14:20,2024-01-23 09:20:20,31.42,66,115189.96,1.0,115189.96,Cancelled,Credit Card,Success
414,TRP-000391,DRV-00302,USR-00762,LOC-0018,LOC-0011,2024-01-26 11:07:27,2024-01-26 11:18:27,15.97,11,93341.66,1.75,163347.9,Completed,Credit Card,Success
415,TRP-000392,DRV-00052,USR-00987,LOC-0024,LOC-0015,2024-10-07 14:37:38,2024-10-07 15:38:38,6.0,61,69297.31,2.0,138594.62,Completed,GoPay,Success
416,TRP-000393,DRV-00218,USR-00247,LOC-0029,LOC-0053,2024-10-24 15:51:19,2024-10-24 16:30:19,2.03,39,89951.47,1.0,89951.47,Completed,Credit Card,Failed
417,TRP-000394,DRV-00170,USR-00727,LOC-0001,LOC-0022,2024-02-06 12:57:20,2024-02-06 13:41:20,9.19,44,118065.03,1.0,118065.03,Completed,Cash,Success
418,TRP-000395,DRV-00499,USR-00260,LOC-0024,LOC-0046,2024-10-14 20:56:29,2024-10-14 21:38:29,34.54,42,31465.56,1.0,31465.56,Completed,Credit Card,Success
419,TRP-000396,DRV-00004,USR-00620,LOC-0050,LOC-0035,2024-07-06 14:50:30,2024-07-06 16:03:30,2.62,73,78979.3,1.0,78979.3,Completed,GoPay,Failed
420,TRP-000397,DRV-00085,USR-00697,LOC-0030,LOC-0047,2024-07-29 20:12:38,2024-07-29 21:47:38,12.3,95,70660.74,1.0,70660.74,Completed,Credit Card,Success
421,TRP-000398,DRV-00224,USR-01456,LOC-0051,LOC-0031,2024-02-22 10:03:52,2024-02-22 11:04:52,31.75,61,12518.52,1.0,12518.52,Completed,GoPay,Success
422,TRP-000399,DRV-00403,USR-01200,LOC-0026,LOC-0011,2024-08-03 17:09:40,2024-08-03 17:39:40,7.73,30,131740.69,1.0,131740.69,Completed,GoPay,Success
423,TRP-000400,DRV-00097,USR-01207,LOC-0049,LOC-0017,2024-12-08 01:45:42,2024-12-08 02:18:42,26.2,-10,22689.55,2.0,45379.1,Completed,GoPay,Failed
424,TRP-000401,DRV-00426,USR-01421,LOC-0029,LOC-0003,2024-02-22 04:30:06,2024-02-22 05:32:06,16.54,62,46718.67,1.75,81757.67,COMPLETED,GoPay,Pending
425,TRP-000402,DRV-00026,USR-01511,LOC-0049,LOC-0006,2024-08-11 06:39:01,2024-08-11 07:17:01,10.58,38,116822.17,0.5,116822.17,Completed,GoPay,Success
426,TRP-000402,DRV-00026,USR-01511,LOC-0049,LOC-0006,2024-08-11 06:39:01,2024-08-11 07:17:01,10.58,38,116822.17,0.5,116822.17,Completed,GoPay,Success
427,TRP-000403,DRV-00271,USR-00295,LOC-0030,LOC-0033,2024-09-12 23:01:55,2024-09-12 23:15:55,13.49,14,49338.12,1.0,49338.12,Completed,Cash,Success
428,TRP-000404,DRV-00006,USR-00031,LOC-0037,LOC-0021,2024-03-29 15:37:22,2024-03-29 16:46:22,7.77,69,47992.77,1.0,47992.77,Cancelled,Credit Card,Success
429,TRP-000405,DRV-00406,USR-01265,LOC-0017,LOC-0020,2024-10-03 17:27:34,2024-10-03 17:48:34,38.63,21,51953.84,2.0,103907.68,Completed,Cash,Success
430,TRP-000406,DRV-00268,USR-00742,LOC-0031,LOC-0027,2024-12-13 07:26:20,2024-12-13 09:12:20,2.23,106,130211.43,1.0,130211.43,Completed,Cash,Success
431,TRP-000407,DRV-00282,USR-00904,LOC-0002,LOC-0007,2024-11-20 15:05:29,2024-11-20 17:03:29,20.28,118,96169.41,1.0,96169.41,Completed,GoPay,Success
432,TRP-000408,DRV-00138,USR-00708,LOC-0028,LOC-0051,2024-05-10 04:40:25,2024-05-10 06:31:25,8.66,111,125348.06,1.25,156685.08,Completed,GoPay,Success
433,TRP-000409,DRV-00022,USR-00576,LOC-0045,LOC-0030,2024-03-08 04:04:20,2024-03-08 04:39:20,21.11,35,112751.91,1.0,112751.91,Completed,GoPay,Success
434,TRP-000410,DRV-00372,USR-00571,LOC-0016,LOC-0022,2024-10-30 00:16:10,2024-10-30 01:41:10,24.53,85,126932.07,1.0,126932.07,Completed,Cash,Success
435,TRP-000411,DRV-00234,USR-01035,LOC-0034,LOC-0017,2024-04-17 02:42:39,2024-04-17 03:19:39,18.82,37,65465.1,1.0,65465.1,Completed,Cash,Success
436,TRP-000412,DRV-00387,USR-00479,LOC-0026,LOC-0037,2024-12-25 02:02:54,2024-12-25 03:55:54,36.15,113,119500.79,1.0,119500.79,Completed,Credit Card,Success
437,TRP-000413,DRV-00086,USR-01182,LOC-0054,LOC-0008,2024-01-05 07:23:38,2024-01-05 09:12:38,21.16,109,56833.01,1.25,71041.26,Completed,Credit Card,Success
438,TRP-000414,DRV-00127,USR-00910,LOC-0018,LOC-0029,2024-08-17 23:08:45,2024-08-18 00:23:45,10.58,75,13786.97,1.0,13786.97,Completed,GoPay,Success
439,TRP-000415,DRV-00211,USR-01819,LOC-0055,LOC-0031,2024-12-19 21:13:42,2024-12-19 22:36:42,26.05,83,118654.21,1.25,148317.76,Completed,Cash,Success
440,TRP-000416,DRV-00385,USR-00421,LOC-0037,LOC-0027,2024-03-20 08:40:59,2024-03-20 09:28:59,27.51,48,,1.0,,Completed,Credit Card,Success
441,TRP-000417,DRV-00327,USR-00620,LOC-0037,LOC-0009,2024-02-23 23:33:49,2024-02-24 01:29:49,5.6,116,73757.58,1.0,73757.58,Cancelled,Cash,Success
442,TRP-000418,DRV-00032,USR-01562,LOC-0005,LOC-0027,2024-10-23 07:43:53,2024-10-23 08:13:53,23.54,30,144702.03,1.75,253228.55,Completed,GoPay,Pending
443,TRP-000419,DRV-00477,USR-00328,LOC-0032,LOC-0008,2024-08-06 04:50:34,2024-08-06 05:19:34,17.33,29,0.0,1.75,0.0,Completed,GoPay,Success
444,TRP-000420,DRV-00301,USR-00598,LOC-0011,LOC-0002,2024-03-21 02:21:35,2024-03-21 04:02:35,28.12,101,84978.71,2.0,169957.42,Completed,GoPay,Success
445,TRP-000421,DRV-00290,USR-01251,LOC-0027,LOC-0030,2024-01-11 09:38:43,2024-01-11 10:36:43,24.35,58,18891.32,1.0,18891.32,Completed,GoPay,Success
446,TRP-000422,DRV-00143,USR-01349,LOC-0051,LOC-0016,2024-11-11 05:48:26,2024-11-11 06:04:26,28.2,16,119593.4,1.25,149491.75,Cancelled,GoPay,Success
447,TRP-000423,DRV-00340,USR-00455,LOC-0044,LOC-0008,2024-05-13 11:53:14,2024-05-13 13:25:14,21.58,92,130917.64,1.5,196376.46,Cancelled,GoPay,Success
448,TRP-000424,DRV-00169,USR-00004,LOC-0013,LOC-0030,2024-10-27 20:49:36,2024-10-27 21:04:36,5.46,15,17615.89,1.25,22019.86,Completed,Credit Card,Success
449,TRP-000425,DRV-00440,USR-00135,LOC-0030,LOC-0011,2024-06-05 03:56:51,2024-06-05 04:25:51,21.62,29,94089.36,0.8,94089.36,Completed,Cash,Success
450,TRP-000426,DRV-00495,USR-00695,LOC-0037,LOC-0012,2024-09-06 04:00:51,2024-09-06 05:32:51,19.21,92,48585.41,1.0,48585.41,Completed,Cash,Pending
451,TRP-000427,DRV-00068,USR-00032,LOC-0036,LOC-0003,2024-07-24 23:32:06,2024-07-24 23:59:06,33.79,27,43615.08,1.0,43615.08,Completed,GoPay,Pending
452,TRP-000428,DRV-00334,USR-00377,LOC-0042,LOC-0017,2024-05-09 17:10:44,2024-05-09 18:26:44,27.54,76,132506.29,1.75,231886.01,Completed,GoPay,Success
453,TRP-000429,DRV-00010,USR-01200,LOC-0006,LOC-0011,2024-03-27 12:54:57,2024-03-27 14:02:57,15.21,68,11253.69,1.25,14067.11,Cancelled ,Cash,Success
454,TRP-000430,DRV-00163,USR-00273,LOC-0055,LOC-0049,2024-12-12 04:25:29,2024-12-12 06:03:29,13.03,98,59270.28,1.0,59270.28,Completed,Cash,Success
455,TRP-000431,DRV-00448,USR-00820,LOC-0053,LOC-0045,2024-04-15 15:00:42,2024-04-15 16:57:42,35.21,117,81402.91,1.0,81402.91,Completed,Credit Card,Success
456,TRP-000432,DRV-00066,USR-00473,LOC-0028,LOC-0003,2024-05-28 00:39:50,2024-05-28 01:40:50,32.47,61,94604.66,1.25,118255.83,Completed,Cash,Success
457,TRP-000433,DRV-00070,USR-01533,LOC-0004,LOC-0018,2024-03-13 05:36:05,2024-03-13 07:03:05,21.45,87,35832.64,2.5,89581.6,Completed,GoPay,Success
458,TRP-000434,DRV-00194,USR-01250,LOC-0038,LOC-0040,2024-09-12 06:31:11,2024-09-12 08:26:11,7.02,115,138073.84,1.25,172592.3,Failed,Credit Card,Success
459,TRP-000435,DRV-00313,USR-00384,LOC-0024,LOC-0051,2024-06-17 11:34:23,2024-06-17 11:45:23,12.74,11,44588.27,1.0,44588.27,Completed,Cash,Failed
460,TRP-000436,DRV-00065,USR-00825,LOC-0001,LOC-0003,2024-01-02 17:11:17,2024-01-02 17:29:17,12.29,18,16953.85,2.5,42384.62,Completed,Cash,Success
461,TRP-000437,DRV-00446,USR-00583,LOC-0047,LOC-0037,2024-01-28 11:07:47,2024-01-28 11:44:47,12.72,37,12335.57,1.0,12335.57,Completed,Cash,Success
462,TRP-000438,DRV-00197,USR-00609,LOC-0011,LOC-0049,2024-11-01 05:09:32,2024-11-01 06:44:32,37.65,95,28960.52,2.0,57921.04,Completed,Credit Card,Success
463,TRP-000439,DRV-00312,USR-01931,LOC-0052,LOC-0007,2024-08-29 17:03:03,2024-08-29 17:46:03,22.79,43,96861.76,1.0,96861.76,Cancelled,Credit Card,Failed
464,TRP-000440,DRV-00338,USR-00747,LOC-0016,LOC-0042,2024-12-29 05:05:36,2024-12-29 05:15:36,18.49,10,67188.77,1.0,67188.77,Completed,Credit Card,Success
465,TRP-000441,DRV-00159,USR-00508,LOC-0051,LOC-0020,2024-07-09 14:08:42,2024-07-09 14:50:42,5.7,42,32871.35,1.0,32871.35,Completed,GoPay,Success
466,TRP-000442,DRV-00255,USR-01988,LOC-0023,LOC-0004,2024-03-28 16:11:45,2024-03-28 17:14:45,4.36,63,90583.82,1.25,113229.78,Failed,GoPay,Success
467,TRP-000443,DRV-00236,USR-00083,LOC-0013,LOC-0021,2024-10-11 04:31:11,2024-10-11 05:04:11,,33,129249.78,1.0,129249.78,Cancelled,Cash,Success
468,TRP-000444,DRV-00116,USR-00646,LOC-0005,LOC-0001,2024-09-25 16:18:22,2024-09-25 18:15:22,19.35,117,54989.39,1.5,82484.08,Completed,Cash,Success
469,TRP-000445,DRV-00086,USR-01770,LOC-0035,LOC-0039,2024-05-14 19:19:49,2024-05-14 19:39:49,11.45,20,,2.5,,Completed,GoPay,Success
470,TRP-000446,DRV-00428,USR-00926,LOC-0017,LOC-0019,2024-10-05 23:09:52,2024-10-06 01:01:52,25.15,-10,103670.76,1.0,103670.76,Completed,Cash,Success
471,TRP-000447,DRV-00164,USR-01829,LOC-0020,LOC-0008,2024-07-28 13:12:54,2024-07-28 13:57:54,39.4,45,149224.54,1.0,149224.54,Cancelled,Credit Card,Success
472,TRP-000448,DRV-00379,USR-01498,LOC-0003,LOC-0017,2024-07-18 12:25:04,2024-07-18 13:22:04,36.7,-5,86158.34,1.0,86158.34,Cancelled,Credit Card,Pending
473,TRP-000449,DRV-00498,USR-01846,LOC-0025,LOC-0019,2024-09-25 18:21:57,2024-09-25 19:26:57,28.66,65,38930.52,1.0,38930.52,CANCELLED,Credit Card,Success
474,TRP-000450,DRV-00391,USR-01575,LOC-0054,LOC-0028,2024-07-08 06:43:46,2024-07-08 06:58:46,20.72,15,145093.64,1.25,181367.05,Failed,GoPay,Success
475,TRP-000451,DRV-00323,USR-01814,LOC-0019,LOC-0057,2024-03-27 08:31:31,2024-03-27 08:51:31,4.58,20,105304.92,2.0,210609.84,Cancelled,Cash,Success
476,TRP-000452,DRV-00062,USR-00229,LOC-0039,LOC-0043,2024-06-05 14:49:20,2024-06-05 15:03:20,12.52,14,73675.06,1.25,92093.82,Failed,GoPay,Success
477,TRP-000453,DRV-00246,USR-01488,LOC-0045,LOC-0052,2024-01-23 00:31:49,2024-01-23 02:31:49,21.74,120,134839.75,1.5,202259.62,Cancelled,GoPay,Success
478,TRP-000454,DRV-00216,USR-01795,LOC-0051,LOC-0032,2024-11-08 04:57:05,2024-11-08 05:56:05,39.91,0,,1.0,,Completed,Credit Card,Success
479,TRP-000455,DRV-00067,USR-00766,LOC-0032,LOC-0054,2024-08-03 17:51:32,2024-08-03 18:58:32,1.23,-10,136958.93,1.0,136958.93,Completed,GoPay,Success
480,TRP-000456,DRV-00332,USR-01297,LOC-0028,LOC-0018,2024-11-21 05:19:01,2024-11-21 05:30:01,25.33,11,92287.57,1.0,92287.57,Completed,GoPay,Success
481,TRP-000457,DRV-00174,USR-00324,LOC-0045,LOC-0013,2024-10-25 00:37:02,2024-10-25 01:45:02,30.52,68,89579.32,1.25,111974.15,Completed,GoPay,Success
482,TRP-000458,DRV-00238,USR-00715,LOC-0053,LOC-0032,2024-12-28 21:39:23,2024-12-28 22:26:23,26.8,47,46090.54,1.0,46090.54,Completed,GoPay,Success
483,TRP-000459,DRV-00286,USR-00034,LOC-0041,LOC-0036,2024-02-16 21:42:37,2024-02-16 23:23:37,22.37,101,64500.55,1.25,80625.69,Completed,Cash,Failed
484,TRP-000460,DRV-00077,USR-00253,LOC-0032,LOC-0041,2024-07-11 06:07:18,2024-07-11 06:23:18,13.28,16,67036.17,5.0,67036.17,Failed,Cash,Success
485,TRP-000461,DRV-00216,USR-01847,LOC-0026,LOC-0002,2024-02-20 21:46:16,2024-02-20 22:21:16,14.78,35,,1.0,,Completed,GoPay,Success
486,TRP-000462,DRV-00049,USR-00648,LOC-0028,LOC-0004,2024-05-14 16:58:43,2024-05-14 18:15:43,18.16,77,18657.37,1.0,18657.37,Completed,GoPay,Success
487,TRP-000463,DRV-00110,USR-00199,LOC-0044,LOC-0053,2024-05-04 05:26:29,2024-05-04 07:04:29,37.62,98,138506.13,1.25,173132.66,Completed,Cash,Success
488,TRP-000464,DRV-00480,USR-00616,LOC-0055,LOC-0046,2024-06-06 03:17:31,2024-06-06 04:41:31,9.38,84,56213.68,1.75,98373.94,Completed,GoPay,Failed
489,TRP-000465,DRV-00240,USR-00101,LOC-0050,LOC-0012,2024-04-04 07:52:28,2024-04-04 09:37:28,,105,128659.1,1.5,192988.65,Completed,Cash,Success
490,TRP-000466,DRV-00098,USR-01742,LOC-0053,LOC-0010,2024-09-25 01:09:37,2024-09-25 02:49:37,24.54,100,77068.12,1.5,115602.18,Completed,Credit Card,Pending
491,TRP-000467,DRV-00203,USR-01915,LOC-0052,LOC-0030,2024-05-26 01:09:08,2024-05-26 02:38:08,34.52,89,101383.71,1.0,101383.71,Completed,GoPay,Success
492,TRP-000468,DRV-00012,USR-01179,LOC-0007,LOC-0018,2024-09-24 11:31:14,2024-09-24 11:41:14,3.55,10,96358.63,1.0,96358.63,Completed,Credit Card,Success
493,TRP-000469,DRV-00410,USR-01378,LOC-0031,LOC-0022,2024-11-14 09:49:10,2024-11-14 10:40:10,34.62,51,55955.8,1.0,55955.8,Completed,Cash,Success
494,TRP-000470,DRV-00016,USR-00008,LOC-0046,LOC-0055,2024-06-01 18:15:57,2024-06-01 20:05:57,12.09,110,44419.69,1.25,55524.61,Completed,Cash,Pending
495,TRP-000471,DRV-00454,USR-01487,LOC-0033,LOC-0046,2024-01-14 02:45:30,2024-01-14 03:45:30,16.67,60,51823.29,1.0,51823.29,Cancelled,Cash,Success
496,TRP-000472,DRV-00156,USR-00278,LOC-0041,LOC-0019,2024-02-02 22:31:37,2024-02-03 00:14:37,33.14,103,,1.5,,Completed,GoPay,Success
497,TRP-000473,DRV-00233,USR-00861,LOC-0009,LOC-0025,2024-08-09 01:05:32,2024-08-09 01:15:32,33.83,10,70157.99,1.0,70157.99,Cancelled,GoPay,Success
498,TRP-000474,DRV-00408,USR-00538,LOC-0027,LOC-0048,2024-01-28 13:31:24,2024-01-28 14:17:24,23.37,46,47417.21,1.25,59271.51,Completed,GoPay,Success
499,TRP-000475,DRV-00143,USR-01725,LOC-0039,LOC-0052,2024-01-31 01:17:50,2024-01-31 01:59:50,24.35,42,,1.0,,Completed,Credit Card,Failed
500,TRP-000476,DRV-00447,USR-00894,LOC-0019,LOC-0014,2024-02-19 12:56:09,2024-02-19 13:22:09,30.07,26,146550.35,1.0,146550.35,Completed,GoPay,Success
501,TRP-000477,DRV-00169,USR-01262,LOC-0019,LOC-0037,2024-12-28 06:11:31,2024-12-28 07:04:31,9.89,53,12279.71,1.25,15349.64,Completed,Cash,Success
502,TRP-000478,DRV-00156,USR-01924,LOC-0032,LOC-0020,2024-03-08 00:58:53,2024-03-08 02:53:53,35.69,115,99176.49,1.0,99176.49,Completed,Credit Card,Success
503,TRP-000479,DRV-00330,USR-01119,LOC-0042,LOC-0031,2024-01-23 10:48:53,2024-01-23 11:40:53,26.63,52,146154.36,1.0,146154.36,Completed,GoPay,Success
504,TRP-000480,DRV-00295,USR-01228,LOC-0035,LOC-0057,2024-04-15 06:04:35,2024-04-15 07:04:35,1.96,60,105122.74,1.0,105122.74,Completed,Credit Card,Success
505,TRP-000481,DRV-00228,USR-00316,LOC-0013,LOC-0027,2024-11-08 05:40:58,2024-11-08 06:05:58,2.98,25,86020.45,1.25,107525.56,Completed,GoPay,Success
506,TRP-000482,DRV-00143,USR-00677,LOC-0032,LOC-0044,2024-12-25 22:18:00,2024-12-25 23:34:00,37.93,76,55146.32,5.0,82719.48,Completed,Cash,Success
507,TRP-000483,DRV-00403,USR-01658,LOC-0027,LOC-0053,2024-07-25 04:51:16,2024-07-25 06:50:16,6.18,119,105661.07,1.0,105661.07,Completed,Cash,Success
508,TRP-000484,DRV-00478,USR-00607,LOC-0001,LOC-0011,2024-11-07 08:09:25,2024-11-07 10:07:25,33.49,118,38222.73,1.0,38222.73,Completed,Cash,Success
509,TRP-000485,DRV-00210,USR-00398,LOC-0003,LOC-0041,2024-04-25 20:20:54,2024-04-25 22:13:54,37.53,113,31543.61,1.0,31543.61,Completed,GoPay,Success
510,TRP-000486,DRV-00447,USR-00570,LOC-0048,LOC-0005,2024-03-23 13:29:35,2024-03-23 14:13:35,27.05,44,11696.24,1.5,17544.36,Completed,Credit Card,Success
511,TRP-000487,DRV-00079,USR-01138,LOC-0018,LOC-0008,2024-03-22 10:57:51,2024-03-22 11:53:51,16.18,56,47842.25,1.0,47842.25,Completed,GoPay,Success
512,TRP-000487,DRV-00079,USR-01138,LOC-0018,LOC-0008,2024-03-22 10:57:51,2024-03-22 11:53:51,16.18,56,47842.25,1.0,47842.25,Completed,GoPay,Success
513,TRP-000488,DRV-00165,USR-01021,LOC-0041,LOC-0042,2024-03-27 12:23:08,2024-03-27 13:46:08,10.8,83,12637.39,1.0,12637.39,Cancelled,Credit Card,Success
514,TRP-000489,DRV-00023,USR-01642,LOC-0015,LOC-0006,2024-05-17 09:24:53,2024-05-17 10:41:53,24.42,77,116778.88,1.0,116778.88,Completed,GoPay,Success
515,TRP-000490,DRV-00224,USR-00943,LOC-0024,LOC-0041,2024-05-21 20:50:22,2024-05-21 21:14:22,26.6,24,,1.75,,Completed,Credit Card,Success
516,TRP-000491,DRV-00448,USR-00812,LOC-0045,LOC-0033,2024-11-09 00:17:11,2024-11-09 01:02:11,5.13,45,68839.85,1.0,68839.85,Completed,GoPay,Pending
517,TRP-000492,DRV-00216,USR-01718,LOC-0031,LOC-0019,2024-12-26 10:26:32,2024-12-26 11:42:32,9.18,76,128902.91,1.0,128902.91,Completed,Cash,Success
518,TRP-000493,DRV-00473,USR-01830,LOC-0052,LOC-0049,2024-02-05 01:55:07,2024-02-05 03:04:07,22.09,69,30941.39,1.5,46412.08,Cancelled,Cash,Success
519,TRP-000494,DRV-00236,USR-01485,LOC-0010,LOC-0016,2024-09-10 21:30:58,2024-09-10 22:40:58,5.64,70,97454.33,2.0,194908.66,Completed,GoPay,Failed
520,TRP-000495,DRV-00422,USR-00559,LOC-0056,LOC-0052,2024-10-04 11:19:06,2024-10-04 12:38:06,25.48,79,72722.94,1.25,90903.68,Completed,Cash,Pending
521,TRP-000496,DRV-00269,USR-00159,LOC-0053,LOC-0057,2024-07-30 12:28:09,2024-07-30 13:47:09,25.35,79,15570.82,1.0,15570.82,Completed,Credit Card,Success
522,TRP-000497,DRV-00365,USR-01285,LOC-0025,LOC-0011,2024-06-06 06:45:09,2024-06-06 08:40:09,22.45,115,80773.91,1.25,100967.39,Completed,GoPay,Success
523,TRP-000498,DRV-00093,USR-00235,LOC-0041,LOC-0052,2024-09-16 09:16:48,2024-09-16 10:43:48,2.09,87,128961.44,1.5,193442.16,Completed,Credit Card,Success
524,TRP-000499,DRV-00393,USR-00275,LOC-0053,LOC-0052,2024-01-11 07:29:27,2024-01-11 09:02:27,33.27,93,10986.0,1.0,10986.0,Completed,Credit Card,Success
525,TRP-000500,DRV-00311,USR-01830,LOC-0015,LOC-0016,2024-04-16 18:15:45,2024-04-16 19:55:45,20.94,100,140157.57,1.0,140157.57,Completed,Cash,Failed
526,TRP-000501,DRV-00374,USR-01772,LOC-0015,LOC-0013,2024-05-11 09:21:49,2024-05-11 10:16:49,27.93,55,11857.76,1.0,11857.76,Completed,GoPay,Success
527,TRP-000502,DRV-00394,USR-00652,LOC-0029,LOC-0045,2024-12-17 11:50:52,2024-12-17 12:04:52,14.94,14,100119.04,1.0,100119.04,Completed,Credit Card,Failed
528,TRP-000503,DRV-00054,USR-01991,LOC-0005,LOC-0021,2024-01-25 19:30:39,2024-01-25 20:19:39,35.62,49,143136.34,1.25,178920.42,Completed,GoPay,Pending
529,TRP-000504,DRV-00385,USR-00806,LOC-0053,LOC-0050,2024-07-26 07:30:59,2024-07-26 08:57:59,3.91,87,15246.43,1.25,19058.04,Cancelled,Cash,Success
530,TRP-000505,DRV-00219,USR-01050,LOC-0019,LOC-0017,2024-06-09 00:14:45,2024-06-09 01:24:45,23.41,70,51082.22,2.0,102164.44,Failed,Cash,Success
531,TRP-000506,DRV-00389,USR-01022,LOC-0033,LOC-0044,2024-03-21 21:36:51,2024-03-21 22:01:51,14.85,25,142286.46,1.0,142286.46,Completed,GoPay,Success
532,TRP-000507,DRV-00364,USR-00078,LOC-0009,LOC-0038,2024-11-18 06:54:54,2024-11-18 07:15:54,13.93,21,61560.43,1.5,92340.65,Completed,GoPay,Pending
533,TRP-000508,DRV-00379,USR-00521,LOC-0035,LOC-0016,2024-08-14 10:40:49,2024-08-14 11:45:49,32.09,65,13355.24,1.0,13355.24,Completed,Cash,Success
534,TRP-000509,DRV-00146,USR-01332,LOC-0006,LOC-0042,2024-07-08 03:41:33,2024-07-08 04:25:33,,44,139268.8,1.25,174086.0,Completed,Cash,Success
535,TRP-000510,DRV-00428,USR-01931,LOC-0019,LOC-0007,2024-03-29 12:25:46,2024-03-29 14:15:46,30.77,110,127288.8,1.25,159111.0,Completed,GoPay,Success
536,TRP-000511,DRV-00415,USR-01473,LOC-0056,LOC-0009,2024-07-27 04:01:03,2024-07-27 05:02:03,12.26,61,99169.07,1.0,99169.07,Completed,GoPay,Success
537,TRP-000512,DRV-00363,USR-01678,LOC-0012,LOC-0008,2024-08-04 15:21:17,2024-08-04 15:55:17,17.21,34,,1.0,,Completed,Cash,Success
538,TRP-000513,DRV-00472,USR-00066,LOC-0009,LOC-0052,2024-11-25 17:31:46,2024-11-25 19:28:46,5.99,117,105206.91,2.5,263017.28,Completed,Credit Card,Success
539,TRP-000514,DRV-00317,USR-01517,LOC-0002,LOC-0008,2024-07-03 05:17:24,2024-07-03 07:17:24,18.64,120,20103.35,1.0,20103.35,Completed,Cash,Success
540,TRP-000515,DRV-00465,USR-00739,LOC-0028,LOC-0020,2024-02-24 09:56:35,2024-02-24 11:49:35,15.7,113,17356.51,1.0,17356.51,Completed,GoPay,Success
541,TRP-000516,DRV-00183,USR-01194,LOC-0049,LOC-0011,2024-09-05 07:15:20,2024-09-05 07:48:20,19.95,33,71414.03,1.75,124974.55,Completed,GoPay,Success
542,TRP-000517,DRV-00381,USR-01642,LOC-0022,LOC-0023,2024-01-25 16:17:25,2024-01-25 18:00:25,29.16,103,39160.08,2.0,78320.16,Failed,Cash,Failed
543,TRP-000517,DRV-00381,USR-01642,LOC-0022,LOC-0023,2024-01-25 16:17:25,2024-01-25 18:00:25,29.16,103,39160.08,2.0,78320.16,Failed,Cash,Failed
544,TRP-000518,DRV-00241,USR-01547,LOC-0016,LOC-0015,2024-01-26 16:08:25,2024-01-26 16:50:25,37.08,42,48639.07,1.5,72958.6,Completed,Cash,Success
545,TRP-000519,DRV-00265,USR-00956,LOC-0038,LOC-0054,2024-05-03 00:55:53,2024-05-03 01:32:53,3.48,37,132478.8,1.0,132478.8,Completed,Cash,Success
546,TRP-000520,DRV-00027,USR-00123,LOC-0007,LOC-0048,2024-09-27 13:48:36,2024-09-27 15:06:36,19.74,78,44049.23,1.0,44049.23,Completed,Cash,Success
547,TRP-000520,DRV-00027,USR-00123,LOC-0007,LOC-0048,2024-09-27 13:48:36,2024-09-27 15:06:36,19.74,78,44049.23,1.0,44049.23,Completed,Cash,Success
548,TRP-000521,DRV-00409,USR-01124,LOC-0005,LOC-0037,2024-06-26 03:13:51,2024-06-26 03:35:51,2.77,22,103994.32,1.25,129992.9,Completed,Cash,Success
549,TRP-000522,DRV-00297,USR-01345,LOC-0013,LOC-0017,2024-12-25 00:56:35,2024-12-25 02:49:35,29.14,113,62120.28,1.0,62120.28,Completed,GoPay,Success
550,TRP-000523,DRV-00483,USR-00687,LOC-0045,LOC-0002,2024-09-19 06:04:00,2024-09-19 06:55:00,,51,29334.76,1.0,29334.76,Completed,Cash,Success
551,TRP-000524,DRV-00010,USR-00196,LOC-0056,LOC-0026,2024-06-13 19:50:00,2024-06-13 20:31:00,9.03,41,113626.4,1.0,113626.4,Completed,GoPay,Success
552,TRP-000525,DRV-00072,USR-01342,LOC-0002,LOC-0008,2024-09-14 13:59:00,2024-09-14 15:43:00,24.94,104,16489.99,1.0,16489.99,Completed,Cash,Success
553,TRP-000526,DRV-00060,USR-01632,LOC-0014,LOC-0011,2024-04-04 11:19:09,2024-04-04 13:02:09,24.31,103,56974.91,1.75,99706.09,Completed,Cash,Success
554,TRP-000526,DRV-00060,USR-01632,LOC-0014,LOC-0011,2024-04-04 11:19:09,2024-04-04 13:02:09,24.31,103,56974.91,1.75,99706.09,Completed,Cash,Success
555,TRP-000527,DRV-00136,USR-01196,LOC-0033,LOC-0028,2024-06-15 18:17:11,2024-06-15 18:51:11,11.44,34,114359.24,1.5,171538.86,Completed,Cash,Success
556,TRP-000528,DRV-00327,USR-01281,LOC-0024,LOC-0012,2024-08-29 11:52:47,2024-08-29 13:02:47,33.38,70,59869.59,1.75,104771.78,Completed,Credit Card,Success
557,TRP-000529,DRV-00200,USR-01967,LOC-0011,LOC-0025,2024-11-01 20:21:03,2024-11-01 21:02:03,35.02,41,81525.58,1.25,101906.98,Completed,Cash,Success
558,TRP-000530,DRV-00227,USR-01593,LOC-0018,LOC-0050,2024-06-01 22:32:39,2024-06-01 23:37:39,29.07,65,103369.27,1.0,103369.27,Completed,Credit Card,Success
559,TRP-000531,DRV-00149,USR-00415,LOC-0057,LOC-0046,2024-10-20 04:54:25,2024-10-20 05:53:25,20.26,59,92934.63,1.0,92934.63,Completed,GoPay,Success
560,TRP-000532,DRV-00139,USR-00436,LOC-0043,LOC-0019,2024-06-08 13:09:35,2024-06-08 14:29:35,13.81,80,114871.61,1.0,114871.61,Completed,Cash,Success
561,TRP-000533,DRV-00389,USR-01119,LOC-0051,LOC-0043,2024-01-30 23:13:12,2024-01-31 00:16:12,4.75,63,130462.18,1.25,163077.72,Completed,GoPay,Success
562,TRP-000534,DRV-00067,USR-00778,LOC-0004,LOC-0032,2024-09-25 09:49:46,2024-09-25 10:20:46,31.23,31,118257.34,2.0,236514.68,Completed,Credit Card,Success
563,TRP-000535,DRV-00061,USR-00270,LOC-0008,LOC-0020,2024-06-03 15:47:24,2024-06-03 17:37:24,8.66,110,117549.92,1.5,176324.88,Completed,GoPay,Success
564,TRP-000536,DRV-00385,USR-00831,LOC-0014,LOC-0054,2024-03-15 06:37:30,2024-03-15 08:03:30,5.25,86,29417.25,2.0,58834.5,Cancelled,Credit Card,Success
565,TRP-000537,DRV-00093,USR-01315,LOC-0027,LOC-0046,2024-12-19 19:32:17,2024-12-19 20:31:17,29.03,59,89401.97,1.0,89401.97,Completed,Credit Card,Success
566,TRP-000538,DRV-00087,USR-00717,LOC-0051,LOC-0050,2024-08-09 20:08:56,2024-08-09 20:21:56,5.43,13,118649.89,1.0,118649.89,Completed,Credit Card,Success
567,TRP-000539,DRV-00427,USR-00988,LOC-0043,LOC-0053,2024-03-20 15:50:34,2024-03-20 17:27:34,11.67,97,121239.23,1.0,121239.23,Cancelled,Credit Card,Success
568,TRP-000540,DRV-00129,USR-01862,LOC-0035,LOC-0006,2024-02-10 06:49:44,2024-02-10 07:50:44,,61,49609.61,1.25,62012.01,Completed,Credit Card,Success
569,TRP-000541,DRV-00426,USR-01806,LOC-0027,LOC-0056,2024-06-10 22:39:48,2024-06-10 23:04:48,16.76,25,86200.77,1.0,86200.77,Failed,Credit Card,Success
570,TRP-000542,DRV-00155,USR-01134,LOC-0017,LOC-0010,2024-01-24 06:26:10,2024-01-24 07:02:10,13.45,36,20456.2,1.0,20456.2,Completed,Credit Card,Success
571,TRP-000543,DRV-00051,USR-01752,LOC-0045,LOC-0006,2024-11-03 02:00:15,2024-11-03 03:13:15,5.52,73,,1.5,,CANCELLED,Credit Card,Success
572,TRP-000544,DRV-00336,USR-00181,LOC-0019,LOC-0006,2024-02-16 07:18:51,2024-02-16 07:44:51,33.77,26,74312.72,1.25,92890.9,Completed,Cash,Pending
573,TRP-000545,DRV-00441,USR-00878,LOC-0013,LOC-0040,2024-01-28 20:44:09,2024-01-28 21:24:09,22.61,40,144957.71,1.0,144957.71,Completed,Cash,Success
574,TRP-000546,DRV-00179,USR-00582,LOC-0057,LOC-0004,2024-01-30 13:37:51,2024-01-30 15:17:51,10.26,100,138811.38,1.0,138811.38,Completed,Credit Card,Success
575,TRP-000547,DRV-00090,USR-01552,LOC-0042,LOC-0032,2024-10-14 05:30:45,2024-10-14 06:19:45,35.84,49,10282.32,1.25,12852.9,Completed,Credit Card,Success
576,TRP-000548,DRV-00219,USR-00800,LOC-0039,LOC-0019,2024-07-15 18:37:59,2024-07-15 19:59:59,39.3,82,93703.8,2.5,234259.5,Completed,GoPay,Success
577,TRP-000549,DRV-00399,USR-01034,LOC-0019,LOC-0010,2024-11-26 18:46:17,2024-11-26 19:19:17,18.48,33,111417.54,1.0,111417.54,Completed,GoPay,Success
578,TRP-000550,DRV-00440,USR-01340,LOC-0018,LOC-0008,2024-11-21 18:28:58,2024-11-21 19:06:58,1.2,38,124577.65,1.0,124577.65,failed,Cash,Failed
579,TRP-000551,DRV-00307,USR-00121,LOC-0044,LOC-0018,2024-11-08 07:45:07,2024-11-08 09:32:07,4.91,107,28980.58,1.0,28980.58,Completed,GoPay,Success
580,TRP-000552,DRV-00090,USR-01139,LOC-0010,LOC-0020,2024-01-06 02:45:44,2024-01-06 04:03:44,11.83,78,,1.0,,Completed,Credit Card,Success
581,TRP-000553,DRV-00117,USR-00764,LOC-0057,LOC-0051,2024-02-09 12:39:24,2024-02-09 14:19:24,5.5,100,44478.46,1.25,55598.07,Cancelled,Cash,Success
582,TRP-000554,DRV-00004,USR-01622,LOC-0028,LOC-0019,2024-02-15 16:40:20,2024-02-15 18:11:20,28.31,91,103086.67,2.0,206173.34,Cancelled ,GoPay,Success
583,TRP-000555,DRV-00148,USR-01864,LOC-0056,LOC-0046,2024-05-07 22:29:41,2024-05-07 23:10:41,12.75,41,95857.02,1.75,167749.79,Completed,Credit Card,Success
584,TRP-000556,DRV-00066,USR-01128,LOC-0003,LOC-0013,2024-02-03 00:16:48,2024-02-03 01:48:48,20.89,92,87765.17,1.25,109706.46,Completed,GoPay,Success
585,TRP-000557,DRV-00396,USR-00237,LOC-0043,LOC-0010,2024-02-07 19:20:19,2024-02-07 19:58:19,33.13,38,96879.11,2.0,193758.22,Completed,GoPay,Success
586,TRP-000558,DRV-00191,USR-01214,LOC-0037,LOC-0020,2024-09-28 00:38:43,2024-09-28 02:26:43,1.81,108,116338.47,1.0,116338.47,Cancelled,GoPay,Success
587,TRP-000559,DRV-00279,USR-00879,LOC-0001,LOC-0026,2024-01-26 21:28:48,2024-01-26 23:11:48,2.89,103,56418.32,1.0,56418.32,Completed,Cash,Success
588,TRP-000560,DRV-00036,USR-00613,LOC-0038,LOC-0036,2024-01-23 18:03:47,2024-01-23 18:30:47,14.95,27,98902.56,1.0,98902.56,Completed,Credit Card,Success
589,TRP-000561,DRV-00466,USR-00370,LOC-0021,LOC-0053,2024-12-06 09:00:26,2024-12-06 10:53:26,1.36,113,,1.0,,Completed,Cash,Success
590,TRP-000562,DRV-00176,USR-00506,LOC-0056,LOC-0026,2024-08-21 03:41:30,2024-08-21 04:04:30,13.78,23,57325.12,1.0,57325.12,Cancelled,Credit Card,Failed
591,TRP-000563,DRV-00123,USR-01563,LOC-0014,LOC-0016,2024-09-12 05:09:56,2024-09-12 05:37:56,25.2,28,57311.2,1.25,71639.0,Completed,GoPay,Success
592,TRP-000564,DRV-00072,USR-01240,LOC-0028,LOC-0026,2024-03-12 09:20:09,2024-03-12 10:58:09,25.07,98,,1.0,,Completed,GoPay,Success
593,TRP-000565,DRV-00351,USR-00494,LOC-0038,LOC-0012,2024-12-15 11:10:59,2024-12-15 12:11:59,15.92,61,39388.25,1.75,68929.44,Cancelled,Cash,Success
594,TRP-000566,DRV-00155,USR-01089,LOC-0050,LOC-0054,2024-05-19 03:31:18,2024-05-19 03:41:18,8.21,10,16311.66,1.0,16311.66,Completed,GoPay,Success
595,TRP-000566,DRV-00155,USR-01089,LOC-0050,LOC-0054,2024-05-19 03:31:18,2024-05-19 03:41:18,8.21,10,16311.66,1.0,16311.66,Completed,GoPay,Success
596,TRP-000567,DRV-00331,USR-00045,LOC-0012,LOC-0047,2024-08-13 22:27:49,2024-08-13 23:59:49,14.32,92,23923.0,1.0,23923.0,Cancelled,Cash,Success
597,TRP-000567,DRV-00331,USR-00045,LOC-0012,LOC-0047,2024-08-13 22:27:49,2024-08-13 23:59:49,14.32,92,23923.0,1.0,23923.0,Cancelled,Cash,Success
598,TRP-000568,DRV-00231,USR-01187,LOC-0040,LOC-0053,2024-12-14 22:47:46,2024-12-14 23:15:46,9.85,28,49991.65,1.5,74987.48,Completed,GoPay,Success
599,TRP-000569,DRV-00170,USR-00772,LOC-0019,LOC-0030,2024-10-12 00:36:04,2024-10-12 01:22:04,33.68,46,72151.3,1.5,108226.95,Completed,Cash,Pending
600,TRP-000570,DRV-00497,USR-00862,LOC-0046,LOC-0028,2024-05-12 00:51:20,2024-05-12 01:08:20,14.44,17,102236.68,1.25,127795.85,Completed,GoPay,Success
601,TRP-000571,DRV-00038,USR-01633,LOC-0047,LOC-0040,2024-01-24 06:04:01,2024-01-24 06:33:01,6.15,29,19694.65,1.0,19694.65,Completed,Credit Card,Success
602,TRP-000572,DRV-00351,USR-00996,LOC-0008,LOC-0036,2024-05-18 03:41:50,2024-05-18 05:05:50,7.06,84,131660.66,1.0,131660.66,Completed,Credit Card,Success
603,TRP-000573,DRV-00012,USR-00083,LOC-0002,LOC-0049,2024-04-05 02:05:07,2024-04-05 03:13:07,33.38,68,118207.28,1.0,118207.28,Completed,Credit Card,Failed
604,TRP-000574,DRV-00258,USR-01744,LOC-0025,LOC-0026,2024-08-25 21:53:59,2024-08-25 22:29:59,5.95,36,77024.69,2.5,192561.73,Completed,GoPay,Success
605,TRP-000575,DRV-00471,USR-01073,LOC-0009,LOC-0003,2024-02-06 14:27:04,2024-02-06 14:49:04,31.38,22,103421.85,1.0,103421.85,Completed,Cash,Success
606,TRP-000576,DRV-00413,USR-00296,LOC-0032,LOC-0012,2024-04-18 14:31:32,2024-04-18 15:21:32,37.78,50,40885.03,1.5,61327.54,Completed,Cash,Success
607,TRP-000577,DRV-00219,USR-00328,LOC-0011,LOC-0019,2024-11-12 04:23:23,2024-11-12 06:15:23,23.53,112,109142.09,1.75,190998.66,Completed,Cash,Success
608,TRP-000578,DRV-00440,USR-00225,LOC-0010,LOC-0054,2024-09-18 01:03:29,2024-09-18 01:19:29,34.79,16,117228.19,1.5,175842.29,Cancelled,Credit Card,Success
609,TRP-000579,DRV-00450,USR-00552,LOC-0056,LOC-0009,2024-01-29 07:56:09,2024-01-29 08:22:09,23.45,26,52162.65,1.75,91284.64,Completed,GoPay,Success
610,TRP-000580,DRV-00374,USR-01432,LOC-0001,LOC-0020,2024-12-19 16:24:43,2024-12-19 17:18:43,38.93,54,111225.54,1.0,111225.54,Cancelled,Cash,Success
611,TRP-000581,DRV-00150,USR-00928,LOC-0036,LOC-0045,2024-11-22 13:31:53,2024-11-22 13:59:53,31.19,28,37029.5,1.25,46286.88,Cancelled,Credit Card,Success
612,TRP-000582,DRV-00007,USR-00810,LOC-0013,LOC-0028,2024-09-01 17:19:55,2024-09-01 17:57:55,27.17,38,128818.33,1.5,193227.49,Cancelled,Cash,Success
613,TRP-000582,DRV-00007,USR-00810,LOC-0013,LOC-0028,2024-09-01 17:19:55,2024-09-01 17:57:55,27.17,38,128818.33,1.5,193227.49,Cancelled,Cash,Success
614,TRP-000583,DRV-00455,USR-01475,LOC-0044,LOC-0034,2024-04-23 11:17:44,2024-04-23 12:31:44,36.81,74,27710.03,1.5,41565.04,Completed,Credit Card,Success
615,TRP-000584,DRV-00481,USR-01416,LOC-0035,LOC-0040,2024-06-06 11:16:11,2024-06-06 12:29:11,29.23,73,99339.24,1.25,124174.05,Cancelled ,Cash,Success
616,TRP-000585,DRV-00144,USR-01164,LOC-0046,LOC-0055,2024-01-21 04:39:42,2024-01-21 05:03:42,34.82,24,30379.99,1.25,37974.99,Completed,GoPay,Failed
617,TRP-000586,DRV-00150,USR-00802,LOC-0008,LOC-0032,2024-05-13 23:27:08,2024-05-14 01:17:08,36.09,110,110155.33,1.75,192771.83,Completed,Credit Card,Failed
618,TRP-000587,DRV-00035,USR-00126,LOC-0019,LOC-0004,2024-04-15 14:39:27,2024-04-15 15:19:27,3.49,40,66793.36,1.75,116888.38,Completed,Credit Card,Success
619,TRP-000588,DRV-00181,USR-01036,LOC-0004,LOC-0014,2024-01-17 08:03:12,2024-01-17 09:32:12,25.93,89,24435.3,1.0,24435.3,Cancelled,Cash,Success
620,TRP-000588,DRV-00181,USR-01036,LOC-0004,LOC-0014,2024-01-17 08:03:12,2024-01-17 09:32:12,25.93,89,24435.3,1.0,24435.3,Cancelled,Cash,Success
621,TRP-000589,DRV-00455,USR-00948,LOC-0051,LOC-0043,2024-02-09 21:18:11,2024-02-09 22:19:11,36.0,61,83796.14,1.25,104745.18,Completed,Cash,Success
622,TRP-000590,DRV-00044,USR-01165,LOC-0037,LOC-0031,2024-11-17 00:29:11,2024-11-17 02:25:11,16.03,116,59874.7,1.5,89812.05,Completed,Credit Card,Success
623,TRP-000591,DRV-00192,USR-00389,LOC-0017,LOC-0024,2024-09-06 23:00:31,2024-09-07 00:19:31,3.61,79,58688.85,1.0,58688.85,Completed,Credit Card,Success
624,TRP-000592,DRV-00199,USR-00820,LOC-0043,LOC-0010,2024-02-06 14:36:26,2024-02-06 15:45:26,36.31,69,108055.87,1.0,108055.87,COMPLETED,Credit Card,Success
625,TRP-000592,DRV-00199,USR-00820,LOC-0043,LOC-0010,2024-02-06 14:36:26,2024-02-06 15:45:26,36.31,69,108055.87,1.0,108055.87,COMPLETED,Credit Card,Success
626,TRP-000593,DRV-00404,USR-01056,LOC-0022,LOC-0014,2024-03-02 04:50:52,2024-03-02 06:45:52,19.02,115,77058.58,1.0,77058.58,Completed,Credit Card,Success
627,TRP-000594,DRV-00484,USR-00615,LOC-0028,LOC-0007,2024-04-02 15:28:36,2024-04-02 15:38:36,32.35,-5,75396.2,1.0,75396.2,Cancelled,Credit Card,Failed
628,TRP-000595,DRV-00433,USR-00342,LOC-0031,LOC-0052,2024-07-03 12:24:01,2024-07-03 13:34:01,18.78,70,114565.37,1.5,171848.05,CANCELLED,Credit Card,Success
629,TRP-000596,DRV-00227,USR-01859,LOC-0006,LOC-0011,2024-01-29 10:07:06,2024-01-29 10:23:06,33.26,16,110285.92,1.0,110285.92,Completed,Credit Card,Success
630,TRP-000597,DRV-00241,USR-00193,LOC-0049,LOC-0040,2024-11-19 23:28:53,2024-11-20 01:18:53,28.76,110,69807.05,1.0,69807.05,Completed,Credit Card,Success
631,TRP-000598,DRV-00311,USR-01249,LOC-0047,LOC-0044,2024-05-26 15:44:41,2024-05-26 17:01:41,34.33,77,37267.99,1.5,55901.99,Completed,Credit Card,Success
632,TRP-000599,DRV-00101,USR-01599,LOC-0030,LOC-0041,2024-03-18 18:50:42,2024-03-18 20:28:42,8.11,98,127290.4,1.25,159113.0,Completed,GoPay,Pending
633,TRP-000600,DRV-00172,USR-01010,LOC-0051,LOC-0041,2024-08-15 20:50:56,2024-08-15 21:14:56,4.22,24,142255.78,1.0,142255.78,Completed,GoPay,Success
634,TRP-000601,DRV-00368,USR-00428,LOC-0043,LOC-0017,2024-11-24 01:07:57,2024-11-24 02:16:57,36.48,69,93702.27,1.75,163978.97,Cancelled,GoPay,Success
635,TRP-000602,DRV-00207,USR-00967,LOC-0037,LOC-0006,2024-11-13 18:11:46,2024-11-13 18:53:46,15.99,42,145841.89,1.5,218762.84,Cancelled,Credit Card,Success
636,TRP-000603,DRV-00355,USR-00285,LOC-0053,LOC-0043,2024-06-07 07:44:33,2024-06-07 08:48:33,15.23,64,119015.23,1.0,119015.23,completed,Cash,Success
637,TRP-000604,DRV-00377,USR-01384,LOC-0043,LOC-0010,2024-01-09 01:47:14,2024-01-09 03:06:14,16.25,79,16948.13,1.0,16948.13,Completed,GoPay,Success
638,TRP-000605,DRV-00334,USR-00416,LOC-0047,LOC-0004,2024-12-07 09:52:57,2024-12-07 11:24:57,28.15,92,37740.65,0.5,37740.65,Cancelled,Credit Card,Failed
639,TRP-000605,DRV-00334,USR-00416,LOC-0047,LOC-0004,2024-12-07 09:52:57,2024-12-07 11:24:57,28.15,92,37740.65,0.5,37740.65,Cancelled,Credit Card,Failed
640,TRP-000606,DRV-00027,USR-01078,LOC-0053,LOC-0039,2024-08-16 14:33:44,2024-08-16 15:13:44,3.57,40,72071.42,1.0,72071.42,Completed,Cash,Failed
641,TRP-000607,DRV-00172,USR-01114,LOC-0057,LOC-0039,2024-10-20 14:24:49,2024-10-20 14:57:49,25.37,33,17080.13,1.5,25620.19,Completed,Cash,Success
642,TRP-000608,DRV-00263,USR-01616,LOC-0052,LOC-0006,2024-02-24 11:58:31,2024-02-24 12:25:31,27.3,27,70072.51,3.5,70072.51,Cancelled,Credit Card,Success
643,TRP-000609,DRV-00425,USR-01768,LOC-0006,LOC-0003,2024-05-15 11:31:54,2024-05-15 13:08:54,22.39,97,39692.73,1.5,59539.1,Completed,Credit Card,Success
644,TRP-000610,DRV-00383,USR-00632,LOC-0009,LOC-0044,2024-06-12 23:06:10,2024-06-13 00:33:10,10.08,87,149817.75,1.5,224726.62,Completed,GoPay,Success
645,TRP-000611,DRV-00460,USR-00257,LOC-0043,LOC-0034,2024-07-29 18:15:49,2024-07-29 20:08:49,,113,67283.39,1.0,67283.39,Completed,Credit Card,Success
646,TRP-000612,DRV-00304,USR-00326,LOC-0012,LOC-0029,2024-06-16 20:54:44,2024-06-16 21:59:44,18.31,65,126312.35,1.0,126312.35,Completed,Credit Card,Success
647,TRP-000613,DRV-00347,USR-01827,LOC-0046,LOC-0035,2024-08-24 14:07:11,2024-08-24 14:17:11,19.09,10,91309.22,1.0,91309.22,Completed,Credit Card,Success
648,TRP-000614,DRV-00152,USR-00052,LOC-0036,LOC-0055,2024-03-13 23:55:23,2024-03-14 01:16:23,15.4,81,113887.29,1.0,113887.29,Completed,GoPay,Failed
649,TRP-000615,DRV-00299,USR-00386,LOC-0037,LOC-0005,2024-11-15 14:35:17,2024-11-15 15:02:17,24.02,27,142860.71,1.0,142860.71,Completed,GoPay,Success
650,TRP-000616,DRV-00397,USR-00090,LOC-0001,LOC-0047,2024-08-22 08:44:21,2024-08-22 09:17:21,11.21,33,93211.22,1.25,116514.02,COMPLETED,Cash,Success
651,TRP-000617,DRV-00010,USR-00253,LOC-0007,LOC-0048,2024-12-06 15:59:22,2024-12-06 16:28:22,14.26,29,11846.99,1.25,14808.74,Completed,Credit Card,Success
652,TRP-000618,DRV-00083,USR-00466,LOC-0055,LOC-0013,2024-06-07 11:31:41,2024-06-07 12:58:41,9.22,87,0.0,1.25,0.0,Completed,GoPay,Success
653,TRP-000619,DRV-00364,USR-00868,LOC-0009,LOC-0018,2024-09-29 12:46:29,2024-09-29 14:39:29,,113,60887.21,1.0,60887.21,Completed,Credit Card,Success
654,TRP-000620,DRV-00201,USR-01938,LOC-0043,LOC-0039,2024-05-22 17:08:55,2024-05-22 18:10:55,27.45,62,137164.41,1.0,137164.41,Completed,Credit Card,Failed
655,TRP-000621,DRV-00195,USR-01343,LOC-0028,LOC-0037,2024-07-27 08:09:43,2024-07-27 09:43:43,33.09,94,59551.02,1.75,104214.28,Completed,Credit Card,Failed
656,TRP-000622,DRV-00484,USR-00879,LOC-0041,LOC-0011,2024-11-27 22:09:27,2024-11-27 23:12:27,33.45,63,40216.8,2.5,100542.0,CANCELLED,Credit Card,Success
657,TRP-000623,DRV-00149,USR-00500,LOC-0011,LOC-0051,2024-12-09 05:48:57,2024-12-09 07:21:57,16.93,93,122585.46,1.25,153231.83,Completed,Credit Card,Success
658,TRP-000624,DRV-00391,USR-01483,LOC-0051,LOC-0020,2024-05-03 22:28:54,2024-05-04 00:20:54,3.32,112,149233.66,1.0,149233.66,Completed,Cash,Success
659,TRP-000625,DRV-00101,USR-01162,LOC-0003,LOC-0046,2024-06-30 12:51:42,2024-06-30 13:58:42,9.86,67,113362.57,0.5,226725.14,Cancelled,Credit Card,Success
660,TRP-000626,DRV-00287,USR-00720,LOC-0008,LOC-0024,2024-01-15 22:23:39,2024-01-15 23:59:39,6.17,96,107608.27,1.0,107608.27,Failed,GoPay,Success
661,TRP-000627,DRV-00396,USR-01401,LOC-0044,LOC-0045,2024-09-22 20:26:03,2024-09-22 21:05:03,33.15,39,115083.55,1.25,143854.44,Cancelled,Cash,Success
662,TRP-000628,DRV-00445,USR-00342,LOC-0026,LOC-0023,2024-03-12 17:04:05,2024-03-12 18:12:05,32.87,68,30858.2,1.0,30858.2,Completed,GoPay,Success
663,TRP-000629,DRV-00179,USR-00600,LOC-0022,LOC-0006,2024-04-10 19:07:33,2024-04-10 20:37:33,30.51,90,146751.88,1.5,220127.82,Cancelled,Credit Card,Success
664,TRP-000630,DRV-00351,USR-00451,LOC-0045,LOC-0030,2024-09-28 06:50:33,2024-09-28 07:04:33,37.03,14,68503.06,1.0,68503.06,Completed,GoPay,Success
665,TRP-000631,DRV-00244,USR-00768,LOC-0028,LOC-0048,2024-10-07 08:43:23,2024-10-07 10:30:23,,107,33350.07,1.0,33350.07,Cancelled,GoPay,Success
666,TRP-000631,DRV-00244,USR-00768,LOC-0028,LOC-0048,2024-10-07 08:43:23,2024-10-07 10:30:23,,107,33350.07,1.0,33350.07,Cancelled,GoPay,Success
667,TRP-000632,DRV-00319,USR-01911,LOC-0004,LOC-0029,2024-08-09 18:17:29,2024-08-09 18:56:29,4.27,39,126516.13,1.0,126516.13,Completed,GoPay,Failed
668,TRP-000633,DRV-00370,USR-01261,LOC-0053,LOC-0038,2024-07-28 15:47:37,2024-07-28 16:15:37,36.79,28,27505.98,1.25,34382.47,Completed,Cash,Success
669,TRP-000634,DRV-00285,USR-01087,LOC-0003,LOC-0021,2024-07-13 23:44:30,2024-07-14 00:38:30,34.16,54,22663.21,1.0,22663.21,Completed,GoPay,Success
670,TRP-000635,DRV-00055,USR-00505,LOC-0017,LOC-0009,2024-07-02 01:35:10,2024-07-02 02:31:10,30.92,56,71818.88,1.0,71818.88,Completed,GoPay,Success
671,TRP-000636,DRV-00104,USR-01325,LOC-0020,LOC-0016,2024-06-18 06:41:00,2024-06-18 08:09:00,15.53,88,138149.21,1.0,138149.21,COMPLETED,Credit Card,Failed
672,TRP-000637,DRV-00059,USR-01943,LOC-0044,LOC-0030,2024-08-22 22:36:16,2024-08-22 23:02:16,16.2,26,119516.3,1.0,119516.3,Completed,Cash,Success
673,TRP-000638,DRV-00118,USR-01680,LOC-0040,LOC-0010,2024-03-01 20:50:16,2024-03-01 21:12:16,24.15,22,44465.98,1.25,55582.48,Completed,Cash,Success
674,TRP-000639,DRV-00250,USR-00003,LOC-0029,LOC-0043,2024-04-23 09:48:01,2024-04-23 10:42:01,34.17,54,113667.91,1.75,198918.84,Completed,GoPay,Success
675,TRP-000640,DRV-00267,USR-00500,LOC-0036,LOC-0032,2024-08-03 12:31:24,2024-08-03 13:59:24,2.33,88,39826.57,2.0,79653.14,Completed,GoPay,Success
676,TRP-000640,DRV-00267,USR-00500,LOC-0036,LOC-0032,2024-08-03 12:31:24,2024-08-03 13:59:24,2.33,88,39826.57,2.0,79653.14,Completed,GoPay,Success
677,TRP-000641,DRV-00400,USR-01473,LOC-0051,LOC-0014,2024-04-16 01:52:21,2024-04-16 02:54:21,27.71,62,74293.35,1.0,74293.35,Completed,Credit Card,Success
678,TRP-000642,DRV-00068,USR-00915,LOC-0012,LOC-0005,2024-01-19 19:45:22,2024-01-19 21:31:22,13.23,106,44115.81,1.0,44115.81,Completed,Credit Card,Success
679,TRP-000642,DRV-00068,USR-00915,LOC-0012,LOC-0005,2024-01-19 19:45:22,2024-01-19 21:31:22,13.23,106,44115.81,1.0,44115.81,Completed,Credit Card,Success
680,TRP-000643,DRV-00282,USR-01516,LOC-0013,LOC-0045,2024-10-10 23:18:57,2024-10-10 23:37:57,35.38,19,,1.0,,Completed,Credit Card,Success
681,TRP-000644,DRV-00126,USR-01512,LOC-0025,LOC-0040,2024-01-05 21:43:24,2024-01-05 22:52:24,30.21,69,92951.54,1.0,92951.54,Completed,Cash,Success
682,TRP-000645,DRV-00005,USR-00936,LOC-0008,LOC-0029,2024-04-03 18:25:22,2024-04-03 19:09:22,22.86,44,131990.61,1.0,131990.61,Completed,Credit Card,Success
683,TRP-000646,DRV-00386,USR-00165,LOC-0040,LOC-0017,2024-11-06 03:00:08,2024-11-06 04:32:08,12.85,92,46335.84,1.0,46335.84,Completed,GoPay,Success
684,TRP-000647,DRV-00376,USR-01402,LOC-0052,LOC-0008,2024-09-24 05:32:37,2024-09-24 07:18:37,27.35,106,80066.63,1.5,120099.95,Cancelled,GoPay,Success
685,TRP-000648,DRV-00013,USR-00763,LOC-0024,LOC-0033,2024-03-21 13:47:26,2024-03-21 14:55:26,4.84,68,86225.88,1.75,150895.29,Completed,Cash,Success
686,TRP-000649,DRV-00493,USR-00141,LOC-0020,LOC-0021,2024-11-01 19:38:55,2024-11-01 20:38:55,35.54,60,34627.23,1.0,34627.23,Completed,GoPay,Success
687,TRP-000650,DRV-00192,USR-00381,LOC-0019,LOC-0034,2024-03-29 01:35:44,2024-03-29 01:59:44,,24,148649.0,1.5,222973.5,Completed,Cash,Success
688,TRP-000651,DRV-00475,USR-00045,LOC-0014,LOC-0026,2024-08-02 01:37:00,2024-08-02 02:58:00,31.4,81,42385.72,1.0,42385.72,Completed,Cash,Success
689,TRP-000652,DRV-00383,USR-01950,LOC-0010,LOC-0051,2024-10-01 13:13:20,2024-10-01 14:39:20,5.43,86,100138.87,1.0,100138.87,Completed,Cash,Success
690,TRP-000653,DRV-00279,USR-00926,LOC-0011,LOC-0009,2024-07-18 10:45:14,2024-07-18 11:15:14,11.95,30,27370.81,1.0,27370.81,Completed,GoPay,Success
691,TRP-000654,DRV-00314,USR-01494,LOC-0051,LOC-0055,2024-10-09 09:47:55,2024-10-09 11:03:55,26.59,76,126568.31,1.0,126568.31,Completed,Credit Card,Success
692,TRP-000655,DRV-00210,USR-01620,LOC-0022,LOC-0028,2024-05-18 05:39:30,2024-05-18 06:55:30,29.77,76,87404.87,1.0,87404.87,Completed,GoPay,Success
693,TRP-000656,DRV-00209,USR-00410,LOC-0054,LOC-0007,2024-03-06 07:23:32,2024-03-06 08:49:32,18.98,86,143711.77,1.75,251495.6,Completed,GoPay,Success
694,TRP-000657,DRV-00046,USR-01176,LOC-0054,LOC-0014,2024-07-23 02:32:03,2024-07-23 04:31:03,27.9,119,92596.84,1.25,115746.05,Completed,Cash,Success
695,TRP-000658,DRV-00253,USR-00713,LOC-0013,LOC-0052,2024-09-22 08:31:02,2024-09-22 10:10:02,7.7,99,64462.45,1.5,96693.67,Completed,Cash,Failed
696,TRP-000659,DRV-00024,USR-00636,LOC-0045,LOC-0039,2024-11-20 04:50:32,2024-11-20 05:07:32,10.46,17,104157.75,1.25,130197.19,Completed,Cash,Success
697,TRP-000660,DRV-00301,USR-01123,LOC-0049,LOC-0055,2024-02-18 00:37:00,2024-02-18 01:06:00,19.79,29,48983.23,1.5,73474.85,Completed,GoPay,Success
698,TRP-000661,DRV-00095,USR-00661,LOC-0036,LOC-0005,2024-09-01 09:58:11,2024-09-01 11:42:11,33.88,104,136451.99,1.75,238790.98,Cancelled,Cash,Failed
699,TRP-000662,DRV-00278,USR-00810,LOC-0015,LOC-0038,2024-08-20 07:56:46,2024-08-20 08:39:46,14.96,43,23673.5,5.0,23673.5,Completed,Cash,Success
700,TRP-000663,DRV-00378,USR-00692,LOC-0050,LOC-0040,2024-01-18 22:04:10,2024-01-18 23:37:10,23.9,93,107406.89,1.0,107406.89,Cancelled,Credit Card,Success
701,TRP-000664,DRV-00056,USR-00944,LOC-0031,LOC-0042,2024-10-28 12:34:14,2024-10-28 13:08:14,13.82,34,142399.13,2.0,284798.26,COMPLETED,Credit Card,Success
702,TRP-000665,DRV-00337,USR-00464,LOC-0046,LOC-0019,2024-01-05 08:26:22,2024-01-05 10:06:22,36.88,100,52788.19,1.25,65985.24,Completed,Credit Card,Failed
703,TRP-000666,DRV-00345,USR-01869,LOC-0016,LOC-0012,2024-10-11 20:53:55,2024-10-11 21:33:55,17.92,40,53195.76,1.0,53195.76,Cancelled,GoPay,Success
704,TRP-000667,DRV-00343,USR-00064,LOC-0011,LOC-0046,2024-04-18 13:13:39,2024-04-18 13:54:39,32.53,41,115551.28,1.0,115551.28,Completed,Cash,Success
705,TRP-000668,DRV-00141,USR-00017,LOC-0040,LOC-0053,2024-08-11 16:19:08,2024-08-11 17:05:08,5.02,46,79298.99,1.0,79298.99,Completed,Credit Card,Success
706,TRP-000669,DRV-00325,USR-01278,LOC-0004,LOC-0034,2024-12-19 03:16:32,2024-12-19 05:11:32,7.98,115,130410.91,1.25,163013.64,Cancelled,GoPay,Success
707,TRP-000669,DRV-00325,USR-01278,LOC-0004,LOC-0034,2024-12-19 03:16:32,2024-12-19 05:11:32,7.98,115,130410.91,1.25,163013.64,Cancelled,GoPay,Success
708,TRP-000670,DRV-00490,USR-00358,LOC-0016,LOC-0032,2024-05-28 10:39:05,2024-05-28 12:20:05,15.88,101,91632.04,2.0,183264.08,Completed,GoPay,Success
709,TRP-000671,DRV-00278,USR-01603,LOC-0049,LOC-0013,2024-08-24 10:42:17,2024-08-24 12:18:17,1.63,96,0.0,1.0,0.0,Completed,GoPay,Success
710,TRP-000672,DRV-00098,USR-00413,LOC-0052,LOC-0020,2024-09-18 23:13:21,2024-09-19 00:29:21,22.01,76,42210.1,1.0,42210.1,Completed,Cash,Success
711,TRP-000673,DRV-00186,USR-01663,LOC-0019,LOC-0012,2024-04-20 09:40:13,2024-04-20 10:21:13,,41,34723.31,2.0,69446.62,Cancelled,Credit Card,Success
712,TRP-000674,DRV-00437,USR-01146,LOC-0041,LOC-0034,2024-11-09 09:25:06,2024-11-09 10:54:06,39.56,89,95229.0,1.75,166650.75,Cancelled,Credit Card,Failed
713,TRP-000675,DRV-00050,USR-01720,LOC-0056,LOC-0031,2024-06-06 05:32:46,2024-06-06 06:24:46,2.75,52,74106.95,1.5,111160.42,Completed,GoPay,Success
714,TRP-000676,DRV-00146,USR-01515,LOC-0047,LOC-0040,2024-09-07 12:21:34,2024-09-07 13:22:34,27.01,61,,1.0,,Completed,Credit Card,Success
715,TRP-000677,DRV-00444,USR-01752,LOC-0028,LOC-0039,2024-01-20 23:55:26,2024-01-21 00:15:26,34.0,20,96971.57,2.0,193943.14,Completed,GoPay,Success
716,TRP-000678,DRV-00215,USR-00886,LOC-0047,LOC-0021,2024-01-01 00:28:48,2024-01-01 02:01:48,14.21,93,85994.74,1.0,85994.74,Cancelled,Credit Card,Success
717,TRP-000679,DRV-00495,USR-00754,LOC-0040,LOC-0042,2024-06-17 21:54:35,2024-06-17 23:17:35,,83,12610.52,2.5,31526.3,Cancelled,Cash,Success
718,TRP-000680,DRV-00160,USR-00094,LOC-0009,LOC-0054,2024-10-03 11:41:49,2024-10-03 13:26:49,36.15,105,136173.75,1.5,204260.62,Completed,Cash,Success
719,TRP-000681,DRV-00029,USR-01766,LOC-0044,LOC-0056,2024-04-03 11:38:57,2024-04-03 12:56:57,13.63,78,108801.55,1.0,108801.55,Completed,Cash,Failed
720,TRP-000682,DRV-00126,USR-01554,LOC-0048,LOC-0027,2024-11-29 18:40:03,2024-11-29 20:01:03,34.86,81,,1.0,,Completed,GoPay,Success
721,TRP-000683,DRV-00044,USR-01981,LOC-0052,LOC-0040,2024-09-08 20:39:52,2024-09-08 21:15:52,1.06,36,51152.42,2.0,102304.84,Cancelled,GoPay,Failed
722,TRP-000684,DRV-00213,USR-00301,LOC-0004,LOC-0014,2024-10-17 05:52:50,2024-10-17 06:56:50,9.41,64,52566.24,1.0,52566.24,Completed,Cash,Success
723,TRP-000685,DRV-00101,USR-00456,LOC-0024,LOC-0030,2024-09-20 22:35:15,2024-09-20 23:38:15,4.46,63,109969.02,1.5,164953.53,Completed,GoPay,Success
724,TRP-000686,DRV-00070,USR-00795,LOC-0016,LOC-0027,2024-06-21 15:00:17,2024-06-21 16:18:17,13.21,78,15759.62,1.25,19699.53,Cancelled,Credit Card,Success
725,TRP-000687,DRV-00482,USR-00585,LOC-0054,LOC-0033,2024-10-03 20:21:24,2024-10-03 21:13:24,6.4,52,59579.82,1.0,59579.82,Completed,Cash,Failed
726,TRP-000688,DRV-00136,USR-01787,LOC-0010,LOC-0002,2024-12-02 13:04:38,2024-12-02 14:15:38,17.43,71,59656.81,1.0,59656.81,Completed,GoPay,Success
727,TRP-000689,DRV-00017,USR-01318,LOC-0046,LOC-0003,2024-08-09 17:52:34,2024-08-09 19:50:34,11.83,118,14689.6,1.0,14689.6,Completed,Credit Card,Success
728,TRP-000690,DRV-00217,USR-00749,LOC-0016,LOC-0023,2024-03-11 00:27:22,2024-03-11 01:02:22,34.73,35,28218.72,1.0,28218.72,Failed,Credit Card,Success
729,TRP-000691,DRV-00041,USR-00144,LOC-0004,LOC-0049,2024-04-05 08:21:51,2024-04-05 10:15:51,13.0,114,148544.0,1.25,185680.0,Cancelled,GoPay,Success
730,TRP-000692,DRV-00053,USR-01399,LOC-0057,LOC-0021,2024-07-14 02:32:36,2024-07-14 03:09:36,30.21,37,72695.08,2.0,145390.16,Completed,GoPay,Success
731,TRP-000693,DRV-00001,USR-00575,LOC-0047,LOC-0030,2024-10-11 16:46:44,2024-10-11 18:10:44,17.05,84,,1.75,,Cancelled,Credit Card,Failed
732,TRP-000694,DRV-00009,USR-01079,LOC-0042,LOC-0040,2024-01-27 07:56:10,2024-01-27 08:41:10,29.01,-5,108193.71,1.25,135242.14,Completed,GoPay,Success
733,TRP-000695,DRV-00217,USR-00358,LOC-0010,LOC-0005,2024-04-08 09:38:36,2024-04-08 09:55:36,14.83,17,40279.4,1.0,40279.4,Completed,GoPay,Success
734,TRP-000696,DRV-00174,USR-00344,LOC-0017,LOC-0031,2024-04-26 05:02:49,2024-04-26 07:02:49,12.8,120,27948.32,1.0,27948.32,Completed,Cash,Success
735,TRP-000697,DRV-00430,USR-00732,LOC-0006,LOC-0036,2024-12-21 15:39:26,2024-12-21 17:24:26,27.6,105,115669.51,1.0,115669.51,Completed,Cash,Success
736,TRP-000698,DRV-00264,USR-00766,LOC-0013,LOC-0019,2024-12-15 19:09:03,2024-12-15 20:12:03,31.13,63,84831.64,1.0,84831.64,Completed,Credit Card,Pending
737,TRP-000699,DRV-00414,USR-01270,LOC-0004,LOC-0053,2024-08-12 05:09:53,2024-08-12 06:25:53,12.84,76,134066.98,1.5,201100.47,Completed,GoPay,Pending
738,TRP-000700,DRV-00177,USR-01553,LOC-0040,LOC-0012,2024-03-24 13:10:38,2024-03-24 14:28:38,9.02,78,129534.04,1.25,161917.55,Completed,Credit Card,Success
739,TRP-000701,DRV-00198,USR-00388,LOC-0017,LOC-0009,2024-09-30 05:49:00,2024-09-30 07:16:00,39.3,87,34226.91,2.0,68453.82,Completed,Credit Card,Failed
740,TRP-000702,DRV-00089,USR-00130,LOC-0033,LOC-0021,2024-03-01 02:15:33,2024-03-01 03:25:33,36.28,70,51326.88,2.5,128317.2,Completed,Cash,Success
741,TRP-000703,DRV-00020,USR-00389,LOC-0004,LOC-0053,2024-04-29 08:21:14,2024-04-29 09:08:14,1.4,47,71733.15,1.0,71733.15,Completed,GoPay,Success
742,TRP-000704,DRV-00430,USR-01450,LOC-0028,LOC-0016,2024-10-18 00:05:50,2024-10-18 01:57:50,12.91,112,148313.47,1.0,148313.47,Completed,Credit Card,Pending
743,TRP-000705,DRV-00214,USR-00629,LOC-0044,LOC-0006,2024-12-29 02:13:53,2024-12-29 03:42:53,36.78,0,122516.8,1.0,122516.8,Failed,Credit Card,Success
744,TRP-000706,DRV-00129,USR-00275,LOC-0052,LOC-0048,2024-02-17 23:05:01,2024-02-18 00:06:01,21.89,61,68436.45,1.0,68436.45,Completed,Credit Card,Success
745,TRP-000707,DRV-00196,USR-01956,LOC-0010,LOC-0002,2024-07-24 11:21:56,2024-07-24 11:55:56,25.63,34,79519.71,1.5,119279.57,Completed,Credit Card,Success
746,TRP-000708,DRV-00067,USR-01557,LOC-0009,LOC-0037,2024-08-31 14:50:03,2024-08-31 15:58:03,2.92,68,38173.14,1.0,38173.14,Completed,Credit Card,Success
747,TRP-000709,DRV-00481,USR-00251,LOC-0010,LOC-0041,2024-05-15 18:57:25,2024-05-15 19:18:25,12.51,21,36077.29,1.5,54115.93,Completed,Credit Card,Pending
748,TRP-000710,DRV-00413,USR-00779,LOC-0003,LOC-0020,2024-08-02 12:54:34,2024-08-02 13:07:34,7.77,13,140942.39,1.0,140942.39,Completed,Cash,Success
749,TRP-000710,DRV-00413,USR-00779,LOC-0003,LOC-0020,2024-08-02 12:54:34,2024-08-02 13:07:34,7.77,13,140942.39,1.0,140942.39,Completed,Cash,Success
750,TRP-000711,DRV-00297,USR-00048,LOC-0017,LOC-0057,2024-02-02 09:38:19,2024-02-02 11:09:19,20.6,91,112014.79,1.0,112014.79,Completed,Credit Card,Success
751,TRP-000712,DRV-00252,USR-01088,LOC-0033,LOC-0034,2024-06-20 23:10:18,2024-06-21 00:53:18,35.32,103,58663.26,1.25,73329.07,Cancelled,Credit Card,Success
752,TRP-000713,DRV-00303,USR-00048,LOC-0057,LOC-0006,2024-02-07 22:30:28,2024-02-08 00:22:28,29.35,112,37094.15,1.0,37094.15,CANCELLED,Cash,Success
753,TRP-000713,DRV-00303,USR-00048,LOC-0057,LOC-0006,2024-02-07 22:30:28,2024-02-08 00:22:28,29.35,112,37094.15,1.0,37094.15,CANCELLED,Cash,Success
754,TRP-000714,DRV-00169,USR-00249,LOC-0049,LOC-0047,2024-10-10 14:40:05,2024-10-10 15:22:05,34.42,42,82947.76,1.5,124421.64,Completed,Credit Card,Success
755,TRP-000715,DRV-00289,USR-01498,LOC-0004,LOC-0025,2024-03-31 15:03:29,2024-03-31 15:52:29,18.18,49,88511.2,1.25,110639.0,Cancelled,Credit Card,Success
756,TRP-000716,DRV-00414,USR-01140,LOC-0017,LOC-0057,2024-07-17 06:30:41,2024-07-17 08:17:41,21.17,107,124056.95,1.0,124056.95,Completed,Cash,Success
757,TRP-000717,DRV-00454,USR-00326,LOC-0034,LOC-0011,2024-10-05 10:01:51,2024-10-05 11:19:51,36.14,78,116419.12,1.0,116419.12,Completed,GoPay,Success
758,TRP-000718,DRV-00249,USR-01857,LOC-0027,LOC-0042,2024-07-11 07:40:58,2024-07-11 08:54:58,1.72,74,142872.61,1.0,142872.61,Cancelled,GoPay,Success
759,TRP-000719,DRV-00103,USR-00167,LOC-0031,LOC-0021,2024-12-14 10:43:31,2024-12-14 11:37:31,27.66,54,109276.7,1.25,136595.88,Completed,Credit Card,Success
760,TRP-000720,DRV-00498,USR-01079,LOC-0025,LOC-0045,2024-12-10 14:26:45,2024-12-10 14:56:45,17.71,30,55252.28,1.0,55252.28,Completed,GoPay,Success
761,TRP-000721,DRV-00184,USR-01595,LOC-0042,LOC-0028,2024-04-30 15:45:07,2024-04-30 16:09:07,24.84,24,71683.96,1.25,89604.95,Completed,Credit Card,Success
762,TRP-000722,DRV-00402,USR-00393,LOC-0054,LOC-0003,2024-02-03 08:17:13,2024-02-03 10:04:13,29.72,107,90585.01,1.25,113231.26,Completed,Cash,Success
763,TRP-000723,DRV-00211,USR-01134,LOC-0004,LOC-0038,2024-09-01 01:23:15,2024-09-01 02:39:15,30.89,76,71025.15,1.25,88781.44,Cancelled ,Credit Card,Failed
764,TRP-000724,DRV-00225,USR-01532,LOC-0016,LOC-0025,2024-11-04 13:50:26,2024-11-04 15:07:26,16.57,77,,1.0,,Cancelled,Cash,Success
765,TRP-000725,DRV-00439,USR-00548,LOC-0048,LOC-0054,2024-06-05 11:18:20,2024-06-05 12:49:20,28.32,91,79408.17,1.0,79408.17,Completed,GoPay,Success
766,TRP-000726,DRV-00179,USR-00838,LOC-0029,LOC-0049,2024-08-31 07:45:05,2024-08-31 09:22:05,6.99,97,80183.61,1.5,120275.42,Completed,GoPay,Failed
767,TRP-000727,DRV-00441,USR-00041,LOC-0044,LOC-0032,2024-06-25 07:28:54,2024-06-25 08:21:54,35.12,53,86863.16,1.0,86863.16,Completed,GoPay,Success
768,TRP-000727,DRV-00441,USR-00041,LOC-0044,LOC-0032,2024-06-25 07:28:54,2024-06-25 08:21:54,35.12,53,86863.16,1.0,86863.16,Completed,GoPay,Success
769,TRP-000728,DRV-00288,USR-01249,LOC-0050,LOC-0055,2024-01-09 16:33:28,2024-01-09 18:29:28,19.74,116,58075.14,1.25,72593.93,Cancelled,Credit Card,Success
770,TRP-000729,DRV-00154,USR-00197,LOC-0051,LOC-0020,2024-08-22 13:49:50,2024-08-22 15:38:50,7.44,109,38841.21,1.0,38841.21,Cancelled,Credit Card,Success
771,TRP-000730,DRV-00228,USR-00890,LOC-0023,LOC-0026,2024-10-29 23:21:24,2024-10-30 00:11:24,23.71,50,15138.06,1.0,15138.06,Completed,Credit Card,Success
772,TRP-000731,DRV-00253,USR-00209,LOC-0022,LOC-0057,2024-06-08 10:23:27,2024-06-08 12:15:27,22.98,112,143104.92,1.5,214657.38,Cancelled,Cash,Success
773,TRP-000732,DRV-00185,USR-01216,LOC-0030,LOC-0031,2024-02-18 12:59:07,2024-02-18 13:15:07,26.9,16,25370.58,2.0,50741.16,Completed,Cash,Success
774,TRP-000733,DRV-00275,USR-00991,LOC-0009,LOC-0013,2024-05-16 20:35:01,2024-05-16 21:31:01,19.26,56,80067.41,1.0,80067.41,Completed,Cash,Success
775,TRP-000734,DRV-00318,USR-01363,LOC-0021,LOC-0010,2024-04-02 08:20:16,2024-04-02 10:20:16,6.64,120,61340.6,1.0,61340.6,Completed,Credit Card,Success
776,TRP-000735,DRV-00335,USR-00838,LOC-0026,LOC-0003,2024-03-01 08:17:00,2024-03-01 10:07:00,36.02,110,84326.43,2.0,168652.86,Completed,GoPay,Success
777,TRP-000735,DRV-00335,USR-00838,LOC-0026,LOC-0003,2024-03-01 08:17:00,2024-03-01 10:07:00,36.02,110,84326.43,2.0,168652.86,Completed,GoPay,Success
778,TRP-000736,DRV-00010,USR-00953,LOC-0007,LOC-0018,2024-06-04 12:26:17,2024-06-04 14:19:17,24.12,113,146612.48,1.25,183265.6,Completed,Credit Card,Pending
779,TRP-000737,DRV-00366,USR-00655,LOC-0037,LOC-0022,2024-01-17 05:02:45,2024-01-17 06:18:45,28.8,76,79903.92,1.0,79903.92,Completed,Cash,Success
780,TRP-000738,DRV-00338,USR-01734,LOC-0003,LOC-0050,2024-02-10 17:22:03,2024-02-10 18:28:03,30.24,66,141616.41,1.0,141616.41,Completed,Cash,Success
781,TRP-000739,DRV-00361,USR-00320,LOC-0008,LOC-0049,2024-11-05 23:04:42,2024-11-06 00:00:42,23.55,56,119283.09,1.25,149103.86,Completed,Credit Card,Success
782,TRP-000740,DRV-00408,USR-00730,LOC-0046,LOC-0034,2024-08-18 19:42:34,2024-08-18 20:44:34,2.77,62,18091.01,1.0,18091.01,Completed,GoPay,Success
783,TRP-000741,DRV-00098,USR-00097,LOC-0039,LOC-0030,2024-12-19 17:02:36,2024-12-19 19:01:36,13.09,119,78949.85,1.0,78949.85,Completed,Cash,Success
784,TRP-000742,DRV-00033,USR-01948,LOC-0045,LOC-0018,2024-07-21 00:14:35,2024-07-21 00:26:35,8.64,12,117470.15,2.5,293675.38,Completed,Credit Card,Success
785,TRP-000743,DRV-00200,USR-01689,LOC-0002,LOC-0034,2024-03-08 14:47:17,2024-03-08 16:45:17,14.37,118,142801.7,1.25,178502.12,Completed,Credit Card,Success
786,TRP-000744,DRV-00220,USR-01924,LOC-0038,LOC-0007,2024-02-04 08:30:46,2024-02-04 10:23:46,5.92,113,27979.16,1.0,27979.16,Cancelled,GoPay,Success
787,TRP-000745,DRV-00280,USR-01163,LOC-0052,LOC-0010,2024-11-23 08:24:53,2024-11-23 09:16:53,32.59,52,131120.56,1.0,131120.56,Completed,Cash,Success
788,TRP-000746,DRV-00144,USR-00587,LOC-0005,LOC-0009,2024-07-21 05:56:45,2024-07-21 06:18:45,32.09,22,106254.56,1.25,132818.2,Completed,Credit Card,Success
789,TRP-000747,DRV-00423,USR-01328,LOC-0042,LOC-0035,2024-02-08 22:33:31,2024-02-09 00:11:31,24.13,98,72238.28,2.0,144476.56,Completed,Cash,Success
790,TRP-000748,DRV-00485,USR-00153,LOC-0017,LOC-0044,2024-07-21 19:30:48,2024-07-21 20:11:48,8.73,41,55310.05,2.5,138275.12,Cancelled,GoPay,Success
791,TRP-000749,DRV-00150,USR-00960,LOC-0031,LOC-0003,2024-10-11 09:39:59,2024-10-11 11:02:59,1.41,-5,69050.3,1.25,86312.88,Completed,Credit Card,Success
792,TRP-000750,DRV-00214,USR-00380,LOC-0007,LOC-0033,2024-02-27 04:45:55,2024-02-27 05:00:55,12.0,15,83297.36,1.0,83297.36,Completed,Credit Card,Success
793,TRP-000751,DRV-00336,USR-00673,LOC-0051,LOC-0026,2024-04-09 16:38:30,2024-04-09 18:06:30,17.75,88,51791.49,1.25,64739.36,Completed,GoPay,Success
794,TRP-000752,DRV-00017,USR-01977,LOC-0037,LOC-0048,2024-10-02 14:27:54,2024-10-02 16:13:54,19.98,106,12165.21,1.0,12165.21,Completed,Credit Card,Pending
795,TRP-000753,DRV-00052,USR-00385,LOC-0026,LOC-0036,2024-02-25 05:24:50,2024-02-25 06:48:50,16.26,84,143627.85,1.0,143627.85,Completed,Cash,Failed
796,TRP-000754,DRV-00408,USR-00008,LOC-0009,LOC-0013,2024-02-13 21:59:48,2024-02-13 23:03:48,23.28,64,,1.0,,Completed,Cash,Success
797,TRP-000755,DRV-00119,USR-01549,LOC-0033,LOC-0054,2024-04-25 17:57:27,2024-04-25 18:31:27,27.62,34,97018.06,1.0,97018.06,Completed,Cash,Success
798,TRP-000756,DRV-00362,USR-00707,LOC-0008,LOC-0002,2024-12-06 05:40:27,2024-12-06 06:10:27,29.64,30,52596.15,2.0,105192.3,Completed,GoPay,Failed
799,TRP-000757,DRV-00007,USR-01909,LOC-0015,LOC-0023,2024-11-09 19:20:57,2024-11-09 21:07:57,34.63,107,73531.41,1.0,73531.41,Completed,Cash,Success
800,TRP-000758,DRV-00466,USR-01911,LOC-0045,LOC-0025,2024-01-02 20:51:27,2024-01-02 21:43:27,4.64,52,64902.46,1.0,64902.46,Completed,Credit Card,Success
801,TRP-000759,DRV-00207,USR-00937,LOC-0030,LOC-0057,2024-09-16 03:02:42,2024-09-16 04:07:42,34.45,65,11314.59,1.0,11314.59,Completed,Credit Card,Success
802,TRP-000760,DRV-00242,USR-01558,LOC-0016,LOC-0003,2024-03-29 09:49:12,2024-03-29 10:27:12,7.9,38,91220.18,1.0,91220.18,Cancelled,Credit Card,Success
803,TRP-000760,DRV-00242,USR-01558,LOC-0016,LOC-0003,2024-03-29 09:49:12,2024-03-29 10:27:12,7.9,38,91220.18,1.0,91220.18,Cancelled,Credit Card,Success
804,TRP-000761,DRV-00278,USR-00576,LOC-0035,LOC-0056,2024-01-17 18:33:08,2024-01-17 19:58:08,12.84,85,132254.42,1.0,132254.42,Cancelled,GoPay,Success
805,TRP-000762,DRV-00435,USR-01196,LOC-0024,LOC-0054,2024-08-13 03:23:42,2024-08-13 05:04:42,35.7,101,122384.48,1.0,122384.48,Completed,GoPay,Success
806,TRP-000763,DRV-00175,USR-00945,LOC-0010,LOC-0034,2024-08-07 12:44:20,2024-08-07 14:35:20,18.78,111,33298.72,1.25,41623.4,Completed,Credit Card,Success
807,TRP-000764,DRV-00271,USR-01758,LOC-0023,LOC-0049,2024-06-10 21:26:19,2024-06-10 21:37:19,33.87,11,63053.85,1.25,78817.31,Completed,Credit Card,Success
808,TRP-000765,DRV-00227,USR-01809,LOC-0029,LOC-0031,2024-06-19 12:04:58,2024-06-19 13:30:58,15.61,86,15723.23,1.25,19654.04,Completed,Cash,Success
809,TRP-000766,DRV-00044,USR-00113,LOC-0029,LOC-0050,2024-04-02 13:42:11,2024-04-02 14:37:11,5.8,55,87545.81,1.0,87545.81,Completed,GoPay,Success
810,TRP-000767,DRV-00027,USR-01614,LOC-0010,LOC-0015,2024-08-27 12:49:49,2024-08-27 14:14:49,37.23,85,45312.36,1.0,45312.36,Completed,Credit Card,Failed
811,TRP-000768,DRV-00205,USR-01254,LOC-0023,LOC-0043,2024-02-20 16:29:08,2024-02-20 17:03:08,14.3,34,85276.0,1.0,85276.0,Completed,Credit Card,Success
812,TRP-000769,DRV-00130,USR-01088,LOC-0057,LOC-0053,2024-08-03 19:22:24,2024-08-03 20:15:24,12.2,-10,77042.7,2.0,154085.4,Completed,GoPay,Pending
813,TRP-000770,DRV-00272,USR-01643,LOC-0001,LOC-0022,2024-04-06 03:37:29,2024-04-06 04:43:29,17.0,66,149070.1,2.5,372675.25,Completed,GoPay,Success
814,TRP-000771,DRV-00022,USR-00469,LOC-0047,LOC-0038,2024-02-20 12:15:35,2024-02-20 12:46:35,5.77,31,134279.93,2.0,268559.86,Completed,GoPay,Success
815,TRP-000772,DRV-00068,USR-01106,LOC-0052,LOC-0031,2024-08-07 18:12:00,2024-08-07 19:29:00,31.29,77,32327.14,1.75,56572.49,Completed,Credit Card,Success
816,TRP-000773,DRV-00342,USR-01183,LOC-0026,LOC-0020,2024-04-26 16:05:23,2024-04-26 16:29:23,,24,42823.67,1.5,64235.5,Completed,Credit Card,Success
817,TRP-000774,DRV-00481,USR-00044,LOC-0010,LOC-0045,2024-03-02 19:57:11,2024-03-02 21:40:11,28.43,103,115300.23,1.0,115300.23,Cancelled,Cash,Success
818,TRP-000775,DRV-00445,USR-01819,LOC-0018,LOC-0027,2024-06-10 04:34:08,2024-06-10 05:00:08,35.1,26,54735.32,1.5,82102.98,Completed,Cash,Success
819,TRP-000776,DRV-00247,USR-01095,LOC-0050,LOC-0022,2024-04-23 12:56:34,2024-04-23 14:40:34,22.17,104,141439.17,1.0,141439.17,Completed,Cash,Success
820,TRP-000777,DRV-00408,USR-00181,LOC-0056,LOC-0017,2024-05-10 07:46:00,2024-05-10 08:53:00,39.14,67,31494.08,3.5,31494.08,Completed,Cash,Success
821,TRP-000778,DRV-00222,USR-01017,LOC-0039,LOC-0056,2024-07-06 17:29:46,2024-07-06 19:04:46,6.16,95,96439.52,1.0,96439.52,Completed,GoPay,Success
822,TRP-000779,DRV-00431,USR-00008,LOC-0054,LOC-0018,2024-08-11 10:38:32,2024-08-11 12:10:32,34.19,92,115553.12,1.25,144441.4,Completed,Credit Card,Failed
823,TRP-000780,DRV-00109,USR-01643,LOC-0039,LOC-0043,2024-06-21 06:56:51,2024-06-21 07:16:51,12.01,20,33082.32,1.0,33082.32,Completed,Cash,Success
824,TRP-000781,DRV-00240,USR-01694,LOC-0016,LOC-0039,2024-06-09 00:32:29,2024-06-09 01:02:29,16.03,30,58415.78,1.0,58415.78,Cancelled,GoPay,Success
825,TRP-000782,DRV-00474,USR-01323,LOC-0028,LOC-0047,2024-11-02 13:46:33,2024-11-02 14:55:33,19.72,69,133461.59,1.0,133461.59,Completed,Cash,Success
826,TRP-000783,DRV-00186,USR-00976,LOC-0008,LOC-0023,2024-12-17 01:55:26,2024-12-17 02:56:26,30.35,61,129197.34,1.0,129197.34,Completed,Credit Card,Success
827,TRP-000784,DRV-00329,USR-00608,LOC-0009,LOC-0020,2024-07-01 21:06:32,2024-07-01 22:30:32,34.7,84,144541.23,1.25,180676.54,Completed,Credit Card,Success
828,TRP-000785,DRV-00196,USR-01423,LOC-0050,LOC-0045,2024-11-19 14:49:11,2024-11-19 15:16:11,5.91,27,46637.87,1.0,46637.87,Completed,Cash,Success
829,TRP-000786,DRV-00052,USR-01391,LOC-0022,LOC-0010,2024-06-30 06:31:39,2024-06-30 07:11:39,5.24,40,109504.22,1.5,164256.33,Completed,GoPay,Success
830,TRP-000787,DRV-00325,USR-00135,LOC-0034,LOC-0018,2024-02-18 21:13:41,2024-02-18 22:41:41,32.09,88,40439.87,1.0,40439.87,Completed,Credit Card,Success
831,TRP-000788,DRV-00166,USR-01263,LOC-0027,LOC-0045,2024-06-10 08:10:02,2024-06-10 09:48:02,,98,76733.28,2.0,153466.56,Failed,GoPay,Failed
832,TRP-000789,DRV-00207,USR-00665,LOC-0001,LOC-0004,2024-10-06 12:07:02,2024-10-06 12:42:02,6.59,35,88787.47,1.25,110984.34,Completed,Credit Card,Success
833,TRP-000790,DRV-00128,USR-01725,LOC-0048,LOC-0046,2024-05-06 04:09:26,2024-05-06 04:59:26,11.13,50,141367.66,1.5,212051.49,Completed,Credit Card,Success
834,TRP-000791,DRV-00416,USR-01768,LOC-0018,LOC-0038,2024-03-28 05:44:21,2024-03-28 07:13:21,8.66,89,143834.09,1.25,179792.61,Completed,GoPay,Success
835,TRP-000792,DRV-00241,USR-01143,LOC-0045,LOC-0015,2024-05-09 20:35:25,2024-05-09 21:43:25,8.73,68,125812.97,1.75,220172.7,Completed,GoPay,Success
836,TRP-000793,DRV-00118,USR-00867,LOC-0020,LOC-0007,2024-11-24 05:13:06,2024-11-24 05:45:06,6.95,32,116141.42,2.0,232282.84,Completed,Credit Card,Success
837,TRP-000794,DRV-00025,USR-00258,LOC-0016,LOC-0054,2024-02-21 06:58:20,2024-02-21 07:49:20,4.74,51,13967.22,1.5,20950.83,Completed,Cash,Success
838,TRP-000795,DRV-00078,USR-01834,LOC-0042,LOC-0054,2024-09-23 20:01:18,2024-09-23 21:37:18,12.67,96,57724.46,1.0,57724.46,Completed,Credit Card,Success
839,TRP-000796,DRV-00265,USR-00155,LOC-0038,LOC-0006,2024-11-23 23:07:43,2024-11-23 23:48:43,33.07,41,112586.41,1.75,197026.22,Cancelled,Cash,Success
840,TRP-000797,DRV-00241,USR-00226,LOC-0022,LOC-0046,2024-07-12 02:21:19,2024-07-12 04:20:19,30.5,119,60111.92,2.0,120223.84,Cancelled,Cash,Success
841,TRP-000798,DRV-00221,USR-00247,LOC-0048,LOC-0027,2024-02-22 02:09:44,2024-02-22 04:07:44,34.23,118,,1.75,,Completed,Credit Card,Success
842,TRP-000799,DRV-00029,USR-00644,LOC-0039,LOC-0036,2024-09-13 03:16:10,2024-09-13 04:15:10,20.54,59,60189.91,1.25,75237.39,Completed,Cash,Failed
843,TRP-000800,DRV-00304,USR-00078,LOC-0007,LOC-0003,2024-01-31 13:02:43,2024-01-31 13:48:43,30.85,46,68463.69,1.0,68463.69,Completed,GoPay,Success
844,TRP-000801,DRV-00459,USR-00801,LOC-0043,LOC-0008,2024-05-29 20:36:13,2024-05-29 21:17:13,22.64,41,25943.43,2.5,64858.57,Completed,Credit Card,Success
845,TRP-000802,DRV-00339,USR-01211,LOC-0025,LOC-0022,2024-06-04 10:41:28,2024-06-04 12:28:28,22.72,0,116212.88,1.0,116212.88,Completed,GoPay,Success
846,TRP-000803,DRV-00443,USR-00595,LOC-0029,LOC-0010,2024-09-02 13:13:02,2024-09-02 13:47:02,18.87,34,,1.0,,Completed,GoPay,Success
847,TRP-000804,DRV-00390,USR-01226,LOC-0038,LOC-0042,2024-08-09 05:55:24,2024-08-09 06:52:24,5.03,57,45742.45,2.5,114356.12,Completed,GoPay,Success
848,TRP-000805,DRV-00214,USR-00921,LOC-0024,LOC-0005,2024-12-03 06:02:58,2024-12-03 07:23:58,14.17,81,78799.28,1.0,78799.28,Completed,Cash,Success
849,TRP-000806,DRV-00258,USR-00100,LOC-0041,LOC-0043,2024-06-19 10:48:10,2024-06-19 11:24:10,23.95,36,30516.95,1.5,45775.43,Completed,Credit Card,Success
850,TRP-000807,DRV-00010,USR-01387,LOC-0013,LOC-0007,2024-05-27 00:08:16,2024-05-27 01:21:16,27.81,73,77344.39,1.25,96680.49,Completed,Cash,Success
851,TRP-000808,DRV-00192,USR-01957,LOC-0053,LOC-0019,2024-05-10 21:12:35,2024-05-10 22:03:35,1.93,51,18092.49,1.0,18092.49,Completed,GoPay,Success
852,TRP-000809,DRV-00324,USR-00939,LOC-0016,LOC-0035,2024-07-17 01:33:44,2024-07-17 02:44:44,6.27,71,62850.91,1.0,62850.91,Completed,Cash,Success
853,TRP-000810,DRV-00317,USR-01919,LOC-0015,LOC-0002,2024-07-09 23:08:58,2024-07-10 00:46:58,38.97,98,48917.16,1.0,48917.16,Completed,Credit Card,Success
854,TRP-000811,DRV-00311,USR-01636,LOC-0025,LOC-0011,2024-02-26 10:02:03,2024-02-26 10:55:03,7.05,53,118918.47,1.25,148648.09,Completed,GoPay,Success
855,TRP-000812,DRV-00500,USR-01953,LOC-0007,LOC-0013,2024-05-19 14:05:26,2024-05-19 14:25:26,26.71,20,82611.99,0.5,123917.99,Cancelled,GoPay,Failed
856,TRP-000813,DRV-00364,USR-01111,LOC-0052,LOC-0008,2024-11-26 00:43:00,2024-11-26 01:16:00,9.48,33,27792.56,1.0,27792.56,Completed,Cash,Success
857,TRP-000814,DRV-00166,USR-01699,LOC-0036,LOC-0053,2024-11-11 08:33:25,2024-11-11 10:32:25,34.45,119,52384.46,1.0,52384.46,Completed,Cash,Success
858,TRP-000815,DRV-00040,USR-00615,LOC-0024,LOC-0003,2024-03-28 21:51:47,2024-03-28 22:10:47,33.67,19,132008.26,2.0,264016.52,Completed,GoPay,Success
859,TRP-000816,DRV-00210,USR-00014,LOC-0025,LOC-0006,2024-01-10 12:25:27,2024-01-10 13:08:27,18.71,43,119551.6,1.0,119551.6,Completed,Credit Card,Success
860,TRP-000817,DRV-00347,USR-01228,LOC-0010,LOC-0021,2024-10-09 01:25:49,2024-10-09 02:37:49,16.96,72,87309.62,1.5,130964.43,Completed,GoPay,Success
861,TRP-000818,DRV-00325,USR-00213,LOC-0020,LOC-0001,2024-05-12 17:51:46,2024-05-12 18:11:46,28.2,20,42403.82,1.0,42403.82,Completed,Credit Card,Success
862,TRP-000818,DRV-00325,USR-00213,LOC-0020,LOC-0001,2024-05-12 17:51:46,2024-05-12 18:11:46,28.2,20,42403.82,1.0,42403.82,Completed,Credit Card,Success
863,TRP-000819,DRV-00463,USR-00792,LOC-0030,LOC-0007,2024-04-24 22:06:05,2024-04-24 23:40:05,32.88,94,74227.98,1.0,74227.98,Completed,GoPay,Success
864,TRP-000820,DRV-00339,USR-00968,LOC-0039,LOC-0018,2024-11-03 00:32:54,2024-11-03 00:48:54,18.74,16,47482.07,0.8,47482.07,Cancelled,Cash,Success
865,TRP-000821,DRV-00118,USR-00806,LOC-0048,LOC-0040,2024-04-22 05:01:40,2024-04-22 05:22:40,8.25,21,98210.3,2.5,245525.75,Completed,Cash,Success
866,TRP-000821,DRV-00118,USR-00806,LOC-0048,LOC-0040,2024-04-22 05:01:40,2024-04-22 05:22:40,8.25,21,98210.3,2.5,245525.75,Completed,Cash,Success
867,TRP-000822,DRV-00251,USR-01896,LOC-0026,LOC-0016,2024-02-04 00:23:22,2024-02-04 02:00:22,33.62,97,21369.99,2.5,53424.98,Completed,Credit Card,Success
868,TRP-000823,DRV-00226,USR-00596,LOC-0034,LOC-0026,2024-06-29 03:40:01,2024-06-29 05:06:01,12.71,86,88600.29,1.5,132900.43,Completed,Credit Card,Success
869,TRP-000823,DRV-00226,USR-00596,LOC-0034,LOC-0026,2024-06-29 03:40:01,2024-06-29 05:06:01,12.71,86,88600.29,1.5,132900.43,Completed,Credit Card,Success
870,TRP-000824,DRV-00028,USR-01887,LOC-0030,LOC-0053,2024-06-30 23:03:56,2024-06-30 23:13:56,30.39,10,72232.21,2.0,144464.42,Completed,GoPay,Success
871,TRP-000825,DRV-00053,USR-00227,LOC-0057,LOC-0005,2024-06-20 18:59:54,2024-06-20 19:22:54,23.38,23,116244.55,1.75,203427.96,Failed,Cash,Success
872,TRP-000826,DRV-00217,USR-00917,LOC-0018,LOC-0015,2024-03-31 05:46:18,2024-03-31 06:25:18,26.96,39,82657.6,1.25,103322.0,COMPLETED,Credit Card,Failed
873,TRP-000827,DRV-00185,USR-00500,LOC-0001,LOC-0050,2024-01-22 12:22:36,2024-01-22 13:11:36,25.07,49,121575.42,1.25,151969.27,Completed,Cash,Pending
874,TRP-000828,DRV-00233,USR-00444,LOC-0037,LOC-0057,2024-04-27 20:15:09,2024-04-27 22:02:09,17.68,107,137825.41,1.0,137825.41,Completed,Credit Card,Success
875,TRP-000829,DRV-00339,USR-00499,LOC-0054,LOC-0040,2024-02-29 14:06:25,2024-02-29 16:06:25,19.69,120,123689.82,1.25,154612.28,Completed,Cash,Success
876,TRP-000830,DRV-00200,USR-00902,LOC-0003,LOC-0029,2024-01-03 06:39:09,2024-01-03 07:35:09,15.19,56,99751.75,1.0,99751.75,Completed,Cash,Success
877,TRP-000831,DRV-00314,USR-00385,LOC-0057,LOC-0024,2024-10-18 07:34:55,2024-10-18 08:17:55,16.33,43,66090.18,1.5,99135.27,COMPLETED,Credit Card,Success
878,TRP-000832,DRV-00122,USR-00514,LOC-0043,LOC-0009,2024-07-03 15:23:08,2024-07-03 17:02:08,33.76,99,23867.88,1.0,23867.88,COMPLETED,Credit Card,Success
879,TRP-000833,DRV-00028,USR-00015,LOC-0004,LOC-0044,2024-02-01 03:33:31,2024-02-01 05:23:31,38.38,110,124662.34,1.25,155827.92,Completed,GoPay,Success
880,TRP-000834,DRV-00383,USR-01277,LOC-0041,LOC-0033,2024-02-01 19:22:10,2024-02-01 19:49:10,37.95,27,129758.2,1.0,129758.2,Completed,Credit Card,Success
881,TRP-000835,DRV-00349,USR-01407,LOC-0057,LOC-0046,2024-11-14 10:11:42,2024-11-14 11:32:42,34.26,81,76929.98,1.0,76929.98,Cancelled,GoPay,Success
882,TRP-000836,DRV-00212,USR-01754,LOC-0024,LOC-0021,2024-10-08 10:07:41,2024-10-08 11:10:41,3.74,63,,2.5,,Completed,Credit Card,Success
883,TRP-000837,DRV-00247,USR-00788,LOC-0005,LOC-0042,2024-09-01 13:09:54,2024-09-01 14:39:54,39.02,90,41268.2,1.0,41268.2,Completed,Cash,Success
884,TRP-000838,DRV-00212,USR-01736,LOC-0030,LOC-0028,2024-04-16 09:04:24,2024-04-16 09:15:24,33.63,11,30627.87,1.5,45941.81,Completed,Credit Card,Success
885,TRP-000839,DRV-00206,USR-01649,LOC-0030,LOC-0007,2024-03-08 21:17:58,2024-03-08 22:15:58,35.63,58,43655.96,1.25,54569.95,Completed,Credit Card,Success
886,TRP-000840,DRV-00351,USR-01066,LOC-0018,LOC-0050,2024-04-06 10:26:27,2024-04-06 12:18:27,36.95,112,98171.13,1.5,147256.7,Completed,Cash,Success
887,TRP-000841,DRV-00310,USR-01450,LOC-0034,LOC-0002,2024-05-04 11:02:22,2024-05-04 12:23:22,20.49,81,21924.21,1.0,21924.21,Completed,Credit Card,Success
888,TRP-000842,DRV-00476,USR-01249,LOC-0004,LOC-0012,2024-12-24 04:24:22,2024-12-24 05:19:22,23.51,55,106333.36,1.0,106333.36,Completed,Cash,Pending
889,TRP-000843,DRV-00098,USR-00664,LOC-0033,LOC-0020,2024-01-29 03:22:42,2024-01-29 04:40:42,32.06,78,34529.27,1.0,34529.27,Completed,Credit Card,Success
890,TRP-000844,DRV-00251,USR-01747,LOC-0038,LOC-0021,2024-10-23 13:38:55,2024-10-23 14:32:55,3.63,54,144633.87,1.5,216950.8,Completed,Cash,Success
891,TRP-000845,DRV-00271,USR-00872,LOC-0010,LOC-0024,2024-06-01 14:30:41,2024-06-01 16:03:41,19.06,-10,70352.41,1.0,70352.41,Completed,Credit Card,Success
892,TRP-000845,DRV-00271,USR-00872,LOC-0010,LOC-0024,2024-06-01 14:30:41,2024-06-01 16:03:41,19.06,-10,70352.41,1.0,70352.41,Completed,Credit Card,Success
893,TRP-000846,DRV-00486,USR-01041,LOC-0045,LOC-0010,2024-08-12 11:41:26,2024-08-12 12:12:26,25.5,31,149191.68,1.25,186489.6,Completed,GoPay,Pending
894,TRP-000847,DRV-00088,USR-01304,LOC-0029,LOC-0015,2024-10-05 04:06:42,2024-10-05 05:10:42,39.28,64,116749.54,1.0,116749.54,Completed,GoPay,Success
895,TRP-000848,DRV-00345,USR-00143,LOC-0028,LOC-0045,2024-10-05 05:59:02,2024-10-05 06:29:02,20.11,30,107746.19,1.5,161619.29,Cancelled ,Cash,Success
896,TRP-000849,DRV-00017,USR-01052,LOC-0008,LOC-0041,2024-04-27 21:31:12,2024-04-27 23:09:12,21.97,98,0.0,1.0,0.0,Completed,GoPay,Success
897,TRP-000850,DRV-00335,USR-01084,LOC-0015,LOC-0001,2024-09-30 22:42:21,2024-09-30 23:16:21,27.12,34,105592.4,1.75,184786.7,Completed,GoPay,Pending
898,TRP-000851,DRV-00443,USR-01242,LOC-0008,LOC-0057,2024-06-10 09:08:24,2024-06-10 10:48:24,16.46,100,27355.5,1.75,47872.12,Completed,Credit Card,Success
899,TRP-000852,DRV-00130,USR-00132,LOC-0002,LOC-0026,2024-02-08 16:14:52,2024-02-08 17:19:52,16.25,65,91239.88,1.0,91239.88,Completed,Cash,Success
900,TRP-000853,DRV-00485,USR-00846,LOC-0054,LOC-0045,2024-03-07 00:06:30,2024-03-07 01:22:30,1.14,76,28143.15,1.0,28143.15,Completed,Cash,Success
901,TRP-000854,DRV-00100,USR-00251,LOC-0022,LOC-0055,2024-03-04 01:56:40,2024-03-04 03:36:40,13.93,100,32371.61,1.0,32371.61,Completed,Credit Card,Success
902,TRP-000855,DRV-00121,USR-00717,LOC-0018,LOC-0049,2024-01-23 05:45:26,2024-01-23 07:24:26,34.18,99,52848.75,2.5,132121.88,Completed,Cash,Success
903,TRP-000856,DRV-00167,USR-00655,LOC-0033,LOC-0045,2024-06-18 02:14:24,2024-06-18 04:10:24,8.08,-10,72344.99,3.5,72344.99,Completed,Cash,Success
904,TRP-000857,DRV-00409,USR-01040,LOC-0001,LOC-0047,2024-10-21 20:33:28,2024-10-21 21:58:28,19.36,85,127147.81,1.0,127147.81,Completed,Cash,Success
905,TRP-000858,DRV-00339,USR-01497,LOC-0024,LOC-0040,2024-12-07 11:29:55,2024-12-07 12:02:55,2.76,33,113103.31,1.0,113103.31,Completed,Cash,Success
906,TRP-000859,DRV-00115,USR-00038,LOC-0046,LOC-0020,2024-10-21 14:37:42,2024-10-21 15:29:42,19.24,52,,1.0,,Completed,Credit Card,Success
907,TRP-000860,DRV-00486,USR-00080,LOC-0052,LOC-0049,2024-02-12 08:13:50,2024-02-12 09:07:50,26.71,54,144996.49,1.0,144996.49,Completed,GoPay,Success
908,TRP-000861,DRV-00037,USR-00267,LOC-0043,LOC-0033,2024-09-03 20:24:22,2024-09-03 21:47:22,35.64,83,92139.62,1.5,138209.43,Completed,Cash,Success
909,TRP-000862,DRV-00453,USR-01762,LOC-0055,LOC-0039,2024-02-19 04:25:28,2024-02-19 05:34:28,5.1,69,136890.82,1.0,136890.82,Completed,GoPay,Failed
910,TRP-000863,DRV-00425,USR-00299,LOC-0033,LOC-0024,2024-10-12 00:15:38,2024-10-12 01:47:38,38.57,92,88515.01,1.25,110643.76,Completed,Credit Card,Success
911,TRP-000864,DRV-00460,USR-01165,LOC-0001,LOC-0043,2024-01-02 13:57:41,2024-01-02 15:07:41,10.25,70,92233.97,1.25,115292.46,Failed,Credit Card,Success
912,TRP-000865,DRV-00057,USR-01741,LOC-0003,LOC-0030,2024-06-05 12:09:27,2024-06-05 13:33:27,36.32,84,33849.89,1.0,33849.89,Completed,Cash,Success
913,TRP-000866,DRV-00376,USR-00531,LOC-0016,LOC-0023,2024-08-13 03:33:35,2024-08-13 05:06:35,36.86,93,39301.72,1.25,49127.15,Completed,Credit Card,Success
914,TRP-000867,DRV-00438,USR-00644,LOC-0029,LOC-0034,2024-10-20 17:29:12,2024-10-20 18:07:12,36.96,38,79563.1,1.0,79563.1,Failed,Credit Card,Success
915,TRP-000868,DRV-00108,USR-00117,LOC-0029,LOC-0043,2024-09-17 04:08:38,2024-09-17 04:30:38,32.45,0,127627.63,1.0,127627.63,Completed,Credit Card,Success
916,TRP-000869,DRV-00098,USR-00405,LOC-0046,LOC-0047,2024-07-13 14:07:05,2024-07-13 14:58:05,12.02,51,43081.48,1.0,43081.48,Completed,Credit Card,Success
917,TRP-000870,DRV-00477,USR-01683,LOC-0044,LOC-0053,2024-06-01 11:11:05,2024-06-01 12:01:05,8.63,50,74204.11,1.0,74204.11,Completed,Cash,Success
918,TRP-000871,DRV-00247,USR-00998,LOC-0005,LOC-0020,2024-06-13 14:51:23,2024-06-13 16:42:23,24.88,111,134072.18,1.25,167590.22,Completed,Cash,Success
919,TRP-000872,DRV-00038,USR-00399,LOC-0027,LOC-0020,2024-04-13 02:20:59,2024-04-13 04:11:59,15.06,111,48373.26,1.0,48373.26,Completed,GoPay,Success
920,TRP-000873,DRV-00008,USR-01726,LOC-0027,LOC-0021,2024-01-12 12:29:09,2024-01-12 13:35:09,29.66,66,24471.51,1.0,24471.51,Cancelled,Credit Card,Success
921,TRP-000874,DRV-00003,USR-01919,LOC-0017,LOC-0025,2024-05-23 14:00:38,2024-05-23 14:51:38,32.64,51,,1.0,,Completed,Cash,Success
922,TRP-000875,DRV-00111,USR-00476,LOC-0042,LOC-0009,2024-07-08 13:58:05,2024-07-08 15:00:05,34.46,62,36836.06,1.5,55254.09,Completed,Credit Card,Success
923,TRP-000876,DRV-00420,USR-01711,LOC-0010,LOC-0029,2024-12-11 13:27:44,2024-12-11 14:49:44,1.68,82,,1.0,,Completed,Cash,Success
924,TRP-000877,DRV-00013,USR-01880,LOC-0047,LOC-0005,2024-05-12 08:06:58,2024-05-12 09:42:58,5.2,96,15414.2,1.0,15414.2,Cancelled,Cash,Success
925,TRP-000878,DRV-00333,USR-00397,LOC-0044,LOC-0016,2024-10-20 04:15:49,2024-10-20 05:52:49,32.9,97,92343.27,3.5,115429.09,Cancelled,Credit Card,Success
926,TRP-000879,DRV-00082,USR-00355,LOC-0027,LOC-0003,2024-12-02 06:41:56,2024-12-02 06:58:56,36.01,17,27629.27,1.0,27629.27,Completed,Cash,Success
927,TRP-000880,DRV-00456,USR-00912,LOC-0051,LOC-0011,2024-12-11 21:35:28,2024-12-11 22:55:28,37.41,80,18699.53,1.0,18699.53,Completed,Credit Card,Success
928,TRP-000881,DRV-00462,USR-00597,LOC-0017,LOC-0028,2024-09-30 06:51:05,2024-09-30 07:54:05,15.26,-5,91142.58,1.0,91142.58,Cancelled,Cash,Success
929,TRP-000882,DRV-00356,USR-01286,LOC-0017,LOC-0054,2024-05-13 01:38:52,2024-05-13 02:10:52,15.11,32,40452.65,1.25,50565.81,Completed,Cash,Success
930,TRP-000883,DRV-00240,USR-00939,LOC-0050,LOC-0057,2024-01-21 12:40:11,2024-01-21 13:45:11,4.37,65,136683.46,1.0,136683.46,Completed,GoPay,Success
931,TRP-000884,DRV-00369,USR-00146,LOC-0046,LOC-0042,2024-10-20 13:24:01,2024-10-20 14:22:01,11.03,58,71256.56,1.0,71256.56,Completed,Cash,Success
932,TRP-000885,DRV-00039,USR-01414,LOC-0054,LOC-0042,2024-06-04 21:29:56,2024-06-04 22:27:56,12.92,58,76073.01,1.75,133127.77,Cancelled,Credit Card,Success
933,TRP-000886,DRV-00351,USR-00740,LOC-0016,LOC-0025,2024-09-18 01:50:11,2024-09-18 03:27:11,11.53,97,127383.69,0.5,191075.54,Completed,Credit Card,Success
934,TRP-000887,DRV-00400,USR-01483,LOC-0044,LOC-0026,2024-07-07 16:54:20,2024-07-07 17:17:20,15.31,23,15517.34,1.0,15517.34,Completed,GoPay,Success
935,TRP-000888,DRV-00232,USR-01433,LOC-0010,LOC-0043,2024-12-20 04:34:01,2024-12-20 05:21:01,17.08,47,,1.0,,Completed,GoPay,Failed
936,TRP-000889,DRV-00372,USR-00362,LOC-0001,LOC-0025,2024-01-19 16:00:01,2024-01-19 16:29:01,14.57,29,50468.38,1.0,50468.38,Completed,Credit Card,Success
937,TRP-000890,DRV-00464,USR-01279,LOC-0051,LOC-0039,2024-07-02 20:08:15,2024-07-02 20:52:15,26.29,44,104421.45,1.25,130526.81,Cancelled,Cash,Success
938,TRP-000891,DRV-00086,USR-00710,LOC-0010,LOC-0026,2024-09-14 12:36:05,2024-09-14 14:12:05,27.54,96,116897.24,1.0,116897.24,Completed,GoPay,Success
939,TRP-000892,DRV-00436,USR-00751,LOC-0006,LOC-0014,2024-04-02 13:38:02,2024-04-02 14:46:02,37.56,68,147661.86,1.5,221492.79,Cancelled,Cash,Success
940,TRP-000893,DRV-00193,USR-01572,LOC-0001,LOC-0055,2024-07-24 21:46:15,2024-07-24 22:36:15,14.4,50,117355.05,1.5,176032.58,Completed,Credit Card,Success
941,TRP-000894,DRV-00018,USR-01056,LOC-0004,LOC-0015,2024-11-14 06:10:31,2024-11-14 08:02:31,14.16,112,,1.0,,Completed,Cash,Success
942,TRP-000895,DRV-00163,USR-00298,LOC-0029,LOC-0049,2024-08-17 14:02:00,2024-08-17 14:25:00,4.79,23,26318.4,1.25,32898.0,Completed,Credit Card,Success
943,TRP-000896,DRV-00343,USR-01489,LOC-0021,LOC-0040,2024-03-27 08:39:42,2024-03-27 10:33:42,7.47,114,43986.8,1.75,76976.9,Completed,Credit Card,Success
944,TRP-000897,DRV-00450,USR-01556,LOC-0003,LOC-0011,2024-02-27 09:33:54,2024-02-27 11:07:54,34.48,94,47057.61,1.0,47057.61,Failed,Cash,Success
945,TRP-000898,DRV-00475,USR-00992,LOC-0051,LOC-0036,2024-12-01 17:22:48,2024-12-01 17:45:48,29.01,23,29726.88,1.0,29726.88,Completed,Cash,Success
946,TRP-000899,DRV-00479,USR-00934,LOC-0007,LOC-0032,2024-10-07 00:44:58,2024-10-07 02:04:58,36.84,80,105507.01,2.5,263767.52,Cancelled,GoPay,Success
947,TRP-000900,DRV-00460,USR-00371,LOC-0028,LOC-0030,2024-12-01 15:36:12,2024-12-01 17:33:12,17.69,117,138727.6,1.0,138727.6,Completed,Credit Card,Pending
948,TRP-000901,DRV-00495,USR-00142,LOC-0016,LOC-0019,2024-01-02 15:48:44,2024-01-02 16:12:44,36.8,24,0.0,1.0,0.0,Cancelled,Credit Card,Pending
949,TRP-000902,DRV-00340,USR-00132,LOC-0045,LOC-0038,2024-03-22 02:06:32,2024-03-22 02:48:32,15.7,42,44887.4,1.25,56109.25,Completed,Cash,Success
950,TRP-000903,DRV-00472,USR-01817,LOC-0005,LOC-0025,2024-06-08 01:39:03,2024-06-08 02:59:03,32.33,80,,1.0,,Cancelled,GoPay,Pending
951,TRP-000904,DRV-00053,USR-00776,LOC-0003,LOC-0010,2024-10-01 09:33:05,2024-10-01 09:59:05,18.53,26,139332.44,1.0,139332.44,Completed,Cash,Pending
952,TRP-000905,DRV-00083,USR-00583,LOC-0020,LOC-0031,2024-12-04 17:32:18,2024-12-04 18:27:18,17.32,55,,1.5,,Completed,Credit Card,Success
953,TRP-000906,DRV-00464,USR-00810,LOC-0027,LOC-0005,2024-05-03 20:49:44,2024-05-03 22:28:44,35.4,99,58540.36,1.75,102445.63,Completed,Cash,Success
954,TRP-000907,DRV-00349,USR-01070,LOC-0012,LOC-0023,2024-02-24 04:19:33,2024-02-24 04:38:33,37.59,19,138081.83,1.0,138081.83,Completed,Cash,Success
955,TRP-000908,DRV-00159,USR-00360,LOC-0035,LOC-0033,2024-12-11 20:37:59,2024-12-11 21:07:59,39.75,30,127697.81,2.5,319244.53,Completed,GoPay,Success
956,TRP-000909,DRV-00236,USR-00187,LOC-0051,LOC-0047,2024-10-20 01:42:49,2024-10-20 03:42:49,7.54,120,114410.9,2.0,228821.8,Completed,Cash,Pending
957,TRP-000910,DRV-00219,USR-01935,LOC-0035,LOC-0046,2024-09-14 15:21:26,2024-09-14 17:10:26,14.18,109,75967.76,1.0,75967.76,Completed,GoPay,Success
958,TRP-000911,DRV-00490,USR-01523,LOC-0001,LOC-0028,2024-03-11 16:19:56,2024-03-11 17:54:56,21.94,95,125343.06,1.0,125343.06,Completed,Credit Card,Success
959,TRP-000912,DRV-00232,USR-01024,LOC-0042,LOC-0047,2024-10-24 21:55:20,2024-10-24 22:09:20,3.18,14,56282.83,1.0,56282.83,Completed,Credit Card,Success
960,TRP-000913,DRV-00418,USR-01894,LOC-0052,LOC-0029,2024-12-24 08:56:28,2024-12-24 09:08:28,13.17,12,32850.38,1.0,32850.38,Completed,GoPay,Success
961,TRP-000914,DRV-00231,USR-01828,LOC-0030,LOC-0043,2024-01-16 00:30:02,2024-01-16 01:17:02,5.07,47,68179.67,2.5,170449.17,Completed,GoPay,Success
962,TRP-000915,DRV-00403,USR-01790,LOC-0022,LOC-0026,2024-08-24 09:42:06,2024-08-24 09:53:06,12.58,11,145148.75,1.0,145148.75,Cancelled,Cash,Success
963,TRP-000916,DRV-00146,USR-01115,LOC-0039,LOC-0022,2024-05-16 19:12:04,2024-05-16 20:30:04,19.14,78,106526.05,1.0,106526.05,Completed,Cash,Failed
964,TRP-000917,DRV-00216,USR-00563,LOC-0003,LOC-0033,2024-06-09 05:31:41,2024-06-09 05:44:41,25.81,13,93249.58,1.0,93249.58,Completed,Credit Card,Success
965,TRP-000918,DRV-00444,USR-01555,LOC-0025,LOC-0010,2024-07-30 09:15:36,2024-07-30 09:53:36,10.66,38,0.0,1.25,0.0,Completed,Credit Card,Success
966,TRP-000919,DRV-00414,USR-00405,LOC-0021,LOC-0027,2024-06-27 00:27:01,2024-06-27 00:39:01,6.04,12,101831.18,1.0,101831.18,Completed,Cash,Success
967,TRP-000920,DRV-00460,USR-00606,LOC-0023,LOC-0033,2024-05-12 06:52:12,2024-05-12 08:14:12,14.39,82,89805.93,2.5,224514.82,Completed,Cash,Success
968,TRP-000921,DRV-00187,USR-01793,LOC-0057,LOC-0054,2024-04-21 03:48:36,2024-04-21 04:07:36,22.81,19,97397.19,2.0,194794.38,Completed,GoPay,Success
969,TRP-000922,DRV-00500,USR-01026,LOC-0011,LOC-0051,2024-10-21 21:15:30,2024-10-21 21:34:30,16.38,19,53866.91,1.75,94267.09,Completed,Credit Card,Success
970,TRP-000923,DRV-00405,USR-01653,LOC-0043,LOC-0009,2024-07-02 22:07:31,2024-07-02 23:37:31,16.04,90,97214.56,1.0,97214.56,Completed,Credit Card,Success
971,TRP-000924,DRV-00480,USR-00188,LOC-0051,LOC-0011,2024-10-13 13:02:35,2024-10-13 13:48:35,35.24,46,50002.32,1.5,75003.48,Completed,GoPay,Pending
972,TRP-000925,DRV-00046,USR-01685,LOC-0036,LOC-0003,2024-05-20 11:15:51,2024-05-20 12:56:51,,101,33067.24,1.0,33067.24,Completed,Credit Card,Success
973,TRP-000926,DRV-00463,USR-00316,LOC-0021,LOC-0020,2024-06-06 22:07:30,2024-06-06 22:18:30,4.37,11,136006.22,1.0,136006.22,Failed,GoPay,Success
974,TRP-000927,DRV-00110,USR-01231,LOC-0050,LOC-0044,2024-08-30 02:37:40,2024-08-30 03:42:40,27.98,65,134949.13,1.0,134949.13,Completed,GoPay,Success
975,TRP-000928,DRV-00363,USR-00418,LOC-0033,LOC-0006,2024-03-27 21:51:30,2024-03-27 22:06:30,4.6,15,92888.82,1.0,92888.82,Completed,Credit Card,Success
976,TRP-000929,DRV-00185,USR-00324,LOC-0013,LOC-0008,2024-11-16 04:54:42,2024-11-16 06:17:42,5.2,83,90600.05,1.25,113250.06,Completed,GoPay,Success
977,TRP-000930,DRV-00390,USR-00883,LOC-0057,LOC-0056,2024-08-31 03:04:19,2024-08-31 04:05:19,20.07,61,148838.17,2.5,372095.43,Completed,Credit Card,Pending
978,TRP-000931,DRV-00455,USR-01037,LOC-0051,LOC-0049,2024-07-05 01:50:56,2024-07-05 02:37:56,,47,123839.66,1.0,123839.66,Completed,GoPay,Success
979,TRP-000931,DRV-00455,USR-01037,LOC-0051,LOC-0049,2024-07-05 01:50:56,2024-07-05 02:37:56,,47,123839.66,1.0,123839.66,Completed,GoPay,Success
980,TRP-000932,DRV-00253,USR-00157,LOC-0017,LOC-0035,2024-07-03 08:59:01,2024-07-03 10:47:01,16.24,108,18124.39,1.5,27186.58,Completed,Credit Card,Success
981,TRP-000933,DRV-00014,USR-01711,LOC-0013,LOC-0044,2024-07-12 04:41:32,2024-07-12 06:13:32,20.65,92,20756.11,1.25,25945.14,Cancelled,Credit Card,Pending
982,TRP-000934,DRV-00439,USR-01175,LOC-0040,LOC-0025,2024-11-29 21:06:43,2024-11-29 22:54:43,9.03,108,69433.58,1.75,121508.76,Completed,Cash,Success
983,TRP-000935,DRV-00071,USR-01569,LOC-0016,LOC-0014,2024-09-24 23:28:09,2024-09-25 00:37:09,3.31,69,79041.32,1.5,118561.98,Completed,GoPay,Success
984,TRP-000936,DRV-00153,USR-00442,LOC-0055,LOC-0002,2024-11-06 07:58:43,2024-11-06 09:44:43,16.84,106,134537.33,1.5,201805.99,Completed,Credit Card,Success
985,TRP-000936,DRV-00153,USR-00442,LOC-0055,LOC-0002,2024-11-06 07:58:43,2024-11-06 09:44:43,16.84,106,134537.33,1.5,201805.99,Completed,Credit Card,Success
986,TRP-000937,DRV-00296,USR-01010,LOC-0012,LOC-0010,2024-07-22 17:36:58,2024-07-22 19:34:58,35.68,118,137866.79,1.75,241266.88,Completed,Cash,Success
987,TRP-000938,DRV-00489,USR-00862,LOC-0051,LOC-0002,2024-03-24 09:48:46,2024-03-24 10:37:46,21.26,49,33113.04,1.5,49669.56,Completed,Credit Card,Success
988,TRP-000939,DRV-00273,USR-00035,LOC-0003,LOC-0018,2024-09-26 20:32:10,2024-09-26 21:12:10,17.04,40,71456.6,1.0,71456.6,Completed,Cash,Success
989,TRP-000939,DRV-00273,USR-00035,LOC-0003,LOC-0018,2024-09-26 20:32:10,2024-09-26 21:12:10,17.04,40,71456.6,1.0,71456.6,Completed,Cash,Success
990,TRP-000940,DRV-00117,USR-00217,LOC-0030,LOC-0022,2024-05-14 01:33:51,2024-05-14 02:04:51,23.43,31,77310.02,1.0,77310.02,Completed,Credit Card,Success
991,TRP-000941,DRV-00362,USR-00639,LOC-0046,LOC-0014,2024-09-30 00:52:41,2024-09-30 01:50:41,35.77,58,20176.83,1.0,20176.83,Completed,Cash,Success
992,TRP-000942,DRV-00401,USR-00682,LOC-0022,LOC-0023,2024-10-02 10:56:35,2024-10-02 12:26:35,11.51,90,145988.66,2.0,291977.32,Completed,Cash,Success
993,TRP-000943,DRV-00232,USR-00184,LOC-0018,LOC-0053,2024-01-11 14:28:42,2024-01-11 15:03:42,12.31,35,121901.42,0.5,121901.42,Completed,Cash,Pending
994,TRP-000944,DRV-00490,USR-00848,LOC-0042,LOC-0009,2024-02-29 02:29:33,2024-02-29 03:42:33,31.24,73,143904.57,2.5,359761.43,Completed,Credit Card,Success
995,TRP-000945,DRV-00107,USR-00800,LOC-0052,LOC-0034,2024-03-31 00:06:15,2024-03-31 01:24:15,,78,120054.5,1.0,120054.5,Completed,Credit Card,Success
996,TRP-000946,DRV-00471,USR-01858,LOC-0024,LOC-0003,2024-07-30 02:40:48,2024-07-30 03:04:48,3.72,24,67660.86,1.25,84576.07,Completed,GoPay,Success
997,TRP-000947,DRV-00008,USR-01416,LOC-0027,LOC-0012,2024-11-10 18:08:11,2024-11-10 19:20:11,37.19,72,56300.74,1.25,70375.93,Completed,Credit Card,Success
998,TRP-000948,DRV-00071,USR-01711,LOC-0006,LOC-0049,2024-10-18 21:10:08,2024-10-18 22:49:08,19.56,99,0.0,2.5,0.0,Cancelled,GoPay,Success
999,TRP-000949,DRV-00368,USR-01771,LOC-0005,LOC-0043,2024-06-22 12:44:55,2024-06-22 13:20:55,11.57,36,74534.02,1.25,93167.53,Completed,Cash,Success
1000,TRP-000950,DRV-00466,USR-01500,LOC-0033,LOC-0040,2024-07-07 21:42:03,2024-07-07 23:23:03,4.55,101,143776.96,1.75,251609.68,Completed,Cash,Success
1001,TRP-000951,DRV-00488,USR-00154,LOC-0048,LOC-0049,2024-04-02 23:26:27,2024-04-02 23:41:27,34.4,15,132353.95,1.5,198530.93,Cancelled,Cash,Success
1002,TRP-000952,DRV-00161,USR-01462,LOC-0023,LOC-0051,2024-02-28 03:47:11,2024-02-28 05:37:11,39.86,110,123900.2,1.0,123900.2,Completed,Cash,Success
1003,TRP-000953,DRV-00107,USR-00099,LOC-0009,LOC-0028,2024-12-09 19:13:27,2024-12-09 20:04:27,15.76,51,99209.92,2.0,198419.84,Completed,GoPay,Success
1004,TRP-000954,DRV-00020,USR-01383,LOC-0057,LOC-0034,2024-11-02 23:01:32,2024-11-03 00:27:32,11.83,86,140530.4,2.0,281060.8,Completed,Credit Card,Success
1005,TRP-000955,DRV-00053,USR-01194,LOC-0055,LOC-0033,2024-04-03 15:22:38,2024-04-03 15:39:38,30.57,17,74046.72,1.5,111070.08,Completed,Cash,Failed
1006,TRP-000956,DRV-00497,USR-01455,LOC-0012,LOC-0017,2024-07-12 00:45:51,2024-07-12 02:27:51,,102,145868.36,1.25,182335.45,Cancelled,Credit Card,Success
1007,TRP-000957,DRV-00049,USR-00322,LOC-0006,LOC-0050,2024-09-09 08:35:17,2024-09-09 10:18:17,31.06,103,125963.73,1.25,157454.66,CANCELLED,GoPay,Success
1008,TRP-000958,DRV-00467,USR-01473,LOC-0054,LOC-0014,2024-08-01 07:58:32,2024-08-01 08:35:32,33.33,37,100522.21,0.5,100522.21,Completed,Cash,Success
1009,TRP-000959,DRV-00242,USR-00020,LOC-0054,LOC-0049,2024-10-17 23:38:22,2024-10-18 01:03:22,33.87,85,12964.5,1.0,12964.5,Completed,Credit Card,Success
1010,TRP-000960,DRV-00297,USR-00461,LOC-0011,LOC-0003,2024-07-12 16:19:07,2024-07-12 18:11:07,33.79,112,115344.51,1.0,115344.51,Failed,Credit Card,Success
1011,TRP-000961,DRV-00210,USR-01913,LOC-0044,LOC-0012,2024-08-27 02:39:12,2024-08-27 03:41:12,14.56,62,129339.1,1.5,194008.65,Completed,Cash,Success
1012,TRP-000962,DRV-00083,USR-01029,LOC-0007,LOC-0030,2024-08-15 13:43:19,2024-08-15 14:27:19,20.44,44,90835.27,1.0,90835.27,Cancelled,GoPay,Success
1013,TRP-000963,DRV-00116,USR-00120,LOC-0014,LOC-0009,2024-11-24 05:25:51,2024-11-24 07:10:51,16.17,105,,1.0,,Completed,Cash,Pending
1014,TRP-000964,DRV-00133,USR-01589,LOC-0049,LOC-0003,2024-10-11 10:50:34,2024-10-11 11:48:34,9.86,58,22115.79,1.0,22115.79,Completed,GoPay,Success
1015,TRP-000965,DRV-00304,USR-00051,LOC-0004,LOC-0048,2024-11-06 03:03:27,2024-11-06 03:58:27,33.78,55,133163.72,1.0,133163.72,Cancelled,Cash,Success
1016,TRP-000966,DRV-00357,USR-00820,LOC-0011,LOC-0051,2024-10-26 08:10:22,2024-10-26 09:26:22,10.0,76,29573.8,1.5,44360.7,Cancelled,GoPay,Success
1017,TRP-000967,DRV-00393,USR-01502,LOC-0045,LOC-0047,2024-12-09 20:01:35,2024-12-09 20:17:35,1.27,16,0.0,1.0,0.0,Completed,Cash,Pending
1018,TRP-000968,DRV-00324,USR-01284,LOC-0035,LOC-0053,2024-07-18 20:46:40,2024-07-18 21:22:40,21.8,36,61398.81,1.25,76748.51,Failed,GoPay,Success
1019,TRP-000969,DRV-00364,USR-01315,LOC-0041,LOC-0024,2024-10-19 08:03:18,2024-10-19 09:40:18,27.42,97,76852.59,1.0,76852.59,Completed,Credit Card,Success
1020,TRP-000970,DRV-00074,USR-00197,LOC-0024,LOC-0033,2024-09-15 12:39:35,2024-09-15 14:18:35,22.04,99,41144.1,1.25,51430.12,Completed,Cash,Success
1021,TRP-000971,DRV-00272,USR-00743,LOC-0040,LOC-0014,2024-04-12 04:01:37,2024-04-12 05:43:37,38.5,102,83664.22,1.25,104580.27,Completed,Credit Card,Success
1022,TRP-000972,DRV-00109,USR-00165,LOC-0045,LOC-0024,2024-01-09 21:02:42,2024-01-09 21:42:42,7.43,40,93140.81,1.0,93140.81,Completed,Credit Card,Success
1023,TRP-000973,DRV-00223,USR-01796,LOC-0048,LOC-0042,2024-07-22 12:06:34,2024-07-22 13:07:34,25.88,61,117437.84,1.0,117437.84,Completed,Cash,Success
1024,TRP-000974,DRV-00184,USR-01484,LOC-0040,LOC-0006,2024-12-11 20:47:02,2024-12-11 22:30:02,1.04,103,83883.2,1.0,83883.2,Completed,Cash,Success
1025,TRP-000975,DRV-00347,USR-00850,LOC-0015,LOC-0040,2024-08-22 11:03:15,2024-08-22 11:45:15,24.99,42,138373.54,1.0,138373.54,Completed,Credit Card,Success
1026,TRP-000976,DRV-00263,USR-01005,LOC-0014,LOC-0003,2024-01-21 19:21:31,2024-01-21 19:50:31,29.79,29,22745.57,1.25,28431.96,Completed,Cash,Pending
1027,TRP-000977,DRV-00105,USR-01475,LOC-0046,LOC-0054,2024-03-13 04:35:50,2024-03-13 05:06:50,37.94,31,38630.71,2.0,77261.42,Completed,Credit Card,Success
1028,TRP-000977,DRV-00105,USR-01475,LOC-0046,LOC-0054,2024-03-13 04:35:50,2024-03-13 05:06:50,37.94,31,38630.71,2.0,77261.42,Completed,Credit Card,Success
1029,TRP-000978,DRV-00281,USR-01064,LOC-0028,LOC-0026,2024-10-06 14:51:46,2024-10-06 16:34:46,1.89,103,71931.12,2.5,179827.8,Completed,Cash,Success
1030,TRP-000979,DRV-00183,USR-01258,LOC-0024,LOC-0042,2024-12-30 20:15:47,2024-12-30 21:00:47,4.56,45,148840.75,1.5,223261.12,Completed,Credit Card,Success
1031,TRP-000980,DRV-00327,USR-01945,LOC-0036,LOC-0007,2024-01-06 14:57:13,2024-01-06 15:43:13,14.65,46,78717.94,1.0,78717.94,Completed,Cash,Pending
1032,TRP-000981,DRV-00282,USR-01807,LOC-0004,LOC-0049,2024-10-26 10:10:28,2024-10-26 12:00:28,35.78,110,109615.52,1.0,109615.52,Cancelled,GoPay,Success
1033,TRP-000982,DRV-00231,USR-00907,LOC-0006,LOC-0039,2024-07-24 07:30:58,2024-07-24 09:16:58,22.05,106,43094.53,1.0,43094.53,Completed,Cash,Success
1034,TRP-000983,DRV-00077,USR-00491,LOC-0003,LOC-0034,2024-11-30 05:07:43,2024-11-30 06:30:43,26.15,83,126017.75,1.0,126017.75,Completed,Credit Card,Pending
1035,TRP-000984,DRV-00091,USR-00230,LOC-0012,LOC-0054,2024-02-09 15:51:17,2024-02-09 17:28:17,14.87,97,14507.1,1.0,14507.1,Cancelled ,GoPay,Success
1036,TRP-000985,DRV-00031,USR-00435,LOC-0031,LOC-0026,2024-04-10 19:14:48,2024-04-10 20:20:48,11.77,66,70243.77,2.0,140487.54,Completed,Credit Card,Failed
1037,TRP-000986,DRV-00349,USR-00830,LOC-0045,LOC-0021,2024-05-16 08:56:06,2024-05-16 10:16:06,31.76,80,109422.49,1.5,164133.74,Completed,Credit Card,Success
1038,TRP-000987,DRV-00068,USR-01731,LOC-0035,LOC-0027,2024-10-04 13:00:33,2024-10-04 14:41:33,26.8,101,,1.5,,Completed,Cash,Success
1039,TRP-000987,DRV-00068,USR-01731,LOC-0035,LOC-0027,2024-10-04 13:00:33,2024-10-04 14:41:33,26.8,101,,1.5,,Completed,Cash,Success
1040,TRP-000988,DRV-00449,USR-01812,LOC-0002,LOC-0006,2024-03-12 14:21:16,2024-03-12 16:20:16,12.48,119,59534.91,1.0,59534.91,Failed,GoPay,Failed
1041,TRP-000989,DRV-00060,USR-00389,LOC-0026,LOC-0042,2024-10-31 15:14:01,2024-10-31 16:56:01,15.57,102,132792.21,1.0,132792.21,Completed,Credit Card,Success
1042,TRP-000990,DRV-00253,USR-00158,LOC-0031,LOC-0001,2024-07-27 06:22:46,2024-07-27 06:33:46,26.04,11,95444.76,1.0,95444.76,Cancelled,Credit Card,Success
1043,TRP-000991,DRV-00252,USR-01881,LOC-0045,LOC-0007,2024-08-21 01:55:14,2024-08-21 02:59:14,4.27,64,144797.45,1.0,144797.45,Cancelled,GoPay,Success
1044,TRP-000992,DRV-00022,USR-01364,LOC-0004,LOC-0054,2024-03-23 19:08:37,2024-03-23 20:19:37,35.04,-5,20225.85,2.0,40451.7,Completed,Credit Card,Success
1045,TRP-000993,DRV-00093,USR-01854,LOC-0027,LOC-0052,2024-10-14 15:25:06,2024-10-14 15:51:06,29.11,26,100953.32,2.0,201906.64,Failed,Credit Card,Pending
1046,TRP-000994,DRV-00426,USR-01318,LOC-0005,LOC-0036,2024-02-01 19:04:20,2024-02-01 19:29:20,27.02,25,28446.36,1.25,35557.95,Completed,GoPay,Failed
1047,TRP-000995,DRV-00394,USR-01015,LOC-0038,LOC-0048,2024-12-21 10:59:04,2024-12-21 11:26:04,3.32,27,120324.26,1.0,120324.26,Completed,Credit Card,Success
1048,TRP-000995,DRV-00394,USR-01015,LOC-0038,LOC-0048,2024-12-21 10:59:04,2024-12-21 11:26:04,3.32,27,120324.26,1.0,120324.26,Completed,Credit Card,Success
1049,TRP-000996,DRV-00299,USR-01442,LOC-0025,LOC-0042,2024-02-11 20:11:08,2024-02-11 21:34:08,30.75,83,130424.91,1.0,130424.91,Completed,GoPay,Success
1050,TRP-000997,DRV-00141,USR-01590,LOC-0007,LOC-0046,2024-12-11 14:59:54,2024-12-11 16:20:54,30.98,81,45444.16,1.5,68166.24,Cancelled,GoPay,Failed
1051,TRP-000998,DRV-00140,USR-00871,LOC-0037,LOC-0021,2024-04-12 09:02:33,2024-04-12 09:47:33,23.08,45,59335.57,1.75,103837.25,Completed,Credit Card,Success
1052,TRP-000999,DRV-00175,USR-00816,LOC-0028,LOC-0040,2024-08-04 12:17:38,2024-08-04 12:55:38,27.69,38,99274.94,2.0,198549.88,Completed,Credit Card,Success
1053,TRP-001000,DRV-00184,USR-00931,LOC-0056,LOC-0042,2024-06-21 01:38:33,2024-06-21 02:43:33,7.99,65,128716.08,1.25,160895.1,Completed,Cash,Success
1054,TRP-001001,DRV-00496,USR-00586,LOC-0032,LOC-0009,2024-07-22 16:06:05,2024-07-22 17:36:05,16.63,90,75717.85,1.0,75717.85,Completed,Credit Card,Success
1055,TRP-001002,DRV-00044,USR-00248,LOC-0049,LOC-0025,2024-05-30 06:36:01,2024-05-30 07:03:01,30.98,27,85620.06,1.0,85620.06,Completed,Cash,Success
1056,TRP-001003,DRV-00248,USR-01333,LOC-0003,LOC-0009,2024-06-02 17:26:26,2024-06-02 18:23:26,15.76,57,127486.2,1.5,191229.3,Cancelled,Cash,Success
1057,TRP-001004,DRV-00076,USR-00561,LOC-0012,LOC-0014,2024-05-12 02:55:10,2024-05-12 03:24:10,14.32,29,113988.02,1.75,199479.04,Completed,Cash,Success
1058,TRP-001005,DRV-00029,USR-00696,LOC-0050,LOC-0010,2024-01-04 04:56:21,2024-01-04 06:26:21,15.04,0,112501.13,1.0,112501.13,Completed,GoPay,Success
1059,TRP-001006,DRV-00077,USR-00497,LOC-0010,LOC-0009,2024-10-08 19:05:42,2024-10-08 20:46:42,28.73,101,10928.02,1.0,10928.02,Completed,Credit Card,Success
1060,TRP-001007,DRV-00144,USR-01766,LOC-0002,LOC-0053,2024-12-16 19:48:19,2024-12-16 21:06:19,37.12,78,77966.85,1.0,77966.85,Completed,GoPay,Success
1061,TRP-001007,DRV-00144,USR-01766,LOC-0002,LOC-0053,2024-12-16 19:48:19,2024-12-16 21:06:19,37.12,78,77966.85,1.0,77966.85,Completed,GoPay,Success
1062,TRP-001008,DRV-00077,USR-00198,LOC-0008,LOC-0029,2024-12-27 09:26:55,2024-12-27 10:43:55,6.74,77,22982.13,1.0,22982.13,Cancelled,Credit Card,Failed
1063,TRP-001009,DRV-00160,USR-00334,LOC-0027,LOC-0023,2024-06-28 21:00:08,2024-06-28 22:16:08,31.12,76,115674.88,1.0,115674.88,Completed,Cash,Success
1064,TRP-001010,DRV-00154,USR-01029,LOC-0034,LOC-0036,2024-02-25 19:26:16,2024-02-25 20:01:16,30.21,35,148899.67,1.75,260574.42,Completed,Cash,Success
1065,TRP-001011,DRV-00388,USR-00383,LOC-0036,LOC-0002,2024-05-08 14:15:00,2024-05-08 14:30:00,39.41,15,45247.15,1.0,45247.15,Completed,Credit Card,Success
1066,TRP-001012,DRV-00023,USR-01091,LOC-0009,LOC-0036,2024-07-31 00:55:14,2024-07-31 02:08:14,12.67,73,108947.69,1.75,190658.46,Completed,Credit Card,Success
1067,TRP-001013,DRV-00185,USR-01238,LOC-0013,LOC-0007,2024-05-24 05:51:50,2024-05-24 07:40:50,30.25,109,29076.98,1.0,29076.98,completed,GoPay,Success
1068,TRP-001013,DRV-00185,USR-01238,LOC-0013,LOC-0007,2024-05-24 05:51:50,2024-05-24 07:40:50,30.25,109,29076.98,1.0,29076.98,completed,GoPay,Success
1069,TRP-001014,DRV-00199,USR-00168,LOC-0018,LOC-0020,2024-05-18 01:14:21,2024-05-18 01:42:21,24.04,28,131417.08,1.0,131417.08,Completed,Credit Card,Success
1070,TRP-001015,DRV-00436,USR-00743,LOC-0015,LOC-0016,2024-11-13 22:43:25,2024-11-13 23:24:25,35.6,41,119968.74,2.0,239937.48,Completed,Cash,Success
1071,TRP-001016,DRV-00308,USR-01229,LOC-0032,LOC-0024,2024-10-13 22:58:52,2024-10-14 00:39:52,22.17,101,59832.28,1.25,74790.35,Completed,GoPay,Success
1072,TRP-001017,DRV-00452,USR-00268,LOC-0008,LOC-0025,2024-08-10 09:50:05,2024-08-10 11:15:05,6.98,85,94980.62,1.0,94980.62,Completed,GoPay,Success
1073,TRP-001018,DRV-00118,USR-01784,LOC-0039,LOC-0021,2024-04-12 13:01:07,2024-04-12 14:22:07,2.6,81,133176.14,1.0,133176.14,Completed,Credit Card,Success
1074,TRP-001019,DRV-00236,USR-00966,LOC-0047,LOC-0056,2024-07-11 18:29:57,2024-07-11 19:11:57,,42,12519.83,1.0,12519.83,Completed,Cash,Success
1075,TRP-001020,DRV-00062,USR-01773,LOC-0012,LOC-0052,2024-09-23 23:24:24,2024-09-24 00:56:24,22.01,92,26929.11,1.75,47125.94,Completed,Credit Card,Success
1076,TRP-001021,DRV-00111,USR-01227,LOC-0014,LOC-0013,2024-11-26 07:07:05,2024-11-26 07:18:05,36.35,11,111069.16,1.0,111069.16,Completed,Cash,Success
1077,TRP-001022,DRV-00119,USR-00194,LOC-0012,LOC-0014,2024-04-08 00:18:03,2024-04-08 01:51:03,36.65,93,38781.76,1.0,38781.76,Cancelled,Cash,Success
1078,TRP-001023,DRV-00079,USR-01981,LOC-0017,LOC-0012,2024-02-15 23:07:04,2024-02-15 23:20:04,,13,114910.61,1.0,114910.61,Completed,Cash,Success
1079,TRP-001024,DRV-00043,USR-01412,LOC-0027,LOC-0048,2024-05-11 06:51:34,2024-05-11 08:15:34,14.63,84,60600.15,2.5,151500.38,Completed,Credit Card,Success
1080,TRP-001025,DRV-00391,USR-01748,LOC-0027,LOC-0013,2024-12-19 05:59:34,2024-12-19 07:37:34,16.36,98,90668.08,1.0,90668.08,Completed,Cash,Success
1081,TRP-001026,DRV-00046,USR-00995,LOC-0017,LOC-0040,2024-01-29 08:09:52,2024-01-29 09:33:52,14.5,84,118420.17,2.5,296050.42,Completed,Credit Card,Success
1082,TRP-001026,DRV-00046,USR-00995,LOC-0017,LOC-0040,2024-01-29 08:09:52,2024-01-29 09:33:52,14.5,84,118420.17,2.5,296050.42,Completed,Credit Card,Success
1083,TRP-001027,DRV-00416,USR-01004,LOC-0055,LOC-0026,2024-02-14 15:42:18,2024-02-14 16:38:18,34.77,56,,1.0,,Completed,GoPay,Success
1084,TRP-001028,DRV-00389,USR-00153,LOC-0017,LOC-0039,2024-08-22 10:58:28,2024-08-22 11:09:28,4.39,11,130960.95,1.0,130960.95,Completed,Cash,Success
1085,TRP-001029,DRV-00309,USR-01169,LOC-0006,LOC-0023,2024-12-17 18:04:23,2024-12-17 19:15:23,9.74,71,102607.28,1.0,102607.28,Completed,Credit Card,Success
1086,TRP-001030,DRV-00390,USR-00397,LOC-0030,LOC-0012,2024-06-16 21:46:45,2024-06-16 22:35:45,9.73,49,34283.14,1.0,34283.14,Completed,Credit Card,Success
1087,TRP-001031,DRV-00187,USR-00742,LOC-0044,LOC-0029,2024-08-28 00:45:36,2024-08-28 01:20:36,7.12,35,132702.12,1.0,132702.12,Completed,Credit Card,Success
1088,TRP-001032,DRV-00436,USR-00848,LOC-0001,LOC-0054,2024-08-15 16:08:22,2024-08-15 17:12:22,20.81,64,66882.13,1.25,83602.66,Completed,Credit Card,Success
1089,TRP-001033,DRV-00257,USR-00776,LOC-0031,LOC-0057,2024-11-18 07:43:32,2024-11-18 09:37:32,36.9,114,92762.62,1.75,162334.58,Cancelled,GoPay,Pending
1090,TRP-001034,DRV-00337,USR-00869,LOC-0057,LOC-0052,2024-10-24 04:19:17,2024-10-24 05:13:17,24.19,54,123186.54,1.5,184779.81,Completed,Credit Card,Success
1091,TRP-001035,DRV-00182,USR-01725,LOC-0041,LOC-0053,2024-10-13 17:14:15,2024-10-13 17:54:15,11.73,40,,1.0,,Completed,GoPay,Success
1092,TRP-001036,DRV-00140,USR-01392,LOC-0054,LOC-0048,2024-07-22 14:04:07,2024-07-22 15:32:07,16.54,88,132989.3,1.25,166236.62,Completed,GoPay,Success
1093,TRP-001036,DRV-00140,USR-01392,LOC-0054,LOC-0048,2024-07-22 14:04:07,2024-07-22 15:32:07,16.54,88,132989.3,1.25,166236.62,Completed,GoPay,Success
1094,TRP-001037,DRV-00118,USR-01090,LOC-0014,LOC-0013,2024-10-10 06:28:27,2024-10-10 07:46:27,15.5,78,66407.9,1.0,66407.9,Completed,GoPay,Success
1095,TRP-001037,DRV-00118,USR-01090,LOC-0014,LOC-0013,2024-10-10 06:28:27,2024-10-10 07:46:27,15.5,78,66407.9,1.0,66407.9,Completed,GoPay,Success
1096,TRP-001038,DRV-00114,USR-00940,LOC-0014,LOC-0004,2024-11-07 19:51:41,2024-11-07 20:36:41,,45,10183.11,1.75,17820.44,Completed,Credit Card,Success
1097,TRP-001039,DRV-00232,USR-01294,LOC-0038,LOC-0028,2024-03-20 23:49:49,2024-03-21 00:24:49,35.74,35,139433.54,1.0,139433.54,Completed,Cash,Success
1098,TRP-001040,DRV-00070,USR-01851,LOC-0032,LOC-0013,2024-11-15 07:47:44,2024-11-15 09:37:44,23.24,110,76435.19,1.0,76435.19,Completed,GoPay,Success
1099,TRP-001041,DRV-00023,USR-00990,LOC-0052,LOC-0035,2024-02-12 18:54:19,2024-02-12 20:31:19,35.08,97,55905.71,1.0,55905.71,Failed,Cash,Success
1100,TRP-001041,DRV-00023,USR-00990,LOC-0052,LOC-0035,2024-02-12 18:54:19,2024-02-12 20:31:19,35.08,97,55905.71,1.0,55905.71,Failed,Cash,Success
1101,TRP-001042,DRV-00045,USR-00540,LOC-0017,LOC-0014,2024-12-11 10:14:31,2024-12-11 11:05:31,18.44,51,,1.0,,Cancelled,Credit Card,Success
1102,TRP-001043,DRV-00017,USR-00381,LOC-0049,LOC-0030,2024-01-12 06:14:14,2024-01-12 07:56:14,16.74,102,83900.03,1.0,83900.03,Completed,GoPay,Success
1103,TRP-001044,DRV-00369,USR-00818,LOC-0007,LOC-0057,2024-03-25 19:50:05,2024-03-25 21:12:05,5.28,82,36264.45,1.0,36264.45,Completed,Credit Card,Success
1104,TRP-001045,DRV-00479,USR-01026,LOC-0029,LOC-0001,2024-05-09 21:27:00,2024-05-09 23:05:00,20.7,98,147089.58,1.0,147089.58,Completed,GoPay,Success
1105,TRP-001046,DRV-00495,USR-00932,LOC-0034,LOC-0014,2024-10-22 16:18:48,2024-10-22 17:36:48,27.55,78,52194.7,1.0,52194.7,Completed,GoPay,Success
1106,TRP-001047,DRV-00354,USR-01390,LOC-0001,LOC-0057,2024-04-23 00:49:11,2024-04-23 01:32:11,25.19,43,77089.24,1.0,77089.24,Completed,GoPay,Success
1107,TRP-001048,DRV-00379,USR-01942,LOC-0006,LOC-0029,2024-07-10 05:56:49,2024-07-10 07:41:49,21.25,105,114455.77,1.0,114455.77,Completed,Cash,Pending
1108,TRP-001048,DRV-00379,USR-01942,LOC-0006,LOC-0029,2024-07-10 05:56:49,2024-07-10 07:41:49,21.25,105,114455.77,1.0,114455.77,Completed,Cash,Pending
1109,TRP-001049,DRV-00096,USR-01991,LOC-0041,LOC-0003,2024-06-28 02:23:38,2024-06-28 03:53:38,35.61,90,70999.93,1.75,124249.88,Cancelled,GoPay,Success
1110,TRP-001050,DRV-00311,USR-01941,LOC-0039,LOC-0044,2024-08-29 17:39:37,2024-08-29 18:40:37,15.86,61,40652.28,2.0,81304.56,CANCELLED,GoPay,Failed
1111,TRP-001051,DRV-00061,USR-01646,LOC-0023,LOC-0018,2024-11-08 16:01:19,2024-11-08 17:52:19,33.82,111,122603.48,1.25,153254.35,Completed,GoPay,Success
1112,TRP-001051,DRV-00061,USR-01646,LOC-0023,LOC-0018,2024-11-08 16:01:19,2024-11-08 17:52:19,33.82,111,122603.48,1.25,153254.35,Completed,GoPay,Success
1113,TRP-001052,DRV-00150,USR-00263,LOC-0013,LOC-0006,2024-09-14 23:44:10,2024-09-15 01:02:10,6.46,78,15457.49,2.5,38643.72,Cancelled,Credit Card,Success
1114,TRP-001053,DRV-00466,USR-01968,LOC-0023,LOC-0020,2024-07-25 02:21:29,2024-07-25 03:07:29,28.64,46,40452.03,1.0,40452.03,Completed,Cash,Success
1115,TRP-001054,DRV-00168,USR-00485,LOC-0034,LOC-0055,2024-02-10 18:27:56,2024-02-10 19:24:56,34.46,57,85009.78,1.0,85009.78,Cancelled,GoPay,Success
1116,TRP-001055,DRV-00095,USR-01784,LOC-0024,LOC-0025,2024-09-08 02:00:54,2024-09-08 03:09:54,27.74,69,118360.73,1.5,177541.1,Completed,GoPay,Success
1117,TRP-001056,DRV-00318,USR-00673,LOC-0055,LOC-0020,2024-04-11 16:10:10,2024-04-11 17:54:10,20.57,104,64275.29,1.25,80344.11,Completed,Credit Card,Success
1118,TRP-001057,DRV-00070,USR-01341,LOC-0017,LOC-0020,2024-06-07 03:34:58,2024-06-07 05:15:58,12.33,101,43225.79,1.0,43225.79,Completed,Cash,Success
1119,TRP-001058,DRV-00262,USR-00160,LOC-0055,LOC-0004,2024-07-16 04:56:31,2024-07-16 06:42:31,28.76,106,102966.6,1.0,102966.6,Completed,Cash,Success
1120,TRP-001059,DRV-00363,USR-00241,LOC-0009,LOC-0015,2024-07-18 17:45:27,2024-07-18 18:52:27,6.79,67,,1.25,,Cancelled,Cash,Success
1121,TRP-001060,DRV-00281,USR-01705,LOC-0020,LOC-0038,2024-09-24 04:31:18,2024-09-24 06:15:18,17.23,104,135494.35,2.0,270988.7,Cancelled,GoPay,Success
1122,TRP-001061,DRV-00301,USR-00453,LOC-0022,LOC-0002,2024-12-27 05:25:57,2024-12-27 05:56:57,31.28,31,70329.61,1.0,70329.61,Completed,GoPay,Success
1123,TRP-001062,DRV-00413,USR-00129,LOC-0019,LOC-0054,2024-05-22 20:18:55,2024-05-22 20:42:55,28.04,24,38274.16,1.0,38274.16,Cancelled,Credit Card,Success
1124,TRP-001063,DRV-00173,USR-01819,LOC-0054,LOC-0024,2024-12-24 16:52:30,2024-12-24 17:57:30,32.26,65,144150.7,1.0,144150.7,Completed,Credit Card,Success
1125,TRP-001064,DRV-00287,USR-01681,LOC-0051,LOC-0040,2024-05-18 07:17:30,2024-05-18 09:04:30,1.3,107,148391.73,1.5,222587.6,Completed,Credit Card,Success
1126,TRP-001065,DRV-00393,USR-00325,LOC-0006,LOC-0042,2024-10-05 22:05:01,2024-10-05 23:29:01,18.81,84,42411.9,1.0,42411.9,Completed,GoPay,Success
1127,TRP-001066,DRV-00453,USR-01061,LOC-0033,LOC-0036,2024-05-16 00:39:56,2024-05-16 02:11:56,27.49,92,147132.63,1.0,147132.63,Completed,Credit Card,Success
1128,TRP-001066,DRV-00453,USR-01061,LOC-0033,LOC-0036,2024-05-16 00:39:56,2024-05-16 02:11:56,27.49,92,147132.63,1.0,147132.63,Completed,Credit Card,Success
1129,TRP-001067,DRV-00363,USR-00389,LOC-0044,LOC-0045,2024-10-11 21:20:48,2024-10-11 22:00:48,,40,141660.34,1.0,141660.34,Completed,GoPay,Success
1130,TRP-001068,DRV-00488,USR-00129,LOC-0036,LOC-0035,2024-08-26 19:38:23,2024-08-26 20:15:23,21.6,37,49665.72,2.0,99331.44,Completed,Cash,Success
1131,TRP-001069,DRV-00154,USR-01050,LOC-0045,LOC-0006,2024-03-13 01:51:47,2024-03-13 02:38:47,8.27,47,117229.48,1.0,117229.48,Completed,GoPay,Success
1132,TRP-001070,DRV-00390,USR-01014,LOC-0039,LOC-0054,2024-06-17 14:02:55,2024-06-17 15:04:55,10.35,62,93143.66,1.25,116429.58,Completed,Credit Card,Success
1133,TRP-001071,DRV-00046,USR-00627,LOC-0017,LOC-0026,2024-11-12 16:31:16,2024-11-12 17:59:16,9.47,88,121043.74,1.25,151304.68,COMPLETED,GoPay,Success
1134,TRP-001072,DRV-00406,USR-01626,LOC-0038,LOC-0050,2024-01-05 07:32:42,2024-01-05 09:30:42,22.67,118,89148.47,1.0,89148.47,Completed,Credit Card,Success
1135,TRP-001073,DRV-00072,USR-01181,LOC-0051,LOC-0052,2024-02-26 15:49:52,2024-02-26 16:30:52,26.93,41,100989.7,2.5,252474.25,Completed,Cash,Success
1136,TRP-001074,DRV-00028,USR-00793,LOC-0044,LOC-0047,2024-01-25 23:31:22,2024-01-26 00:07:22,21.07,36,78871.57,1.0,78871.57,Cancelled,Credit Card,Pending
1137,TRP-001075,DRV-00456,USR-00667,LOC-0044,LOC-0051,2024-06-23 12:17:53,2024-06-23 13:51:53,16.58,94,,2.0,,Failed,Cash,Success
1138,TRP-001076,DRV-00384,USR-00981,LOC-0042,LOC-0028,2024-04-11 09:59:06,2024-04-11 11:30:06,10.96,91,94231.61,1.0,94231.61,Completed,GoPay,Success
1139,TRP-001077,DRV-00022,USR-00126,LOC-0019,LOC-0010,2024-02-04 02:10:12,2024-02-04 03:47:12,20.89,97,72030.75,1.0,72030.75,Completed,Cash,Success
1140,TRP-001078,DRV-00412,USR-00697,LOC-0027,LOC-0024,2024-08-31 15:19:16,2024-08-31 15:41:16,10.18,22,54323.84,1.75,95066.72,Completed,Credit Card,Success
1141,TRP-001079,DRV-00217,USR-00842,LOC-0046,LOC-0014,2024-03-13 07:12:00,2024-03-13 09:11:00,20.11,119,,1.5,,Completed,GoPay,Success
1142,TRP-001080,DRV-00422,USR-01006,LOC-0003,LOC-0004,2024-05-21 05:16:51,2024-05-21 05:45:51,5.95,29,21413.02,1.0,21413.02,Completed,Credit Card,Success
1143,TRP-001081,DRV-00010,USR-01441,LOC-0012,LOC-0024,2024-08-27 09:27:47,2024-08-27 10:56:47,17.74,89,0.0,1.5,0.0,Completed,Credit Card,Success
1144,TRP-001082,DRV-00114,USR-00083,LOC-0028,LOC-0005,2024-01-05 05:01:53,2024-01-05 06:27:53,30.3,86,135597.17,2.5,338992.93,Completed,Credit Card,Success
1145,TRP-001083,DRV-00080,USR-00090,LOC-0019,LOC-0016,2024-02-02 02:40:34,2024-02-02 04:08:34,5.92,88,49480.54,1.5,74220.81,Completed,Cash,Success
1146,TRP-001084,DRV-00012,USR-00858,LOC-0049,LOC-0010,2024-04-07 07:15:52,2024-04-07 08:23:52,13.71,68,57372.09,1.0,57372.09,Cancelled,GoPay,Success
1147,TRP-001084,DRV-00012,USR-00858,LOC-0049,LOC-0010,2024-04-07 07:15:52,2024-04-07 08:23:52,13.71,68,57372.09,1.0,57372.09,Cancelled,GoPay,Success
1148,TRP-001085,DRV-00492,USR-00730,LOC-0048,LOC-0056,2024-11-22 23:48:57,2024-11-23 01:25:57,37.01,97,86980.28,1.0,86980.28,Completed,Cash,Success
1149,TRP-001086,DRV-00307,USR-00415,LOC-0052,LOC-0012,2024-04-03 13:36:40,2024-04-03 14:32:40,32.18,56,36267.26,1.5,54400.89,Completed,GoPay,Success
1150,TRP-001087,DRV-00170,USR-00969,LOC-0053,LOC-0004,2024-12-14 02:54:32,2024-12-14 04:00:32,23.69,66,36368.37,1.75,63644.65,Completed,GoPay,Success
1151,TRP-001088,DRV-00379,USR-00227,LOC-0037,LOC-0002,2024-02-25 09:54:57,2024-02-25 11:36:57,2.35,102,19635.36,1.5,29453.04,Cancelled,Cash,Success
1152,TRP-001089,DRV-00371,USR-00508,LOC-0015,LOC-0028,2024-03-19 20:52:05,2024-03-19 22:39:05,10.29,107,54199.29,1.5,81298.93,Completed,Cash,Success
1153,TRP-001090,DRV-00120,USR-00924,LOC-0029,LOC-0003,2024-09-05 11:15:06,2024-09-05 12:47:06,6.72,92,120080.56,1.0,120080.56,Failed,Cash,Success
1154,TRP-001091,DRV-00115,USR-01767,LOC-0014,LOC-0042,2024-11-14 08:41:03,2024-11-14 10:03:03,30.05,82,22954.84,1.25,28693.55,Cancelled,Cash,Success
1155,TRP-001092,DRV-00496,USR-01412,LOC-0050,LOC-0037,2024-04-02 19:27:10,2024-04-02 19:40:10,30.78,13,19686.51,1.0,19686.51,Completed,Cash,Failed
1156,TRP-001093,DRV-00109,USR-01822,LOC-0025,LOC-0019,2024-09-06 22:37:47,2024-09-06 23:50:47,2.09,73,94302.14,1.5,141453.21,Completed,GoPay,Success
1157,TRP-001094,DRV-00293,USR-00415,LOC-0054,LOC-0024,2024-06-30 09:32:37,2024-06-30 09:44:37,26.89,12,129348.87,2.5,323372.17,Cancelled,GoPay,Success
1158,TRP-001095,DRV-00094,USR-00922,LOC-0008,LOC-0039,2024-09-13 22:54:48,2024-09-14 00:48:48,7.24,114,13649.71,1.0,13649.71,Cancelled,Credit Card,Success
1159,TRP-001096,DRV-00014,USR-01242,LOC-0057,LOC-0051,2024-03-26 13:09:27,2024-03-26 14:14:27,33.7,65,92268.9,1.0,92268.9,Completed,Credit Card,Success
1160,TRP-001097,DRV-00087,USR-01081,LOC-0002,LOC-0024,2024-12-26 19:31:45,2024-12-26 21:29:45,32.29,118,103376.98,1.0,103376.98,Completed,Cash,Failed
1161,TRP-001098,DRV-00052,USR-00216,LOC-0037,LOC-0022,2024-06-14 18:05:13,2024-06-14 19:37:13,26.59,92,112934.89,2.0,225869.78,Completed,GoPay,Pending
1162,TRP-001099,DRV-00304,USR-01675,LOC-0011,LOC-0010,2024-01-15 08:06:30,2024-01-15 09:01:30,34.75,55,136221.03,1.0,136221.03,Completed,Cash,Success
1163,TRP-001100,DRV-00313,USR-00358,LOC-0023,LOC-0003,2024-01-19 21:59:25,2024-01-19 23:12:25,14.92,73,69418.2,1.5,104127.3,Cancelled,Credit Card,Success
1164,TRP-001101,DRV-00261,USR-00921,LOC-0019,LOC-0033,2024-06-24 04:48:24,2024-06-24 06:15:24,10.31,87,130864.3,1.25,163580.38,Completed,Credit Card,Pending
1165,TRP-001102,DRV-00091,USR-00719,LOC-0010,LOC-0051,2024-01-15 00:26:38,2024-01-15 02:23:38,4.13,117,38020.57,1.25,47525.71,Cancelled,Cash,Success
1166,TRP-001103,DRV-00108,USR-00757,LOC-0016,LOC-0045,2024-01-15 14:11:37,2024-01-15 14:48:37,25.46,37,44344.2,1.25,55430.25,Completed,GoPay,Success
1167,TRP-001104,DRV-00170,USR-00365,LOC-0028,LOC-0046,2024-03-07 16:01:46,2024-03-07 16:17:46,6.29,16,104575.15,1.5,156862.72,Failed,Cash,Success
1168,TRP-001105,DRV-00063,USR-00926,LOC-0015,LOC-0038,2024-03-05 03:47:50,2024-03-05 05:39:50,5.97,112,,1.0,,Completed,Credit Card,Success
1169,TRP-001106,DRV-00429,USR-01553,LOC-0042,LOC-0043,2024-01-22 13:07:11,2024-01-22 13:57:11,13.7,50,77529.77,1.25,96912.21,Completed,Credit Card,Success
1170,TRP-001107,DRV-00258,USR-01895,LOC-0045,LOC-0005,2024-01-27 16:25:13,2024-01-27 18:03:13,13.89,98,59240.58,1.75,103671.01,Completed,Cash,Success
1171,TRP-001108,DRV-00181,USR-00856,LOC-0012,LOC-0041,2024-04-09 15:31:05,2024-04-09 16:06:05,8.78,35,24058.79,1.0,24058.79,Cancelled,Cash,Pending
1172,TRP-001109,DRV-00330,USR-01876,LOC-0018,LOC-0019,2024-11-07 09:55:40,2024-11-07 10:18:40,3.36,23,110359.55,1.0,110359.55,Completed,Cash,Success
1173,TRP-001110,DRV-00055,USR-01743,LOC-0034,LOC-0053,2024-01-28 13:48:05,2024-01-28 15:02:05,22.28,74,99652.45,1.0,99652.45,Cancelled,Credit Card,Success
1174,TRP-001111,DRV-00108,USR-01083,LOC-0020,LOC-0052,2024-07-14 06:24:32,2024-07-14 07:55:32,4.02,91,22481.35,1.5,33722.02,Completed,GoPay,Success
1175,TRP-001112,DRV-00083,USR-00788,LOC-0012,LOC-0021,2024-11-19 04:23:03,2024-11-19 05:15:03,36.44,52,49736.53,2.5,124341.32,Completed,GoPay,Pending
1176,TRP-001113,DRV-00292,USR-00583,LOC-0001,LOC-0033,2024-11-20 21:03:26,2024-11-20 23:03:26,4.25,120,72275.31,1.25,90344.14,Completed,Cash,Success
1177,TRP-001113,DRV-00292,USR-00583,LOC-0001,LOC-0033,2024-11-20 21:03:26,2024-11-20 23:03:26,4.25,120,72275.31,1.25,90344.14,Completed,Cash,Success
1178,TRP-001114,DRV-00339,USR-00104,LOC-0027,LOC-0004,2024-11-05 04:14:53,2024-11-05 06:05:53,10.74,111,89895.26,1.75,157316.7,Completed,Cash,Success
1179,TRP-001115,DRV-00091,USR-00001,LOC-0011,LOC-0012,2024-04-23 00:55:26,2024-04-23 02:26:26,5.16,91,57313.54,1.0,57313.54,Completed,Credit Card,Success
1180,TRP-001116,DRV-00101,USR-00891,LOC-0026,LOC-0024,2024-10-10 19:43:44,2024-10-10 21:35:44,1.48,112,82504.4,2.5,206261.0,Completed,GoPay,Success
1181,TRP-001117,DRV-00243,USR-01124,LOC-0011,LOC-0038,2024-01-24 02:59:41,2024-01-24 04:39:41,13.84,100,113281.42,1.0,113281.42,Completed,GoPay,Success
1182,TRP-001118,DRV-00058,USR-00595,LOC-0008,LOC-0020,2024-01-03 15:45:07,2024-01-03 17:31:07,4.28,106,124179.44,2.5,310448.6,completed,Cash,Failed
1183,TRP-001119,DRV-00421,USR-01456,LOC-0002,LOC-0008,2024-06-23 20:23:50,2024-06-23 21:11:50,35.71,48,31300.55,1.25,39125.69,Completed,Cash,Success
1184,TRP-001120,DRV-00354,USR-01111,LOC-0010,LOC-0031,2024-03-13 11:24:13,2024-03-13 13:16:13,24.39,112,44621.01,1.0,44621.01,Cancelled,Cash,Pending
1185,TRP-001121,DRV-00161,USR-00392,LOC-0051,LOC-0010,2024-10-06 08:34:36,2024-10-06 08:58:36,22.83,24,13561.1,1.0,13561.1,Completed,Credit Card,Success
1186,TRP-001122,DRV-00094,USR-01113,LOC-0017,LOC-0047,2024-01-05 19:17:43,2024-01-05 21:00:43,5.89,103,133397.11,1.75,233444.94,Cancelled,Cash,Success
1187,TRP-001123,DRV-00480,USR-01711,LOC-0049,LOC-0017,2024-03-02 17:17:51,2024-03-02 17:57:51,21.94,40,71741.6,1.0,71741.6,Completed,Cash,Success
1188,TRP-001124,DRV-00275,USR-01011,LOC-0041,LOC-0047,2024-12-19 09:09:01,2024-12-19 10:13:01,28.62,64,137393.7,1.0,137393.7,Failed,Credit Card,Failed
1189,TRP-001125,DRV-00353,USR-00107,LOC-0002,LOC-0017,2024-11-19 08:01:19,2024-11-19 08:38:19,28.26,37,133545.76,1.0,133545.76,Completed,Credit Card,Success
1190,TRP-001126,DRV-00071,USR-00706,LOC-0018,LOC-0012,2024-06-16 20:57:38,2024-06-16 21:51:38,12.28,54,19062.41,1.5,28593.61,Completed,Credit Card,Success
1191,TRP-001127,DRV-00298,USR-01129,LOC-0021,LOC-0046,2024-03-12 22:56:12,2024-03-12 23:34:12,22.67,38,24475.73,1.25,30594.66,Completed,Credit Card,Success
1192,TRP-001128,DRV-00265,USR-00044,LOC-0031,LOC-0049,2024-12-22 18:06:15,2024-12-22 18:21:15,11.69,15,101099.89,1.0,101099.89,Cancelled,Cash,Success
1193,TRP-001129,DRV-00297,USR-01215,LOC-0012,LOC-0045,2024-02-01 09:48:33,2024-02-01 11:21:33,8.46,93,44922.5,1.5,67383.75,Completed,Cash,Success
1194,TRP-001130,DRV-00397,USR-01849,LOC-0020,LOC-0038,2024-04-19 17:34:52,2024-04-19 19:08:52,23.54,94,95673.84,2.0,191347.68,Completed,Cash,Success
1195,TRP-001131,DRV-00467,USR-01186,LOC-0023,LOC-0005,2024-08-25 05:53:00,2024-08-25 07:42:00,33.11,109,87342.29,1.5,131013.43,Completed,GoPay,Success
1196,TRP-001132,DRV-00314,USR-00138,LOC-0023,LOC-0019,2024-02-07 09:16:38,2024-02-07 10:40:38,17.13,84,102322.6,1.0,102322.6,Cancelled,Credit Card,Failed
1197,TRP-001133,DRV-00220,USR-00470,LOC-0026,LOC-0050,2024-05-18 01:19:47,2024-05-18 03:02:47,24.61,103,141989.42,1.0,141989.42,Completed,GoPay,Success
1198,TRP-001134,DRV-00258,USR-01612,LOC-0052,LOC-0030,2024-12-03 05:50:35,2024-12-03 06:05:35,39.73,15,37821.08,2.0,75642.16,Completed,GoPay,Success
1199,TRP-001135,DRV-00372,USR-01168,LOC-0049,LOC-0015,2024-05-17 05:02:20,2024-05-17 07:02:20,12.98,120,72036.84,1.25,90046.05,Completed,GoPay,Pending
1200,TRP-001136,DRV-00457,USR-01673,LOC-0014,LOC-0005,2024-02-04 01:13:56,2024-02-04 02:02:56,24.65,49,143555.99,1.0,143555.99,Failed,GoPay,Pending
1201,TRP-001137,DRV-00455,USR-00532,LOC-0044,LOC-0055,2024-01-11 05:34:16,2024-01-11 05:47:16,10.16,13,139889.09,1.0,139889.09,Cancelled,GoPay,Success
1202,TRP-001138,DRV-00156,USR-00156,LOC-0046,LOC-0017,2024-01-10 05:13:57,2024-01-10 06:32:57,4.4,79,16375.76,1.0,16375.76,Failed,GoPay,Success
1203,TRP-001139,DRV-00294,USR-00980,LOC-0056,LOC-0055,2024-01-05 04:09:03,2024-01-05 04:45:03,26.92,36,144770.33,1.0,144770.33,Completed,Credit Card,Success
1204,TRP-001139,DRV-00294,USR-00980,LOC-0056,LOC-0055,2024-01-05 04:09:03,2024-01-05 04:45:03,26.92,36,144770.33,1.0,144770.33,Completed,Credit Card,Success
1205,TRP-001140,DRV-00011,USR-00603,LOC-0054,LOC-0026,2024-01-01 18:07:19,2024-01-01 18:25:19,1.47,18,50921.43,1.0,50921.43,Completed,Cash,Success
1206,TRP-001141,DRV-00066,USR-01391,LOC-0015,LOC-0040,2024-05-18 18:39:24,2024-05-18 19:43:24,30.45,64,149373.81,1.0,149373.81,Completed,Cash,Success
1207,TRP-001142,DRV-00367,USR-01135,LOC-0055,LOC-0053,2024-06-25 07:10:10,2024-06-25 08:22:10,17.52,72,112976.99,2.0,225953.98,Cancelled,GoPay,Success
1208,TRP-001143,DRV-00234,USR-01318,LOC-0041,LOC-0053,2024-03-03 10:10:35,2024-03-03 10:25:35,11.83,15,76717.21,1.0,76717.21,Completed,Credit Card,Success
1209,TRP-001144,DRV-00371,USR-00458,LOC-0018,LOC-0008,2024-07-28 03:39:30,2024-07-28 05:00:30,36.05,81,14286.95,2.5,35717.38,Completed,Cash,Success
1210,TRP-001145,DRV-00170,USR-01270,LOC-0013,LOC-0038,2024-02-11 04:23:34,2024-02-11 06:11:34,39.39,108,99258.41,1.0,99258.41,Completed,GoPay,Success
1211,TRP-001146,DRV-00162,USR-00516,LOC-0002,LOC-0028,2024-03-29 12:13:01,2024-03-29 13:29:01,13.25,76,68866.72,1.0,68866.72,Completed,GoPay,Success
1212,TRP-001147,DRV-00178,USR-00736,LOC-0044,LOC-0042,2024-05-15 05:51:16,2024-05-15 07:33:16,14.13,102,40666.37,1.0,40666.37,Completed,GoPay,Success
1213,TRP-001148,DRV-00276,USR-01991,LOC-0052,LOC-0038,2024-12-26 01:27:54,2024-12-26 01:58:54,26.13,31,135648.31,3.5,135648.31,CANCELLED,GoPay,Success
1214,TRP-001149,DRV-00390,USR-01987,LOC-0005,LOC-0009,2024-10-30 19:28:54,2024-10-30 20:00:54,12.51,32,24791.0,1.0,24791.0,Completed,Credit Card,Success
1215,TRP-001150,DRV-00248,USR-00168,LOC-0034,LOC-0027,2024-04-09 20:27:32,2024-04-09 21:11:32,6.81,44,70676.52,0.5,106014.78,Completed,Cash,Success
1216,TRP-001151,DRV-00008,USR-00473,LOC-0016,LOC-0011,2024-05-06 17:19:58,2024-05-06 18:28:58,31.29,69,107011.34,1.25,133764.17,Completed,GoPay,Success
1217,TRP-001152,DRV-00457,USR-00526,LOC-0039,LOC-0053,2024-11-10 21:54:02,2024-11-10 23:30:02,3.33,96,39930.55,1.5,59895.83,Completed,GoPay,Success
1218,TRP-001153,DRV-00207,USR-01724,LOC-0037,LOC-0011,2024-04-20 03:37:16,2024-04-20 04:46:16,1.87,69,129710.24,1.0,129710.24,Cancelled,Credit Card,Success
1219,TRP-001154,DRV-00353,USR-00777,LOC-0053,LOC-0024,2024-02-07 15:08:55,2024-02-07 16:23:55,31.7,75,33247.16,1.0,33247.16,Completed,Cash,Success
1220,TRP-001155,DRV-00413,USR-01399,LOC-0031,LOC-0019,2024-01-12 00:05:45,2024-01-12 01:59:45,31.96,114,119486.21,1.0,119486.21,Completed,Cash,Success
1221,TRP-001156,DRV-00429,USR-01885,LOC-0002,LOC-0042,2024-02-23 09:40:24,2024-02-23 09:53:24,15.79,13,78432.03,1.0,78432.03,Completed,Credit Card,Success
1222,TRP-001157,DRV-00218,USR-01606,LOC-0029,LOC-0043,2024-04-04 21:27:04,2024-04-04 23:12:04,30.41,105,124282.3,1.25,155352.88,Completed,Cash,Success
1223,TRP-001158,DRV-00160,USR-00554,LOC-0048,LOC-0010,2024-06-09 10:15:02,2024-06-09 12:06:02,28.37,111,84751.38,1.75,148314.92,Completed,GoPay,Success
1224,TRP-001159,DRV-00031,USR-01094,LOC-0007,LOC-0019,2024-11-26 16:41:21,2024-11-26 18:09:21,23.64,88,129293.87,1.0,129293.87,Completed,GoPay,Success
1225,TRP-001160,DRV-00478,USR-01288,LOC-0022,LOC-0043,2024-03-07 13:30:56,2024-03-07 14:45:56,21.2,75,57048.86,2.0,114097.72,Completed,GoPay,Failed
1226,TRP-001161,DRV-00133,USR-01615,LOC-0051,LOC-0054,2024-04-24 10:42:47,2024-04-24 11:08:47,14.97,26,49269.83,1.5,73904.74,Completed,Cash,Success
1227,TRP-001162,DRV-00028,USR-00100,LOC-0028,LOC-0001,2024-05-30 02:44:25,2024-05-30 04:06:25,21.75,82,81544.78,1.0,81544.78,Completed,Cash,Success
1228,TRP-001163,DRV-00418,USR-01152,LOC-0023,LOC-0043,2024-12-02 01:35:15,2024-12-02 02:22:15,26.48,47,63177.48,1.25,78971.85,Completed,GoPay,Failed
1229,TRP-001164,DRV-00023,USR-00190,LOC-0049,LOC-0028,2024-01-24 11:24:10,2024-01-24 12:47:10,33.52,83,96029.48,2.5,240073.7,Completed,Credit Card,Success
1230,TRP-001165,DRV-00362,USR-00977,LOC-0019,LOC-0013,2024-02-18 07:15:38,2024-02-18 08:52:38,16.38,97,17948.04,1.0,17948.04,Completed,GoPay,Success
1231,TRP-001166,DRV-00137,USR-01921,LOC-0010,LOC-0031,2024-08-04 05:51:09,2024-08-04 07:14:09,14.94,83,105995.07,1.0,105995.07,Completed,Cash,Success
1232,TRP-001167,DRV-00365,USR-01277,LOC-0023,LOC-0055,2024-06-26 06:07:52,2024-06-26 07:50:52,20.78,103,26236.45,1.0,26236.45,Completed,GoPay,Success
1233,TRP-001168,DRV-00436,USR-00298,LOC-0044,LOC-0018,2024-12-16 09:26:22,2024-12-16 09:39:22,7.29,13,93958.18,1.0,93958.18,Cancelled,GoPay,Success
1234,TRP-001168,DRV-00436,USR-00298,LOC-0044,LOC-0018,2024-12-16 09:26:22,2024-12-16 09:39:22,7.29,13,93958.18,1.0,93958.18,Cancelled,GoPay,Success
1235,TRP-001169,DRV-00373,USR-01891,LOC-0025,LOC-0022,2024-09-14 18:52:41,2024-09-14 19:48:41,4.87,56,32871.88,1.0,32871.88,Completed,GoPay,Pending
1236,TRP-001169,DRV-00373,USR-01891,LOC-0025,LOC-0022,2024-09-14 18:52:41,2024-09-14 19:48:41,4.87,56,32871.88,1.0,32871.88,Completed,GoPay,Pending
1237,TRP-001170,DRV-00397,USR-01331,LOC-0019,LOC-0045,2024-09-04 03:57:57,2024-09-04 04:50:57,23.92,53,33759.14,2.0,67518.28,Completed,Credit Card,Pending
1238,TRP-001171,DRV-00358,USR-00543,LOC-0014,LOC-0050,2024-03-30 00:38:29,2024-03-30 02:32:29,25.91,114,133234.34,1.0,133234.34,Completed,Credit Card,Success
1239,TRP-001172,DRV-00007,USR-00283,LOC-0025,LOC-0001,2024-07-09 04:29:39,2024-07-09 05:35:39,30.51,66,19479.71,1.0,19479.71,Completed,Cash,Pending
1240,TRP-001173,DRV-00111,USR-01792,LOC-0032,LOC-0005,2024-05-20 06:33:19,2024-05-20 07:28:19,19.58,55,25595.82,1.0,25595.82,Completed,Credit Card,Success
1241,TRP-001174,DRV-00108,USR-01723,LOC-0015,LOC-0031,2024-06-23 11:42:22,2024-06-23 13:40:22,33.35,118,41882.94,2.5,104707.35,Completed,GoPay,Failed
1242,TRP-001175,DRV-00233,USR-01372,LOC-0024,LOC-0040,2024-09-05 02:59:25,2024-09-05 04:55:25,35.91,116,13752.05,1.0,13752.05,Completed,GoPay,Success
1243,TRP-001176,DRV-00063,USR-01070,LOC-0038,LOC-0056,2024-10-19 06:35:46,2024-10-19 07:20:46,14.54,45,44343.51,2.5,110858.78,Completed,Credit Card,Success
1244,TRP-001177,DRV-00370,USR-00952,LOC-0023,LOC-0008,2024-06-27 17:47:06,2024-06-27 18:43:06,18.37,56,0.0,1.0,0.0,Completed,Credit Card,Success
1245,TRP-001177,DRV-00370,USR-00952,LOC-0023,LOC-0008,2024-06-27 17:47:06,2024-06-27 18:43:06,18.37,56,0.0,1.0,0.0,Completed,Credit Card,Success
1246,TRP-001178,DRV-00489,USR-01629,LOC-0047,LOC-0018,2024-02-17 06:55:22,2024-02-17 07:33:22,37.38,38,16591.11,1.0,16591.11,Completed,Cash,Success
1247,TRP-001179,DRV-00295,USR-01543,LOC-0007,LOC-0021,2024-05-10 04:49:51,2024-05-10 05:04:51,12.57,15,126038.31,1.0,126038.31,Cancelled,Cash,Success
1248,TRP-001180,DRV-00148,USR-01572,LOC-0045,LOC-0009,2024-01-16 06:51:46,2024-01-16 07:40:46,31.94,49,138640.15,1.25,173300.19,Completed,Credit Card,Success
1249,TRP-001181,DRV-00100,USR-01903,LOC-0019,LOC-0040,2024-12-03 19:18:12,2024-12-03 19:53:12,34.47,35,136595.25,1.0,136595.25,Completed,Credit Card,Success
1250,TRP-001182,DRV-00289,USR-01047,LOC-0048,LOC-0055,2024-12-01 21:20:59,2024-12-01 22:59:59,36.04,99,142567.91,1.0,142567.91,Completed,Credit Card,Success
1251,TRP-001183,DRV-00487,USR-00188,LOC-0033,LOC-0029,2024-08-30 15:41:27,2024-08-30 16:21:27,26.47,40,73002.33,1.25,91252.91,Completed,Cash,Success
1252,TRP-001184,DRV-00344,USR-01224,LOC-0034,LOC-0010,2024-12-25 17:45:43,2024-12-25 18:28:43,39.3,43,148119.26,1.0,148119.26,Completed,Cash,Success
1253,TRP-001185,DRV-00403,USR-01188,LOC-0012,LOC-0029,2024-12-15 12:00:09,2024-12-15 13:39:09,36.21,99,29538.65,1.0,29538.65,Failed,GoPay,Success
1254,TRP-001186,DRV-00457,USR-00991,LOC-0012,LOC-0005,2024-02-29 22:10:22,2024-03-01 00:09:22,10.72,119,13760.95,1.5,20641.43,Completed,Credit Card,Failed
1255,TRP-001187,DRV-00011,USR-00015,LOC-0038,LOC-0035,2024-10-31 15:53:15,2024-10-31 17:35:15,34.31,102,132564.64,1.0,132564.64,Completed,Credit Card,Success
1256,TRP-001188,DRV-00500,USR-00504,LOC-0053,LOC-0041,2024-06-06 13:02:48,2024-06-06 13:55:48,26.52,53,27501.38,1.0,27501.38,Completed,Credit Card,Success
1257,TRP-001188,DRV-00500,USR-00504,LOC-0053,LOC-0041,2024-06-06 13:02:48,2024-06-06 13:55:48,26.52,53,27501.38,1.0,27501.38,Completed,Credit Card,Success
1258,TRP-001189,DRV-00256,USR-01641,LOC-0003,LOC-0029,2024-01-18 01:53:30,2024-01-18 02:06:30,20.45,13,141409.79,1.0,141409.79,Completed,GoPay,Success
1259,TRP-001190,DRV-00159,USR-01827,LOC-0019,LOC-0013,2024-05-30 11:56:29,2024-05-30 13:17:29,18.07,81,102444.46,1.25,128055.58,Cancelled,Cash,Success
1260,TRP-001191,DRV-00155,USR-01705,LOC-0001,LOC-0049,2024-05-06 05:32:26,2024-05-06 06:14:26,38.92,42,126667.61,1.0,126667.61,Completed,GoPay,Success
1261,TRP-001192,DRV-00129,USR-00223,LOC-0047,LOC-0048,2024-08-22 17:03:45,2024-08-22 18:17:45,20.52,74,34236.93,1.0,34236.93,Completed,Credit Card,Success
1262,TRP-001193,DRV-00419,USR-01881,LOC-0011,LOC-0008,2024-05-01 23:05:43,2024-05-02 00:27:43,,82,12001.79,1.25,15002.24,Completed,GoPay,Success
1263,TRP-001194,DRV-00248,USR-00146,LOC-0024,LOC-0055,2024-11-17 10:03:17,2024-11-17 11:38:17,11.37,95,112772.35,1.0,112772.35,Completed,Cash,Success
1264,TRP-001195,DRV-00159,USR-00759,LOC-0029,LOC-0043,2024-06-04 14:31:48,2024-06-04 15:43:48,36.9,72,124693.28,2.0,249386.56,Completed,Cash,Pending
1265,TRP-001196,DRV-00065,USR-00018,LOC-0033,LOC-0044,2024-10-13 08:59:27,2024-10-13 09:52:27,34.14,53,29554.96,1.0,29554.96,Completed,Cash,Failed
1266,TRP-001197,DRV-00257,USR-00999,LOC-0010,LOC-0031,2024-05-20 00:58:07,2024-05-20 01:46:07,29.88,48,29844.05,1.0,29844.05,Completed,Credit Card,Success
1267,TRP-001198,DRV-00270,USR-00885,LOC-0051,LOC-0044,2024-04-17 01:03:03,2024-04-17 01:17:03,3.41,14,122056.89,1.0,122056.89,Completed,Cash,Success
1268,TRP-001199,DRV-00291,USR-01681,LOC-0016,LOC-0017,2024-11-14 18:23:09,2024-11-14 18:35:09,35.98,12,25189.19,1.0,25189.19,Cancelled,Cash,Success
1269,TRP-001200,DRV-00183,USR-00315,LOC-0037,LOC-0026,2024-02-10 12:32:15,2024-02-10 13:25:15,3.92,53,37000.03,1.25,46250.04,Cancelled,Cash,Success
1270,TRP-001201,DRV-00234,USR-01460,LOC-0006,LOC-0044,2024-04-03 19:16:39,2024-04-03 20:08:39,14.61,52,65638.34,1.0,65638.34,Completed,GoPay,Success
1271,TRP-001202,DRV-00129,USR-00140,LOC-0030,LOC-0043,2024-07-26 08:09:55,2024-07-26 08:37:55,13.75,28,105552.34,2.0,211104.68,Completed,Credit Card,Success
1272,TRP-001203,DRV-00157,USR-01299,LOC-0031,LOC-0027,2024-09-30 06:47:03,2024-09-30 07:18:03,24.08,31,65066.81,1.75,113866.92,Cancelled,Cash,Success
1273,TRP-001204,DRV-00430,USR-01242,LOC-0057,LOC-0004,2024-02-05 03:06:34,2024-02-05 05:00:34,35.23,114,28356.27,2.5,70890.68,Cancelled,Cash,Success
1274,TRP-001205,DRV-00429,USR-00019,LOC-0013,LOC-0036,2024-09-13 11:27:20,2024-09-13 12:35:20,7.19,68,138114.98,1.0,138114.98,Cancelled,Cash,Success
1275,TRP-001206,DRV-00371,USR-00555,LOC-0027,LOC-0046,2024-03-12 00:29:33,2024-03-12 00:58:33,2.39,29,64696.05,1.0,64696.05,Completed,GoPay,Success
1276,TRP-001207,DRV-00345,USR-01103,LOC-0006,LOC-0019,2024-01-06 15:05:21,2024-01-06 15:45:21,3.09,40,79232.24,1.0,79232.24,Cancelled,Credit Card,Success
1277,TRP-001208,DRV-00178,USR-00101,LOC-0032,LOC-0018,2024-05-23 08:00:20,2024-05-23 08:11:20,30.64,11,114388.17,1.0,114388.17,Cancelled,GoPay,Success
1278,TRP-001209,DRV-00155,USR-01901,LOC-0051,LOC-0013,2024-02-03 09:56:29,2024-02-03 10:09:29,36.38,13,11683.45,1.0,11683.45,Completed,GoPay,Success
1279,TRP-001210,DRV-00251,USR-00894,LOC-0023,LOC-0022,2024-04-09 21:47:28,2024-04-09 22:53:28,16.52,66,71259.95,1.0,71259.95,Completed,GoPay,Success
1280,TRP-001211,DRV-00174,USR-01826,LOC-0044,LOC-0016,2024-08-13 06:54:09,2024-08-13 07:31:09,32.15,37,90794.11,1.75,158889.69,Completed,GoPay,Success
1281,TRP-001212,DRV-00438,USR-00456,LOC-0041,LOC-0016,2024-08-09 03:08:13,2024-08-09 03:24:13,18.03,16,76156.96,1.75,133274.68,Completed,Credit Card,Success
1282,TRP-001213,DRV-00036,USR-01703,LOC-0009,LOC-0040,2024-12-01 21:09:22,2024-12-01 22:36:22,34.72,87,40946.62,2.0,81893.24,Completed,GoPay,Success
1283,TRP-001214,DRV-00148,USR-01643,LOC-0012,LOC-0006,2024-11-02 17:11:46,2024-11-02 18:55:46,4.49,104,141657.75,1.0,141657.75,Completed,Credit Card,Success
1284,TRP-001215,DRV-00129,USR-01796,LOC-0014,LOC-0027,2024-04-13 17:02:45,2024-04-13 17:49:45,10.79,47,125319.7,0.5,187979.55,Completed,Cash,Success
1285,TRP-001216,DRV-00471,USR-01822,LOC-0029,LOC-0026,2024-10-05 18:24:36,2024-10-05 19:38:36,10.32,74,32009.48,1.0,32009.48,Cancelled,Credit Card,Failed
1286,TRP-001217,DRV-00385,USR-00763,LOC-0014,LOC-0003,2024-01-06 12:57:25,2024-01-06 13:12:25,23.93,15,135931.73,1.25,169914.66,Completed,GoPay,Success
1287,TRP-001218,DRV-00212,USR-00247,LOC-0031,LOC-0011,2024-08-02 15:54:36,2024-08-02 17:28:36,13.05,94,74752.96,1.0,74752.96,Completed,Cash,Success
1288,TRP-001219,DRV-00443,USR-01083,LOC-0019,LOC-0054,2024-10-26 12:20:04,2024-10-26 12:38:04,14.03,18,114799.03,1.5,172198.54,Completed,Cash,Success
1289,TRP-001220,DRV-00256,USR-00811,LOC-0037,LOC-0045,2024-05-30 03:25:04,2024-05-30 04:20:04,28.44,55,89284.77,2.0,178569.54,Completed,Cash,Success
1290,TRP-001221,DRV-00094,USR-01167,LOC-0054,LOC-0026,2024-10-13 03:07:59,2024-10-13 03:51:59,21.12,44,99239.87,1.0,99239.87,Completed,GoPay,Pending
1291,TRP-001222,DRV-00102,USR-00929,LOC-0042,LOC-0009,2024-03-30 06:22:39,2024-03-30 07:34:39,16.46,72,16310.34,1.0,16310.34,Completed,Cash,Success
1292,TRP-001223,DRV-00287,USR-00293,LOC-0008,LOC-0002,2024-08-28 18:12:01,2024-08-28 20:01:01,8.81,109,99372.39,1.0,99372.39,Cancelled,Credit Card,Success
1293,TRP-001224,DRV-00291,USR-00808,LOC-0009,LOC-0037,2024-04-11 02:10:14,2024-04-11 02:23:14,18.97,13,70552.51,1.25,88190.64,Completed,Cash,Success
1294,TRP-001225,DRV-00235,USR-01408,LOC-0040,LOC-0002,2024-01-20 12:48:21,2024-01-20 13:54:21,20.73,66,53498.54,1.0,53498.54,Failed,Cash,Success
1295,TRP-001226,DRV-00266,USR-00837,LOC-0033,LOC-0011,2024-12-07 06:58:34,2024-12-07 08:35:34,29.99,97,136759.06,1.0,136759.06,Completed,Credit Card,Success
1296,TRP-001227,DRV-00108,USR-01654,LOC-0050,LOC-0010,2024-05-07 03:32:13,2024-05-07 04:39:13,29.64,67,32237.55,1.0,32237.55,Cancelled,Credit Card,Success
1297,TRP-001228,DRV-00240,USR-00363,LOC-0013,LOC-0051,2024-09-17 23:15:07,2024-09-18 00:52:07,10.4,97,99324.7,1.75,173818.23,Failed,Cash,Success
1298,TRP-001228,DRV-00240,USR-00363,LOC-0013,LOC-0051,2024-09-17 23:15:07,2024-09-18 00:52:07,10.4,97,99324.7,1.75,173818.23,Failed,Cash,Success
1299,TRP-001229,DRV-00194,USR-01782,LOC-0033,LOC-0026,2024-03-06 13:23:21,2024-03-06 14:37:21,32.74,74,64055.87,1.5,96083.81,Completed,Credit Card,Pending
1300,TRP-001230,DRV-00387,USR-00504,LOC-0044,LOC-0052,2024-10-21 20:35:49,2024-10-21 22:08:49,27.36,93,97178.49,1.0,97178.49,Failed,Credit Card,Success
1301,TRP-001231,DRV-00336,USR-00482,LOC-0056,LOC-0007,2024-07-30 10:45:57,2024-07-30 11:26:57,22.23,41,26982.72,1.25,33728.4,Completed,Cash,Success
1302,TRP-001232,DRV-00127,USR-01294,LOC-0040,LOC-0036,2024-11-09 10:16:43,2024-11-09 10:26:43,4.55,10,104282.8,1.0,104282.8,Cancelled,GoPay,Success
1303,TRP-001233,DRV-00078,USR-00443,LOC-0005,LOC-0014,2024-04-04 03:00:50,2024-04-04 04:54:50,33.21,114,99202.36,1.25,124002.95,Completed,Cash,Success
1304,TRP-001234,DRV-00248,USR-00384,LOC-0003,LOC-0055,2024-02-13 15:36:54,2024-02-13 16:09:54,25.27,33,94615.33,1.75,165576.83,completed,GoPay,Success
1305,TRP-001235,DRV-00336,USR-01192,LOC-0041,LOC-0050,2024-10-17 18:12:28,2024-10-17 18:32:28,38.1,20,62670.54,1.0,62670.54,Failed,GoPay,Success
1306,TRP-001236,DRV-00399,USR-00986,LOC-0008,LOC-0025,2024-12-20 15:07:54,2024-12-20 15:26:54,13.19,19,110629.57,1.0,110629.57,Completed,GoPay,Success
1307,TRP-001237,DRV-00464,USR-00068,LOC-0055,LOC-0017,2024-01-21 16:07:41,2024-01-21 16:22:41,25.31,15,101950.43,1.5,152925.64,Completed,Credit Card,Pending
1308,TRP-001238,DRV-00349,USR-00026,LOC-0002,LOC-0025,2024-11-30 10:13:46,2024-11-30 11:39:46,34.95,86,40057.3,1.0,40057.3,Completed,GoPay,Success
1309,TRP-001238,DRV-00349,USR-00026,LOC-0002,LOC-0025,2024-11-30 10:13:46,2024-11-30 11:39:46,34.95,86,40057.3,1.0,40057.3,Completed,GoPay,Success
1310,TRP-001239,DRV-00084,USR-00181,LOC-0015,LOC-0008,2024-02-08 08:12:47,2024-02-08 09:17:47,19.23,65,58485.14,1.0,58485.14,Completed,Credit Card,Success
1311,TRP-001240,DRV-00412,USR-00887,LOC-0030,LOC-0052,2024-11-18 01:58:34,2024-11-18 03:42:34,21.94,104,113159.68,2.0,226319.36,Completed,Cash,Success
1312,TRP-001241,DRV-00021,USR-01260,LOC-0037,LOC-0020,2024-02-02 11:51:17,2024-02-02 13:02:17,27.75,71,140349.69,1.0,140349.69,Completed,GoPay,Success
1313,TRP-001242,DRV-00015,USR-00917,LOC-0021,LOC-0052,2024-05-04 04:05:21,2024-05-04 04:15:21,21.58,10,80252.08,1.0,80252.08,Completed,Cash,Success
1314,TRP-001243,DRV-00372,USR-00466,LOC-0002,LOC-0043,2024-06-23 13:42:01,2024-06-23 14:42:01,11.63,60,,1.0,,Cancelled,GoPay,Success
1315,TRP-001244,DRV-00125,USR-01905,LOC-0047,LOC-0009,2024-08-01 00:22:15,2024-08-01 00:55:15,23.02,33,26492.68,1.25,33115.85,Cancelled,GoPay,Success
1316,TRP-001245,DRV-00274,USR-00064,LOC-0005,LOC-0041,2024-08-19 16:08:11,2024-08-19 16:23:11,15.19,15,35027.82,1.0,35027.82,Completed,GoPay,Success
1317,TRP-001245,DRV-00274,USR-00064,LOC-0005,LOC-0041,2024-08-19 16:08:11,2024-08-19 16:23:11,15.19,15,35027.82,1.0,35027.82,Completed,GoPay,Success
1318,TRP-001246,DRV-00202,USR-00557,LOC-0035,LOC-0023,2024-12-30 17:36:32,2024-12-30 19:29:32,34.45,113,89343.65,2.0,178687.3,Completed,GoPay,Success
1319,TRP-001247,DRV-00158,USR-01300,LOC-0020,LOC-0036,2024-09-22 22:14:21,2024-09-22 22:34:21,37.66,20,85937.22,1.25,107421.52,Completed,GoPay,Failed
1320,TRP-001248,DRV-00206,USR-00952,LOC-0029,LOC-0027,2024-12-16 08:21:37,2024-12-16 08:40:37,23.79,19,57365.92,1.0,57365.92,Completed,GoPay,Success
1321,TRP-001249,DRV-00486,USR-00956,LOC-0049,LOC-0053,2024-01-16 13:57:49,2024-01-16 14:23:49,35.49,26,103167.29,1.25,128959.11,Completed,Cash,Pending
1322,TRP-001250,DRV-00031,USR-01265,LOC-0023,LOC-0042,2024-08-16 09:04:46,2024-08-16 10:36:46,27.9,92,84496.15,1.0,84496.15,Completed,GoPay,Success
1323,TRP-001251,DRV-00372,USR-00696,LOC-0045,LOC-0031,2024-12-12 07:42:16,2024-12-12 09:19:16,25.45,97,32877.27,2.0,65754.54,Completed,Credit Card,Success
1324,TRP-001252,DRV-00147,USR-00546,LOC-0009,LOC-0045,2024-06-25 16:05:31,2024-06-25 16:46:31,23.84,41,42552.61,1.5,63828.92,Completed,Credit Card,Success
1325,TRP-001253,DRV-00080,USR-00970,LOC-0016,LOC-0023,2024-12-02 12:33:35,2024-12-02 13:11:35,33.39,38,129964.26,1.75,227437.45,Cancelled,Credit Card,Success
1326,TRP-001254,DRV-00048,USR-00767,LOC-0026,LOC-0046,2024-03-17 05:08:15,2024-03-17 05:50:15,35.41,42,147892.89,1.0,147892.89,Cancelled,GoPay,Success
1327,TRP-001255,DRV-00137,USR-00746,LOC-0024,LOC-0053,2024-10-05 07:12:45,2024-10-05 07:37:45,29.87,25,133764.03,2.0,267528.06,Completed,Cash,Pending
1328,TRP-001256,DRV-00329,USR-00592,LOC-0011,LOC-0050,2024-11-11 17:15:15,2024-11-11 17:35:15,25.64,20,84407.0,1.0,84407.0,Cancelled,Cash,Success
1329,TRP-001257,DRV-00252,USR-01315,LOC-0040,LOC-0012,2024-12-16 07:57:09,2024-12-16 08:39:09,26.76,42,50358.27,1.25,62947.84,Cancelled,Cash,Success
1330,TRP-001258,DRV-00331,USR-01168,LOC-0052,LOC-0008,2024-05-19 20:41:18,2024-05-19 21:21:18,34.31,40,18561.74,1.0,18561.74,Completed,Cash,Pending
1331,TRP-001259,DRV-00121,USR-00100,LOC-0022,LOC-0031,2024-11-11 15:32:15,2024-11-11 16:53:15,7.69,81,55399.46,1.0,55399.46,Completed,Credit Card,Success
1332,TRP-001260,DRV-00197,USR-01925,LOC-0011,LOC-0021,2024-03-20 20:13:11,2024-03-20 21:58:11,2.85,105,124515.81,1.0,124515.81,Completed,Cash,Success
1333,TRP-001261,DRV-00125,USR-01536,LOC-0029,LOC-0020,2024-08-23 18:55:01,2024-08-23 19:18:01,35.36,23,30584.92,1.75,53523.61,Completed,Cash,Success
1334,TRP-001262,DRV-00298,USR-00019,LOC-0007,LOC-0008,2024-12-15 16:15:39,2024-12-15 16:46:39,13.42,31,29431.04,2.5,73577.6,Completed,GoPay,Success
1335,TRP-001263,DRV-00405,USR-01971,LOC-0056,LOC-0033,2024-03-29 02:15:41,2024-03-29 03:46:41,6.21,91,139570.45,1.0,139570.45,Completed,GoPay,Success
1336,TRP-001264,DRV-00310,USR-01668,LOC-0041,LOC-0050,2024-06-24 19:05:02,2024-06-24 20:19:02,35.13,74,32949.73,2.0,65899.46,Completed,Cash,Success
1337,TRP-001265,DRV-00433,USR-01093,LOC-0028,LOC-0005,2024-10-06 00:00:00,2024-10-06 00:55:00,23.57,55,33752.01,1.5,50628.01,Cancelled,Credit Card,Success
1338,TRP-001266,DRV-00251,USR-01439,LOC-0049,LOC-0039,2024-07-14 16:09:26,2024-07-14 16:40:26,24.13,31,14020.07,1.0,14020.07,Completed,Cash,Success
1339,TRP-001267,DRV-00052,USR-00083,LOC-0024,LOC-0039,2024-03-25 19:48:17,2024-03-25 21:15:17,11.63,87,104171.39,1.0,104171.39,COMPLETED,Cash,Success
1340,TRP-001268,DRV-00393,USR-01130,LOC-0041,LOC-0027,2024-08-28 09:14:21,2024-08-28 10:44:21,38.59,90,69574.89,1.0,69574.89,Completed,GoPay,Success
1341,TRP-001269,DRV-00030,USR-00182,LOC-0033,LOC-0019,2024-02-20 07:18:46,2024-02-20 08:17:46,7.44,59,29148.91,1.0,29148.91,Completed,GoPay,Success
1342,TRP-001270,DRV-00325,USR-00480,LOC-0021,LOC-0027,2024-05-25 01:16:54,2024-05-25 01:56:54,14.12,40,122154.44,1.25,152693.05,Completed,Cash,Success
1343,TRP-001271,DRV-00397,USR-00661,LOC-0030,LOC-0015,2024-07-07 16:21:48,2024-07-07 18:21:48,10.83,120,123738.5,1.5,185607.75,Completed,Credit Card,Success
1344,TRP-001272,DRV-00304,USR-01732,LOC-0041,LOC-0004,2024-02-01 23:00:27,2024-02-02 00:34:27,20.18,94,55446.91,1.0,55446.91,Completed,Cash,Success
1345,TRP-001273,DRV-00108,USR-01611,LOC-0040,LOC-0026,2024-07-11 18:19:36,2024-07-11 19:01:36,27.47,42,91872.11,2.0,183744.22,Completed,GoPay,Success
1346,TRP-001274,DRV-00293,USR-01464,LOC-0006,LOC-0010,2024-04-19 20:31:32,2024-04-19 20:59:32,17.18,28,113571.4,1.0,113571.4,Completed,Credit Card,Success
1347,TRP-001275,DRV-00315,USR-00583,LOC-0027,LOC-0005,2024-05-01 06:46:51,2024-05-01 07:12:51,29.2,26,114697.19,1.0,114697.19,Completed,Cash,Success
1348,TRP-001276,DRV-00097,USR-00920,LOC-0010,LOC-0035,2024-03-10 17:36:10,2024-03-10 19:09:10,15.91,93,58905.97,1.25,73632.46,Cancelled,Credit Card,Success
1349,TRP-001277,DRV-00025,USR-00503,LOC-0013,LOC-0055,2024-10-13 14:31:10,2024-10-13 16:23:10,27.42,112,18561.74,1.5,27842.61,Completed,GoPay,Success
1350,TRP-001278,DRV-00471,USR-00408,LOC-0006,LOC-0016,2024-07-02 00:08:33,2024-07-02 01:28:33,22.07,80,112362.57,1.25,140453.21,Completed,Credit Card,Success
1351,TRP-001279,DRV-00437,USR-00853,LOC-0022,LOC-0050,2024-06-26 03:32:07,2024-06-26 04:30:07,13.13,58,58803.15,1.0,58803.15,Cancelled,GoPay,Success
1352,TRP-001280,DRV-00057,USR-00221,LOC-0004,LOC-0010,2024-05-28 06:48:29,2024-05-28 08:17:29,8.97,89,54118.78,1.0,54118.78,Cancelled,Credit Card,Success
1353,TRP-001281,DRV-00036,USR-00638,LOC-0042,LOC-0034,2024-05-02 07:05:23,2024-05-02 07:58:23,30.12,53,13988.86,1.0,13988.86,Completed,GoPay,Success
1354,TRP-001282,DRV-00423,USR-00609,LOC-0020,LOC-0054,2024-07-15 22:00:06,2024-07-15 23:11:06,18.04,71,25030.74,2.0,50061.48,Failed,Cash,Success
1355,TRP-001283,DRV-00028,USR-00357,LOC-0038,LOC-0019,2024-01-21 20:20:05,2024-01-21 21:25:05,23.1,65,125507.41,2.0,251014.82,Completed,Credit Card,Success
1356,TRP-001284,DRV-00192,USR-01119,LOC-0012,LOC-0036,2024-04-12 17:00:59,2024-04-12 18:17:59,39.47,77,88307.51,1.75,154538.14,Completed,Credit Card,Success
1357,TRP-001285,DRV-00384,USR-01448,LOC-0045,LOC-0038,2024-04-17 07:17:19,2024-04-17 08:07:19,33.61,50,65101.72,2.5,162754.3,Failed,Cash,Success
1358,TRP-001286,DRV-00080,USR-01795,LOC-0057,LOC-0055,2024-10-13 09:11:44,2024-10-13 10:28:44,15.65,77,85368.29,1.0,85368.29,Completed,GoPay,Success
1359,TRP-001287,DRV-00193,USR-00925,LOC-0003,LOC-0049,2024-12-28 11:09:32,2024-12-28 12:37:32,27.48,88,41991.39,1.0,41991.39,Completed,Cash,Failed
1360,TRP-001288,DRV-00461,USR-01457,LOC-0003,LOC-0055,2024-09-03 16:55:09,2024-09-03 18:08:09,10.41,73,108147.49,1.0,108147.49,Completed,GoPay,Success
1361,TRP-001289,DRV-00454,USR-00550,LOC-0023,LOC-0032,2024-05-05 16:17:52,2024-05-05 18:14:52,7.92,117,58343.53,1.25,72929.41,Completed,Credit Card,Failed
1362,TRP-001290,DRV-00047,USR-01965,LOC-0023,LOC-0045,2024-01-21 06:48:47,2024-01-21 07:52:47,36.38,64,64776.61,2.0,129553.22,Completed,Cash,Success
1363,TRP-001291,DRV-00299,USR-01826,LOC-0020,LOC-0003,2024-08-07 16:27:21,2024-08-07 17:07:21,17.4,40,114477.65,1.0,114477.65,Completed,GoPay,Success
1364,TRP-001292,DRV-00213,USR-00385,LOC-0012,LOC-0009,2024-04-11 06:49:25,2024-04-11 07:46:25,37.31,57,81506.37,1.0,81506.37,Completed,GoPay,Success
1365,TRP-001293,DRV-00430,USR-01557,LOC-0045,LOC-0025,2024-08-13 03:30:41,2024-08-13 04:42:41,22.58,72,83583.22,1.25,104479.02,Cancelled,Credit Card,Success
1366,TRP-001294,DRV-00134,USR-01452,LOC-0014,LOC-0026,2024-08-09 15:20:32,2024-08-09 17:16:32,39.58,116,,1.0,,Completed,GoPay,Success
1367,TRP-001295,DRV-00057,USR-01000,LOC-0025,LOC-0014,2024-02-11 21:52:46,2024-02-11 23:38:46,24.63,106,89893.53,1.0,89893.53,COMPLETED,Cash,Pending
1368,TRP-001296,DRV-00007,USR-00847,LOC-0013,LOC-0024,2024-06-11 00:23:15,2024-06-11 01:33:15,9.04,70,113167.04,1.0,113167.04,Completed,Credit Card,Success
1369,TRP-001297,DRV-00364,USR-00073,LOC-0014,LOC-0056,2024-10-16 03:10:25,2024-10-16 03:40:25,19.28,30,12585.26,1.5,18877.89,Completed,Credit Card,Success
1370,TRP-001298,DRV-00403,USR-00700,LOC-0054,LOC-0027,2024-02-01 09:42:11,2024-02-01 10:06:11,22.71,24,106670.26,1.0,106670.26,Failed,Credit Card,Success
1371,TRP-001299,DRV-00072,USR-01355,LOC-0005,LOC-0037,2024-05-10 00:56:33,2024-05-10 01:31:33,36.82,35,145488.18,1.75,254604.32,Completed,GoPay,Success
1372,TRP-001300,DRV-00218,USR-00789,LOC-0026,LOC-0015,2024-06-01 08:20:29,2024-06-01 09:53:29,29.08,93,96334.72,0.8,96334.72,Completed,Credit Card,Success
1373,TRP-001301,DRV-00026,USR-01469,LOC-0012,LOC-0044,2024-09-14 21:07:28,2024-09-14 22:33:28,11.85,86,149044.41,1.75,260827.72,Completed,GoPay,Success
1374,TRP-001302,DRV-00353,USR-00918,LOC-0045,LOC-0022,2024-06-09 23:53:40,2024-06-10 01:00:40,33.39,67,91486.64,1.0,91486.64,Cancelled,Credit Card,Success
1375,TRP-001303,DRV-00169,USR-00311,LOC-0019,LOC-0056,2024-11-27 18:48:20,2024-11-27 20:17:20,12.39,89,85853.51,1.0,85853.51,Completed,Credit Card,Success
1376,TRP-001304,DRV-00301,USR-00957,LOC-0029,LOC-0033,2024-06-09 15:33:09,2024-06-09 16:17:09,23.4,44,44452.86,1.5,66679.29,Completed,Cash,Success
1377,TRP-001305,DRV-00056,USR-01720,LOC-0037,LOC-0043,2024-05-07 07:13:11,2024-05-07 08:47:11,11.49,94,140055.07,1.25,175068.84,Completed,GoPay,Success
1378,TRP-001306,DRV-00164,USR-00939,LOC-0031,LOC-0055,2024-11-10 02:26:49,2024-11-10 03:28:49,34.67,62,20755.39,1.75,36321.93,Cancelled,Credit Card,Success
1379,TRP-001307,DRV-00047,USR-01429,LOC-0024,LOC-0040,2024-05-14 15:16:50,2024-05-14 16:58:50,16.61,102,72103.99,1.0,72103.99,Cancelled,Credit Card,Success
1380,TRP-001308,DRV-00473,USR-00240,LOC-0038,LOC-0051,2024-04-20 14:18:49,2024-04-20 14:39:49,7.02,21,74354.44,1.0,74354.44,Completed,Cash,Success
1381,TRP-001309,DRV-00015,USR-01849,LOC-0055,LOC-0015,2024-12-25 18:49:32,2024-12-25 20:20:32,28.77,91,87081.28,1.0,87081.28,Cancelled,GoPay,Success
1382,TRP-001310,DRV-00103,USR-01325,LOC-0029,LOC-0015,2024-04-24 15:49:06,2024-04-24 17:38:06,10.76,109,41330.43,1.75,72328.25,Completed,Cash,Success
1383,TRP-001311,DRV-00430,USR-01766,LOC-0055,LOC-0013,2024-08-16 17:26:31,2024-08-16 18:28:31,20.08,62,14755.42,1.0,14755.42,Cancelled,GoPay,Success
1384,TRP-001312,DRV-00458,USR-01126,LOC-0042,LOC-0035,2024-07-11 07:10:19,2024-07-11 08:55:19,38.71,105,110615.45,1.0,110615.45,Completed,Credit Card,Success
1385,TRP-001313,DRV-00430,USR-01807,LOC-0027,LOC-0009,2024-05-02 19:32:19,2024-05-02 20:16:19,39.39,44,,1.75,,Completed,Credit Card,Success
1386,TRP-001314,DRV-00394,USR-01502,LOC-0001,LOC-0004,2024-01-10 22:22:47,2024-01-10 22:41:47,36.74,19,104013.17,2.5,260032.92,Cancelled,Cash,Success
1387,TRP-001315,DRV-00145,USR-00500,LOC-0055,LOC-0026,2024-10-19 12:40:55,2024-10-19 14:03:55,10.05,83,90323.25,2.5,225808.12,Completed,Cash,Success
1388,TRP-001316,DRV-00492,USR-00028,LOC-0023,LOC-0019,2024-02-18 21:01:54,2024-02-18 22:35:54,22.12,94,45436.68,1.5,68155.02,Completed,Credit Card,Success
1389,TRP-001317,DRV-00296,USR-00602,LOC-0011,LOC-0044,2024-08-12 05:52:35,2024-08-12 06:38:35,3.46,46,35401.78,1.25,44252.22,Completed,Credit Card,Success
1390,TRP-001318,DRV-00240,USR-00798,LOC-0055,LOC-0028,2024-01-15 02:05:44,2024-01-15 03:35:44,16.1,90,33144.61,0.8,49716.92,Completed,Cash,Failed
1391,TRP-001319,DRV-00241,USR-01127,LOC-0014,LOC-0036,2024-06-28 02:05:39,2024-06-28 02:51:39,12.32,46,107961.01,1.0,107961.01,Completed,Credit Card,Success
1392,TRP-001320,DRV-00005,USR-00370,LOC-0025,LOC-0050,2024-05-28 07:22:20,2024-05-28 08:03:20,20.88,41,132844.05,1.0,132844.05,Completed,Cash,Success
1393,TRP-001321,DRV-00175,USR-00897,LOC-0054,LOC-0029,2024-06-06 16:07:00,2024-06-06 18:04:00,18.64,117,20006.63,1.0,20006.63,Completed,Credit Card,Success
1394,TRP-001322,DRV-00164,USR-01647,LOC-0029,LOC-0018,2024-01-14 00:12:34,2024-01-14 01:07:34,,55,115336.21,1.0,115336.21,Completed,GoPay,Success
1395,TRP-001323,DRV-00242,USR-01357,LOC-0012,LOC-0026,2024-05-05 16:26:33,2024-05-05 17:19:33,30.28,53,75146.87,1.0,75146.87,Completed,Credit Card,Success
1396,TRP-001324,DRV-00091,USR-00728,LOC-0029,LOC-0048,2024-04-26 16:22:54,2024-04-26 18:15:54,12.59,113,123522.53,1.75,216164.43,Completed,Cash,Success
1397,TRP-001325,DRV-00054,USR-01561,LOC-0007,LOC-0054,2024-02-13 13:56:23,2024-02-13 14:46:23,29.7,50,76685.25,1.0,76685.25,Completed,Cash,Success
1398,TRP-001326,DRV-00444,USR-01734,LOC-0035,LOC-0001,2024-08-24 07:49:00,2024-08-24 09:08:00,8.89,79,112932.58,2.5,282331.45,Cancelled,GoPay,Success
1399,TRP-001327,DRV-00154,USR-01529,LOC-0048,LOC-0023,2024-05-26 08:14:20,2024-05-26 08:49:20,27.84,35,129575.44,1.5,194363.16,Completed,GoPay,Success
1400,TRP-001328,DRV-00448,USR-00691,LOC-0047,LOC-0031,2024-11-27 08:40:45,2024-11-27 09:57:45,37.6,77,99315.51,1.0,99315.51,Completed,GoPay,Success
1401,TRP-001329,DRV-00057,USR-01363,LOC-0034,LOC-0049,2024-09-17 20:52:18,2024-09-17 21:51:18,31.14,59,110135.91,1.25,137669.89,Cancelled,Cash,Success
1402,TRP-001330,DRV-00241,USR-00051,LOC-0014,LOC-0045,2024-08-04 03:02:31,2024-08-04 03:56:31,26.41,54,49075.29,1.25,61344.11,Completed,Credit Card,Success
1403,TRP-001331,DRV-00488,USR-00575,LOC-0006,LOC-0051,2024-11-04 10:20:45,2024-11-04 12:01:45,38.56,101,140642.29,1.5,210963.43,Completed,Credit Card,Success
1404,TRP-001332,DRV-00467,USR-01028,LOC-0024,LOC-0018,2024-05-12 17:07:01,2024-05-12 18:04:01,11.85,57,128063.74,1.25,160079.68,Completed,Credit Card,Failed
1405,TRP-001332,DRV-00467,USR-01028,LOC-0024,LOC-0018,2024-05-12 17:07:01,2024-05-12 18:04:01,11.85,57,128063.74,1.25,160079.68,Completed,Credit Card,Failed
1406,TRP-001333,DRV-00464,USR-01874,LOC-0011,LOC-0034,2024-02-28 12:16:37,2024-02-28 13:21:37,19.52,65,55693.69,1.0,55693.69,Completed,Cash,Pending
1407,TRP-001334,DRV-00366,USR-00895,LOC-0042,LOC-0009,2024-02-05 21:01:48,2024-02-05 21:35:48,6.76,34,113480.27,1.0,113480.27,Completed,GoPay,Failed
1408,TRP-001335,DRV-00349,USR-01073,LOC-0053,LOC-0057,2024-07-28 00:59:58,2024-07-28 01:31:58,9.23,32,90726.77,1.75,158771.85,Completed,GoPay,Success
1409,TRP-001336,DRV-00104,USR-00500,LOC-0002,LOC-0056,2024-08-03 04:40:18,2024-08-03 05:27:18,,47,24437.89,1.0,24437.89,Completed,GoPay,Success
1410,TRP-001337,DRV-00401,USR-01816,LOC-0043,LOC-0032,2024-04-19 05:47:28,2024-04-19 07:10:28,4.15,83,22642.68,1.5,33964.02,Completed,Credit Card,Success
1411,TRP-001338,DRV-00121,USR-01575,LOC-0025,LOC-0029,2024-03-10 11:41:23,2024-03-10 13:27:23,,106,83382.61,1.0,83382.61,Completed,GoPay,Success
1412,TRP-001339,DRV-00295,USR-00721,LOC-0005,LOC-0050,2024-11-21 06:23:22,2024-11-21 06:46:22,25.72,23,81603.02,1.0,81603.02,Completed,Cash,Success
1413,TRP-001339,DRV-00295,USR-00721,LOC-0005,LOC-0050,2024-11-21 06:23:22,2024-11-21 06:46:22,25.72,23,81603.02,1.0,81603.02,Completed,Cash,Success
1414,TRP-001340,DRV-00215,USR-01211,LOC-0002,LOC-0042,2024-02-10 08:27:15,2024-02-10 09:33:15,11.21,66,102417.14,1.0,102417.14,Cancelled,Credit Card,Success
1415,TRP-001341,DRV-00321,USR-01007,LOC-0035,LOC-0036,2024-04-21 19:19:53,2024-04-21 20:09:53,39.48,50,132309.65,1.0,132309.65,Cancelled,GoPay,Success
1416,TRP-001342,DRV-00137,USR-01521,LOC-0017,LOC-0056,2024-11-20 11:02:17,2024-11-20 11:13:17,18.98,11,122035.4,1.25,152544.25,Completed,Cash,Success
1417,TRP-001343,DRV-00016,USR-01722,LOC-0028,LOC-0029,2024-06-21 15:06:05,2024-06-21 15:28:05,10.85,22,57574.53,2.0,115149.06,Completed,GoPay,Success
1418,TRP-001344,DRV-00410,USR-01775,LOC-0036,LOC-0046,2024-03-05 09:41:19,2024-03-05 10:28:19,30.4,47,91058.57,1.0,91058.57,Cancelled,GoPay,Success
1419,TRP-001345,DRV-00182,USR-00285,LOC-0008,LOC-0056,2024-06-20 01:38:24,2024-06-20 02:38:24,22.35,60,26827.75,1.5,40241.62,Completed,Cash,Success
1420,TRP-001346,DRV-00471,USR-01230,LOC-0005,LOC-0016,2024-12-10 15:10:40,2024-12-10 16:36:40,12.52,86,17584.77,1.5,26377.15,Completed,GoPay,Success
1421,TRP-001347,DRV-00259,USR-01967,LOC-0019,LOC-0020,2024-01-19 08:36:55,2024-01-19 10:23:55,36.59,107,142833.15,2.5,357082.88,Cancelled,Cash,Success
1422,TRP-001348,DRV-00269,USR-00040,LOC-0013,LOC-0016,2024-01-11 05:08:17,2024-01-11 06:24:17,17.02,76,45652.42,1.0,45652.42,Completed,Credit Card,Success
1423,TRP-001349,DRV-00480,USR-01375,LOC-0033,LOC-0056,2024-07-11 11:07:01,2024-07-11 12:41:01,5.13,94,91837.19,1.75,160715.08,Completed,GoPay,Failed
1424,TRP-001350,DRV-00119,USR-01164,LOC-0007,LOC-0046,2024-01-28 20:30:04,2024-01-28 21:40:04,5.87,70,141551.73,1.75,247715.53,Completed,GoPay,Success
1425,TRP-001351,DRV-00478,USR-00997,LOC-0049,LOC-0014,2024-07-04 23:19:30,2024-07-05 00:06:30,31.45,47,93842.57,1.0,93842.57,Cancelled,Cash,Success
1426,TRP-001352,DRV-00286,USR-00217,LOC-0035,LOC-0001,2024-03-15 22:31:23,2024-03-15 23:36:23,21.15,65,39498.83,1.25,49373.54,Completed,GoPay,Success
1427,TRP-001353,DRV-00010,USR-00281,LOC-0026,LOC-0040,2024-10-27 15:38:53,2024-10-27 17:18:53,13.82,100,146398.29,1.0,146398.29,Completed,Cash,Success
1428,TRP-001354,DRV-00036,USR-00942,LOC-0021,LOC-0010,2024-04-11 14:31:12,2024-04-11 16:27:12,26.25,116,19387.82,3.5,19387.82,Completed,Cash,Success
1429,TRP-001355,DRV-00380,USR-01430,LOC-0057,LOC-0055,2024-06-03 05:32:03,2024-06-03 05:47:03,21.35,15,85221.86,1.0,85221.86,Completed,Credit Card,Success
1430,TRP-001356,DRV-00369,USR-00624,LOC-0030,LOC-0022,2024-04-15 18:20:32,2024-04-15 20:03:32,20.09,103,104074.71,1.25,130093.39,Cancelled,GoPay,Success
1431,TRP-001357,DRV-00406,USR-00798,LOC-0056,LOC-0022,2024-08-11 07:03:15,2024-08-11 08:14:15,37.89,71,42622.01,1.0,42622.01,Completed,GoPay,Success
1432,TRP-001358,DRV-00298,USR-00198,LOC-0004,LOC-0035,2024-12-02 00:36:03,2024-12-02 02:21:03,1.79,105,123450.12,1.5,185175.18,Completed,Cash,Success
1433,TRP-001359,DRV-00258,USR-01353,LOC-0051,LOC-0033,2024-06-26 05:10:04,2024-06-26 06:44:04,18.7,94,19569.62,1.5,29354.43,Failed,Credit Card,Success
1434,TRP-001359,DRV-00258,USR-01353,LOC-0051,LOC-0033,2024-06-26 05:10:04,2024-06-26 06:44:04,18.7,94,19569.62,1.5,29354.43,Failed,Credit Card,Success
1435,TRP-001360,DRV-00276,USR-01760,LOC-0022,LOC-0030,2024-08-03 21:39:32,2024-08-03 23:20:32,17.36,101,140626.25,1.0,140626.25,Completed,Cash,Success
1436,TRP-001361,DRV-00435,USR-01005,LOC-0049,LOC-0036,2024-08-30 06:10:10,2024-08-30 07:42:10,34.07,92,81244.77,2.0,162489.54,Completed,Credit Card,Pending
1437,TRP-001362,DRV-00287,USR-01595,LOC-0022,LOC-0025,2024-03-16 01:41:47,2024-03-16 02:50:47,28.82,69,18639.63,1.5,27959.44,Completed,Cash,Success
1438,TRP-001363,DRV-00428,USR-00524,LOC-0017,LOC-0037,2024-10-02 17:33:09,2024-10-02 19:31:09,4.72,118,114962.81,1.0,114962.81,Completed,Credit Card,Success
1439,TRP-001364,DRV-00160,USR-01985,LOC-0050,LOC-0003,2024-06-21 15:20:51,2024-06-21 17:08:51,39.68,108,78077.43,1.25,97596.79,Completed,GoPay,Success
1440,TRP-001365,DRV-00133,USR-01206,LOC-0046,LOC-0032,2024-08-11 14:07:44,2024-08-11 16:02:44,29.89,115,30888.27,1.75,54054.47,Completed,Credit Card,Failed
1441,TRP-001366,DRV-00482,USR-00751,LOC-0033,LOC-0055,2024-06-28 04:56:59,2024-06-28 06:53:59,22.85,117,146972.39,1.25,183715.49,Completed,Credit Card,Success
1442,TRP-001367,DRV-00366,USR-01209,LOC-0004,LOC-0052,2024-06-16 01:25:18,2024-06-16 03:03:18,32.46,98,74342.69,1.25,92928.36,Completed,Cash,Success
1443,TRP-001368,DRV-00194,USR-01954,LOC-0051,LOC-0004,2024-01-19 03:39:40,2024-01-19 04:26:40,5.72,47,0.0,1.0,0.0,Completed,Cash,Success
1444,TRP-001369,DRV-00377,USR-01411,LOC-0030,LOC-0007,2024-06-19 12:30:31,2024-06-19 13:35:31,9.31,65,144047.9,1.0,144047.9,Cancelled,Cash,Success
1445,TRP-001370,DRV-00052,USR-00998,LOC-0047,LOC-0027,2024-06-28 08:48:02,2024-06-28 09:48:02,6.28,60,131045.28,1.75,229329.24,Completed,GoPay,Success
1446,TRP-001371,DRV-00216,USR-00559,LOC-0057,LOC-0031,2024-02-18 23:26:12,2024-02-19 00:18:12,17.32,52,125662.56,1.0,125662.56,Completed,Credit Card,Success
1447,TRP-001372,DRV-00360,USR-00719,LOC-0003,LOC-0044,2024-11-11 19:01:34,2024-11-11 19:34:34,16.32,33,19053.36,1.0,19053.36,Completed,Cash,Success
1448,TRP-001373,DRV-00208,USR-01987,LOC-0021,LOC-0019,2024-09-11 18:12:56,2024-09-11 18:22:56,13.65,10,113023.69,1.0,113023.69,Completed,Credit Card,Success
1449,TRP-001374,DRV-00223,USR-01871,LOC-0005,LOC-0031,2024-08-01 15:46:01,2024-08-01 17:21:01,1.47,95,87562.87,1.0,87562.87,Failed,Credit Card,Success
1450,TRP-001375,DRV-00468,USR-01339,LOC-0036,LOC-0025,2024-04-25 04:37:44,2024-04-25 05:32:44,13.96,55,62120.56,1.0,62120.56,Completed,GoPay,Success
1451,TRP-001376,DRV-00192,USR-00074,LOC-0036,LOC-0026,2024-07-25 10:53:43,2024-07-25 12:06:43,35.69,73,47371.11,1.0,47371.11,Completed,Cash,Failed
1452,TRP-001377,DRV-00288,USR-00814,LOC-0039,LOC-0010,2024-12-05 12:39:24,2024-12-05 13:40:24,10.61,61,70323.98,1.0,70323.98,Completed,Cash,Success
1453,TRP-001378,DRV-00039,USR-01774,LOC-0038,LOC-0013,2024-07-03 07:47:50,2024-07-03 09:03:50,10.77,76,56840.57,1.0,56840.57,Failed,Cash,Success
1454,TRP-001379,DRV-00253,USR-00867,LOC-0045,LOC-0011,2024-02-13 11:54:06,2024-02-13 12:29:06,37.58,35,68362.76,1.0,68362.76,Completed,Cash,Success
1455,TRP-001380,DRV-00346,USR-01620,LOC-0017,LOC-0051,2024-06-23 15:03:43,2024-06-23 15:18:43,29.92,15,81408.11,2.5,203520.27,Completed,Cash,Success
1456,TRP-001381,DRV-00308,USR-01802,LOC-0043,LOC-0017,2024-04-05 15:17:45,2024-04-05 16:24:45,30.95,67,142776.23,1.25,178470.29,Completed,Credit Card,Success
1457,TRP-001382,DRV-00005,USR-01491,LOC-0001,LOC-0035,2024-11-26 18:12:28,2024-11-26 18:24:28,13.62,12,85857.58,1.25,107321.98,Cancelled,Cash,Failed
1458,TRP-001383,DRV-00175,USR-00069,LOC-0036,LOC-0055,2024-10-14 19:19:13,2024-10-14 19:43:13,28.1,24,135045.81,1.0,135045.81,Failed,Credit Card,Success
1459,TRP-001384,DRV-00493,USR-00217,LOC-0050,LOC-0016,2024-01-27 14:20:49,2024-01-27 14:42:49,17.03,22,68077.76,1.0,68077.76,Completed,GoPay,Pending
1460,TRP-001385,DRV-00074,USR-01036,LOC-0008,LOC-0011,2024-10-01 01:09:36,2024-10-01 02:46:36,29.24,97,58540.29,1.0,58540.29,Completed,GoPay,Success
1461,TRP-001386,DRV-00165,USR-01227,LOC-0005,LOC-0056,2024-03-07 20:40:37,2024-03-07 21:39:37,1.18,59,91021.48,1.0,91021.48,Completed,Credit Card,Success
1462,TRP-001387,DRV-00201,USR-00726,LOC-0032,LOC-0056,2024-11-30 05:34:08,2024-11-30 06:49:08,25.64,75,39551.45,1.0,39551.45,Completed,Cash,Success
1463,TRP-001388,DRV-00021,USR-01083,LOC-0025,LOC-0010,2024-12-06 01:32:21,2024-12-06 03:14:21,28.55,102,,1.0,,Completed,GoPay,Success
1464,TRP-001389,DRV-00251,USR-00790,LOC-0017,LOC-0007,2024-12-22 01:41:57,2024-12-22 02:14:57,17.12,-5,134964.06,1.25,168705.08,Completed,Cash,Success
1465,TRP-001390,DRV-00453,USR-01976,LOC-0003,LOC-0035,2024-03-26 03:32:14,2024-03-26 04:29:14,11.58,57,124181.06,1.0,124181.06,Completed,Credit Card,Success
1466,TRP-001391,DRV-00196,USR-01256,LOC-0013,LOC-0012,2024-05-23 20:53:57,2024-05-23 22:28:57,36.7,95,68070.16,1.0,68070.16,Completed,Credit Card,Success
1467,TRP-001392,DRV-00106,USR-01256,LOC-0048,LOC-0039,2024-09-30 07:07:24,2024-09-30 08:53:24,39.98,106,145135.27,1.25,181419.09,Completed,Credit Card,Success
1468,TRP-001393,DRV-00010,USR-00181,LOC-0056,LOC-0030,2024-07-12 01:37:12,2024-07-12 01:57:12,27.44,20,13743.01,1.0,13743.01,Completed,GoPay,Success
1469,TRP-001394,DRV-00451,USR-01719,LOC-0042,LOC-0019,2024-09-27 12:00:42,2024-09-27 12:41:42,25.23,41,14291.11,1.0,14291.11,Cancelled,Credit Card,Success
1470,TRP-001394,DRV-00451,USR-01719,LOC-0042,LOC-0019,2024-09-27 12:00:42,2024-09-27 12:41:42,25.23,41,14291.11,1.0,14291.11,Cancelled,Credit Card,Success
1471,TRP-001395,DRV-00218,USR-00865,LOC-0041,LOC-0032,2024-10-16 05:00:36,2024-10-16 05:42:36,19.36,42,100425.95,1.0,100425.95,Completed,GoPay,Success
1472,TRP-001396,DRV-00202,USR-00037,LOC-0051,LOC-0006,2024-09-06 11:42:14,2024-09-06 13:01:14,18.43,79,109619.8,1.5,164429.7,Completed,Credit Card,Success
1473,TRP-001397,DRV-00069,USR-00541,LOC-0009,LOC-0025,2024-12-09 17:28:27,2024-12-09 19:15:27,20.21,107,73141.69,1.0,73141.69,Completed,Cash,Success
1474,TRP-001398,DRV-00480,USR-01896,LOC-0019,LOC-0035,2024-04-30 00:11:57,2024-04-30 01:16:57,39.82,65,41818.4,1.0,41818.4,Completed,Credit Card,Success
1475,TRP-001398,DRV-00480,USR-01896,LOC-0019,LOC-0035,2024-04-30 00:11:57,2024-04-30 01:16:57,39.82,65,41818.4,1.0,41818.4,Completed,Credit Card,Success
1476,TRP-001399,DRV-00384,USR-01630,LOC-0043,LOC-0019,2024-06-28 11:16:59,2024-06-28 12:08:59,36.11,52,97619.61,1.75,170834.32,Completed,GoPay,Success
1477,TRP-001400,DRV-00425,USR-00501,LOC-0044,LOC-0038,2024-03-09 23:53:41,2024-03-10 01:10:41,14.27,77,28312.32,1.25,35390.4,Completed,Cash,Success
1478,TRP-001401,DRV-00228,USR-01321,LOC-0029,LOC-0035,2024-09-15 01:38:48,2024-09-15 03:29:48,3.66,111,149112.98,1.25,186391.23,Completed,GoPay,Success
1479,TRP-001402,DRV-00403,USR-01200,LOC-0009,LOC-0047,2024-01-26 02:31:04,2024-01-26 02:55:04,28.78,24,56944.24,1.0,56944.24,Completed,Credit Card,Success
1480,TRP-001403,DRV-00101,USR-01035,LOC-0051,LOC-0038,2024-05-27 05:12:54,2024-05-27 07:08:54,14.77,116,117210.63,1.25,146513.29,Completed,Cash,Success
1481,TRP-001403,DRV-00101,USR-01035,LOC-0051,LOC-0038,2024-05-27 05:12:54,2024-05-27 07:08:54,14.77,116,117210.63,1.25,146513.29,Completed,Cash,Success
1482,TRP-001404,DRV-00282,USR-01471,LOC-0042,LOC-0008,2024-01-10 00:37:29,2024-01-10 02:27:29,2.18,110,113929.69,1.0,113929.69,Cancelled,Credit Card,Success
1483,TRP-001405,DRV-00393,USR-01546,LOC-0049,LOC-0003,2024-08-07 10:45:47,2024-08-07 12:24:47,,99,23741.69,1.25,29677.11,Completed,GoPay,Success
1484,TRP-001406,DRV-00338,USR-00358,LOC-0031,LOC-0056,2024-09-18 12:25:33,2024-09-18 13:57:33,12.43,92,146633.69,1.25,183292.11,Failed,Cash,Success
1485,TRP-001407,DRV-00064,USR-01201,LOC-0030,LOC-0010,2024-10-15 12:43:25,2024-10-15 13:35:25,3.49,52,101354.88,1.75,177371.04,Completed,GoPay,Success
1486,TRP-001408,DRV-00403,USR-01681,LOC-0009,LOC-0026,2024-11-06 08:46:04,2024-11-06 10:42:04,30.99,116,84484.54,5.0,84484.54,Completed,Credit Card,Success
1487,TRP-001409,DRV-00322,USR-00374,LOC-0056,LOC-0033,2024-01-12 14:11:08,2024-01-12 16:01:08,17.1,110,141651.9,2.5,354129.75,Completed,Cash,Success
1488,TRP-001410,DRV-00078,USR-01626,LOC-0055,LOC-0048,2024-02-04 23:48:55,2024-02-05 00:56:55,5.67,68,141002.58,1.0,141002.58,Completed,Cash,Success
1489,TRP-001411,DRV-00434,USR-01879,LOC-0037,LOC-0024,2024-10-04 17:28:53,2024-10-04 17:56:53,35.46,28,,1.0,,Completed,Cash,Success
1490,TRP-001412,DRV-00353,USR-00459,LOC-0042,LOC-0039,2024-04-25 13:13:32,2024-04-25 15:06:32,18.99,113,64040.98,2.0,128081.96,Completed,Credit Card,Pending
1491,TRP-001413,DRV-00344,USR-01909,LOC-0016,LOC-0007,2024-10-26 09:38:25,2024-10-26 11:01:25,16.4,83,130488.65,2.0,260977.3,Completed,Credit Card,Success
1492,TRP-001414,DRV-00206,USR-00446,LOC-0002,LOC-0005,2024-09-10 04:34:25,2024-09-10 05:34:25,8.83,60,30313.04,2.0,60626.08,Completed,GoPay,Success
1493,TRP-001415,DRV-00332,USR-00114,LOC-0056,LOC-0020,2024-11-21 22:37:03,2024-11-21 23:51:03,5.22,74,38627.44,1.25,48284.3,Completed,GoPay,Failed
1494,TRP-001416,DRV-00248,USR-01889,LOC-0041,LOC-0011,2024-10-24 06:14:49,2024-10-24 08:06:49,24.23,112,91304.29,1.0,91304.29,Completed,Cash,Success
1495,TRP-001417,DRV-00301,USR-01885,LOC-0039,LOC-0025,2024-08-24 12:08:34,2024-08-24 13:55:34,24.45,107,23453.87,1.0,23453.87,Completed,Cash,Success
1496,TRP-001418,DRV-00293,USR-00400,LOC-0031,LOC-0054,2024-04-11 16:20:21,2024-04-11 17:23:21,1.77,63,19007.4,1.0,19007.4,Completed,Credit Card,Success
1497,TRP-001419,DRV-00321,USR-01324,LOC-0024,LOC-0005,2024-10-07 13:33:53,2024-10-07 14:58:53,14.77,85,67914.66,1.0,67914.66,Completed,Cash,Success
1498,TRP-001420,DRV-00343,USR-00053,LOC-0056,LOC-0028,2024-03-16 17:09:09,2024-03-16 17:19:09,31.57,10,31190.59,1.0,31190.59,Completed,Credit Card,Success
1499,TRP-001421,DRV-00192,USR-01488,LOC-0013,LOC-0024,2024-11-07 18:55:14,2024-11-07 20:21:14,26.31,86,52044.91,2.0,104089.82,Completed,Credit Card,Success
1500,TRP-001422,DRV-00126,USR-00211,LOC-0049,LOC-0001,2024-12-24 13:47:30,2024-12-24 14:12:30,39.95,25,142886.55,1.5,214329.82,Completed,Credit Card,Success
1501,TRP-001423,DRV-00174,USR-01112,LOC-0008,LOC-0043,2024-01-05 15:38:24,2024-01-05 16:28:24,21.66,50,25242.12,1.25,31552.65,Completed,Credit Card,Success
1502,TRP-001424,DRV-00416,USR-01581,LOC-0047,LOC-0036,2024-06-14 17:46:16,2024-06-14 18:44:16,8.56,58,63773.6,1.25,79717.0,Completed,Cash,Success
1503,TRP-001425,DRV-00246,USR-01183,LOC-0056,LOC-0010,2024-03-01 16:02:51,2024-03-01 17:53:51,34.75,111,,2.0,,Completed,GoPay,Success
1504,TRP-001426,DRV-00161,USR-00103,LOC-0021,LOC-0011,2024-02-14 18:42:37,2024-02-14 20:08:37,,86,54728.75,1.25,68410.94,Completed,GoPay,Success
1505,TRP-001427,DRV-00301,USR-00997,LOC-0029,LOC-0016,2024-06-08 02:35:08,2024-06-08 03:33:08,1.63,58,84568.65,1.5,126852.97,Completed,GoPay,Success
1506,TRP-001428,DRV-00331,USR-01083,LOC-0034,LOC-0023,2024-07-22 11:46:46,2024-07-22 12:53:46,32.44,67,80835.12,1.25,101043.9,Completed,Credit Card,Failed
1507,TRP-001429,DRV-00371,USR-01231,LOC-0025,LOC-0005,2024-12-22 20:00:49,2024-12-22 21:05:49,10.48,65,89028.18,1.0,89028.18,Completed,Cash,Success
1508,TRP-001430,DRV-00197,USR-01849,LOC-0053,LOC-0005,2024-11-01 00:55:23,2024-11-01 02:54:23,36.78,119,21393.68,1.0,21393.68,Completed,Credit Card,Success
1509,TRP-001431,DRV-00021,USR-01310,LOC-0050,LOC-0002,2024-12-22 13:43:44,2024-12-22 14:00:44,13.62,17,11721.34,1.0,11721.34,Completed,Cash,Success
1510,TRP-001432,DRV-00095,USR-00595,LOC-0027,LOC-0009,2024-11-29 21:15:15,2024-11-29 22:49:15,29.84,94,75708.76,2.5,189271.9,Completed,GoPay,Success
1511,TRP-001433,DRV-00449,USR-01462,LOC-0024,LOC-0041,2024-07-02 10:11:55,2024-07-02 11:01:55,37.38,50,124962.24,1.25,156202.8,Completed,Cash,Pending
1512,TRP-001434,DRV-00392,USR-01289,LOC-0021,LOC-0042,2024-07-01 19:08:36,2024-07-01 20:22:36,26.41,74,87284.28,1.5,130926.42,Completed,GoPay,Success
1513,TRP-001435,DRV-00127,USR-01777,LOC-0028,LOC-0056,2024-05-29 10:47:19,2024-05-29 11:49:19,2.06,62,79932.57,1.25,99915.71,Completed,Cash,Failed
1514,TRP-001436,DRV-00228,USR-01443,LOC-0009,LOC-0040,2024-06-04 05:45:08,2024-06-04 06:15:08,37.86,30,135260.17,1.5,202890.26,Failed,Credit Card,Success
1515,TRP-001437,DRV-00230,USR-01059,LOC-0011,LOC-0024,2024-04-22 11:43:31,2024-04-22 12:42:31,10.27,59,56559.29,1.0,56559.29,Completed,Cash,Success
1516,TRP-001438,DRV-00227,USR-00338,LOC-0018,LOC-0053,2024-09-04 14:01:02,2024-09-04 14:51:02,22.59,-5,110334.89,1.25,137918.61,Cancelled,Credit Card,Success
1517,TRP-001439,DRV-00413,USR-00005,LOC-0024,LOC-0013,2024-10-15 00:43:07,2024-10-15 01:43:07,14.21,60,97731.83,1.0,97731.83,Completed,Credit Card,Pending
1518,TRP-001439,DRV-00413,USR-00005,LOC-0024,LOC-0013,2024-10-15 00:43:07,2024-10-15 01:43:07,14.21,60,97731.83,1.0,97731.83,Completed,Credit Card,Pending
1519,TRP-001440,DRV-00311,USR-00851,LOC-0029,LOC-0012,2024-01-26 04:13:14,2024-01-26 06:02:14,6.01,109,24946.01,1.0,24946.01,Completed,Cash,Success
1520,TRP-001441,DRV-00286,USR-01579,LOC-0010,LOC-0008,2024-04-22 03:40:30,2024-04-22 05:22:30,23.37,102,53425.18,1.0,53425.18,Completed,GoPay,Success
1521,TRP-001441,DRV-00286,USR-01579,LOC-0010,LOC-0008,2024-04-22 03:40:30,2024-04-22 05:22:30,23.37,102,53425.18,1.0,53425.18,Completed,GoPay,Success
1522,TRP-001442,DRV-00287,USR-00535,LOC-0044,LOC-0033,2024-03-20 07:10:32,2024-03-20 09:10:32,17.58,120,140677.2,1.0,140677.2,Completed,Cash,Success
1523,TRP-001443,DRV-00180,USR-01156,LOC-0023,LOC-0030,2024-10-31 17:34:48,2024-10-31 18:15:48,29.67,41,115476.56,1.0,115476.56,Completed,GoPay,Success
1524,TRP-001443,DRV-00180,USR-01156,LOC-0023,LOC-0030,2024-10-31 17:34:48,2024-10-31 18:15:48,29.67,41,115476.56,1.0,115476.56,Completed,GoPay,Success
1525,TRP-001444,DRV-00021,USR-00367,LOC-0022,LOC-0046,2024-11-16 10:18:24,2024-11-16 12:10:24,30.2,112,101138.1,1.5,151707.15,Completed,GoPay,Success
1526,TRP-001445,DRV-00402,USR-00968,LOC-0041,LOC-0010,2024-01-19 01:05:07,2024-01-19 02:22:07,1.83,77,50338.21,1.0,50338.21,Completed,GoPay,Success
1527,TRP-001445,DRV-00402,USR-00968,LOC-0041,LOC-0010,2024-01-19 01:05:07,2024-01-19 02:22:07,1.83,77,50338.21,1.0,50338.21,Completed,GoPay,Success
1528,TRP-001446,DRV-00344,USR-00244,LOC-0028,LOC-0051,2024-09-21 07:00:49,2024-09-21 08:55:49,5.47,115,,1.0,,Completed,Cash,Success
1529,TRP-001447,DRV-00160,USR-00688,LOC-0036,LOC-0020,2024-01-14 04:07:38,2024-01-14 05:39:38,22.6,92,29289.06,1.25,36611.33,Completed,Credit Card,Success
1530,TRP-001448,DRV-00379,USR-01426,LOC-0055,LOC-0042,2024-11-16 03:54:00,2024-11-16 05:08:00,37.87,74,138844.01,1.0,138844.01,Completed,GoPay,Success
1531,TRP-001449,DRV-00249,USR-00079,LOC-0034,LOC-0048,2024-03-26 19:13:39,2024-03-26 19:53:39,14.63,40,119528.69,1.5,179293.04,Cancelled,Credit Card,Success
1532,TRP-001450,DRV-00312,USR-00073,LOC-0050,LOC-0003,2024-10-10 08:39:20,2024-10-10 08:53:20,11.13,14,39640.64,2.0,79281.28,Completed,GoPay,Success
1533,TRP-001451,DRV-00432,USR-00648,LOC-0007,LOC-0021,2024-01-04 23:29:44,2024-01-05 01:06:44,23.44,97,0.0,1.0,0.0,Completed,Credit Card,Pending
1534,TRP-001452,DRV-00492,USR-01093,LOC-0036,LOC-0007,2024-03-27 13:22:34,2024-03-27 13:34:34,9.96,12,97738.94,1.0,97738.94,Completed,Credit Card,Success
1535,TRP-001453,DRV-00225,USR-00475,LOC-0008,LOC-0011,2024-12-02 08:27:42,2024-12-02 09:21:42,9.54,54,25120.7,1.0,25120.7,Completed,Cash,Success
1536,TRP-001454,DRV-00300,USR-01929,LOC-0020,LOC-0033,2024-04-18 18:42:06,2024-04-18 19:38:06,2.45,56,18389.8,1.25,22987.25,Completed,Cash,Success
1537,TRP-001454,DRV-00300,USR-01929,LOC-0020,LOC-0033,2024-04-18 18:42:06,2024-04-18 19:38:06,2.45,56,18389.8,1.25,22987.25,Completed,Cash,Success
1538,TRP-001455,DRV-00143,USR-00354,LOC-0025,LOC-0054,2024-02-02 00:49:31,2024-02-02 01:32:31,33.54,43,117799.64,1.0,117799.64,Cancelled,Cash,Success
1539,TRP-001456,DRV-00379,USR-01297,LOC-0010,LOC-0040,2024-12-16 15:52:50,2024-12-16 17:43:50,17.15,111,93449.69,1.5,140174.54,Completed,GoPay,Success
1540,TRP-001456,DRV-00379,USR-01297,LOC-0010,LOC-0040,2024-12-16 15:52:50,2024-12-16 17:43:50,17.15,111,93449.69,1.5,140174.54,Completed,GoPay,Success
1541,TRP-001457,DRV-00305,USR-01037,LOC-0032,LOC-0055,2024-06-15 10:34:34,2024-06-15 11:01:34,1.82,27,36509.1,1.0,36509.1,Completed,GoPay,Success
1542,TRP-001458,DRV-00249,USR-00577,LOC-0043,LOC-0045,2024-02-17 00:24:34,2024-02-17 01:13:34,18.03,49,128280.12,1.75,224490.21,Completed,GoPay,Success
1543,TRP-001459,DRV-00419,USR-01935,LOC-0028,LOC-0048,2024-02-29 04:48:18,2024-02-29 06:44:18,4.44,116,84670.74,2.0,169341.48,Cancelled,Cash,Success
1544,TRP-001460,DRV-00444,USR-00986,LOC-0022,LOC-0001,2024-05-22 20:03:39,2024-05-22 21:04:39,36.2,61,80464.5,1.0,80464.5,Cancelled,Credit Card,Failed
1545,TRP-001461,DRV-00355,USR-01360,LOC-0012,LOC-0044,2024-08-28 03:00:13,2024-08-28 03:37:13,20.06,37,141081.72,1.5,211622.58,Completed,Cash,Success
1546,TRP-001462,DRV-00223,USR-01807,LOC-0040,LOC-0022,2024-12-19 23:59:25,2024-12-20 01:13:25,31.95,74,130388.66,1.25,162985.83,Cancelled,Cash,Success
1547,TRP-001463,DRV-00313,USR-00398,LOC-0051,LOC-0005,2024-03-19 03:49:22,2024-03-19 04:52:22,20.07,63,99208.88,1.0,99208.88,Failed,Credit Card,Success
1548,TRP-001464,DRV-00208,USR-01330,LOC-0028,LOC-0030,2024-09-07 22:42:48,2024-09-07 23:56:48,9.16,-10,36141.58,1.0,36141.58,Completed,Credit Card,Success
1549,TRP-001465,DRV-00274,USR-00454,LOC-0013,LOC-0014,2024-02-09 12:55:46,2024-02-09 14:28:46,13.44,93,146192.3,2.0,292384.6,Completed,Credit Card,Success
1550,TRP-001466,DRV-00447,USR-01223,LOC-0015,LOC-0034,2024-07-24 06:01:55,2024-07-24 07:58:55,28.03,117,138022.94,1.25,172528.67,Completed,GoPay,Success
1551,TRP-001467,DRV-00126,USR-00533,LOC-0052,LOC-0006,2024-11-30 02:09:32,2024-11-30 02:59:32,23.61,50,21824.37,1.25,27280.46,Completed,GoPay,Success
1552,TRP-001468,DRV-00335,USR-00358,LOC-0052,LOC-0010,2024-04-30 18:09:51,2024-04-30 20:09:51,38.12,120,87307.26,1.25,109134.07,Completed,Cash,Success
1553,TRP-001469,DRV-00398,USR-00502,LOC-0022,LOC-0003,2024-06-10 11:38:25,2024-06-10 12:04:25,3.54,26,84111.26,1.0,84111.26,Completed,Cash,Success
1554,TRP-001470,DRV-00289,USR-01253,LOC-0031,LOC-0043,2024-05-17 09:49:22,2024-05-17 10:22:22,34.82,33,69171.25,1.0,69171.25,Cancelled,GoPay,Pending
1555,TRP-001471,DRV-00022,USR-00907,LOC-0015,LOC-0032,2024-03-17 02:31:25,2024-03-17 02:47:25,21.49,16,,1.0,,Completed,GoPay,Success
1556,TRP-001472,DRV-00341,USR-00802,LOC-0012,LOC-0027,2024-11-05 04:06:34,2024-11-05 04:21:34,19.81,15,98548.8,2.5,246372.0,Cancelled,Cash,Success
1557,TRP-001473,DRV-00119,USR-00345,LOC-0030,LOC-0015,2024-07-25 23:26:55,2024-07-25 23:51:55,35.7,25,141499.91,1.0,141499.91,Completed,GoPay,Success
1558,TRP-001474,DRV-00437,USR-01385,LOC-0016,LOC-0037,2024-09-22 14:44:14,2024-09-22 16:42:14,35.82,118,78502.4,1.75,137379.2,Completed,Credit Card,Success
1559,TRP-001475,DRV-00426,USR-01701,LOC-0037,LOC-0012,2024-10-13 00:10:13,2024-10-13 00:54:13,30.39,44,40335.92,3.5,40335.92,Completed,Credit Card,Success
1560,TRP-001476,DRV-00185,USR-00080,LOC-0001,LOC-0057,2024-10-15 00:59:41,2024-10-15 02:12:41,30.16,73,145702.88,1.25,182128.6,Completed,GoPay,Success
1561,TRP-001477,DRV-00002,USR-00580,LOC-0013,LOC-0015,2024-04-01 20:07:21,2024-04-01 20:31:21,32.44,24,62466.34,1.0,62466.34,Completed,GoPay,Success
1562,TRP-001478,DRV-00096,USR-00015,LOC-0055,LOC-0028,2024-03-05 14:47:03,2024-03-05 15:19:03,32.57,32,63650.37,1.25,79562.96,Completed,Cash,Success
1563,TRP-001479,DRV-00282,USR-01953,LOC-0010,LOC-0014,2024-02-10 22:26:04,2024-02-10 22:36:04,3.49,10,22000.11,1.0,22000.11,Completed,Credit Card,Success
1564,TRP-001480,DRV-00284,USR-00151,LOC-0039,LOC-0047,2024-01-05 12:15:21,2024-01-05 12:25:21,33.82,10,115991.93,1.0,115991.93,Completed,GoPay,Success
1565,TRP-001481,DRV-00094,USR-00541,LOC-0008,LOC-0017,2024-09-10 06:34:23,2024-09-10 06:47:23,6.85,13,36000.77,2.0,72001.54,Completed,Cash,Success
1566,TRP-001482,DRV-00188,USR-01810,LOC-0029,LOC-0030,2024-06-21 08:27:58,2024-06-21 09:13:58,4.16,46,52141.97,1.0,52141.97,Completed,Cash,Success
1567,TRP-001483,DRV-00347,USR-01574,LOC-0023,LOC-0011,2024-06-01 22:09:25,2024-06-01 22:34:25,13.32,25,75042.58,2.0,150085.16,Completed,Credit Card,Success
1568,TRP-001484,DRV-00491,USR-00233,LOC-0006,LOC-0005,2024-04-10 05:16:38,2024-04-10 05:46:38,29.21,30,26241.34,1.0,26241.34,Cancelled,Cash,Pending
1569,TRP-001485,DRV-00380,USR-00963,LOC-0054,LOC-0046,2024-04-12 09:50:28,2024-04-12 10:11:28,23.36,21,139087.94,1.25,173859.92,Completed,Cash,Success
1570,TRP-001485,DRV-00380,USR-00963,LOC-0054,LOC-0046,2024-04-12 09:50:28,2024-04-12 10:11:28,23.36,21,139087.94,1.25,173859.92,Completed,Cash,Success
1571,TRP-001486,DRV-00063,USR-01331,LOC-0051,LOC-0006,2024-12-28 09:29:27,2024-12-28 10:42:27,16.73,73,136889.89,1.0,136889.89,Completed,GoPay,Success
1572,TRP-001487,DRV-00324,USR-01697,LOC-0042,LOC-0006,2024-06-25 17:37:32,2024-06-25 18:07:32,2.15,30,,1.0,,Completed,Cash,Pending
1573,TRP-001488,DRV-00163,USR-00596,LOC-0055,LOC-0009,2024-10-30 08:48:44,2024-10-30 09:49:44,29.19,61,109345.07,1.75,191353.87,Completed,GoPay,Failed
1574,TRP-001489,DRV-00432,USR-00143,LOC-0054,LOC-0008,2024-04-08 10:35:40,2024-04-08 11:45:40,13.37,70,50829.81,1.0,50829.81,Completed,Cash,Failed
1575,TRP-001490,DRV-00381,USR-00151,LOC-0051,LOC-0006,2024-06-13 04:07:18,2024-06-13 05:22:18,11.21,75,17673.98,1.0,17673.98,Cancelled,Credit Card,Success
1576,TRP-001491,DRV-00034,USR-01732,LOC-0049,LOC-0032,2024-04-21 07:31:55,2024-04-21 08:35:55,11.03,64,0.0,2.0,0.0,Completed,Cash,Success
1577,TRP-001492,DRV-00354,USR-01806,LOC-0014,LOC-0032,2024-12-26 13:46:41,2024-12-26 15:19:41,5.06,93,41327.17,1.25,51658.96,Completed,Credit Card,Failed
1578,TRP-001492,DRV-00354,USR-01806,LOC-0014,LOC-0032,2024-12-26 13:46:41,2024-12-26 15:19:41,5.06,93,41327.17,1.25,51658.96,Completed,Credit Card,Failed
1579,TRP-001493,DRV-00248,USR-01097,LOC-0028,LOC-0038,2024-11-20 12:27:19,2024-11-20 14:04:19,,97,73401.68,1.0,73401.68,Completed,Credit Card,Success
1580,TRP-001494,DRV-00429,USR-01021,LOC-0016,LOC-0017,2024-04-13 20:57:06,2024-04-13 22:36:06,9.69,99,148002.13,1.75,259003.73,Cancelled,Cash,Success
1581,TRP-001495,DRV-00429,USR-00495,LOC-0005,LOC-0044,2024-11-10 01:10:12,2024-11-10 03:07:12,28.39,117,,1.0,,Completed,GoPay,Success
1582,TRP-001496,DRV-00230,USR-00551,LOC-0042,LOC-0002,2024-10-13 12:20:35,2024-10-13 13:49:35,14.98,89,89052.31,1.0,89052.31,Completed,Cash,Success
1583,TRP-001497,DRV-00259,USR-00102,LOC-0026,LOC-0014,2024-10-14 18:43:04,2024-10-14 20:10:04,24.62,87,134843.42,1.0,134843.42,Completed,Credit Card,Success
1584,TRP-001498,DRV-00405,USR-00781,LOC-0012,LOC-0049,2024-07-08 12:11:20,2024-07-08 13:26:20,26.2,75,134944.17,1.0,134944.17,Failed,Credit Card,Success
1585,TRP-001499,DRV-00480,USR-01194,LOC-0022,LOC-0040,2024-02-24 04:38:50,2024-02-24 05:58:50,6.79,80,125639.78,1.0,125639.78,Completed,GoPay,Success
1586,TRP-001500,DRV-00483,USR-01550,LOC-0028,LOC-0008,2024-06-13 21:43:46,2024-06-13 22:15:46,27.87,32,107902.55,2.0,215805.1,Completed,GoPay,Success
1587,TRP-001501,DRV-00442,USR-00521,LOC-0012,LOC-0052,2024-02-09 07:32:45,2024-02-09 09:08:45,35.94,96,111140.1,1.0,111140.1,Completed,GoPay,Success
1588,TRP-001502,DRV-00074,USR-00702,LOC-0004,LOC-0057,2024-09-14 07:03:09,2024-09-14 07:55:09,39.86,52,0.0,2.0,0.0,Completed,GoPay,Pending
1589,TRP-001503,DRV-00281,USR-01007,LOC-0032,LOC-0040,2024-11-06 23:18:47,2024-11-07 00:58:47,24.67,100,65353.36,1.25,81691.7,Completed,GoPay,Success
1590,TRP-001504,DRV-00066,USR-01194,LOC-0010,LOC-0006,2024-04-02 22:56:03,2024-04-02 23:47:03,,51,102358.67,1.25,127948.34,Completed,GoPay,Success
1591,TRP-001505,DRV-00296,USR-00572,LOC-0034,LOC-0055,2024-10-28 10:40:27,2024-10-28 12:34:27,12.25,114,112438.02,1.0,112438.02,Completed,Credit Card,Success
1592,TRP-001506,DRV-00441,USR-01650,LOC-0031,LOC-0004,2024-10-25 07:32:41,2024-10-25 09:18:41,,106,90572.95,1.0,90572.95,Cancelled,GoPay,Success
1593,TRP-001507,DRV-00064,USR-00462,LOC-0008,LOC-0029,2024-11-12 19:24:48,2024-11-12 21:08:48,22.6,104,29678.24,1.25,37097.8,Completed,Credit Card,Pending
1594,TRP-001508,DRV-00139,USR-01464,LOC-0039,LOC-0035,2024-08-05 03:18:03,2024-08-05 05:08:03,31.13,110,44489.34,1.0,44489.34,Completed,Cash,Pending
1595,TRP-001509,DRV-00129,USR-01178,LOC-0018,LOC-0027,2024-03-06 15:39:50,2024-03-06 16:28:50,33.85,49,53842.36,1.0,53842.36,Cancelled,GoPay,Success
1596,TRP-001510,DRV-00283,USR-01482,LOC-0007,LOC-0044,2024-02-18 06:44:08,2024-02-18 08:33:08,20.94,109,103484.93,1.5,155227.39,Completed,Credit Card,Success
1597,TRP-001511,DRV-00284,USR-01565,LOC-0011,LOC-0023,2024-07-19 04:17:51,2024-07-19 05:29:51,29.72,72,40685.45,1.0,40685.45,failed,Cash,Success
1598,TRP-001512,DRV-00457,USR-01011,LOC-0004,LOC-0043,2024-12-11 16:57:22,2024-12-11 18:31:22,28.23,94,39843.02,2.0,79686.04,Completed,Credit Card,Success
1599,TRP-001513,DRV-00014,USR-01219,LOC-0016,LOC-0033,2024-03-20 19:58:23,2024-03-20 21:40:23,5.45,102,,1.25,,Completed,Cash,Success
1600,TRP-001514,DRV-00416,USR-01103,LOC-0038,LOC-0009,2024-12-07 09:58:59,2024-12-07 10:14:59,35.95,16,50151.4,2.0,100302.8,Completed,GoPay,Success
1601,TRP-001515,DRV-00139,USR-01909,LOC-0031,LOC-0016,2024-02-27 06:09:32,2024-02-27 07:05:32,35.28,56,138937.55,1.0,138937.55,Completed,Cash,Success
1602,TRP-001516,DRV-00326,USR-00246,LOC-0009,LOC-0002,2024-11-12 07:10:37,2024-11-12 08:17:37,39.48,67,136913.54,1.5,205370.31,Completed,Cash,Success
1603,TRP-001516,DRV-00326,USR-00246,LOC-0009,LOC-0002,2024-11-12 07:10:37,2024-11-12 08:17:37,39.48,67,136913.54,1.5,205370.31,Completed,Cash,Success
1604,TRP-001517,DRV-00276,USR-00203,LOC-0037,LOC-0040,2024-10-19 15:24:11,2024-10-19 17:16:11,31.8,112,128976.72,1.0,128976.72,Cancelled,Credit Card,Success
1605,TRP-001518,DRV-00423,USR-01494,LOC-0029,LOC-0017,2024-04-24 08:13:42,2024-04-24 08:46:42,2.31,33,54043.19,1.0,54043.19,Failed,Cash,Failed
1606,TRP-001519,DRV-00289,USR-01612,LOC-0012,LOC-0004,2024-02-15 10:55:20,2024-02-15 12:38:20,16.35,103,,1.0,,Completed,Credit Card,Success
1607,TRP-001519,DRV-00289,USR-01612,LOC-0012,LOC-0004,2024-02-15 10:55:20,2024-02-15 12:38:20,16.35,103,,1.0,,Completed,Credit Card,Success
1608,TRP-001520,DRV-00378,USR-01289,LOC-0035,LOC-0004,2024-05-30 12:40:48,2024-05-30 14:10:48,19.67,90,0.0,1.75,0.0,Completed,Cash,Pending
1609,TRP-001520,DRV-00378,USR-01289,LOC-0035,LOC-0004,2024-05-30 12:40:48,2024-05-30 14:10:48,19.67,90,0.0,1.75,0.0,Completed,Cash,Pending
1610,TRP-001521,DRV-00366,USR-00845,LOC-0017,LOC-0056,2024-05-19 08:07:10,2024-05-19 08:49:10,25.31,42,0.0,1.5,0.0,Completed,Credit Card,Success
1611,TRP-001522,DRV-00203,USR-00871,LOC-0009,LOC-0022,2024-06-21 05:33:44,2024-06-21 06:37:44,3.36,64,145266.5,1.0,145266.5,Completed,Credit Card,Success
1612,TRP-001523,DRV-00349,USR-01348,LOC-0024,LOC-0004,2024-08-04 06:25:51,2024-08-04 08:01:51,,96,89260.18,1.25,111575.22,Completed,GoPay,Success
1613,TRP-001524,DRV-00141,USR-00986,LOC-0052,LOC-0031,2024-11-28 17:32:56,2024-11-28 19:20:56,38.85,108,102582.56,1.75,179519.48,Cancelled,GoPay,Success
1614,TRP-001525,DRV-00030,USR-00333,LOC-0024,LOC-0020,2024-05-25 22:16:15,2024-05-25 22:38:15,17.12,22,45557.12,1.0,45557.12,Completed,Cash,Success
1615,TRP-001526,DRV-00278,USR-00467,LOC-0012,LOC-0034,2024-12-13 11:30:22,2024-12-13 13:18:22,3.63,108,22322.56,1.5,33483.84,Completed,Cash,Success
1616,TRP-001527,DRV-00400,USR-01185,LOC-0030,LOC-0049,2024-10-05 11:17:39,2024-10-05 12:08:39,39.19,51,22924.36,1.75,40117.63,Cancelled,Cash,Pending
1617,TRP-001528,DRV-00390,USR-01770,LOC-0035,LOC-0017,2024-12-14 09:01:25,2024-12-14 10:02:25,10.15,61,145868.12,1.25,182335.15,Completed,Cash,Success
1618,TRP-001529,DRV-00327,USR-01380,LOC-0052,LOC-0031,2024-06-11 08:37:14,2024-06-11 10:29:14,10.93,112,90103.68,2.0,180207.36,Completed,GoPay,Success
1619,TRP-001530,DRV-00276,USR-01171,LOC-0029,LOC-0020,2024-06-20 11:27:00,2024-06-20 12:32:00,32.46,65,70554.28,1.25,88192.85,Completed,GoPay,Success
1620,TRP-001531,DRV-00337,USR-01329,LOC-0040,LOC-0014,2024-02-13 23:19:24,2024-02-14 00:26:24,17.97,67,91111.9,1.75,159445.82,Cancelled,Credit Card,Success
1621,TRP-001532,DRV-00403,USR-00436,LOC-0051,LOC-0047,2024-08-17 14:30:57,2024-08-17 16:03:57,27.17,93,147240.51,1.0,147240.51,Completed,Cash,Success
1622,TRP-001533,DRV-00240,USR-01935,LOC-0004,LOC-0010,2024-05-21 19:48:52,2024-05-21 21:33:52,1.71,105,21977.25,1.0,21977.25,Completed,Credit Card,Success
1623,TRP-001534,DRV-00200,USR-01291,LOC-0014,LOC-0033,2024-04-10 07:52:17,2024-04-10 08:36:17,37.42,44,86940.44,1.0,86940.44,Completed,Credit Card,Success
1624,TRP-001535,DRV-00498,USR-00377,LOC-0001,LOC-0047,2024-12-17 08:14:57,2024-12-17 09:06:57,2.03,52,89140.97,1.0,89140.97,Completed,GoPay,Success
1625,TRP-001536,DRV-00293,USR-00670,LOC-0044,LOC-0033,2024-12-08 01:01:35,2024-12-08 02:22:35,20.42,81,142545.97,1.25,178182.46,Failed,GoPay,Success
1626,TRP-001537,DRV-00404,USR-01303,LOC-0012,LOC-0051,2024-06-29 11:10:03,2024-06-29 12:15:03,27.57,65,52872.48,1.0,52872.48,Completed,Credit Card,Pending
1627,TRP-001538,DRV-00053,USR-00886,LOC-0023,LOC-0015,2024-07-04 17:08:15,2024-07-04 18:21:15,34.96,73,75384.82,1.0,75384.82,Completed,Cash,Success
1628,TRP-001539,DRV-00012,USR-01751,LOC-0054,LOC-0044,2024-07-01 19:34:45,2024-07-01 21:26:45,7.77,112,95033.86,1.0,95033.86,Completed,Credit Card,Success
1629,TRP-001540,DRV-00011,USR-01073,LOC-0005,LOC-0014,2024-03-24 19:01:07,2024-03-24 20:47:07,34.15,106,53102.35,1.5,79653.52,Completed,GoPay,Pending
1630,TRP-001541,DRV-00320,USR-00577,LOC-0007,LOC-0037,2024-01-02 11:14:23,2024-01-02 11:35:23,28.17,21,104183.68,1.25,130229.6,Cancelled,Credit Card,Success
1631,TRP-001542,DRV-00278,USR-00319,LOC-0036,LOC-0030,2024-08-20 20:14:18,2024-08-20 20:36:18,,22,138078.0,1.25,172597.5,Completed,GoPay,Success
1632,TRP-001543,DRV-00488,USR-00789,LOC-0028,LOC-0045,2024-06-17 01:10:48,2024-06-17 02:42:48,23.61,92,31585.62,1.25,39482.03,Cancelled,GoPay,Success
1633,TRP-001544,DRV-00257,USR-00615,LOC-0025,LOC-0016,2024-07-03 02:25:03,2024-07-03 04:07:03,,102,52908.76,1.0,52908.76,Completed,GoPay,Success
1634,TRP-001545,DRV-00233,USR-01179,LOC-0014,LOC-0054,2024-01-29 23:30:30,2024-01-30 00:31:30,7.18,61,16521.62,1.75,28912.83,Completed,GoPay,Success
1635,TRP-001546,DRV-00354,USR-00955,LOC-0010,LOC-0027,2024-08-04 20:12:28,2024-08-04 21:53:28,18.99,101,109036.06,1.25,136295.08,Completed,Credit Card,Failed
1636,TRP-001547,DRV-00085,USR-01038,LOC-0032,LOC-0031,2024-04-09 20:26:51,2024-04-09 21:39:51,31.75,73,63696.98,1.25,79621.23,Completed,GoPay,Success
1637,TRP-001548,DRV-00428,USR-01535,LOC-0019,LOC-0007,2024-10-15 19:22:25,2024-10-15 20:12:25,19.96,50,20403.21,1.0,20403.21,Completed,Cash,Success
1638,TRP-001549,DRV-00128,USR-01612,LOC-0045,LOC-0016,2024-06-26 05:52:16,2024-06-26 06:09:16,39.55,17,35204.54,1.0,35204.54,Completed,GoPay,Success
1639,TRP-001550,DRV-00041,USR-00063,LOC-0057,LOC-0008,2024-10-06 08:08:16,2024-10-06 08:59:16,20.94,51,61712.99,1.0,61712.99,Completed,GoPay,Success
1640,TRP-001551,DRV-00098,USR-00189,LOC-0029,LOC-0024,2024-06-10 02:42:32,2024-06-10 02:55:32,32.27,13,149849.63,1.0,149849.63,Cancelled,Credit Card,Pending
1641,TRP-001552,DRV-00338,USR-00091,LOC-0006,LOC-0055,2024-12-09 22:47:40,2024-12-09 22:57:40,4.81,10,133358.92,1.0,133358.92,Completed,GoPay,Success
1642,TRP-001553,DRV-00008,USR-00001,LOC-0027,LOC-0005,2024-03-22 01:22:29,2024-03-22 02:39:29,15.87,77,47789.33,1.25,59736.66,Completed,Cash,Success
1643,TRP-001553,DRV-00008,USR-00001,LOC-0027,LOC-0005,2024-03-22 01:22:29,2024-03-22 02:39:29,15.87,77,47789.33,1.25,59736.66,Completed,Cash,Success
1644,TRP-001554,DRV-00142,USR-01698,LOC-0031,LOC-0006,2024-01-25 21:52:12,2024-01-25 23:48:12,22.73,116,129478.42,2.5,323696.05,Completed,Cash,Success
1645,TRP-001555,DRV-00467,USR-01832,LOC-0053,LOC-0041,2024-06-06 20:20:14,2024-06-06 20:37:14,33.39,17,31154.31,1.0,31154.31,Completed,Credit Card,Failed
1646,TRP-001556,DRV-00468,USR-01029,LOC-0054,LOC-0022,2024-05-26 00:47:51,2024-05-26 01:16:51,13.36,29,58991.25,1.75,103234.69,Completed,Cash,Success
1647,TRP-001557,DRV-00400,USR-01493,LOC-0049,LOC-0032,2024-05-11 01:49:02,2024-05-11 03:48:02,11.06,119,24825.13,1.0,24825.13,Completed,Cash,Success
1648,TRP-001557,DRV-00400,USR-01493,LOC-0049,LOC-0032,2024-05-11 01:49:02,2024-05-11 03:48:02,11.06,119,24825.13,1.0,24825.13,Completed,Cash,Success
1649,TRP-001558,DRV-00039,USR-01163,LOC-0032,LOC-0044,2024-11-01 03:01:17,2024-11-01 05:01:17,13.88,120,137468.35,1.0,137468.35,Completed,Cash,Success
1650,TRP-001559,DRV-00143,USR-01530,LOC-0009,LOC-0041,2024-12-24 23:39:55,2024-12-25 00:22:55,30.86,43,114820.79,1.0,114820.79,Completed,Credit Card,Success
1651,TRP-001560,DRV-00395,USR-01807,LOC-0012,LOC-0028,2024-07-17 00:07:34,2024-07-17 00:49:34,35.23,42,142631.23,1.0,142631.23,failed,Cash,Success
1652,TRP-001561,DRV-00041,USR-00900,LOC-0042,LOC-0001,2024-01-18 02:57:38,2024-01-18 04:01:38,21.86,64,136234.33,1.0,136234.33,Completed,Cash,Success
1653,TRP-001561,DRV-00041,USR-00900,LOC-0042,LOC-0001,2024-01-18 02:57:38,2024-01-18 04:01:38,21.86,64,136234.33,1.0,136234.33,Completed,Cash,Success
1654,TRP-001562,DRV-00129,USR-00249,LOC-0056,LOC-0030,2024-10-31 06:04:46,2024-10-31 06:24:46,13.58,20,14101.45,1.0,14101.45,failed,Credit Card,Success
1655,TRP-001563,DRV-00284,USR-00513,LOC-0012,LOC-0034,2024-04-20 06:35:27,2024-04-20 07:32:27,15.14,57,71152.12,1.0,71152.12,Completed,Cash,Success
1656,TRP-001564,DRV-00389,USR-00477,LOC-0020,LOC-0039,2024-12-01 14:19:10,2024-12-01 14:44:10,11.1,25,11494.24,1.25,14367.8,Completed,GoPay,Success
1657,TRP-001565,DRV-00467,USR-01993,LOC-0018,LOC-0052,2024-09-24 05:42:34,2024-09-24 05:58:34,35.92,16,104901.84,1.0,104901.84,Completed,GoPay,Success
1658,TRP-001566,DRV-00274,USR-01763,LOC-0035,LOC-0002,2024-02-05 04:29:30,2024-02-05 05:01:30,27.18,32,33124.08,1.5,49686.12,Completed,GoPay,Success
1659,TRP-001567,DRV-00406,USR-00144,LOC-0055,LOC-0026,2024-12-05 19:32:27,2024-12-05 21:05:27,7.57,93,16617.16,1.25,20771.45,Completed,Cash,Success
1660,TRP-001568,DRV-00461,USR-00776,LOC-0049,LOC-0005,2024-06-18 04:01:14,2024-06-18 05:41:14,17.12,100,147558.89,1.0,147558.89,Cancelled,Cash,Success
1661,TRP-001569,DRV-00442,USR-00770,LOC-0033,LOC-0032,2024-03-14 00:21:25,2024-03-14 00:49:25,32.57,28,0.0,5.0,0.0,Cancelled,Cash,Success
1662,TRP-001570,DRV-00420,USR-00419,LOC-0053,LOC-0042,2024-11-30 19:17:33,2024-11-30 20:38:33,20.42,81,23566.12,1.75,41240.71,Cancelled,Credit Card,Failed
1663,TRP-001571,DRV-00148,USR-01967,LOC-0016,LOC-0056,2024-10-03 07:41:40,2024-10-03 09:27:40,32.55,106,88899.14,5.0,177798.28,Completed,Cash,Success
1664,TRP-001572,DRV-00290,USR-01766,LOC-0055,LOC-0044,2024-04-05 03:20:35,2024-04-05 04:30:35,15.55,70,121552.31,1.0,121552.31,Completed,Credit Card,Pending
1665,TRP-001573,DRV-00336,USR-01085,LOC-0037,LOC-0002,2024-03-03 01:29:53,2024-03-03 03:27:53,18.76,118,46803.95,1.0,46803.95,Completed,Credit Card,Pending
1666,TRP-001574,DRV-00168,USR-01876,LOC-0032,LOC-0022,2024-04-26 00:51:09,2024-04-26 02:02:09,,71,85896.23,0.8,128844.35,Completed,GoPay,Success
1667,TRP-001575,DRV-00007,USR-00759,LOC-0045,LOC-0009,2024-07-27 06:09:30,2024-07-27 07:05:30,3.85,56,127909.65,1.75,223841.89,Completed,Cash,Success
1668,TRP-001576,DRV-00369,USR-00741,LOC-0008,LOC-0015,2024-12-02 02:36:31,2024-12-02 04:05:31,30.1,89,26850.95,1.0,26850.95,Completed,Credit Card,Success
1669,TRP-001577,DRV-00324,USR-01895,LOC-0003,LOC-0019,2024-10-12 10:28:35,2024-10-12 11:25:35,3.64,57,69894.89,1.25,87368.61,Cancelled,GoPay,Success
1670,TRP-001578,DRV-00136,USR-00918,LOC-0015,LOC-0034,2024-06-29 18:28:30,2024-06-29 20:25:30,24.86,117,15885.92,2.0,31771.84,Completed,GoPay,Failed
1671,TRP-001579,DRV-00155,USR-01699,LOC-0053,LOC-0056,2024-02-17 19:21:32,2024-02-17 19:57:32,19.61,36,95364.16,1.0,95364.16,Completed,Credit Card,Success
1672,TRP-001580,DRV-00107,USR-01983,LOC-0028,LOC-0023,2024-09-20 07:18:59,2024-09-20 08:56:59,8.6,98,102090.22,2.0,204180.44,Failed,Credit Card,Pending
1673,TRP-001581,DRV-00164,USR-00223,LOC-0019,LOC-0026,2024-09-29 08:02:01,2024-09-29 08:41:01,31.8,39,140072.15,1.0,140072.15,Completed,Credit Card,Success
1674,TRP-001582,DRV-00415,USR-01689,LOC-0014,LOC-0017,2024-11-11 17:07:06,2024-11-11 17:45:06,27.97,38,83521.52,1.5,125282.28,completed,Credit Card,Success
1675,TRP-001582,DRV-00415,USR-01689,LOC-0014,LOC-0017,2024-11-11 17:07:06,2024-11-11 17:45:06,27.97,38,83521.52,1.5,125282.28,completed,Credit Card,Success
1676,TRP-001583,DRV-00159,USR-00503,LOC-0050,LOC-0055,2024-07-31 03:36:02,2024-07-31 04:41:02,37.23,65,70023.79,1.0,70023.79,Completed,Cash,Success
1677,TRP-001584,DRV-00212,USR-01032,LOC-0002,LOC-0024,2024-03-20 16:13:07,2024-03-20 17:25:07,8.55,72,18103.75,1.25,22629.69,Completed,GoPay,Success
1678,TRP-001585,DRV-00238,USR-01024,LOC-0004,LOC-0042,2024-09-23 23:14:22,2024-09-24 00:23:22,15.12,69,83309.33,2.0,166618.66,Completed,GoPay,Success
1679,TRP-001586,DRV-00352,USR-00357,LOC-0033,LOC-0043,2024-09-09 12:02:06,2024-09-09 12:20:06,35.3,18,86222.01,1.25,107777.51,Completed,Cash,Success
1680,TRP-001587,DRV-00025,USR-00639,LOC-0047,LOC-0057,2024-03-04 11:16:58,2024-03-04 12:13:58,7.7,57,104077.85,1.0,104077.85,Completed,GoPay,Success
1681,TRP-001588,DRV-00234,USR-01239,LOC-0029,LOC-0001,2024-03-25 06:03:44,2024-03-25 06:28:44,2.61,25,18720.37,1.0,18720.37,Completed,GoPay,Success
1682,TRP-001589,DRV-00484,USR-01680,LOC-0052,LOC-0018,2024-12-14 12:11:47,2024-12-14 13:29:47,10.62,78,45696.89,2.0,91393.78,Completed,Cash,Failed
1683,TRP-001590,DRV-00353,USR-00061,LOC-0028,LOC-0047,2024-06-13 01:57:43,2024-06-13 03:42:43,29.36,105,51670.23,1.0,51670.23,Completed,Credit Card,Success
1684,TRP-001591,DRV-00269,USR-00355,LOC-0042,LOC-0051,2024-05-09 21:05:44,2024-05-09 22:45:44,,100,43769.5,1.0,43769.5,Completed,Credit Card,Success
1685,TRP-001592,DRV-00121,USR-01294,LOC-0047,LOC-0029,2024-03-18 18:48:20,2024-03-18 20:29:20,4.04,101,124596.84,2.5,311492.1,Completed,Cash,Success
1686,TRP-001593,DRV-00057,USR-01018,LOC-0035,LOC-0011,2024-06-23 14:25:02,2024-06-23 15:03:02,29.17,38,0.0,1.25,0.0,Completed,Cash,Success
1687,TRP-001594,DRV-00460,USR-00028,LOC-0049,LOC-0008,2024-05-08 22:57:31,2024-05-09 00:03:31,18.51,66,66879.54,1.0,66879.54,Completed,Credit Card,Success
1688,TRP-001595,DRV-00077,USR-00539,LOC-0022,LOC-0037,2024-11-02 03:00:26,2024-11-02 04:04:26,16.67,64,34433.3,1.0,34433.3,Completed,Cash,Success
1689,TRP-001596,DRV-00134,USR-00214,LOC-0015,LOC-0035,2024-03-04 13:14:35,2024-03-04 14:20:35,28.97,66,139894.3,1.25,174867.88,Completed,Credit Card,Success
1690,TRP-001597,DRV-00184,USR-01325,LOC-0057,LOC-0017,2024-06-13 08:33:43,2024-06-13 10:06:43,20.54,93,68977.5,1.25,86221.88,Cancelled,GoPay,Success
1691,TRP-001598,DRV-00475,USR-00163,LOC-0046,LOC-0020,2024-11-19 06:50:14,2024-11-19 08:38:14,23.61,108,67458.6,1.0,67458.6,Completed,GoPay,Success
1692,TRP-001599,DRV-00019,USR-01200,LOC-0052,LOC-0028,2024-01-30 07:25:20,2024-01-30 08:11:20,24.59,46,15076.34,2.0,30152.68,Completed,GoPay,Success
1693,TRP-001600,DRV-00128,USR-00080,LOC-0004,LOC-0008,2024-07-03 07:18:59,2024-07-03 08:34:59,34.9,76,129589.62,1.0,129589.62,Completed,Cash,Success
1694,TRP-001601,DRV-00067,USR-00697,LOC-0043,LOC-0045,2024-08-01 13:39:18,2024-08-01 15:02:18,20.75,83,135008.53,1.25,168760.66,Cancelled,GoPay,Success
1695,TRP-001602,DRV-00055,USR-00094,LOC-0048,LOC-0029,2024-01-23 23:01:08,2024-01-24 00:31:08,21.76,90,103496.91,1.5,155245.36,Completed,GoPay,Success
1696,TRP-001603,DRV-00091,USR-00303,LOC-0030,LOC-0027,2024-12-18 16:37:31,2024-12-18 18:27:31,11.03,110,53415.61,1.25,66769.51,Completed,Credit Card,Success
1697,TRP-001604,DRV-00456,USR-01005,LOC-0044,LOC-0056,2024-04-12 06:54:44,2024-04-12 07:14:44,4.19,20,67575.01,1.0,67575.01,Completed,Credit Card,Failed
1698,TRP-001605,DRV-00461,USR-01149,LOC-0032,LOC-0021,2024-08-06 22:48:38,2024-08-07 00:32:38,8.3,104,46446.12,1.0,46446.12,Completed,Cash,Success
1699,TRP-001606,DRV-00205,USR-01892,LOC-0018,LOC-0048,2024-03-30 17:00:03,2024-03-30 17:12:03,36.5,12,44453.68,2.5,111134.2,Completed,Cash,Success
1700,TRP-001607,DRV-00177,USR-01391,LOC-0030,LOC-0035,2024-06-15 10:43:19,2024-06-15 11:56:19,28.04,73,112404.57,1.75,196708.0,Completed,Cash,Pending
1701,TRP-001608,DRV-00405,USR-01513,LOC-0052,LOC-0033,2024-03-22 23:29:40,2024-03-23 01:03:40,31.17,94,24388.43,1.5,36582.65,Completed,Credit Card,Failed
1702,TRP-001609,DRV-00261,USR-00339,LOC-0038,LOC-0037,2024-04-06 04:05:00,2024-04-06 04:23:00,15.79,18,46354.28,1.0,46354.28,Completed,Cash,Success
1703,TRP-001610,DRV-00304,USR-00147,LOC-0001,LOC-0023,2024-09-06 19:33:45,2024-09-06 20:29:45,19.31,56,90216.68,1.0,90216.68,Completed,Credit Card,Success
1704,TRP-001611,DRV-00115,USR-00588,LOC-0014,LOC-0018,2024-04-16 21:21:24,2024-04-16 21:38:24,28.95,17,75435.74,1.0,75435.74,Completed,Cash,Failed
1705,TRP-001612,DRV-00277,USR-01536,LOC-0051,LOC-0042,2024-12-21 21:16:55,2024-12-21 22:00:55,34.42,44,96712.85,1.5,145069.28,Completed,Credit Card,Success
1706,TRP-001613,DRV-00049,USR-01991,LOC-0043,LOC-0033,2024-01-31 13:48:09,2024-01-31 14:38:09,10.99,50,117543.41,2.5,293858.53,Cancelled ,GoPay,Success
1707,TRP-001614,DRV-00370,USR-00041,LOC-0041,LOC-0026,2024-12-28 04:51:38,2024-12-28 05:17:38,16.01,26,40423.8,1.0,40423.8,failed,Cash,Success
1708,TRP-001615,DRV-00027,USR-00523,LOC-0048,LOC-0032,2024-01-16 13:41:38,2024-01-16 14:52:38,21.02,71,149824.53,1.5,224736.79,Completed,Cash,Success
1709,TRP-001616,DRV-00428,USR-01709,LOC-0013,LOC-0026,2024-08-07 16:49:17,2024-08-07 18:42:17,5.24,113,82685.03,1.0,82685.03,Completed,Credit Card,Success
1710,TRP-001617,DRV-00085,USR-00819,LOC-0052,LOC-0010,2024-10-15 07:21:24,2024-10-15 08:48:24,1.7,87,68717.34,2.0,137434.68,Completed,Credit Card,Success
1711,TRP-001618,DRV-00051,USR-00740,LOC-0042,LOC-0022,2024-10-12 06:43:47,2024-10-12 07:21:47,8.53,38,38669.02,2.5,96672.55,Completed,GoPay,Success
1712,TRP-001619,DRV-00384,USR-00195,LOC-0055,LOC-0030,2024-05-27 08:49:20,2024-05-27 09:45:20,25.59,56,29949.71,1.5,44924.57,Cancelled,GoPay,Success
1713,TRP-001620,DRV-00387,USR-01779,LOC-0057,LOC-0030,2024-01-22 21:41:47,2024-01-22 23:29:47,1.19,108,26887.44,1.0,26887.44,Completed,Credit Card,Failed
1714,TRP-001621,DRV-00254,USR-01710,LOC-0025,LOC-0040,2024-03-21 20:30:27,2024-03-21 21:01:27,29.48,31,75472.97,1.25,94341.21,Cancelled,GoPay,Success
1715,TRP-001622,DRV-00347,USR-01252,LOC-0031,LOC-0021,2024-03-16 12:15:49,2024-03-16 12:36:49,3.99,21,133447.99,1.0,133447.99,Completed,GoPay,Success
1716,TRP-001623,DRV-00154,USR-00515,LOC-0042,LOC-0039,2024-04-13 22:43:48,2024-04-14 00:36:48,31.54,113,26105.86,1.5,39158.79,Completed,Cash,Success
1717,TRP-001624,DRV-00143,USR-00013,LOC-0037,LOC-0047,2024-11-17 19:50:43,2024-11-17 20:18:43,30.91,-5,72545.79,1.25,90682.24,Cancelled,Cash,Failed
1718,TRP-001625,DRV-00080,USR-00716,LOC-0006,LOC-0043,2024-12-18 14:04:00,2024-12-18 14:29:00,,25,141277.85,1.0,141277.85,Completed,Cash,Success
1719,TRP-001626,DRV-00040,USR-01269,LOC-0027,LOC-0053,2024-06-05 06:51:39,2024-06-05 08:34:39,18.91,103,0.0,1.0,0.0,Completed,Cash,Success
1720,TRP-001627,DRV-00233,USR-00776,LOC-0045,LOC-0020,2024-06-28 04:54:47,2024-06-28 05:51:47,17.35,57,99935.75,1.5,149903.62,Cancelled,Cash,Success
1721,TRP-001628,DRV-00002,USR-00888,LOC-0034,LOC-0021,2024-08-26 13:45:49,2024-08-26 13:57:49,31.9,12,122246.63,1.0,122246.63,Completed,Credit Card,Success
1722,TRP-001629,DRV-00429,USR-00201,LOC-0054,LOC-0025,2024-11-19 13:00:15,2024-11-19 13:52:15,9.59,52,127243.35,1.0,127243.35,Cancelled,GoPay,Success
1723,TRP-001630,DRV-00457,USR-01705,LOC-0027,LOC-0010,2024-08-12 18:37:57,2024-08-12 19:12:57,3.43,35,90570.13,1.25,113212.66,Completed,GoPay,Success
1724,TRP-001631,DRV-00030,USR-00680,LOC-0037,LOC-0004,2024-04-14 13:04:19,2024-04-14 13:29:19,5.67,25,101968.73,1.25,127460.91,Cancelled,Cash,Success
1725,TRP-001632,DRV-00199,USR-01379,LOC-0004,LOC-0037,2024-06-28 02:33:49,2024-06-28 03:17:49,25.02,44,125835.62,1.75,220212.33,Completed,Credit Card,Success
1726,TRP-001633,DRV-00465,USR-01034,LOC-0010,LOC-0018,2024-10-29 00:32:21,2024-10-29 01:09:21,18.76,37,97040.98,2.5,242602.45,Completed,Credit Card,Success
1727,TRP-001634,DRV-00484,USR-00074,LOC-0037,LOC-0047,2024-06-19 23:39:21,2024-06-19 23:57:21,36.08,18,46028.09,1.5,69042.13,Completed,Cash,Success
1728,TRP-001635,DRV-00045,USR-00135,LOC-0054,LOC-0021,2024-05-28 07:10:28,2024-05-28 08:17:28,30.82,67,83063.58,1.0,83063.58,Completed,GoPay,Failed
1729,TRP-001636,DRV-00417,USR-00244,LOC-0042,LOC-0016,2024-06-23 12:31:41,2024-06-23 12:51:41,17.39,20,55647.33,1.25,69559.16,Completed,GoPay,Success
1730,TRP-001637,DRV-00408,USR-00457,LOC-0008,LOC-0043,2024-11-18 05:09:51,2024-11-18 06:37:51,3.45,88,,1.5,,Completed,Cash,Success
1731,TRP-001638,DRV-00135,USR-00123,LOC-0050,LOC-0023,2024-09-21 23:59:57,2024-09-22 01:52:57,22.31,113,56005.32,1.25,70006.65,Completed,Cash,Failed
1732,TRP-001639,DRV-00083,USR-00889,LOC-0051,LOC-0055,2024-07-26 17:40:33,2024-07-26 19:06:33,3.12,86,97308.33,1.75,170289.58,Completed,Credit Card,Success
1733,TRP-001640,DRV-00328,USR-00874,LOC-0056,LOC-0047,2024-05-30 23:18:44,2024-05-30 23:40:44,,22,116293.61,1.25,145367.01,Cancelled,Cash,Success
1734,TRP-001641,DRV-00177,USR-01136,LOC-0010,LOC-0019,2024-09-20 10:36:16,2024-09-20 10:47:16,10.94,11,0.0,1.0,0.0,Completed,Credit Card,Success
1735,TRP-001642,DRV-00267,USR-01772,LOC-0027,LOC-0006,2024-06-22 17:21:19,2024-06-22 18:15:19,23.99,54,95240.59,1.0,95240.59,Completed,Cash,Success
1736,TRP-001643,DRV-00443,USR-01037,LOC-0014,LOC-0012,2024-05-20 22:26:35,2024-05-20 22:45:35,24.36,19,15305.82,1.0,15305.82,Cancelled,Cash,Success
1737,TRP-001644,DRV-00029,USR-01089,LOC-0021,LOC-0038,2024-04-28 19:36:13,2024-04-28 21:34:13,27.48,118,69170.21,1.0,69170.21,Completed,Credit Card,Success
1738,TRP-001645,DRV-00061,USR-00248,LOC-0021,LOC-0043,2024-11-29 02:17:23,2024-11-29 03:10:23,19.61,53,94282.85,1.5,141424.28,Completed,Cash,Failed
1739,TRP-001646,DRV-00479,USR-00420,LOC-0031,LOC-0024,2024-01-06 09:47:15,2024-01-06 11:01:15,30.57,74,95371.1,1.0,95371.1,Completed,GoPay,Success
1740,TRP-001647,DRV-00292,USR-00716,LOC-0052,LOC-0048,2024-07-06 09:43:23,2024-07-06 11:34:23,23.47,111,0.0,2.0,0.0,Completed,GoPay,Success
1741,TRP-001648,DRV-00268,USR-00091,LOC-0020,LOC-0052,2024-07-20 08:59:42,2024-07-20 09:30:42,24.91,31,50964.84,1.0,50964.84,Completed,GoPay,Success
1742,TRP-001649,DRV-00012,USR-01570,LOC-0028,LOC-0050,2024-03-02 01:27:33,2024-03-02 02:57:33,25.95,90,131650.73,2.0,263301.46,Completed,Cash,Success
1743,TRP-001650,DRV-00341,USR-00170,LOC-0027,LOC-0031,2024-05-24 23:10:49,2024-05-25 01:08:49,1.78,118,21810.0,1.0,21810.0,Completed,Cash,Success
1744,TRP-001651,DRV-00245,USR-01895,LOC-0022,LOC-0050,2024-05-27 11:20:08,2024-05-27 13:18:08,28.22,118,81305.33,1.25,101631.66,Completed,Cash,Success
1745,TRP-001652,DRV-00435,USR-00682,LOC-0016,LOC-0034,2024-03-12 13:54:13,2024-03-12 15:13:13,37.47,79,87105.93,2.5,217764.82,Completed,Credit Card,Success
1746,TRP-001653,DRV-00187,USR-01731,LOC-0013,LOC-0050,2024-09-07 13:18:36,2024-09-07 14:30:36,31.89,0,64448.96,1.5,96673.44,Completed,GoPay,Success
1747,TRP-001654,DRV-00132,USR-01386,LOC-0018,LOC-0053,2024-02-21 01:46:03,2024-02-21 03:11:03,23.07,85,112731.69,1.0,112731.69,Completed,Cash,Success
1748,TRP-001655,DRV-00307,USR-00539,LOC-0022,LOC-0005,2024-01-15 08:17:31,2024-01-15 09:16:31,26.66,59,84099.31,1.0,84099.31,Completed,GoPay,Success
1749,TRP-001656,DRV-00359,USR-01015,LOC-0051,LOC-0053,2024-02-11 02:13:16,2024-02-11 03:59:16,3.23,106,69011.29,1.0,69011.29,Completed,Cash,Success
1750,TRP-001657,DRV-00154,USR-00151,LOC-0009,LOC-0015,2024-05-03 22:15:47,2024-05-03 22:46:47,22.34,31,86481.79,1.25,108102.24,Completed,GoPay,Success
1751,TRP-001658,DRV-00453,USR-01835,LOC-0001,LOC-0031,2024-02-08 15:03:18,2024-02-08 15:49:18,24.24,46,34418.78,2.0,68837.56,Completed,GoPay,Success
1752,TRP-001659,DRV-00395,USR-00558,LOC-0014,LOC-0053,2024-11-19 08:54:56,2024-11-19 10:06:56,6.24,72,25810.12,1.0,25810.12,Completed,Credit Card,Success
1753,TRP-001660,DRV-00301,USR-00156,LOC-0044,LOC-0033,2024-01-22 06:58:29,2024-01-22 08:50:29,12.87,112,81746.76,1.0,81746.76,Completed,Credit Card,Pending
1754,TRP-001661,DRV-00063,USR-01139,LOC-0049,LOC-0003,2024-01-26 12:25:51,2024-01-26 14:18:51,21.5,113,114562.3,1.0,114562.3,Completed,GoPay,Success
1755,TRP-001662,DRV-00004,USR-00445,LOC-0004,LOC-0010,2024-09-23 10:20:30,2024-09-23 10:57:30,5.17,37,20103.3,1.0,20103.3,Completed,GoPay,Success
1756,TRP-001663,DRV-00163,USR-01252,LOC-0052,LOC-0011,2024-01-10 09:20:09,2024-01-10 10:23:09,9.53,-5,129984.96,1.0,129984.96,Completed,Cash,Success
1757,TRP-001663,DRV-00163,USR-01252,LOC-0052,LOC-0011,2024-01-10 09:20:09,2024-01-10 10:23:09,9.53,-5,129984.96,1.0,129984.96,Completed,Cash,Success
1758,TRP-001664,DRV-00461,USR-01691,LOC-0005,LOC-0031,2024-08-21 18:43:57,2024-08-21 20:17:57,33.72,94,116083.25,1.0,116083.25,Completed,Credit Card,Success
1759,TRP-001665,DRV-00335,USR-01818,LOC-0036,LOC-0056,2024-02-05 07:55:29,2024-02-05 09:51:29,24.27,116,10683.93,1.75,18696.88,Completed,Cash,Success
1760,TRP-001666,DRV-00019,USR-01296,LOC-0048,LOC-0019,2024-05-21 13:01:36,2024-05-21 13:17:36,28.15,16,89997.24,1.25,112496.55,Completed,GoPay,Success
1761,TRP-001667,DRV-00216,USR-00271,LOC-0021,LOC-0005,2024-01-14 20:26:37,2024-01-14 21:15:37,33.88,49,90666.86,1.0,90666.86,Completed,GoPay,Success
1762,TRP-001668,DRV-00303,USR-00811,LOC-0029,LOC-0013,2024-01-22 09:39:51,2024-01-22 11:39:51,34.73,120,92108.73,2.0,184217.46,Completed,Cash,Pending
1763,TRP-001669,DRV-00122,USR-01154,LOC-0004,LOC-0016,2024-11-04 21:15:53,2024-11-04 22:14:53,9.79,-10,147242.14,2.0,294484.28,Completed,Cash,Success
1764,TRP-001670,DRV-00073,USR-01397,LOC-0025,LOC-0033,2024-05-20 00:50:49,2024-05-20 01:05:49,,15,0.0,1.0,0.0,Completed,Cash,Success
1765,TRP-001671,DRV-00432,USR-00739,LOC-0033,LOC-0047,2024-09-19 08:17:37,2024-09-19 09:59:37,29.02,102,50663.52,1.75,88661.16,failed,GoPay,Success
1766,TRP-001672,DRV-00054,USR-01229,LOC-0034,LOC-0037,2024-12-27 16:30:50,2024-12-27 17:57:50,1.27,87,114178.12,1.75,199811.71,Completed,Cash,Success
1767,TRP-001673,DRV-00237,USR-00970,LOC-0041,LOC-0023,2024-11-07 15:02:08,2024-11-07 15:14:08,11.94,12,23180.13,1.0,23180.13,Completed,GoPay,Success
1768,TRP-001674,DRV-00451,USR-01523,LOC-0056,LOC-0041,2024-08-04 17:51:17,2024-08-04 19:47:17,30.59,116,79865.19,2.0,159730.38,Completed,GoPay,Success
1769,TRP-001675,DRV-00117,USR-00583,LOC-0032,LOC-0025,2024-10-19 01:53:55,2024-10-19 02:40:55,4.45,47,50805.82,1.0,50805.82,Failed,Credit Card,Success
1770,TRP-001676,DRV-00189,USR-00728,LOC-0001,LOC-0037,2024-01-20 18:38:17,2024-01-20 18:54:17,6.66,16,96409.69,1.0,96409.69,Completed,Credit Card,Success
1771,TRP-001677,DRV-00131,USR-00417,LOC-0027,LOC-0042,2024-02-06 01:17:40,2024-02-06 01:31:40,38.2,14,95428.03,1.25,119285.04,Cancelled,Cash,Success
1772,TRP-001678,DRV-00004,USR-00901,LOC-0019,LOC-0008,2024-07-10 01:37:34,2024-07-10 01:54:34,31.59,17,11785.58,1.0,11785.58,Completed,Cash,Failed
1773,TRP-001679,DRV-00015,USR-01859,LOC-0037,LOC-0023,2024-04-26 04:27:13,2024-04-26 04:45:13,20.18,18,47226.48,1.0,47226.48,Completed,Cash,Success
1774,TRP-001680,DRV-00435,USR-01252,LOC-0048,LOC-0026,2024-08-28 04:15:03,2024-08-28 05:45:03,36.25,90,13682.03,2.0,27364.06,Completed,Credit Card,Success
1775,TRP-001681,DRV-00483,USR-00784,LOC-0019,LOC-0026,2024-04-17 21:03:48,2024-04-17 22:45:48,16.94,102,141941.04,1.0,141941.04,Completed,Credit Card,Success
1776,TRP-001682,DRV-00444,USR-01814,LOC-0020,LOC-0016,2024-11-04 11:21:36,2024-11-04 13:17:36,38.63,0,91248.88,1.0,91248.88,Completed,GoPay,Failed
1777,TRP-001683,DRV-00129,USR-00489,LOC-0034,LOC-0045,2024-11-29 08:08:18,2024-11-29 08:37:18,13.57,29,56698.83,1.0,56698.83,Completed,Credit Card,Failed
1778,TRP-001684,DRV-00406,USR-01750,LOC-0034,LOC-0003,2024-10-29 12:21:40,2024-10-29 13:15:40,8.24,54,,0.8,,Completed,GoPay,Failed
1779,TRP-001685,DRV-00462,USR-01080,LOC-0019,LOC-0002,2024-02-10 14:58:29,2024-02-10 16:42:29,17.8,-10,76465.89,1.5,114698.83,Completed,Credit Card,Success
1780,TRP-001686,DRV-00018,USR-01233,LOC-0023,LOC-0033,2024-04-23 21:10:13,2024-04-23 22:57:13,12.95,107,141068.95,1.0,141068.95,Cancelled,Credit Card,Pending
1781,TRP-001687,DRV-00126,USR-00239,LOC-0050,LOC-0045,2024-12-25 12:37:44,2024-12-25 14:08:44,13.38,91,122137.93,1.0,122137.93,Completed,Cash,Success
1782,TRP-001688,DRV-00494,USR-00542,LOC-0015,LOC-0033,2024-10-20 14:51:34,2024-10-20 15:06:34,8.44,15,130641.19,1.25,163301.49,Completed,GoPay,Success
1783,TRP-001689,DRV-00098,USR-00044,LOC-0029,LOC-0026,2024-07-20 07:29:48,2024-07-20 09:02:48,34.38,93,31043.84,1.25,38804.8,Completed,Cash,Success
1784,TRP-001690,DRV-00053,USR-00965,LOC-0051,LOC-0001,2024-03-03 04:38:08,2024-03-03 06:15:08,11.45,97,131197.72,1.0,131197.72,Completed,Cash,Success
1785,TRP-001691,DRV-00039,USR-00386,LOC-0023,LOC-0057,2024-09-18 17:48:30,2024-09-18 18:59:30,28.91,71,122671.0,1.5,184006.5,Completed,GoPay,Success
1786,TRP-001692,DRV-00247,USR-01815,LOC-0051,LOC-0049,2024-03-29 22:01:26,2024-03-29 23:44:26,14.41,103,26945.88,1.75,47155.29,Completed,Cash,Success
1787,TRP-001693,DRV-00274,USR-00670,LOC-0038,LOC-0012,2024-06-06 02:26:45,2024-06-06 03:27:45,10.02,61,99192.33,1.0,99192.33,Completed,Credit Card,Success
1788,TRP-001694,DRV-00456,USR-00214,LOC-0026,LOC-0024,2024-12-16 07:00:10,2024-12-16 08:05:10,1.38,65,84132.11,1.0,84132.11,Completed,Cash,Failed
1789,TRP-001695,DRV-00095,USR-01139,LOC-0034,LOC-0052,2024-03-07 04:55:23,2024-03-07 06:00:23,3.56,65,38731.56,1.25,48414.45,Completed,Credit Card,Success
1790,TRP-001696,DRV-00232,USR-01866,LOC-0009,LOC-0050,2024-02-28 21:59:08,2024-02-28 23:24:08,,85,82813.72,2.5,207034.3,Completed,GoPay,Success
1791,TRP-001697,DRV-00147,USR-01004,LOC-0027,LOC-0017,2024-08-13 11:52:22,2024-08-13 12:25:22,29.29,33,37662.38,1.25,47077.97,Completed,GoPay,Success
1792,TRP-001698,DRV-00286,USR-00212,LOC-0036,LOC-0005,2024-05-21 06:39:47,2024-05-21 07:33:47,36.02,54,102282.71,1.0,102282.71,Completed,Credit Card,Success
1793,TRP-001699,DRV-00038,USR-01872,LOC-0047,LOC-0031,2024-10-21 20:30:02,2024-10-21 21:46:02,18.75,76,11867.51,0.5,11867.51,Completed,GoPay,Success
1794,TRP-001700,DRV-00247,USR-01100,LOC-0005,LOC-0013,2024-07-25 06:04:40,2024-07-25 07:19:40,27.1,75,72192.14,1.25,90240.18,Completed,Credit Card,Success
1795,TRP-001701,DRV-00095,USR-01613,LOC-0029,LOC-0043,2024-07-19 17:47:15,2024-07-19 18:09:15,11.68,22,90104.2,1.0,90104.2,Completed,Cash,Success
1796,TRP-001702,DRV-00213,USR-00204,LOC-0056,LOC-0044,2024-02-03 04:53:27,2024-02-03 05:46:27,17.84,53,134514.43,1.75,235400.25,Completed,GoPay,Success
1797,TRP-001703,DRV-00044,USR-00568,LOC-0046,LOC-0005,2024-11-25 15:01:51,2024-11-25 15:30:51,22.89,29,149346.0,1.0,149346.0,Completed,GoPay,Success
1798,TRP-001704,DRV-00418,USR-00919,LOC-0035,LOC-0043,2024-08-03 23:46:39,2024-08-04 00:50:39,28.4,64,77150.62,1.0,77150.62,Cancelled,Cash,Success
1799,TRP-001705,DRV-00362,USR-00492,LOC-0027,LOC-0037,2024-08-08 23:34:02,2024-08-09 01:34:02,23.7,120,69730.1,1.5,104595.15,Completed,Credit Card,Success
1800,TRP-001706,DRV-00380,USR-01709,LOC-0054,LOC-0024,2024-06-10 17:55:43,2024-06-10 19:44:43,4.34,109,130488.64,1.0,130488.64,Completed,Cash,Success
1801,TRP-001707,DRV-00212,USR-00151,LOC-0035,LOC-0045,2024-12-26 17:14:55,2024-12-26 19:06:55,21.01,112,107699.96,1.0,107699.96,Completed,Credit Card,Failed
1802,TRP-001707,DRV-00212,USR-00151,LOC-0035,LOC-0045,2024-12-26 17:14:55,2024-12-26 19:06:55,21.01,112,107699.96,1.0,107699.96,Completed,Credit Card,Failed
1803,TRP-001708,DRV-00180,USR-01706,LOC-0055,LOC-0025,2024-07-11 20:00:44,2024-07-11 21:31:44,3.43,91,26875.92,1.0,26875.92,Completed,Credit Card,Success
1804,TRP-001709,DRV-00225,USR-01477,LOC-0027,LOC-0014,2024-10-23 17:31:25,2024-10-23 18:01:25,23.97,30,10357.56,1.75,18125.73,Completed,Credit Card,Pending
1805,TRP-001710,DRV-00263,USR-01498,LOC-0025,LOC-0021,2024-05-03 21:29:47,2024-05-03 23:28:47,5.68,119,83361.3,1.5,125041.95,Completed,Credit Card,Success
1806,TRP-001711,DRV-00121,USR-00262,LOC-0040,LOC-0020,2024-01-13 12:51:30,2024-01-13 13:22:30,27.37,31,121207.79,1.25,151509.74,Completed,GoPay,Success
1807,TRP-001712,DRV-00285,USR-00146,LOC-0001,LOC-0045,2024-12-18 02:00:27,2024-12-18 03:35:27,20.32,95,114750.12,1.0,114750.12,Completed,GoPay,Failed
1808,TRP-001713,DRV-00293,USR-00829,LOC-0001,LOC-0051,2024-01-12 03:20:00,2024-01-12 05:05:00,17.83,105,63133.94,1.0,63133.94,Cancelled,Credit Card,Failed
1809,TRP-001714,DRV-00356,USR-00768,LOC-0025,LOC-0040,2024-06-28 19:40:59,2024-06-28 21:19:59,24.0,99,81437.15,1.0,81437.15,Completed,Credit Card,Failed
1810,TRP-001715,DRV-00403,USR-00035,LOC-0025,LOC-0037,2024-03-14 23:56:29,2024-03-15 00:40:29,31.22,44,35292.17,1.0,35292.17,Completed,Credit Card,Success
1811,TRP-001716,DRV-00361,USR-01601,LOC-0055,LOC-0047,2024-11-11 16:20:44,2024-11-11 17:57:44,5.5,97,75275.38,1.0,75275.38,Completed,Cash,Success
1812,TRP-001717,DRV-00411,USR-01522,LOC-0025,LOC-0008,2024-12-18 13:32:08,2024-12-18 14:54:08,35.31,82,131321.04,1.25,164151.3,Cancelled,GoPay,Success
1813,TRP-001718,DRV-00352,USR-00335,LOC-0006,LOC-0052,2024-03-17 14:56:45,2024-03-17 15:41:45,39.75,45,109817.01,1.0,109817.01,Completed,Credit Card,Success
1814,TRP-001719,DRV-00481,USR-00512,LOC-0004,LOC-0026,2024-09-05 19:09:03,2024-09-05 19:45:03,37.7,36,58784.13,1.75,102872.23,Failed,Cash,Success
1815,TRP-001720,DRV-00489,USR-00778,LOC-0032,LOC-0040,2024-05-20 07:17:27,2024-05-20 09:09:27,23.62,112,107048.02,1.0,107048.02,Completed,GoPay,Success
1816,TRP-001721,DRV-00061,USR-01657,LOC-0009,LOC-0002,2024-11-21 05:55:46,2024-11-21 07:22:46,12.92,87,46956.1,1.0,46956.1,Completed,Credit Card,Success
1817,TRP-001722,DRV-00207,USR-01171,LOC-0018,LOC-0008,2024-04-01 11:27:24,2024-04-01 13:03:24,16.16,96,0.0,1.5,0.0,Completed,Credit Card,Success
1818,TRP-001723,DRV-00489,USR-00609,LOC-0008,LOC-0036,2024-09-26 00:26:45,2024-09-26 01:06:45,13.62,40,15343.9,1.5,23015.85,Completed,Credit Card,Success
1819,TRP-001724,DRV-00176,USR-01488,LOC-0010,LOC-0032,2024-08-05 18:17:29,2024-08-05 19:19:29,3.49,62,94219.72,1.0,94219.72,Cancelled,GoPay,Success
1820,TRP-001725,DRV-00196,USR-01634,LOC-0001,LOC-0017,2024-06-23 07:26:09,2024-06-23 08:45:09,7.57,0,88239.17,1.75,154418.55,Completed,Cash,Success
1821,TRP-001726,DRV-00001,USR-01825,LOC-0047,LOC-0031,2024-05-19 02:55:55,2024-05-19 03:08:55,5.15,13,90600.71,1.25,113250.89,Completed,Credit Card,Success
1822,TRP-001727,DRV-00396,USR-00624,LOC-0050,LOC-0044,2024-11-10 12:54:32,2024-11-10 13:54:32,32.76,60,22878.67,2.5,57196.67,Completed,GoPay,Success
1823,TRP-001728,DRV-00408,USR-00464,LOC-0049,LOC-0036,2024-06-01 08:45:59,2024-06-01 09:21:59,31.85,36,26713.21,1.0,26713.21,Completed,Credit Card,Success
1824,TRP-001729,DRV-00415,USR-01690,LOC-0018,LOC-0038,2024-07-07 22:36:40,2024-07-07 23:43:40,2.18,67,53792.26,1.0,53792.26,Completed,GoPay,Success
1825,TRP-001729,DRV-00415,USR-01690,LOC-0018,LOC-0038,2024-07-07 22:36:40,2024-07-07 23:43:40,2.18,67,53792.26,1.0,53792.26,Completed,GoPay,Success
1826,TRP-001730,DRV-00277,USR-01336,LOC-0003,LOC-0056,2024-01-30 14:45:52,2024-01-30 16:24:52,,99,,0.8,,Completed,Credit Card,Success
1827,TRP-001731,DRV-00148,USR-01297,LOC-0023,LOC-0027,2024-07-22 17:57:58,2024-07-22 19:01:58,25.14,64,93813.57,3.5,93813.57,Completed,GoPay,Failed
1828,TRP-001732,DRV-00161,USR-01306,LOC-0030,LOC-0021,2024-07-18 15:06:00,2024-07-18 16:44:00,11.41,98,122213.31,1.0,122213.31,Completed,GoPay,Success
1829,TRP-001733,DRV-00116,USR-00490,LOC-0054,LOC-0022,2024-06-18 06:47:04,2024-06-18 08:44:04,25.01,117,136630.89,1.0,136630.89,Completed,Cash,Success
1830,TRP-001734,DRV-00431,USR-01703,LOC-0046,LOC-0051,2024-05-21 08:43:08,2024-05-21 08:59:08,29.52,16,49387.87,1.0,49387.87,Completed,Cash,Success
1831,TRP-001735,DRV-00109,USR-00524,LOC-0041,LOC-0028,2024-05-23 11:34:11,2024-05-23 13:13:11,35.84,99,60680.55,1.0,60680.55,Completed,Credit Card,Success
1832,TRP-001736,DRV-00346,USR-00107,LOC-0005,LOC-0057,2024-08-21 18:58:49,2024-08-21 20:53:49,30.39,115,96471.32,1.5,144706.98,Completed,Credit Card,Success
1833,TRP-001737,DRV-00176,USR-01290,LOC-0046,LOC-0054,2024-06-15 21:48:21,2024-06-15 22:14:21,33.35,26,84612.9,1.75,148072.57,Cancelled,Credit Card,Success
1834,TRP-001738,DRV-00233,USR-01629,LOC-0022,LOC-0056,2024-01-29 08:15:34,2024-01-29 08:56:34,29.82,41,46024.12,1.0,46024.12,Completed,Credit Card,Success
1835,TRP-001739,DRV-00389,USR-00709,LOC-0043,LOC-0021,2024-10-25 14:07:50,2024-10-25 14:51:50,17.29,44,59184.99,1.0,59184.99,Completed,GoPay,Success
1836,TRP-001740,DRV-00226,USR-00319,LOC-0022,LOC-0016,2024-11-03 01:36:44,2024-11-03 01:46:44,10.05,-5,54183.16,1.0,54183.16,CANCELLED,Credit Card,Success
1837,TRP-001741,DRV-00400,USR-01866,LOC-0047,LOC-0050,2024-03-22 19:54:25,2024-03-22 20:17:25,23.42,23,140772.32,1.0,140772.32,Completed,Cash,Success
1838,TRP-001742,DRV-00391,USR-01296,LOC-0014,LOC-0012,2024-10-16 17:18:36,2024-10-16 18:47:36,7.2,89,64371.48,1.0,64371.48,Completed,Cash,Success
1839,TRP-001743,DRV-00255,USR-00761,LOC-0025,LOC-0052,2024-05-14 00:33:56,2024-05-14 02:16:56,37.04,103,86491.15,1.0,86491.15,Failed,GoPay,Success
1840,TRP-001744,DRV-00261,USR-00724,LOC-0049,LOC-0029,2024-07-31 09:53:55,2024-07-31 10:59:55,21.7,66,36152.95,1.75,63267.66,Cancelled,GoPay,Success
1841,TRP-001745,DRV-00350,USR-01749,LOC-0005,LOC-0037,2024-08-21 23:48:06,2024-08-22 01:09:06,17.85,-5,60591.22,1.25,75739.02,Cancelled,Credit Card,Success
1842,TRP-001746,DRV-00343,USR-00655,LOC-0044,LOC-0049,2024-05-26 11:39:21,2024-05-26 13:10:21,19.24,91,135434.12,2.0,270868.24,Completed,Credit Card,Success
1843,TRP-001746,DRV-00343,USR-00655,LOC-0044,LOC-0049,2024-05-26 11:39:21,2024-05-26 13:10:21,19.24,91,135434.12,2.0,270868.24,Completed,Credit Card,Success
1844,TRP-001747,DRV-00068,USR-00071,LOC-0032,LOC-0022,2024-12-10 02:46:00,2024-12-10 04:20:00,36.34,94,16390.4,1.0,16390.4,Cancelled,GoPay,Failed
1845,TRP-001748,DRV-00254,USR-00390,LOC-0040,LOC-0011,2024-01-17 02:11:10,2024-01-17 02:40:10,12.62,29,121219.68,1.75,212134.44,Completed,GoPay,Success
1846,TRP-001748,DRV-00254,USR-00390,LOC-0040,LOC-0011,2024-01-17 02:11:10,2024-01-17 02:40:10,12.62,29,121219.68,1.75,212134.44,Completed,GoPay,Success
1847,TRP-001749,DRV-00035,USR-00371,LOC-0004,LOC-0050,2024-03-17 01:31:55,2024-03-17 03:17:55,16.5,106,137369.51,1.25,171711.89,Failed,GoPay,Success
1848,TRP-001750,DRV-00213,USR-01357,LOC-0027,LOC-0018,2024-07-06 17:45:48,2024-07-06 18:03:48,39.65,18,78419.95,1.25,98024.94,Completed,Cash,Success
1849,TRP-001751,DRV-00385,USR-00395,LOC-0001,LOC-0043,2024-01-03 00:08:52,2024-01-03 00:27:52,29.72,19,21207.55,1.75,37113.21,Completed,GoPay,Success
1850,TRP-001752,DRV-00194,USR-01457,LOC-0045,LOC-0018,2024-03-22 20:45:13,2024-03-22 20:59:13,22.44,14,13388.13,1.0,13388.13,Completed,Credit Card,Success
1851,TRP-001753,DRV-00243,USR-00237,LOC-0003,LOC-0026,2024-01-19 17:40:07,2024-01-19 19:31:07,16.34,111,70208.21,2.0,140416.42,Completed,Cash,Success
1852,TRP-001754,DRV-00014,USR-01032,LOC-0043,LOC-0017,2024-07-01 21:19:44,2024-07-01 22:48:44,32.59,89,126438.88,1.5,189658.32,Completed,Credit Card,Success
1853,TRP-001755,DRV-00323,USR-00759,LOC-0030,LOC-0050,2024-05-21 14:52:46,2024-05-21 15:59:46,24.11,67,134095.97,1.5,201143.96,Completed,Credit Card,Success
1854,TRP-001756,DRV-00427,USR-01993,LOC-0002,LOC-0054,2024-08-14 10:57:50,2024-08-14 12:44:50,25.1,107,96641.58,1.75,169122.77,Cancelled ,Cash,Success
1855,TRP-001757,DRV-00100,USR-00542,LOC-0057,LOC-0014,2024-01-10 15:11:40,2024-01-10 15:54:40,24.86,43,86239.75,1.0,86239.75,Completed,GoPay,Success
1856,TRP-001758,DRV-00316,USR-00890,LOC-0052,LOC-0019,2024-11-02 18:25:18,2024-11-02 20:06:18,4.49,101,69414.19,1.0,69414.19,Completed,GoPay,Success
1857,TRP-001759,DRV-00244,USR-01642,LOC-0012,LOC-0026,2024-03-28 10:19:02,2024-03-28 11:56:02,10.68,97,14086.08,5.0,21129.12,Completed,Credit Card,Failed
1858,TRP-001760,DRV-00086,USR-01581,LOC-0024,LOC-0034,2024-01-09 00:55:09,2024-01-09 01:43:09,12.88,48,133163.87,1.0,133163.87,Failed,Credit Card,Success
1859,TRP-001761,DRV-00290,USR-01088,LOC-0007,LOC-0056,2024-09-13 03:03:19,2024-09-13 04:11:19,39.97,68,136042.13,2.5,340105.33,completed,GoPay,Success
1860,TRP-001762,DRV-00274,USR-00841,LOC-0034,LOC-0043,2024-06-17 05:11:40,2024-06-17 05:56:40,17.35,45,113344.63,1.0,113344.63,Completed,GoPay,Success
1861,TRP-001763,DRV-00089,USR-00651,LOC-0030,LOC-0029,2024-12-25 09:12:01,2024-12-25 10:10:01,22.0,58,126843.74,1.25,158554.68,Completed,Cash,Success
1862,TRP-001764,DRV-00499,USR-01369,LOC-0042,LOC-0016,2024-09-11 23:50:09,2024-09-12 01:01:09,29.84,71,14218.53,1.0,14218.53,Completed,Credit Card,Success
1863,TRP-001765,DRV-00318,USR-01250,LOC-0025,LOC-0048,2024-09-16 04:53:22,2024-09-16 06:23:22,29.76,90,29716.7,1.0,29716.7,Completed,Cash,Success
1864,TRP-001766,DRV-00352,USR-01403,LOC-0041,LOC-0056,2024-03-30 07:10:36,2024-03-30 07:49:36,32.37,39,80717.45,1.0,80717.45,Completed,Credit Card,Success
1865,TRP-001767,DRV-00369,USR-01425,LOC-0047,LOC-0027,2024-06-03 09:56:58,2024-06-03 10:12:58,26.8,16,120819.88,1.0,120819.88,Failed,Credit Card,Success
1866,TRP-001768,DRV-00128,USR-00659,LOC-0028,LOC-0035,2024-01-24 18:46:03,2024-01-24 20:24:03,39.85,98,83122.2,1.0,83122.2,Completed,GoPay,Success
1867,TRP-001769,DRV-00252,USR-01527,LOC-0019,LOC-0016,2024-01-08 23:55:06,2024-01-09 01:24:06,16.88,89,79968.67,1.0,79968.67,Completed,GoPay,Success
1868,TRP-001770,DRV-00054,USR-00862,LOC-0044,LOC-0011,2024-08-05 12:59:00,2024-08-05 14:39:00,23.98,100,87908.31,1.0,87908.31,Completed,GoPay,Success
1869,TRP-001771,DRV-00394,USR-01948,LOC-0054,LOC-0036,2024-12-20 00:07:55,2024-12-20 01:16:55,16.34,69,66339.79,1.0,66339.79,Completed,GoPay,Success
1870,TRP-001772,DRV-00067,USR-00622,LOC-0026,LOC-0056,2024-08-25 05:35:49,2024-08-25 06:36:49,21.13,61,56350.15,1.5,84525.23,Completed,GoPay,Success
1871,TRP-001773,DRV-00329,USR-00931,LOC-0002,LOC-0047,2024-08-31 04:25:00,2024-08-31 06:21:00,13.76,116,97586.26,1.0,97586.26,Cancelled,Cash,Success
1872,TRP-001774,DRV-00280,USR-01365,LOC-0016,LOC-0008,2024-03-10 10:32:27,2024-03-10 11:40:27,17.99,68,79356.25,1.5,119034.38,Completed,Credit Card,Success
1873,TRP-001775,DRV-00388,USR-01109,LOC-0035,LOC-0008,2024-05-30 06:11:04,2024-05-30 06:22:04,26.87,11,133194.12,1.5,199791.18,Completed,Cash,Success
1874,TRP-001776,DRV-00017,USR-01340,LOC-0007,LOC-0020,2024-09-18 14:14:49,2024-09-18 16:03:49,19.04,109,41134.25,1.25,51417.81,Completed,GoPay,Success
1875,TRP-001777,DRV-00459,USR-01455,LOC-0001,LOC-0045,2024-02-08 11:13:55,2024-02-08 11:40:55,18.89,27,20288.03,1.75,35504.05,CANCELLED,Credit Card,Success
1876,TRP-001778,DRV-00231,USR-00578,LOC-0018,LOC-0033,2024-08-09 08:03:25,2024-08-09 08:45:25,1.55,42,83662.52,1.25,104578.15,Completed,Credit Card,Success
1877,TRP-001779,DRV-00167,USR-01139,LOC-0048,LOC-0019,2024-01-13 18:59:26,2024-01-13 19:28:26,28.09,29,44314.72,1.0,44314.72,Completed,Cash,Success
1878,TRP-001780,DRV-00092,USR-00848,LOC-0003,LOC-0001,2024-08-03 07:36:08,2024-08-03 07:47:08,15.24,-10,,1.25,,Completed,Credit Card,Success
1879,TRP-001781,DRV-00444,USR-01073,LOC-0048,LOC-0031,2024-09-01 12:33:57,2024-09-01 13:03:57,31.65,30,101790.57,1.25,127238.21,Completed,GoPay,Success
1880,TRP-001782,DRV-00105,USR-01789,LOC-0046,LOC-0038,2024-06-30 12:16:10,2024-06-30 13:14:10,37.85,58,64822.29,0.8,64822.29,Completed,Cash,Failed
1881,TRP-001783,DRV-00340,USR-00342,LOC-0054,LOC-0053,2024-09-26 17:32:13,2024-09-26 18:58:13,13.02,86,125010.8,1.0,125010.8,Completed,GoPay,Success
1882,TRP-001784,DRV-00327,USR-01680,LOC-0035,LOC-0032,2024-09-07 10:34:49,2024-09-07 12:07:49,11.5,93,55332.67,1.25,69165.84,Completed,GoPay,Success
1883,TRP-001785,DRV-00457,USR-01056,LOC-0042,LOC-0015,2024-04-11 23:05:34,2024-04-12 00:06:34,26.54,61,100669.51,1.5,151004.26,COMPLETED,Cash,Success
1884,TRP-001786,DRV-00045,USR-00557,LOC-0047,LOC-0038,2024-08-21 13:56:00,2024-08-21 15:31:00,30.56,95,147299.0,1.75,257773.25,Cancelled,Credit Card,Success
1885,TRP-001787,DRV-00261,USR-01260,LOC-0044,LOC-0048,2024-09-24 20:41:13,2024-09-24 21:03:13,11.72,22,129113.34,2.0,258226.68,Completed,GoPay,Success
1886,TRP-001788,DRV-00248,USR-00554,LOC-0038,LOC-0017,2024-01-17 16:06:19,2024-01-17 18:03:19,2.72,117,131625.0,1.0,131625.0,Completed,Credit Card,Pending
1887,TRP-001789,DRV-00286,USR-01307,LOC-0043,LOC-0002,2024-05-18 01:25:59,2024-05-18 02:33:59,32.28,68,21246.7,2.0,42493.4,Completed,GoPay,Pending
1888,TRP-001790,DRV-00420,USR-01853,LOC-0045,LOC-0050,2024-05-25 02:18:34,2024-05-25 03:49:34,,91,13428.78,1.25,16785.98,Completed,Credit Card,Success
1889,TRP-001791,DRV-00361,USR-00384,LOC-0019,LOC-0041,2024-09-07 16:41:51,2024-09-07 18:18:51,12.13,97,77689.49,1.0,77689.49,Completed,Cash,Success
1890,TRP-001792,DRV-00319,USR-01923,LOC-0024,LOC-0053,2024-07-02 17:02:03,2024-07-02 18:40:03,19.9,98,32306.99,1.0,32306.99,Completed,Cash,Success
1891,TRP-001793,DRV-00309,USR-00061,LOC-0040,LOC-0007,2024-11-29 11:14:24,2024-11-29 13:04:24,27.3,-5,15173.5,1.25,18966.88,Completed,Cash,Success
1892,TRP-001794,DRV-00081,USR-00399,LOC-0001,LOC-0022,2024-10-30 07:18:45,2024-10-30 08:40:45,19.59,82,58194.2,1.0,58194.2,Failed,Cash,Pending
1893,TRP-001795,DRV-00183,USR-00711,LOC-0009,LOC-0023,2024-07-16 15:30:26,2024-07-16 16:32:26,22.74,62,141701.93,1.75,247978.38,Completed,Credit Card,Pending
1894,TRP-001796,DRV-00262,USR-00969,LOC-0008,LOC-0016,2024-01-18 11:04:38,2024-01-18 11:20:38,3.1,16,58076.63,1.0,58076.63,Completed,Cash,Success
1895,TRP-001797,DRV-00148,USR-00933,LOC-0001,LOC-0020,2024-11-13 18:43:56,2024-11-13 19:08:56,27.89,25,53591.55,1.0,53591.55,Completed,Cash,Success
1896,TRP-001798,DRV-00202,USR-01328,LOC-0008,LOC-0014,2024-07-26 16:51:21,2024-07-26 18:23:21,18.19,92,132455.99,1.25,165569.99,Completed,Credit Card,Success
1897,TRP-001799,DRV-00316,USR-01368,LOC-0040,LOC-0030,2024-11-24 23:58:13,2024-11-25 01:07:13,29.03,69,21337.28,1.0,21337.28,Completed,Credit Card,Success
1898,TRP-001800,DRV-00002,USR-01774,LOC-0038,LOC-0034,2024-05-08 20:58:47,2024-05-08 22:25:47,7.05,87,23910.62,1.0,23910.62,Completed,Credit Card,Success
1899,TRP-001801,DRV-00274,USR-01193,LOC-0014,LOC-0047,2024-07-15 08:56:33,2024-07-15 09:59:33,4.18,63,98459.47,1.0,98459.47,Cancelled,Credit Card,Success
1900,TRP-001802,DRV-00317,USR-00849,LOC-0041,LOC-0021,2024-03-04 03:12:21,2024-03-04 04:54:21,3.63,102,107195.13,3.5,187591.48,Completed,Credit Card,Success
1901,TRP-001803,DRV-00032,USR-00287,LOC-0041,LOC-0053,2024-07-25 10:10:01,2024-07-25 11:56:01,37.25,106,139701.23,1.25,174626.54,Completed,Cash,Success
1902,TRP-001803,DRV-00032,USR-00287,LOC-0041,LOC-0053,2024-07-25 10:10:01,2024-07-25 11:56:01,37.25,106,139701.23,1.25,174626.54,Completed,Cash,Success
1903,TRP-001804,DRV-00266,USR-00496,LOC-0029,LOC-0057,2024-03-22 10:35:17,2024-03-22 10:58:17,31.47,23,107289.33,1.0,107289.33,Completed,Cash,Success
1904,TRP-001805,DRV-00355,USR-01058,LOC-0004,LOC-0049,2024-03-11 08:12:17,2024-03-11 08:58:17,14.55,46,127137.3,1.0,127137.3,Completed,Cash,Pending
1905,TRP-001806,DRV-00421,USR-00844,LOC-0013,LOC-0009,2024-07-11 13:20:03,2024-07-11 14:59:03,3.13,99,38774.8,1.0,38774.8,Completed,GoPay,Success
1906,TRP-001807,DRV-00141,USR-00426,LOC-0014,LOC-0019,2024-09-20 23:28:55,2024-09-21 00:31:55,1.08,63,100937.38,2.5,252343.45,Completed,GoPay,Success
1907,TRP-001808,DRV-00020,USR-01663,LOC-0011,LOC-0023,2024-02-28 13:04:10,2024-02-28 13:26:10,15.04,22,111088.01,1.0,111088.01,Completed,Credit Card,Success
1908,TRP-001809,DRV-00135,USR-01496,LOC-0048,LOC-0052,2024-09-12 23:19:51,2024-09-13 00:08:51,21.9,49,33726.11,1.0,33726.11,Cancelled,GoPay,Success
1909,TRP-001810,DRV-00371,USR-01911,LOC-0024,LOC-0053,2024-11-11 20:13:26,2024-11-11 20:53:26,,40,66784.88,1.0,66784.88,Completed,GoPay,Success
1910,TRP-001811,DRV-00138,USR-00106,LOC-0033,LOC-0032,2024-01-14 21:18:51,2024-01-14 23:04:51,15.59,106,88737.24,2.0,177474.48,Failed,GoPay,Success
1911,TRP-001812,DRV-00134,USR-01809,LOC-0014,LOC-0041,2024-08-06 23:16:28,2024-08-07 01:05:28,18.11,109,84182.49,1.0,84182.49,Completed,GoPay,Failed
1912,TRP-001812,DRV-00134,USR-01809,LOC-0014,LOC-0041,2024-08-06 23:16:28,2024-08-07 01:05:28,18.11,109,84182.49,1.0,84182.49,Completed,GoPay,Failed
1913,TRP-001813,DRV-00320,USR-01994,LOC-0048,LOC-0009,2024-06-06 16:42:59,2024-06-06 18:12:59,16.14,-5,90920.71,1.0,90920.71,Completed,Cash,Failed
1914,TRP-001814,DRV-00265,USR-01220,LOC-0049,LOC-0040,2024-09-03 03:45:13,2024-09-03 05:30:13,2.52,105,65681.4,1.0,65681.4,Completed,Credit Card,Success
1915,TRP-001815,DRV-00032,USR-00818,LOC-0016,LOC-0046,2024-01-25 21:12:43,2024-01-25 22:35:43,5.1,83,15204.99,1.0,15204.99,Completed,GoPay,Success
1916,TRP-001816,DRV-00368,USR-00302,LOC-0054,LOC-0004,2024-11-20 19:14:02,2024-11-20 19:43:02,22.36,-10,25233.51,1.5,37850.26,Completed,Credit Card,Success
1917,TRP-001817,DRV-00075,USR-00536,LOC-0048,LOC-0039,2024-03-01 15:53:05,2024-03-01 16:24:05,,31,13130.3,1.0,13130.3,Completed,Credit Card,Success
1918,TRP-001818,DRV-00340,USR-00483,LOC-0022,LOC-0004,2024-09-05 19:41:52,2024-09-05 21:06:52,33.61,85,89404.43,1.5,134106.64,Completed,GoPay,Success
1919,TRP-001819,DRV-00378,USR-01427,LOC-0034,LOC-0018,2024-06-07 09:53:30,2024-06-07 11:37:30,20.04,104,62619.1,1.0,62619.1,Completed,Credit Card,Failed
1920,TRP-001819,DRV-00378,USR-01427,LOC-0034,LOC-0018,2024-06-07 09:53:30,2024-06-07 11:37:30,20.04,104,62619.1,1.0,62619.1,Completed,Credit Card,Failed
1921,TRP-001820,DRV-00239,USR-00082,LOC-0039,LOC-0004,2024-06-01 06:44:26,2024-06-01 07:25:26,35.95,41,43247.47,1.0,43247.47,Completed,GoPay,Failed
1922,TRP-001821,DRV-00400,USR-00406,LOC-0028,LOC-0012,2024-08-16 05:45:39,2024-08-16 06:13:39,12.37,28,123631.29,1.25,154539.11,Completed,Credit Card,Success
1923,TRP-001822,DRV-00222,USR-00341,LOC-0039,LOC-0011,2024-03-05 08:56:16,2024-03-05 09:29:16,39.67,33,142460.06,1.75,249305.1,Completed,Credit Card,Success
1924,TRP-001822,DRV-00222,USR-00341,LOC-0039,LOC-0011,2024-03-05 08:56:16,2024-03-05 09:29:16,39.67,33,142460.06,1.75,249305.1,Completed,Credit Card,Success
1925,TRP-001823,DRV-00075,USR-00994,LOC-0044,LOC-0002,2024-10-26 14:04:15,2024-10-26 15:28:15,34.61,84,50777.55,2.5,126943.88,Cancelled,Credit Card,Success
1926,TRP-001824,DRV-00416,USR-00758,LOC-0025,LOC-0030,2024-09-19 06:43:37,2024-09-19 06:56:37,21.37,13,125380.2,1.25,156725.25,Completed,GoPay,Failed
1927,TRP-001825,DRV-00330,USR-01955,LOC-0030,LOC-0018,2024-02-13 20:38:55,2024-02-13 21:33:55,37.0,55,130269.5,1.25,162836.88,Cancelled,GoPay,Success
1928,TRP-001826,DRV-00313,USR-00045,LOC-0022,LOC-0016,2024-10-23 02:29:53,2024-10-23 02:43:53,23.59,14,114241.39,1.0,114241.39,Completed,Credit Card,Success
1929,TRP-001827,DRV-00098,USR-00029,LOC-0001,LOC-0032,2024-01-02 17:44:32,2024-01-02 19:05:32,17.43,81,134387.4,1.25,167984.25,Completed,Cash,Success
1930,TRP-001828,DRV-00138,USR-01122,LOC-0016,LOC-0049,2024-05-22 10:11:55,2024-05-22 11:43:55,15.85,92,60828.08,0.8,76035.1,Completed,Credit Card,Success
1931,TRP-001829,DRV-00350,USR-00756,LOC-0052,LOC-0053,2024-09-03 15:56:02,2024-09-03 17:31:02,28.56,95,134923.48,1.0,134923.48,Completed,Credit Card,Success
1932,TRP-001830,DRV-00209,USR-00913,LOC-0027,LOC-0043,2024-07-16 01:18:49,2024-07-16 01:31:49,31.65,13,140703.29,1.75,246230.76,Cancelled,Credit Card,Success
1933,TRP-001831,DRV-00167,USR-01556,LOC-0013,LOC-0047,2024-03-01 12:55:56,2024-03-01 13:08:56,17.78,13,47891.6,1.5,71837.4,Completed,Cash,Success
1934,TRP-001832,DRV-00107,USR-00980,LOC-0005,LOC-0024,2024-02-28 00:06:33,2024-02-28 02:03:33,28.74,117,36608.99,1.0,36608.99,Completed,Cash,Success
1935,TRP-001833,DRV-00496,USR-01942,LOC-0005,LOC-0049,2024-03-13 08:46:09,2024-03-13 09:16:09,39.66,30,32880.64,1.75,57541.12,Completed,Credit Card,Success
1936,TRP-001834,DRV-00212,USR-01285,LOC-0056,LOC-0015,2024-01-15 08:59:36,2024-01-15 10:08:36,39.32,69,113187.26,1.0,113187.26,Completed,GoPay,Success
1937,TRP-001835,DRV-00311,USR-01312,LOC-0020,LOC-0009,2024-02-10 16:40:03,2024-02-10 17:04:03,29.82,24,77531.3,1.5,116296.95,Completed,GoPay,Success
1938,TRP-001836,DRV-00037,USR-01500,LOC-0054,LOC-0052,2024-04-23 23:02:36,2024-04-24 00:24:36,7.75,82,14307.38,1.25,17884.22,Completed,Credit Card,Pending
1939,TRP-001837,DRV-00496,USR-00424,LOC-0005,LOC-0002,2024-11-06 23:12:09,2024-11-07 00:06:09,15.45,54,0.0,1.0,0.0,Completed,Credit Card,Success
1940,TRP-001838,DRV-00060,USR-00543,LOC-0034,LOC-0015,2024-05-14 04:52:54,2024-05-14 05:11:54,13.95,19,12942.74,1.0,12942.74,Completed,GoPay,Pending
1941,TRP-001839,DRV-00063,USR-00241,LOC-0006,LOC-0047,2024-06-17 17:08:40,2024-06-17 17:40:40,34.74,32,75923.56,1.0,75923.56,Cancelled ,Cash,Success
1942,TRP-001840,DRV-00448,USR-01022,LOC-0012,LOC-0022,2024-05-15 01:23:09,2024-05-15 02:00:09,,37,107827.17,1.0,107827.17,Completed,GoPay,Success
1943,TRP-001841,DRV-00091,USR-00616,LOC-0002,LOC-0037,2024-07-20 00:00:46,2024-07-20 01:05:46,29.05,65,14827.53,0.8,18534.41,Completed,GoPay,Success
1944,TRP-001842,DRV-00303,USR-00202,LOC-0050,LOC-0046,2024-11-21 04:29:37,2024-11-21 05:13:37,31.13,44,13603.64,1.25,17004.55,Completed,GoPay,Success
1945,TRP-001843,DRV-00406,USR-01317,LOC-0012,LOC-0035,2024-07-21 06:05:19,2024-07-21 07:12:19,34.45,67,52826.53,1.0,52826.53,Completed,Cash,Success
1946,TRP-001844,DRV-00331,USR-00356,LOC-0031,LOC-0016,2024-07-25 19:41:29,2024-07-25 21:21:29,17.91,100,93330.45,1.0,93330.45,Completed,Cash,Success
1947,TRP-001845,DRV-00240,USR-00304,LOC-0053,LOC-0018,2024-03-14 09:50:51,2024-03-14 10:02:51,29.7,12,78979.27,1.0,78979.27,Completed,Credit Card,Success
1948,TRP-001846,DRV-00313,USR-01623,LOC-0015,LOC-0042,2024-05-19 05:33:36,2024-05-19 05:53:36,28.92,20,130573.32,1.0,130573.32,Completed,GoPay,Pending
1949,TRP-001847,DRV-00199,USR-01317,LOC-0011,LOC-0002,2024-02-01 23:30:50,2024-02-02 00:37:50,33.22,67,138386.99,1.25,172983.74,Failed,Credit Card,Success
1950,TRP-001848,DRV-00301,USR-00867,LOC-0050,LOC-0008,2024-02-03 22:57:30,2024-02-04 00:55:30,38.61,118,87654.75,1.0,87654.75,Completed,GoPay,Success
1951,TRP-001849,DRV-00397,USR-01083,LOC-0027,LOC-0015,2024-12-10 20:37:46,2024-12-10 22:29:46,9.06,0,124271.47,1.25,155339.34,completed,GoPay,Success
1952,TRP-001850,DRV-00174,USR-01703,LOC-0004,LOC-0045,2024-08-24 06:51:19,2024-08-24 07:07:19,22.39,16,16027.16,1.25,20033.95,Completed,GoPay,Success
1953,TRP-001851,DRV-00160,USR-01639,LOC-0005,LOC-0039,2024-08-10 21:15:43,2024-08-10 23:00:43,12.23,105,19454.12,1.0,19454.12,Completed,GoPay,Success
1954,TRP-001852,DRV-00048,USR-01191,LOC-0008,LOC-0050,2024-09-01 19:16:09,2024-09-01 20:30:09,5.27,74,135755.77,1.0,135755.77,Cancelled,GoPay,Success
1955,TRP-001853,DRV-00490,USR-01425,LOC-0006,LOC-0009,2024-10-24 19:19:24,2024-10-24 20:30:24,17.98,71,56597.66,1.0,56597.66,Completed,Credit Card,Success
1956,TRP-001854,DRV-00182,USR-01321,LOC-0043,LOC-0057,2024-02-21 08:52:09,2024-02-21 09:24:09,25.21,32,17341.21,1.0,17341.21,Cancelled,Cash,Success
1957,TRP-001855,DRV-00203,USR-00967,LOC-0024,LOC-0056,2024-03-19 23:37:27,2024-03-20 01:25:27,31.99,108,141949.88,0.5,248412.29,Completed,Credit Card,Success
1958,TRP-001856,DRV-00023,USR-01562,LOC-0053,LOC-0046,2024-01-11 00:11:38,2024-01-11 00:47:38,20.21,36,22459.65,1.0,22459.65,Completed,Credit Card,Success
1959,TRP-001856,DRV-00023,USR-01562,LOC-0053,LOC-0046,2024-01-11 00:11:38,2024-01-11 00:47:38,20.21,36,22459.65,1.0,22459.65,Completed,Credit Card,Success
1960,TRP-001857,DRV-00351,USR-01259,LOC-0002,LOC-0038,2024-06-29 05:08:57,2024-06-29 06:02:57,20.07,54,82835.75,1.5,124253.62,Completed,Cash,Success
1961,TRP-001858,DRV-00303,USR-00592,LOC-0048,LOC-0043,2024-10-01 05:15:10,2024-10-01 06:16:10,28.98,61,70783.84,1.25,88479.8,Completed,GoPay,Pending
1962,TRP-001859,DRV-00485,USR-00078,LOC-0011,LOC-0048,2024-05-28 04:26:35,2024-05-28 04:38:35,30.08,12,35211.21,1.25,44014.01,Cancelled,Cash,Success
1963,TRP-001860,DRV-00463,USR-00513,LOC-0056,LOC-0040,2024-08-11 17:55:57,2024-08-11 18:32:57,34.14,37,103614.56,1.0,103614.56,Completed,GoPay,Failed
1964,TRP-001861,DRV-00156,USR-00622,LOC-0017,LOC-0015,2024-10-11 05:58:08,2024-10-11 07:39:08,34.04,101,103747.57,1.5,155621.36,Cancelled,Cash,Success
1965,TRP-001862,DRV-00309,USR-00627,LOC-0029,LOC-0026,2024-10-19 17:29:38,2024-10-19 18:06:38,5.08,37,110145.71,1.25,137682.14,Completed,Credit Card,Success
1966,TRP-001863,DRV-00152,USR-00819,LOC-0047,LOC-0043,2024-01-31 10:56:34,2024-01-31 11:46:34,3.71,50,146710.13,2.0,293420.26,Completed,Cash,Success
1967,TRP-001864,DRV-00448,USR-00650,LOC-0033,LOC-0041,2024-06-22 02:57:51,2024-06-22 04:11:51,27.43,74,108795.32,1.0,108795.32,Completed,Cash,Success
1968,TRP-001865,DRV-00154,USR-01479,LOC-0019,LOC-0042,2024-05-10 18:43:21,2024-05-10 18:55:21,27.89,12,133378.14,1.25,166722.68,Completed,GoPay,Success
1969,TRP-001866,DRV-00272,USR-00802,LOC-0003,LOC-0010,2024-08-22 23:12:07,2024-08-23 00:53:07,16.77,101,56303.78,0.5,56303.78,Completed,Credit Card,Failed
1970,TRP-001867,DRV-00362,USR-01080,LOC-0045,LOC-0032,2024-07-19 13:03:53,2024-07-19 14:07:53,37.81,64,20598.38,1.0,20598.38,Completed,Credit Card,Success
1971,TRP-001868,DRV-00331,USR-01524,LOC-0017,LOC-0024,2024-04-16 04:01:57,2024-04-16 05:47:57,4.39,106,39222.94,1.5,58834.41,Completed,GoPay,Success
1972,TRP-001869,DRV-00270,USR-01729,LOC-0009,LOC-0003,2024-11-14 18:13:33,2024-11-14 18:48:33,24.2,-5,125649.92,1.0,125649.92,Completed,GoPay,Success
1973,TRP-001870,DRV-00465,USR-01742,LOC-0041,LOC-0042,2024-12-12 16:49:44,2024-12-12 18:43:44,15.97,114,18350.87,1.0,18350.87,Cancelled,GoPay,Success
1974,TRP-001871,DRV-00426,USR-00890,LOC-0048,LOC-0015,2024-02-28 04:31:38,2024-02-28 05:59:38,13.32,88,68204.06,1.0,68204.06,Completed,Credit Card,Success
1975,TRP-001872,DRV-00349,USR-00741,LOC-0048,LOC-0032,2024-07-03 02:40:32,2024-07-03 03:15:32,3.35,35,64155.28,1.0,64155.28,Cancelled,GoPay,Success
1976,TRP-001873,DRV-00302,USR-00318,LOC-0021,LOC-0028,2024-09-19 18:23:45,2024-09-19 19:38:45,31.81,75,136689.53,1.25,170861.91,Cancelled,Credit Card,Failed
1977,TRP-001874,DRV-00134,USR-00001,LOC-0009,LOC-0016,2024-04-25 14:24:18,2024-04-25 15:34:18,,70,49636.8,1.0,49636.8,Completed,Cash,Success
1978,TRP-001875,DRV-00221,USR-01975,LOC-0022,LOC-0012,2024-08-09 09:26:19,2024-08-09 10:04:19,36.61,38,0.0,1.0,0.0,Completed,Cash,Success
1979,TRP-001876,DRV-00497,USR-01173,LOC-0016,LOC-0040,2024-06-23 08:25:59,2024-06-23 09:21:59,25.19,56,56092.92,1.0,56092.92,Completed,GoPay,Success
1980,TRP-001877,DRV-00259,USR-01795,LOC-0046,LOC-0045,2024-03-19 00:24:17,2024-03-19 01:52:17,26.8,88,117406.18,1.75,205460.82,Completed,Credit Card,Success
1981,TRP-001878,DRV-00277,USR-00679,LOC-0047,LOC-0010,2024-12-02 09:05:49,2024-12-02 10:21:49,18.58,76,129180.45,1.0,129180.45,Completed,GoPay,Success
1982,TRP-001879,DRV-00368,USR-00492,LOC-0036,LOC-0021,2024-04-30 16:13:52,2024-04-30 16:57:52,35.04,44,,1.0,,Completed,Cash,Success
1983,TRP-001880,DRV-00365,USR-01962,LOC-0036,LOC-0042,2024-08-29 11:42:38,2024-08-29 11:57:38,22.03,15,73193.09,1.0,73193.09,Cancelled,Cash,Pending
1984,TRP-001881,DRV-00246,USR-01602,LOC-0035,LOC-0006,2024-05-12 13:52:01,2024-05-12 14:54:01,5.78,62,133653.25,1.0,133653.25,Completed,GoPay,Success
1985,TRP-001882,DRV-00111,USR-01856,LOC-0005,LOC-0038,2024-09-25 07:05:10,2024-09-25 09:02:10,5.58,117,69522.68,1.75,121664.69,Completed,Cash,Success
1986,TRP-001883,DRV-00451,USR-01890,LOC-0026,LOC-0012,2024-12-29 09:28:17,2024-12-29 11:12:17,3.96,104,29406.26,1.0,29406.26,Completed,Credit Card,Success
1987,TRP-001884,DRV-00234,USR-00210,LOC-0026,LOC-0055,2024-06-21 02:12:01,2024-06-21 02:33:01,25.88,21,82633.8,1.25,103292.25,Completed,GoPay,Success
1988,TRP-001885,DRV-00014,USR-01608,LOC-0040,LOC-0013,2024-04-23 12:33:55,2024-04-23 14:20:55,3.74,107,118824.06,1.0,118824.06,Completed,GoPay,Pending
1989,TRP-001886,DRV-00440,USR-00371,LOC-0005,LOC-0037,2024-02-13 23:47:15,2024-02-14 01:42:15,,115,21794.32,1.0,21794.32,Completed,GoPay,Success
1990,TRP-001887,DRV-00050,USR-01625,LOC-0055,LOC-0026,2024-12-16 04:51:29,2024-12-16 06:51:29,12.61,120,,1.0,,Completed,Cash,Success
1991,TRP-001888,DRV-00495,USR-00359,LOC-0053,LOC-0047,2024-02-04 09:18:30,2024-02-04 09:32:30,4.91,14,57221.85,1.0,57221.85,Completed,Cash,Success
1992,TRP-001889,DRV-00242,USR-00087,LOC-0015,LOC-0007,2024-09-29 23:20:02,2024-09-30 01:13:02,19.72,113,60452.57,1.0,60452.57,Completed,Cash,Success
1993,TRP-001890,DRV-00443,USR-00396,LOC-0051,LOC-0026,2024-12-05 17:38:25,2024-12-05 18:48:25,25.03,70,82186.43,1.5,123279.64,Failed,Cash,Success
1994,TRP-001891,DRV-00449,USR-00240,LOC-0002,LOC-0044,2024-06-05 19:44:19,2024-06-05 20:18:19,,34,119757.88,1.75,209576.29,Completed,Credit Card,Success
1995,TRP-001892,DRV-00313,USR-01770,LOC-0009,LOC-0050,2024-01-30 15:48:39,2024-01-30 16:09:39,24.95,21,34488.78,1.0,34488.78,Failed,Credit Card,Success
1996,TRP-001893,DRV-00107,USR-01030,LOC-0031,LOC-0009,2024-12-05 18:12:54,2024-12-05 18:37:54,4.68,25,140347.25,1.0,140347.25,Completed,Credit Card,Success
1997,TRP-001894,DRV-00400,USR-01365,LOC-0050,LOC-0044,2024-05-22 17:49:50,2024-05-22 19:18:50,14.63,89,51729.34,2.5,129323.35,Completed,Credit Card,Pending
1998,TRP-001895,DRV-00016,USR-00013,LOC-0056,LOC-0021,2024-09-21 22:07:37,2024-09-21 23:46:37,11.53,99,68804.03,1.0,68804.03,Cancelled,GoPay,Success
1999,TRP-001896,DRV-00053,USR-01507,LOC-0057,LOC-0007,2024-02-16 11:50:30,2024-02-16 12:44:30,11.38,54,56532.25,1.25,70665.31,Completed,Credit Card,Success
2000,TRP-001897,DRV-00319,USR-01638,LOC-0043,LOC-0004,2024-08-21 21:32:26,2024-08-21 23:32:26,3.59,120,,1.0,,Completed,Cash,Pending
2001,TRP-001898,DRV-00204,USR-00052,LOC-0037,LOC-0002,2024-12-11 14:02:08,2024-12-11 14:21:08,17.4,19,,1.0,,Completed,Credit Card,Success
2002,TRP-001899,DRV-00336,USR-00547,LOC-0039,LOC-0032,2024-03-21 14:43:46,2024-03-21 15:09:46,3.29,26,129035.31,1.0,129035.31,Cancelled,Cash,Success
2003,TRP-001900,DRV-00222,USR-01526,LOC-0012,LOC-0021,2024-09-19 23:34:44,2024-09-20 00:55:44,22.32,81,130184.24,1.25,162730.3,Completed,Credit Card,Success
2004,TRP-001901,DRV-00183,USR-00200,LOC-0044,LOC-0026,2024-08-09 10:22:35,2024-08-09 12:05:35,9.2,103,110448.82,1.0,110448.82,Completed,Credit Card,Failed
2005,TRP-001902,DRV-00291,USR-00202,LOC-0041,LOC-0001,2024-04-01 01:11:38,2024-04-01 02:26:38,26.11,75,91082.45,1.25,113853.06,Cancelled,Cash,Success
2006,TRP-001903,DRV-00347,USR-01033,LOC-0055,LOC-0025,2024-07-25 01:57:18,2024-07-25 03:38:18,2.67,101,107305.55,1.0,107305.55,Completed,Credit Card,Success
2007,TRP-001904,DRV-00425,USR-01300,LOC-0021,LOC-0032,2024-07-18 14:05:52,2024-07-18 15:56:52,8.8,111,110107.63,2.5,275269.08,Completed,Cash,Success
2008,TRP-001905,DRV-00329,USR-01409,LOC-0020,LOC-0035,2024-05-17 18:44:40,2024-05-17 19:20:40,27.98,36,,1.0,,Cancelled,GoPay,Success
2009,TRP-001906,DRV-00381,USR-00148,LOC-0036,LOC-0007,2024-04-04 06:37:59,2024-04-04 08:17:59,33.94,100,64080.47,1.0,64080.47,Completed,GoPay,Pending
2010,TRP-001907,DRV-00099,USR-01363,LOC-0017,LOC-0034,2024-12-25 07:52:27,2024-12-25 08:15:27,1.33,23,111518.99,1.0,111518.99,Completed,Cash,Success
2011,TRP-001908,DRV-00080,USR-01359,LOC-0046,LOC-0050,2024-09-25 21:27:50,2024-09-25 23:16:50,29.61,109,88957.55,1.0,88957.55,Completed,GoPay,Success
2012,TRP-001909,DRV-00454,USR-01743,LOC-0020,LOC-0034,2024-03-31 22:43:42,2024-03-31 23:13:42,10.77,30,108477.46,1.25,135596.83,Completed,GoPay,Pending
2013,TRP-001910,DRV-00046,USR-01878,LOC-0045,LOC-0056,2024-09-04 10:19:02,2024-09-04 10:36:02,1.07,17,18999.3,1.5,28498.95,Completed,Credit Card,Success
2014,TRP-001911,DRV-00126,USR-00383,LOC-0015,LOC-0037,2024-10-09 07:56:25,2024-10-09 09:28:25,32.15,92,147825.16,1.0,147825.16,Completed,Cash,Success
2015,TRP-001912,DRV-00029,USR-00643,LOC-0013,LOC-0034,2024-09-18 17:27:52,2024-09-18 19:27:52,29.49,120,119018.04,1.0,119018.04,Completed,Cash,Success
2016,TRP-001913,DRV-00079,USR-00679,LOC-0029,LOC-0033,2024-03-10 13:35:24,2024-03-10 13:55:24,2.02,20,80269.47,1.0,80269.47,Completed,GoPay,Pending
2017,TRP-001914,DRV-00261,USR-01532,LOC-0054,LOC-0048,2024-12-05 21:58:57,2024-12-05 22:18:57,15.55,20,57061.22,1.25,71326.52,Completed,Credit Card,Pending
2018,TRP-001915,DRV-00283,USR-00626,LOC-0010,LOC-0018,2024-10-28 17:05:29,2024-10-28 18:22:29,19.7,77,100035.38,1.0,100035.38,Completed,Credit Card,Success
2019,TRP-001916,DRV-00332,USR-00500,LOC-0047,LOC-0017,2024-02-26 13:10:41,2024-02-26 13:24:41,13.18,14,56984.69,1.0,56984.69,Completed,GoPay,Success
2020,TRP-001917,DRV-00144,USR-01741,LOC-0005,LOC-0016,2024-01-07 01:59:15,2024-01-07 02:10:15,5.51,11,39530.73,1.0,39530.73,Completed,Cash,Success
2021,TRP-001918,DRV-00340,USR-01861,LOC-0040,LOC-0009,2024-10-13 23:50:30,2024-10-14 00:17:30,35.77,27,145209.03,1.0,145209.03,Completed,Cash,Success
2022,TRP-001919,DRV-00231,USR-01426,LOC-0012,LOC-0024,2024-06-05 10:47:20,2024-06-05 12:22:20,24.07,95,100715.22,1.0,100715.22,Completed,Cash,Success
2023,TRP-001920,DRV-00098,USR-00446,LOC-0037,LOC-0027,2024-07-15 12:32:15,2024-07-15 12:45:15,37.88,13,72004.97,2.0,144009.94,Completed,Cash,Success
2024,TRP-001921,DRV-00404,USR-01704,LOC-0031,LOC-0054,2024-11-10 20:44:30,2024-11-10 20:55:30,29.56,11,29934.47,2.0,59868.94,Completed,Credit Card,Success
2025,TRP-001922,DRV-00209,USR-01833,LOC-0005,LOC-0029,2024-06-06 17:17:21,2024-06-06 19:01:21,34.64,104,133158.4,1.0,133158.4,Completed,Cash,Success
2026,TRP-001923,DRV-00057,USR-00242,LOC-0024,LOC-0033,2024-07-30 17:11:27,2024-07-30 18:19:27,6.01,68,0.0,2.0,0.0,Completed,Cash,Success
2027,TRP-001924,DRV-00431,USR-00620,LOC-0022,LOC-0053,2024-07-16 20:43:08,2024-07-16 22:01:08,29.13,78,49984.98,1.0,49984.98,Completed,GoPay,Success
2028,TRP-001925,DRV-00356,USR-00942,LOC-0041,LOC-0005,2024-01-27 05:08:07,2024-01-27 07:02:07,33.96,114,84006.46,1.25,105008.08,Completed,GoPay,Success
2029,TRP-001926,DRV-00423,USR-00420,LOC-0026,LOC-0025,2024-06-15 03:03:38,2024-06-15 03:19:38,12.18,16,85422.61,1.0,85422.61,Failed,Cash,Success
2030,TRP-001927,DRV-00422,USR-00913,LOC-0030,LOC-0019,2024-08-16 09:40:56,2024-08-16 10:43:56,18.09,63,82503.23,1.0,82503.23,Completed,Cash,Failed
2031,TRP-001928,DRV-00163,USR-00851,LOC-0032,LOC-0021,2024-11-28 00:49:31,2024-11-28 01:35:31,5.72,46,39907.2,1.0,39907.2,Completed,Credit Card,Success
2032,TRP-001929,DRV-00458,USR-00906,LOC-0042,LOC-0004,2024-11-19 06:45:19,2024-11-19 07:34:19,25.61,49,62259.27,2.5,155648.17,Completed,GoPay,Success
2033,TRP-001930,DRV-00327,USR-00376,LOC-0037,LOC-0042,2024-08-03 05:43:13,2024-08-03 06:38:13,15.89,55,106691.34,1.0,106691.34,Completed,Cash,Success
2034,TRP-001931,DRV-00165,USR-00320,LOC-0042,LOC-0026,2024-04-29 15:05:09,2024-04-29 15:34:09,30.61,29,,3.5,,Completed,Credit Card,Success
2035,TRP-001932,DRV-00235,USR-00332,LOC-0025,LOC-0022,2024-03-01 17:36:39,2024-03-01 19:17:39,3.41,101,126007.77,1.25,157509.71,Completed,Credit Card,Success
2036,TRP-001933,DRV-00083,USR-01996,LOC-0008,LOC-0049,2024-08-10 12:16:16,2024-08-10 13:09:16,,53,127524.27,1.25,159405.34,Completed,GoPay,Success
2037,TRP-001934,DRV-00394,USR-00688,LOC-0035,LOC-0034,2024-04-08 10:01:52,2024-04-08 10:45:52,27.11,44,,1.0,,Completed,Cash,Success
2038,TRP-001935,DRV-00207,USR-01530,LOC-0003,LOC-0021,2024-01-23 17:02:16,2024-01-23 18:53:16,17.06,111,44293.43,1.0,44293.43,Cancelled,GoPay,Success
2039,TRP-001936,DRV-00173,USR-01072,LOC-0028,LOC-0023,2024-04-01 00:21:13,2024-04-01 00:41:13,38.02,20,105024.22,1.0,105024.22,Cancelled,GoPay,Success
2040,TRP-001937,DRV-00074,USR-01150,LOC-0030,LOC-0017,2024-08-27 23:14:06,2024-08-28 00:40:06,34.94,86,137754.89,1.25,172193.61,Completed,Cash,Pending
2041,TRP-001938,DRV-00342,USR-01775,LOC-0034,LOC-0029,2024-03-23 21:15:44,2024-03-23 22:29:44,30.76,74,82230.44,1.0,82230.44,Completed,GoPay,Success
2042,TRP-001939,DRV-00076,USR-00431,LOC-0030,LOC-0033,2024-05-10 06:23:32,2024-05-10 06:38:32,11.52,15,121392.06,1.5,182088.09,Completed,GoPay,Success
2043,TRP-001940,DRV-00479,USR-01461,LOC-0011,LOC-0028,2024-02-10 17:05:15,2024-02-10 18:05:15,29.23,60,61300.19,1.25,76625.24,Completed,Credit Card,Success
2044,TRP-001941,DRV-00198,USR-01255,LOC-0054,LOC-0048,2024-10-21 07:54:31,2024-10-21 08:08:31,13.16,14,103714.95,1.0,103714.95,Completed,Credit Card,Failed
2045,TRP-001942,DRV-00136,USR-00407,LOC-0032,LOC-0030,2024-12-02 15:50:22,2024-12-02 16:04:22,7.51,14,102432.88,1.0,102432.88,Cancelled,Cash,Success
2046,TRP-001943,DRV-00204,USR-01368,LOC-0018,LOC-0051,2024-05-06 09:51:28,2024-05-06 11:44:28,16.49,113,51174.86,1.5,76762.29,Cancelled,GoPay,Success
2047,TRP-001944,DRV-00249,USR-01240,LOC-0005,LOC-0050,2024-02-14 19:13:08,2024-02-14 19:32:08,32.75,19,81215.22,1.0,81215.22,Completed,Credit Card,Success
2048,TRP-001945,DRV-00451,USR-01737,LOC-0039,LOC-0010,2024-12-24 20:47:48,2024-12-24 21:41:48,10.62,54,46014.59,1.25,57518.24,Completed,Cash,Pending
2049,TRP-001946,DRV-00187,USR-01722,LOC-0034,LOC-0054,2024-07-21 03:03:27,2024-07-21 05:03:27,35.19,120,71039.65,1.0,71039.65,Completed,GoPay,Success
2050,TRP-001947,DRV-00326,USR-00231,LOC-0023,LOC-0055,2024-09-03 10:08:24,2024-09-03 11:31:24,8.12,83,64468.59,1.0,64468.59,Completed,Credit Card,Success
2051,TRP-001948,DRV-00249,USR-00747,LOC-0001,LOC-0041,2024-03-19 08:06:13,2024-03-19 09:44:13,16.96,98,123989.77,1.0,123989.77,Cancelled,Credit Card,Success
2052,TRP-001949,DRV-00148,USR-00921,LOC-0053,LOC-0012,2024-07-12 17:21:03,2024-07-12 19:16:03,23.18,115,91029.82,1.25,113787.28,Completed,Credit Card,Success
2053,TRP-001950,DRV-00127,USR-01493,LOC-0047,LOC-0050,2024-04-05 17:59:24,2024-04-05 18:59:24,29.51,60,132101.48,1.0,132101.48,Completed,Cash,Success
2054,TRP-001951,DRV-00323,USR-01864,LOC-0043,LOC-0027,2024-12-23 08:35:28,2024-12-23 08:54:28,26.93,19,0.0,1.5,0.0,Cancelled,GoPay,Success
2055,TRP-001952,DRV-00138,USR-01593,LOC-0020,LOC-0023,2024-11-17 23:25:30,2024-11-17 23:51:30,8.24,26,60315.01,1.0,60315.01,Completed,GoPay,Success
2056,TRP-001953,DRV-00122,USR-00300,LOC-0021,LOC-0004,2024-10-28 19:30:18,2024-10-28 19:52:18,16.3,22,131112.67,1.0,131112.67,Cancelled,Credit Card,Pending
2057,TRP-001954,DRV-00036,USR-00865,LOC-0001,LOC-0036,2024-06-03 22:45:58,2024-06-03 23:17:58,31.22,32,51464.2,1.25,64330.25,Completed,GoPay,Success
2058,TRP-001955,DRV-00077,USR-01314,LOC-0037,LOC-0026,2024-06-02 10:44:42,2024-06-02 12:29:42,12.89,105,0.0,1.0,0.0,Completed,Credit Card,Success
2059,TRP-001956,DRV-00276,USR-00539,LOC-0026,LOC-0022,2024-12-25 18:55:01,2024-12-25 19:51:01,34.55,56,118539.15,2.0,237078.3,Completed,Credit Card,Success
2060,TRP-001957,DRV-00448,USR-00739,LOC-0023,LOC-0041,2024-08-28 06:21:08,2024-08-28 08:07:08,23.64,106,141816.33,1.25,177270.41,Failed,Cash,Success
2061,TRP-001958,DRV-00409,USR-00712,LOC-0044,LOC-0007,2024-11-25 03:42:14,2024-11-25 04:29:14,10.15,47,103328.09,1.5,154992.14,Completed,Credit Card,Success
2062,TRP-001959,DRV-00140,USR-01451,LOC-0018,LOC-0010,2024-03-11 08:02:02,2024-03-11 08:30:02,4.85,28,36030.18,1.0,36030.18,Failed,GoPay,Success
2063,TRP-001960,DRV-00015,USR-01878,LOC-0015,LOC-0018,2024-06-21 08:06:50,2024-06-21 08:42:50,5.05,36,55732.84,1.0,55732.84,Completed,Cash,Success
2064,TRP-001961,DRV-00107,USR-01508,LOC-0021,LOC-0006,2024-03-25 12:03:50,2024-03-25 12:53:50,26.36,50,112461.07,2.5,281152.68,Completed,GoPay,Success
2065,TRP-001962,DRV-00413,USR-00401,LOC-0049,LOC-0023,2024-04-11 10:29:06,2024-04-11 11:36:06,25.5,67,108220.31,1.75,189385.54,Cancelled,GoPay,Success
2066,TRP-001963,DRV-00494,USR-00289,LOC-0045,LOC-0044,2024-02-27 03:13:15,2024-02-27 03:27:15,16.52,14,85516.54,1.25,106895.67,Completed,Credit Card,Success
2067,TRP-001964,DRV-00214,USR-01174,LOC-0044,LOC-0007,2024-10-20 19:20:56,2024-10-20 20:42:56,26.89,82,81991.71,1.0,81991.71,Completed,Cash,Pending
2068,TRP-001965,DRV-00472,USR-01060,LOC-0028,LOC-0008,2024-11-01 12:30:09,2024-11-01 13:08:09,,38,106926.46,1.75,187121.31,Completed,GoPay,Success
2069,TRP-001966,DRV-00122,USR-00784,LOC-0031,LOC-0006,2024-02-19 08:13:34,2024-02-19 09:26:34,28.33,73,77743.6,1.0,77743.6,Completed,Cash,Pending
2070,TRP-001966,DRV-00122,USR-00784,LOC-0031,LOC-0006,2024-02-19 08:13:34,2024-02-19 09:26:34,28.33,73,77743.6,1.0,77743.6,Completed,Cash,Pending
2071,TRP-001967,DRV-00352,USR-00795,LOC-0040,LOC-0051,2024-06-24 04:06:09,2024-06-24 04:33:09,39.5,27,69665.77,2.5,174164.43,Cancelled,Cash,Success
2072,TRP-001968,DRV-00474,USR-01814,LOC-0041,LOC-0029,2024-05-01 18:14:00,2024-05-01 19:59:00,27.89,105,88147.96,1.25,110184.95,Completed,Cash,Success
2073,TRP-001969,DRV-00172,USR-00669,LOC-0052,LOC-0001,2024-04-11 04:00:20,2024-04-11 05:00:20,33.68,60,70823.89,1.0,70823.89,Completed,Credit Card,Failed
2074,TRP-001970,DRV-00215,USR-01677,LOC-0038,LOC-0042,2024-01-23 07:09:31,2024-01-23 08:33:31,12.48,84,46119.81,1.0,46119.81,Completed,GoPay,Success
2075,TRP-001971,DRV-00268,USR-00382,LOC-0013,LOC-0008,2024-03-22 14:29:34,2024-03-22 14:58:34,25.09,29,148840.13,1.0,148840.13,Completed,Cash,Success
2076,TRP-001972,DRV-00239,USR-00839,LOC-0016,LOC-0034,2024-05-20 13:49:35,2024-05-20 15:04:35,37.32,75,108505.84,1.25,135632.3,Completed,Cash,Success
2077,TRP-001973,DRV-00040,USR-00946,LOC-0052,LOC-0008,2024-11-09 15:42:30,2024-11-09 16:47:30,15.47,65,39705.43,1.25,49631.79,Completed,Cash,Success
2078,TRP-001974,DRV-00399,USR-01347,LOC-0009,LOC-0040,2024-04-12 09:34:32,2024-04-12 10:52:32,17.11,78,119451.37,1.0,119451.37,Completed,Cash,Success
2079,TRP-001975,DRV-00154,USR-01869,LOC-0015,LOC-0006,2024-05-01 06:12:40,2024-05-01 07:34:40,28.49,82,46863.22,2.0,93726.44,Completed,Cash,Success
2080,TRP-001976,DRV-00488,USR-00739,LOC-0032,LOC-0017,2024-01-13 19:31:39,2024-01-13 20:20:39,1.88,49,0.0,1.0,0.0,Completed,Cash,Success
2081,TRP-001977,DRV-00410,USR-01668,LOC-0015,LOC-0004,2024-06-24 20:11:19,2024-06-24 22:02:19,38.62,111,133413.52,1.25,166766.9,Completed,Cash,Success
2082,TRP-001978,DRV-00436,USR-00580,LOC-0002,LOC-0033,2024-03-06 20:36:55,2024-03-06 22:31:55,32.2,115,41985.05,2.0,83970.1,Completed,Cash,Success
2083,TRP-001979,DRV-00074,USR-01686,LOC-0021,LOC-0006,2024-10-21 00:20:19,2024-10-21 01:59:19,9.21,99,13973.19,1.0,13973.19,Completed,GoPay,Success
2084,TRP-001980,DRV-00363,USR-00712,LOC-0024,LOC-0021,2024-02-19 03:30:54,2024-02-19 04:10:54,19.78,40,36290.48,1.25,45363.1,Completed,Cash,Success
2085,TRP-001981,DRV-00108,USR-01687,LOC-0016,LOC-0051,2024-12-15 01:02:07,2024-12-15 03:00:07,25.75,118,86165.13,1.0,86165.13,Completed,Cash,Success
2086,TRP-001982,DRV-00107,USR-00085,LOC-0008,LOC-0029,2024-11-04 14:39:31,2024-11-04 14:55:31,16.82,16,117934.06,1.0,117934.06,Cancelled,Cash,Success
2087,TRP-001983,DRV-00249,USR-01399,LOC-0031,LOC-0049,2024-12-09 08:27:16,2024-12-09 09:57:16,39.25,90,38544.62,1.5,57816.93,Completed,Credit Card,Success
2088,TRP-001984,DRV-00052,USR-01282,LOC-0055,LOC-0035,2024-03-02 23:36:12,2024-03-02 23:57:12,32.23,21,103875.37,1.75,181781.9,Completed,Credit Card,Success
2089,TRP-001985,DRV-00413,USR-01688,LOC-0002,LOC-0036,2024-11-07 15:07:06,2024-11-07 15:24:06,7.02,17,131815.44,2.0,263630.88,Completed,Cash,Pending
2090,TRP-001986,DRV-00452,USR-00649,LOC-0016,LOC-0052,2024-05-18 22:04:39,2024-05-18 23:08:39,13.07,64,102309.84,2.0,204619.68,Completed,Credit Card,Success
2091,TRP-001987,DRV-00084,USR-00628,LOC-0052,LOC-0002,2024-09-14 16:50:52,2024-09-14 17:20:52,10.03,-10,108334.61,2.5,270836.53,COMPLETED,GoPay,Success
2092,TRP-001988,DRV-00187,USR-01572,LOC-0031,LOC-0009,2024-07-21 09:51:59,2024-07-21 10:49:59,25.01,58,96081.4,1.0,96081.4,Failed,GoPay,Success
2093,TRP-001989,DRV-00420,USR-00444,LOC-0049,LOC-0019,2024-07-28 19:24:24,2024-07-28 20:59:24,3.05,95,34920.71,1.0,34920.71,Completed,Credit Card,Success
2094,TRP-001989,DRV-00420,USR-00444,LOC-0049,LOC-0019,2024-07-28 19:24:24,2024-07-28 20:59:24,3.05,95,34920.71,1.0,34920.71,Completed,Credit Card,Success
2095,TRP-001990,DRV-00001,USR-01393,LOC-0008,LOC-0042,2024-09-28 14:36:37,2024-09-28 16:14:37,37.06,98,0.0,1.25,0.0,Completed,Cash,Success
2096,TRP-001991,DRV-00282,USR-01753,LOC-0030,LOC-0001,2024-03-14 07:33:21,2024-03-14 09:09:21,6.25,96,24375.01,1.25,30468.76,Completed,Credit Card,Success
2097,TRP-001992,DRV-00014,USR-01969,LOC-0014,LOC-0012,2024-01-03 10:07:55,2024-01-03 11:45:55,11.7,98,111234.75,1.0,111234.75,Completed,Credit Card,Success
2098,TRP-001993,DRV-00168,USR-00732,LOC-0057,LOC-0008,2024-03-01 11:48:11,2024-03-01 12:53:11,9.37,65,17817.43,1.0,17817.43,Completed,Cash,Success
2099,TRP-001994,DRV-00220,USR-00895,LOC-0054,LOC-0035,2024-08-29 22:42:54,2024-08-30 00:10:54,7.8,88,136854.17,1.0,136854.17,Completed,GoPay,Failed
2100,TRP-001995,DRV-00204,USR-01919,LOC-0023,LOC-0027,2024-03-02 23:45:24,2024-03-03 00:03:24,23.62,18,33953.66,2.0,67907.32,Completed,Credit Card,Success
2101,TRP-001996,DRV-00225,USR-00876,LOC-0055,LOC-0013,2024-10-20 07:46:58,2024-10-20 08:53:58,30.67,67,136995.21,2.5,342488.02,Completed,Cash,Pending
2102,TRP-001997,DRV-00340,USR-00663,LOC-0044,LOC-0032,2024-07-07 18:47:08,2024-07-07 20:29:08,1.17,102,26465.61,1.0,26465.61,Completed,GoPay,Success
2103,TRP-001998,DRV-00003,USR-00642,LOC-0040,LOC-0009,2024-12-05 05:39:54,2024-12-05 07:36:54,13.92,117,80431.13,1.0,80431.13,Cancelled,Cash,Success
2104,TRP-001999,DRV-00204,USR-00835,LOC-0054,LOC-0001,2024-09-25 23:42:38,2024-09-26 01:12:38,16.2,90,81010.53,0.8,121515.79,CANCELLED,Credit Card,Success
2105,TRP-002000,DRV-00172,USR-00358,LOC-0008,LOC-0013,2024-10-24 11:12:08,2024-10-24 13:01:08,32.72,109,88550.86,1.0,88550.86,Cancelled,Credit Card,Success
2106,TRP-002001,DRV-00369,USR-00197,LOC-0057,LOC-0056,2024-04-24 00:57:49,2024-04-24 02:12:49,19.1,75,92615.6,1.0,92615.6,Completed,Credit Card,Success
2107,TRP-002002,DRV-00161,USR-00458,LOC-0041,LOC-0057,2024-03-29 04:15:57,2024-03-29 05:07:57,20.51,52,102506.02,1.25,128132.53,Completed,Credit Card,Success
2108,TRP-002003,DRV-00365,USR-00696,LOC-0010,LOC-0009,2024-08-01 15:31:54,2024-08-01 17:12:54,19.47,101,105136.96,1.0,105136.96,Failed,Credit Card,Success
2109,TRP-002004,DRV-00148,USR-01831,LOC-0039,LOC-0028,2024-04-02 17:55:53,2024-04-02 18:31:53,,36,13563.79,1.0,13563.79,Completed,GoPay,Success
2110,TRP-002005,DRV-00232,USR-01843,LOC-0042,LOC-0018,2024-01-24 22:07:07,2024-01-24 22:20:07,34.03,13,60700.74,1.0,60700.74,Completed,GoPay,Success
2111,TRP-002006,DRV-00347,USR-01043,LOC-0019,LOC-0054,2024-02-04 21:02:22,2024-02-04 22:17:22,8.29,75,97805.6,2.0,195611.2,Completed,Credit Card,Success
2112,TRP-002007,DRV-00062,USR-01242,LOC-0004,LOC-0038,2024-03-20 15:18:49,2024-03-20 16:26:49,15.42,68,72683.93,1.0,72683.93,Completed,Cash,Success
2113,TRP-002008,DRV-00301,USR-00565,LOC-0008,LOC-0015,2024-10-22 07:48:26,2024-10-22 08:44:26,32.83,56,34056.97,1.0,34056.97,Completed,Credit Card,Success
2114,TRP-002009,DRV-00238,USR-01510,LOC-0004,LOC-0046,2024-06-07 22:16:44,2024-06-07 23:40:44,25.16,84,28395.98,1.0,28395.98,Completed,Credit Card,Success
2115,TRP-002010,DRV-00331,USR-00365,LOC-0032,LOC-0028,2024-02-18 07:39:43,2024-02-18 07:51:43,1.42,12,109629.73,1.0,109629.73,Completed,GoPay,Success
2116,TRP-002011,DRV-00400,USR-00962,LOC-0014,LOC-0047,2024-04-11 07:57:38,2024-04-11 09:23:38,11.19,86,37254.17,1.0,37254.17,Completed,Cash,Success
2117,TRP-002012,DRV-00377,USR-00970,LOC-0057,LOC-0046,2024-07-24 08:15:07,2024-07-24 09:28:07,34.96,73,25819.74,1.0,25819.74,Completed,Credit Card,Success
2118,TRP-002013,DRV-00082,USR-00427,LOC-0013,LOC-0007,2024-04-13 06:49:41,2024-04-13 07:29:41,7.49,40,21415.27,2.0,42830.54,Completed,Cash,Failed
2119,TRP-002014,DRV-00389,USR-01666,LOC-0040,LOC-0043,2024-01-16 21:32:41,2024-01-16 23:29:41,20.99,117,19602.86,1.25,24503.58,Completed,Credit Card,Success
2120,TRP-002015,DRV-00442,USR-00652,LOC-0008,LOC-0040,2024-07-09 14:40:00,2024-07-09 15:55:00,31.28,75,118962.42,1.0,118962.42,Cancelled,Credit Card,Success
2121,TRP-002016,DRV-00009,USR-00031,LOC-0046,LOC-0052,2024-12-02 03:51:22,2024-12-02 05:21:22,8.27,90,51251.85,1.0,51251.85,Completed,Cash,Success
2122,TRP-002017,DRV-00254,USR-01009,LOC-0044,LOC-0018,2024-03-22 09:43:53,2024-03-22 10:25:53,2.36,42,148174.69,2.0,296349.38,Cancelled,Credit Card,Success
2123,TRP-002018,DRV-00059,USR-00477,LOC-0027,LOC-0034,2024-03-04 09:59:37,2024-03-04 11:46:37,7.33,107,21437.67,1.75,37515.92,Cancelled,Credit Card,Pending
2124,TRP-002019,DRV-00232,USR-00018,LOC-0041,LOC-0004,2024-06-10 23:18:01,2024-06-10 23:49:01,2.7,31,29166.51,1.0,29166.51,Completed,GoPay,Success
2125,TRP-002020,DRV-00425,USR-01178,LOC-0009,LOC-0008,2024-10-20 17:44:53,2024-10-20 19:23:53,10.56,99,111324.82,1.0,111324.82,Cancelled,GoPay,Success
2126,TRP-002021,DRV-00303,USR-00272,LOC-0053,LOC-0037,2024-02-02 02:04:15,2024-02-02 04:01:15,33.19,117,49942.23,2.0,99884.46,Cancelled,Cash,Success
2127,TRP-002022,DRV-00338,USR-01842,LOC-0049,LOC-0004,2024-04-22 04:13:31,2024-04-22 05:25:31,10.78,72,126812.08,2.5,317030.2,Completed,Cash,Success
2128,TRP-002023,DRV-00155,USR-00530,LOC-0020,LOC-0028,2024-09-26 10:21:45,2024-09-26 12:13:45,15.16,112,53324.77,1.0,53324.77,Completed,Cash,Success
2129,TRP-002024,DRV-00009,USR-01813,LOC-0036,LOC-0041,2024-03-30 01:34:48,2024-03-30 01:47:48,10.75,13,147368.22,1.0,147368.22,Completed,GoPay,Success
2130,TRP-002025,DRV-00113,USR-01261,LOC-0014,LOC-0033,2024-07-07 07:32:13,2024-07-07 08:43:13,35.92,71,28550.96,1.5,42826.44,Completed,GoPay,Pending
2131,TRP-002026,DRV-00367,USR-00417,LOC-0055,LOC-0034,2024-09-20 01:49:26,2024-09-20 02:25:26,11.73,36,23711.77,1.0,23711.77,Completed,GoPay,Pending
2132,TRP-002027,DRV-00245,USR-00101,LOC-0044,LOC-0004,2024-11-28 09:32:59,2024-11-28 10:36:59,10.21,64,42863.72,2.0,85727.44,Completed,Credit Card,Success
2133,TRP-002028,DRV-00470,USR-01085,LOC-0013,LOC-0042,2024-06-27 15:52:50,2024-06-27 16:48:50,14.9,56,140038.95,1.75,245068.16,Completed,Cash,Pending
2134,TRP-002029,DRV-00032,USR-01141,LOC-0034,LOC-0023,2024-10-24 04:22:22,2024-10-24 05:36:22,22.99,74,106470.09,1.0,106470.09,Completed,GoPay,Success
2135,TRP-002030,DRV-00287,USR-00482,LOC-0019,LOC-0009,2024-10-29 22:23:10,2024-10-29 23:55:10,1.08,92,45728.98,1.0,45728.98,Cancelled,Credit Card,Success
2136,TRP-002031,DRV-00394,USR-01221,LOC-0029,LOC-0009,2024-08-30 21:34:28,2024-08-30 21:45:28,11.55,11,126011.0,1.75,220519.25,Completed,GoPay,Success
2137,TRP-002031,DRV-00394,USR-01221,LOC-0029,LOC-0009,2024-08-30 21:34:28,2024-08-30 21:45:28,11.55,11,126011.0,1.75,220519.25,Completed,GoPay,Success
2138,TRP-002032,DRV-00331,USR-00166,LOC-0044,LOC-0049,2024-10-23 06:40:01,2024-10-23 07:48:01,9.77,68,62665.2,1.0,62665.2,Completed,GoPay,Success
2139,TRP-002033,DRV-00294,USR-01509,LOC-0002,LOC-0033,2024-02-16 03:35:19,2024-02-16 04:02:19,4.26,27,136687.53,1.0,136687.53,Completed,Credit Card,Pending
2140,TRP-002034,DRV-00418,USR-01350,LOC-0012,LOC-0032,2024-10-24 04:31:07,2024-10-24 05:01:07,39.86,30,50723.05,1.25,63403.81,Completed,GoPay,Success
2141,TRP-002035,DRV-00397,USR-01159,LOC-0030,LOC-0033,2024-07-15 19:05:04,2024-07-15 20:28:04,14.92,83,69671.97,1.0,69671.97,Cancelled,GoPay,Failed
2142,TRP-002036,DRV-00341,USR-01773,LOC-0009,LOC-0016,2024-02-07 18:56:27,2024-02-07 19:55:27,6.37,59,128105.45,1.0,128105.45,Completed,GoPay,Success
2143,TRP-002037,DRV-00244,USR-01317,LOC-0016,LOC-0037,2024-04-14 21:48:19,2024-04-14 23:47:19,32.12,119,146014.57,1.5,219021.86,Completed,Credit Card,Success
2144,TRP-002038,DRV-00304,USR-01649,LOC-0005,LOC-0036,2024-03-02 17:23:49,2024-03-02 17:57:49,16.87,34,147526.01,1.0,147526.01,Completed,GoPay,Success
2145,TRP-002039,DRV-00195,USR-00314,LOC-0015,LOC-0030,2024-01-10 13:33:48,2024-01-10 14:29:48,2.45,56,119526.05,1.25,149407.56,Completed,GoPay,Success
2146,TRP-002040,DRV-00419,USR-01548,LOC-0046,LOC-0044,2024-04-18 04:27:49,2024-04-18 05:40:49,15.67,73,123644.3,1.0,123644.3,Completed,Cash,Success
2147,TRP-002041,DRV-00145,USR-00325,LOC-0054,LOC-0014,2024-06-20 06:07:17,2024-06-20 06:37:17,39.54,30,45789.26,1.0,45789.26,Cancelled,Credit Card,Success
2148,TRP-002041,DRV-00145,USR-00325,LOC-0054,LOC-0014,2024-06-20 06:07:17,2024-06-20 06:37:17,39.54,30,45789.26,1.0,45789.26,Cancelled,Credit Card,Success
2149,TRP-002042,DRV-00413,USR-00729,LOC-0049,LOC-0022,2024-12-30 22:32:31,2024-12-30 23:03:31,30.49,31,51194.36,1.5,76791.54,Completed,Cash,Success
2150,TRP-002043,DRV-00247,USR-00171,LOC-0040,LOC-0055,2024-09-11 09:01:53,2024-09-11 10:01:53,2.56,60,100553.29,1.0,100553.29,Completed,Credit Card,Success
2151,TRP-002044,DRV-00453,USR-01160,LOC-0039,LOC-0024,2024-03-12 21:31:37,2024-03-12 21:52:37,4.74,21,113901.85,1.5,170852.78,Completed,Cash,Success
2152,TRP-002045,DRV-00404,USR-00125,LOC-0046,LOC-0034,2024-06-10 12:23:59,2024-06-10 14:20:59,22.37,117,84371.33,1.0,84371.33,Completed,Credit Card,Success
2153,TRP-002046,DRV-00230,USR-00765,LOC-0049,LOC-0040,2024-06-23 08:31:36,2024-06-23 09:54:36,23.04,83,116570.85,1.0,116570.85,Completed,Credit Card,Success
2154,TRP-002047,DRV-00409,USR-00978,LOC-0021,LOC-0027,2024-07-19 01:22:21,2024-07-19 02:04:21,23.82,42,79264.46,1.25,99080.58,Completed,Credit Card,Failed
2155,TRP-002048,DRV-00030,USR-01556,LOC-0033,LOC-0007,2024-05-09 12:54:58,2024-05-09 14:11:58,1.22,77,130194.54,2.5,325486.35,Completed,Credit Card,Success
2156,TRP-002049,DRV-00212,USR-00988,LOC-0005,LOC-0043,2024-10-04 05:56:17,2024-10-04 07:28:17,,92,,1.0,,Completed,Cash,Failed
2157,TRP-002050,DRV-00198,USR-00391,LOC-0021,LOC-0005,2024-11-07 07:31:10,2024-11-07 09:19:10,22.82,108,78018.78,1.0,78018.78,Completed,GoPay,Success
2158,TRP-002051,DRV-00405,USR-01977,LOC-0007,LOC-0041,2024-07-06 08:09:07,2024-07-06 08:39:07,28.69,30,0.0,1.25,0.0,Completed,GoPay,Success
2159,TRP-002052,DRV-00396,USR-01481,LOC-0034,LOC-0039,2024-04-13 08:52:09,2024-04-13 09:07:09,3.76,15,22795.08,1.0,22795.08,Completed,GoPay,Success
2160,TRP-002053,DRV-00283,USR-00953,LOC-0031,LOC-0053,2024-09-28 02:10:36,2024-09-28 02:49:36,19.56,39,145953.86,1.0,145953.86,Completed,Credit Card,Success
2161,TRP-002054,DRV-00327,USR-01248,LOC-0042,LOC-0054,2024-06-20 20:35:41,2024-06-20 21:45:41,12.39,70,10226.72,1.25,12783.4,Completed,Credit Card,Success
2162,TRP-002055,DRV-00002,USR-01079,LOC-0022,LOC-0052,2024-04-04 15:12:34,2024-04-04 17:05:34,18.7,113,10906.25,1.0,10906.25,Completed,GoPay,Failed
2163,TRP-002056,DRV-00315,USR-00086,LOC-0021,LOC-0007,2024-11-24 02:44:38,2024-11-24 04:29:38,2.39,105,139178.51,1.75,243562.39,Completed,Credit Card,Failed
2164,TRP-002057,DRV-00224,USR-01262,LOC-0034,LOC-0031,2024-11-23 10:08:48,2024-11-23 10:26:48,2.55,18,147302.59,1.0,147302.59,Completed,GoPay,Success
2165,TRP-002058,DRV-00196,USR-00527,LOC-0050,LOC-0009,2024-12-20 05:25:26,2024-12-20 06:50:26,37.54,85,80961.73,1.0,80961.73,Completed,GoPay,Success
2166,TRP-002059,DRV-00305,USR-00800,LOC-0021,LOC-0022,2024-01-14 23:51:27,2024-01-15 00:21:27,28.54,30,139297.06,1.0,139297.06,Completed,Credit Card,Success
2167,TRP-002060,DRV-00177,USR-01266,LOC-0054,LOC-0022,2024-01-01 18:23:46,2024-01-01 18:54:46,12.48,31,145574.72,1.25,181968.4,Completed,GoPay,Success
2168,TRP-002061,DRV-00433,USR-01406,LOC-0013,LOC-0010,2024-01-01 22:11:29,2024-01-01 22:40:29,1.65,29,22613.69,1.0,22613.69,Cancelled,GoPay,Success
2169,TRP-002062,DRV-00453,USR-00343,LOC-0012,LOC-0034,2024-10-16 13:07:39,2024-10-16 14:19:39,22.63,72,79859.72,1.0,79859.72,Completed,Cash,Success
2170,TRP-002063,DRV-00291,USR-00775,LOC-0003,LOC-0042,2024-03-01 20:09:56,2024-03-01 22:00:56,28.65,111,128859.79,2.0,257719.58,Completed,Credit Card,Success
2171,TRP-002064,DRV-00305,USR-00672,LOC-0056,LOC-0017,2024-11-18 12:23:14,2024-11-18 13:14:14,25.88,51,128818.55,1.5,193227.83,Cancelled,Cash,Success
2172,TRP-002065,DRV-00239,USR-01029,LOC-0048,LOC-0038,2024-03-23 07:02:20,2024-03-23 08:33:20,33.85,91,82957.44,1.75,145175.52,Completed,GoPay,Pending
2173,TRP-002066,DRV-00149,USR-00263,LOC-0032,LOC-0057,2024-04-28 11:54:55,2024-04-28 13:42:55,24.17,108,121859.7,2.5,304649.25,Completed,Cash,Success
2174,TRP-002067,DRV-00197,USR-00852,LOC-0021,LOC-0050,2024-11-26 13:17:26,2024-11-26 14:39:26,12.46,82,135876.89,1.0,135876.89,Failed,GoPay,Pending
2175,TRP-002068,DRV-00264,USR-01657,LOC-0011,LOC-0009,2024-10-27 15:59:59,2024-10-27 17:46:59,21.43,-10,144857.32,1.5,217285.98,Cancelled,Cash,Success
2176,TRP-002068,DRV-00264,USR-01657,LOC-0011,LOC-0009,2024-10-27 15:59:59,2024-10-27 17:46:59,21.43,-10,144857.32,1.5,217285.98,Cancelled,Cash,Success
2177,TRP-002069,DRV-00104,USR-00477,LOC-0052,LOC-0041,2024-06-30 06:12:09,2024-06-30 07:43:09,,91,120927.3,1.0,120927.3,Completed,Cash,Success
2178,TRP-002070,DRV-00326,USR-00780,LOC-0054,LOC-0010,2024-03-23 06:42:52,2024-03-23 07:00:52,14.79,18,95337.58,1.0,95337.58,Completed,Cash,Success
2179,TRP-002071,DRV-00451,USR-01306,LOC-0024,LOC-0002,2024-05-23 08:29:02,2024-05-23 09:35:02,32.99,66,94770.42,1.5,142155.63,Completed,Cash,Success
2180,TRP-002072,DRV-00008,USR-00073,LOC-0009,LOC-0031,2024-07-08 13:37:31,2024-07-08 14:15:31,6.39,38,11979.42,1.0,11979.42,Completed,Cash,Success
2181,TRP-002073,DRV-00085,USR-01785,LOC-0026,LOC-0053,2024-06-21 22:08:03,2024-06-21 23:11:03,29.73,63,107296.66,1.0,107296.66,Completed,GoPay,Success
2182,TRP-002074,DRV-00056,USR-00546,LOC-0055,LOC-0012,2024-06-16 17:21:27,2024-06-16 19:03:27,35.91,102,28763.94,1.0,28763.94,Completed,Credit Card,Pending
2183,TRP-002075,DRV-00260,USR-01787,LOC-0048,LOC-0005,2024-06-09 09:43:02,2024-06-09 10:56:02,12.72,73,111389.83,1.25,139237.29,Completed,Cash,Failed
2184,TRP-002076,DRV-00450,USR-00689,LOC-0009,LOC-0052,2024-07-16 09:41:46,2024-07-16 11:06:46,19.89,85,125303.41,1.25,156629.26,Completed,Credit Card,Success
2185,TRP-002077,DRV-00014,USR-01492,LOC-0042,LOC-0018,2024-02-28 18:56:53,2024-02-28 19:21:53,1.83,25,25787.13,1.25,32233.91,Completed,GoPay,Success
2186,TRP-002078,DRV-00017,USR-01478,LOC-0023,LOC-0030,2024-09-30 04:45:33,2024-09-30 06:14:33,22.31,89,63807.18,1.0,63807.18,Completed,Credit Card,Success
2187,TRP-002078,DRV-00017,USR-01478,LOC-0023,LOC-0030,2024-09-30 04:45:33,2024-09-30 06:14:33,22.31,89,63807.18,1.0,63807.18,Completed,Credit Card,Success
2188,TRP-002079,DRV-00344,USR-01288,LOC-0009,LOC-0043,2024-05-14 12:46:04,2024-05-14 14:30:04,14.7,104,37346.38,1.0,37346.38,Completed,Credit Card,Success
2189,TRP-002080,DRV-00160,USR-00742,LOC-0034,LOC-0048,2024-11-22 07:53:50,2024-11-22 09:05:50,32.46,72,27221.82,2.5,68054.55,Completed,GoPay,Success
2190,TRP-002081,DRV-00289,USR-01295,LOC-0012,LOC-0008,2024-05-10 20:09:22,2024-05-10 20:30:22,14.25,21,91080.06,1.0,91080.06,Completed,Credit Card,Success
2191,TRP-002082,DRV-00263,USR-01395,LOC-0038,LOC-0006,2024-12-20 13:40:24,2024-12-20 13:57:24,36.65,17,119684.25,1.0,119684.25,Cancelled,GoPay,Success
2192,TRP-002083,DRV-00064,USR-00882,LOC-0006,LOC-0051,2024-02-29 21:19:02,2024-02-29 21:29:02,26.12,10,96294.06,2.0,192588.12,Completed,Credit Card,Success
2193,TRP-002084,DRV-00337,USR-00901,LOC-0051,LOC-0009,2024-01-19 07:22:22,2024-01-19 09:00:22,24.01,98,130584.99,1.5,195877.49,Completed,Cash,Success
2194,TRP-002085,DRV-00266,USR-00676,LOC-0037,LOC-0057,2024-04-16 21:53:47,2024-04-16 22:40:47,4.07,47,49988.84,1.25,62486.05,Completed,GoPay,Success
2195,TRP-002086,DRV-00051,USR-01061,LOC-0003,LOC-0027,2024-10-05 06:55:02,2024-10-05 08:33:02,26.6,98,11369.52,1.0,11369.52,Failed,GoPay,Success
2196,TRP-002087,DRV-00182,USR-00818,LOC-0006,LOC-0014,2024-09-27 00:13:05,2024-09-27 00:30:05,33.62,17,112854.74,1.0,112854.74,Completed,Cash,Success
2197,TRP-002087,DRV-00182,USR-00818,LOC-0006,LOC-0014,2024-09-27 00:13:05,2024-09-27 00:30:05,33.62,17,112854.74,1.0,112854.74,Completed,Cash,Success
2198,TRP-002088,DRV-00238,USR-01323,LOC-0019,LOC-0052,2024-05-10 20:22:22,2024-05-10 22:16:22,27.34,114,135639.49,1.0,135639.49,Completed,Cash,Success
2199,TRP-002089,DRV-00050,USR-00823,LOC-0016,LOC-0013,2024-10-21 06:54:42,2024-10-21 07:26:42,35.54,32,41036.75,1.5,61555.12,Cancelled,Credit Card,Success
2200,TRP-002090,DRV-00030,USR-00383,LOC-0053,LOC-0057,2024-05-10 16:57:10,2024-05-10 17:09:10,18.8,12,,1.0,,Completed,Cash,Success
2201,TRP-002091,DRV-00316,USR-00840,LOC-0024,LOC-0023,2024-11-29 19:15:05,2024-11-29 21:13:05,29.67,118,29032.31,1.5,43548.47,Completed,Cash,Failed
2202,TRP-002092,DRV-00224,USR-01066,LOC-0019,LOC-0034,2024-11-23 16:40:15,2024-11-23 17:16:15,13.42,36,,1.0,,Completed,GoPay,Success
2203,TRP-002093,DRV-00304,USR-00442,LOC-0046,LOC-0044,2024-08-13 22:04:30,2024-08-13 23:34:30,26.0,90,76745.71,1.25,95932.14,Completed,Credit Card,Success
2204,TRP-002094,DRV-00002,USR-00200,LOC-0055,LOC-0034,2024-01-29 17:47:58,2024-01-29 18:56:58,29.74,69,73923.99,1.5,110885.99,Completed,GoPay,Pending
2205,TRP-002095,DRV-00045,USR-00684,LOC-0009,LOC-0045,2024-07-20 07:11:45,2024-07-20 08:39:45,9.77,88,81451.21,2.0,162902.42,Failed,Cash,Failed
2206,TRP-002096,DRV-00412,USR-00944,LOC-0019,LOC-0038,2024-04-05 12:40:21,2024-04-05 13:04:21,10.33,24,29267.26,2.5,73168.15,Completed,Credit Card,Pending
2207,TRP-002097,DRV-00048,USR-01765,LOC-0034,LOC-0009,2024-05-04 11:09:55,2024-05-04 12:14:55,30.38,65,69340.22,1.5,104010.33,Completed,GoPay,Success
2208,TRP-002098,DRV-00445,USR-01512,LOC-0013,LOC-0020,2024-02-17 04:18:41,2024-02-17 04:57:41,31.58,39,13288.93,1.0,13288.93,Completed,Credit Card,Success
2209,TRP-002099,DRV-00220,USR-01434,LOC-0021,LOC-0020,2024-10-02 07:03:22,2024-10-02 07:45:22,22.01,42,26086.05,1.75,45650.59,Cancelled,Cash,Success
2210,TRP-002100,DRV-00251,USR-01963,LOC-0031,LOC-0018,2024-11-15 00:08:10,2024-11-15 00:23:10,36.09,15,59190.57,1.0,59190.57,Completed,GoPay,Success
2211,TRP-002101,DRV-00471,USR-00879,LOC-0045,LOC-0049,2024-03-26 02:33:31,2024-03-26 03:52:31,20.13,79,47308.5,1.0,47308.5,Completed,GoPay,Success
2212,TRP-002102,DRV-00135,USR-01770,LOC-0054,LOC-0006,2024-01-10 21:46:56,2024-01-10 22:50:56,15.38,64,74221.55,1.75,129887.71,Completed,Credit Card,Pending
2213,TRP-002103,DRV-00449,USR-00863,LOC-0053,LOC-0032,2024-09-02 08:33:11,2024-09-02 08:49:11,34.81,16,134875.37,1.0,134875.37,Failed,Cash,Failed
2214,TRP-002104,DRV-00104,USR-01199,LOC-0031,LOC-0008,2024-10-18 00:25:10,2024-10-18 02:13:10,30.71,108,82768.08,2.5,206920.2,Completed,GoPay,Success
2215,TRP-002105,DRV-00351,USR-00233,LOC-0057,LOC-0032,2024-03-17 22:24:03,2024-03-18 00:01:03,29.47,97,28929.35,2.0,57858.7,Completed,GoPay,Success
2216,TRP-002106,DRV-00244,USR-01042,LOC-0051,LOC-0033,2024-07-12 13:14:54,2024-07-12 14:55:54,36.33,101,97106.91,1.0,97106.91,Completed,Cash,Success
2217,TRP-002107,DRV-00051,USR-00599,LOC-0056,LOC-0039,2024-02-03 15:12:25,2024-02-03 16:20:25,36.78,68,94226.26,1.0,94226.26,Completed,Credit Card,Success
2218,TRP-002108,DRV-00011,USR-01104,LOC-0056,LOC-0042,2024-11-28 08:03:41,2024-11-28 09:45:41,31.47,102,137656.21,2.0,275312.42,Completed,Credit Card,Success
2219,TRP-002109,DRV-00010,USR-00043,LOC-0015,LOC-0012,2024-05-29 14:56:24,2024-05-29 16:49:24,13.91,113,99806.75,2.5,249516.88,Cancelled,GoPay,Success
2220,TRP-002110,DRV-00115,USR-00443,LOC-0022,LOC-0012,2024-11-21 21:29:35,2024-11-21 22:51:35,12.01,82,62298.74,1.0,62298.74,Completed,Credit Card,Success
2221,TRP-002111,DRV-00085,USR-01547,LOC-0046,LOC-0038,2024-07-04 13:55:00,2024-07-04 14:11:00,12.74,16,54427.5,1.0,54427.5,Completed,Cash,Success
2222,TRP-002112,DRV-00101,USR-00687,LOC-0020,LOC-0042,2024-05-04 14:41:12,2024-05-04 15:42:12,30.27,61,149020.65,1.5,223530.97,Failed,GoPay,Success
2223,TRP-002113,DRV-00296,USR-01778,LOC-0038,LOC-0047,2024-12-02 09:06:49,2024-12-02 10:02:49,10.56,56,140166.34,1.0,140166.34,Failed,GoPay,Success
2224,TRP-002114,DRV-00347,USR-00924,LOC-0003,LOC-0015,2024-06-06 01:46:37,2024-06-06 03:27:37,10.81,101,133823.54,1.5,200735.31,Completed,GoPay,Success
2225,TRP-002115,DRV-00461,USR-00988,LOC-0056,LOC-0053,2024-06-01 19:57:03,2024-06-01 20:27:03,33.96,30,116350.09,1.5,174525.14,Completed,Credit Card,Success
2226,TRP-002116,DRV-00254,USR-00279,LOC-0032,LOC-0018,2024-07-29 11:38:16,2024-07-29 13:26:16,6.2,108,109195.14,1.75,191091.49,Cancelled,Cash,Pending
2227,TRP-002117,DRV-00444,USR-01489,LOC-0018,LOC-0039,2024-05-31 06:15:29,2024-05-31 08:09:29,4.13,114,136046.86,1.25,170058.57,Failed,Cash,Success
2228,TRP-002118,DRV-00273,USR-01847,LOC-0045,LOC-0028,2024-10-29 11:34:29,2024-10-29 12:48:29,18.0,74,127024.93,2.0,254049.86,Completed,Credit Card,Success
2229,TRP-002119,DRV-00496,USR-00400,LOC-0055,LOC-0045,2024-09-11 15:51:45,2024-09-11 17:18:45,31.72,87,0.0,1.5,0.0,Completed,Credit Card,Failed
2230,TRP-002120,DRV-00378,USR-00567,LOC-0020,LOC-0023,2024-03-12 02:02:34,2024-03-12 03:08:34,20.73,66,128679.02,2.0,257358.04,Completed,GoPay,Success
2231,TRP-002121,DRV-00175,USR-01707,LOC-0037,LOC-0020,2024-10-13 12:40:22,2024-10-13 14:06:22,4.42,86,116791.53,1.0,116791.53,Completed,Credit Card,Success
2232,TRP-002121,DRV-00175,USR-01707,LOC-0037,LOC-0020,2024-10-13 12:40:22,2024-10-13 14:06:22,4.42,86,116791.53,1.0,116791.53,Completed,Credit Card,Success
2233,TRP-002122,DRV-00370,USR-01191,LOC-0010,LOC-0012,2024-05-26 20:02:04,2024-05-26 21:22:04,34.5,80,66372.36,1.0,66372.36,Completed,GoPay,Success
2234,TRP-002123,DRV-00356,USR-01838,LOC-0025,LOC-0021,2024-03-24 06:00:52,2024-03-24 06:10:52,23.62,10,46492.52,2.0,92985.04,Completed,GoPay,Failed
2235,TRP-002124,DRV-00216,USR-00806,LOC-0020,LOC-0050,2024-04-02 15:15:58,2024-04-02 16:53:58,32.11,98,112328.88,1.0,112328.88,Completed,Cash,Success
2236,TRP-002125,DRV-00091,USR-00298,LOC-0052,LOC-0043,2024-04-08 08:20:15,2024-04-08 09:32:15,18.1,72,10341.73,2.5,25854.32,Completed,Credit Card,Pending
2237,TRP-002126,DRV-00347,USR-01553,LOC-0028,LOC-0018,2024-02-13 23:09:12,2024-02-14 00:39:12,18.93,90,92255.16,1.25,115318.95,Cancelled,Credit Card,Success
2238,TRP-002127,DRV-00259,USR-00401,LOC-0047,LOC-0013,2024-07-23 15:49:51,2024-07-23 16:56:51,32.94,67,87548.19,1.0,87548.19,Completed,Cash,Success
2239,TRP-002128,DRV-00276,USR-00210,LOC-0025,LOC-0023,2024-03-11 02:44:01,2024-03-11 04:29:01,6.54,105,56566.96,1.0,56566.96,Cancelled,Credit Card,Success
2240,TRP-002129,DRV-00310,USR-01071,LOC-0002,LOC-0026,2024-07-19 13:19:33,2024-07-19 14:01:33,37.02,42,93556.0,1.0,93556.0,Completed,GoPay,Failed
2241,TRP-002130,DRV-00369,USR-00316,LOC-0027,LOC-0044,2024-09-02 03:00:12,2024-09-02 04:05:12,8.22,65,22344.73,1.0,22344.73,Completed,Cash,Success
2242,TRP-002131,DRV-00039,USR-01092,LOC-0005,LOC-0040,2024-01-18 15:13:23,2024-01-18 16:08:23,26.43,55,71298.68,2.0,142597.36,Completed,Credit Card,Failed
2243,TRP-002132,DRV-00072,USR-00795,LOC-0008,LOC-0004,2024-10-02 10:05:18,2024-10-02 10:45:18,10.42,40,49151.66,1.25,61439.58,Completed,GoPay,Success
2244,TRP-002133,DRV-00109,USR-00290,LOC-0038,LOC-0020,2024-01-09 07:49:10,2024-01-09 08:50:10,10.29,61,61006.15,1.0,61006.15,Completed,Cash,Success
2245,TRP-002133,DRV-00109,USR-00290,LOC-0038,LOC-0020,2024-01-09 07:49:10,2024-01-09 08:50:10,10.29,61,61006.15,1.0,61006.15,Completed,Cash,Success
2246,TRP-002134,DRV-00239,USR-00287,LOC-0036,LOC-0045,2024-10-01 12:54:20,2024-10-01 13:42:20,33.9,48,81137.09,1.5,121705.63,Completed,GoPay,Success
2247,TRP-002135,DRV-00358,USR-01999,LOC-0018,LOC-0043,2024-11-05 16:21:31,2024-11-05 17:11:31,27.91,50,140168.7,1.0,140168.7,Completed,GoPay,Success
2248,TRP-002136,DRV-00407,USR-00659,LOC-0016,LOC-0026,2024-11-22 13:31:17,2024-11-22 14:18:17,25.13,47,64845.18,1.5,97267.77,Completed,Credit Card,Failed
2249,TRP-002137,DRV-00374,USR-01383,LOC-0006,LOC-0050,2024-05-05 17:35:29,2024-05-05 18:15:29,10.24,40,14779.74,1.0,14779.74,Completed,Cash,Success
2250,TRP-002138,DRV-00458,USR-01420,LOC-0028,LOC-0046,2024-08-06 15:33:43,2024-08-06 16:14:43,34.4,41,106863.16,1.75,187010.53,Completed,Cash,Success
2251,TRP-002139,DRV-00390,USR-01960,LOC-0057,LOC-0003,2024-07-12 09:18:52,2024-07-12 10:11:52,35.02,53,17652.89,1.0,17652.89,Cancelled,Credit Card,Success
2252,TRP-002140,DRV-00081,USR-01772,LOC-0010,LOC-0057,2024-04-10 08:06:37,2024-04-10 08:48:37,13.43,42,142139.8,1.0,142139.8,Completed,GoPay,Success
2253,TRP-002141,DRV-00295,USR-00766,LOC-0042,LOC-0006,2024-12-19 09:13:33,2024-12-19 10:20:33,16.68,67,93957.54,1.0,93957.54,Completed,Credit Card,Success
2254,TRP-002142,DRV-00307,USR-00757,LOC-0046,LOC-0005,2024-01-06 01:20:44,2024-01-06 03:17:44,17.82,117,124414.06,1.0,124414.06,Completed,GoPay,Success
2255,TRP-002143,DRV-00013,USR-01407,LOC-0025,LOC-0038,2024-11-04 16:14:07,2024-11-04 17:40:07,9.94,86,84251.41,1.0,84251.41,Completed,Credit Card,Success
2256,TRP-002144,DRV-00481,USR-00481,LOC-0001,LOC-0051,2024-09-06 05:34:31,2024-09-06 06:07:31,22.55,33,17897.1,1.0,17897.1,Completed,GoPay,Success
2257,TRP-002145,DRV-00360,USR-01495,LOC-0035,LOC-0023,2024-10-16 01:19:00,2024-10-16 02:36:00,23.12,77,,1.25,,Completed,Credit Card,Pending
2258,TRP-002146,DRV-00236,USR-00143,LOC-0040,LOC-0051,2024-03-13 12:36:25,2024-03-13 13:49:25,26.02,73,141895.41,1.25,177369.26,Completed,Credit Card,Success
2259,TRP-002147,DRV-00427,USR-00761,LOC-0026,LOC-0001,2024-08-14 23:07:05,2024-08-15 00:40:05,39.97,93,48110.13,1.0,48110.13,Completed,GoPay,Failed
2260,TRP-002148,DRV-00322,USR-00768,LOC-0056,LOC-0025,2024-06-17 01:39:54,2024-06-17 03:36:54,3.16,117,147945.99,1.0,147945.99,Failed,Credit Card,Success
2261,TRP-002149,DRV-00423,USR-01648,LOC-0031,LOC-0038,2024-09-28 16:14:00,2024-09-28 16:55:00,23.76,41,139744.51,1.0,139744.51,Completed,Cash,Success
2262,TRP-002150,DRV-00291,USR-01499,LOC-0025,LOC-0053,2024-11-24 20:50:06,2024-11-24 21:02:06,24.11,12,13766.92,1.0,13766.92,Cancelled,Cash,Success
2263,TRP-002151,DRV-00417,USR-01296,LOC-0038,LOC-0004,2024-02-20 18:51:36,2024-02-20 19:56:36,26.27,65,116668.0,1.0,116668.0,Completed,GoPay,Pending
2264,TRP-002152,DRV-00125,USR-00201,LOC-0017,LOC-0025,2024-03-04 02:25:44,2024-03-04 03:06:44,20.14,41,138991.81,1.5,208487.71,Completed,Cash,Success
2265,TRP-002153,DRV-00494,USR-01841,LOC-0036,LOC-0026,2024-06-09 18:07:16,2024-06-09 19:54:16,21.73,107,114708.58,2.0,229417.16,Cancelled,GoPay,Success
2266,TRP-002154,DRV-00168,USR-00961,LOC-0054,LOC-0024,2024-12-01 23:51:38,2024-12-02 00:07:38,36.6,16,129453.64,1.0,129453.64,Completed,Credit Card,Success
2267,TRP-002155,DRV-00365,USR-01639,LOC-0018,LOC-0041,2024-12-25 18:39:30,2024-12-25 20:21:30,36.87,102,121874.79,1.75,213280.88,Failed,GoPay,Success
2268,TRP-002156,DRV-00306,USR-01348,LOC-0039,LOC-0022,2024-04-08 01:48:51,2024-04-08 02:12:51,18.71,24,14974.7,1.75,26205.73,Completed,Cash,Success
2269,TRP-002157,DRV-00121,USR-01592,LOC-0056,LOC-0041,2024-09-23 00:28:41,2024-09-23 01:29:41,9.57,61,140362.51,1.0,140362.51,Completed,Credit Card,Success
2270,TRP-002158,DRV-00458,USR-01643,LOC-0036,LOC-0007,2024-11-20 04:24:28,2024-11-20 05:28:28,8.06,64,63367.66,2.5,158419.15,Completed,Cash,Success
2271,TRP-002159,DRV-00365,USR-00687,LOC-0035,LOC-0004,2024-09-13 00:15:09,2024-09-13 01:12:09,30.32,57,38106.95,1.25,47633.69,failed,GoPay,Success
2272,TRP-002160,DRV-00244,USR-00385,LOC-0020,LOC-0021,2024-06-26 04:28:11,2024-06-26 06:24:11,23.53,116,36801.1,1.0,36801.1,Completed,Credit Card,Failed
2273,TRP-002161,DRV-00088,USR-00710,LOC-0034,LOC-0036,2024-05-12 11:30:59,2024-05-12 13:05:59,37.93,95,148482.21,2.0,296964.42,Completed,GoPay,Success
2274,TRP-002162,DRV-00141,USR-00057,LOC-0056,LOC-0029,2024-03-16 20:23:02,2024-03-16 21:51:02,19.59,88,90458.87,1.0,90458.87,Completed,Cash,Success
2275,TRP-002163,DRV-00135,USR-00306,LOC-0022,LOC-0008,2024-02-03 12:39:09,2024-02-03 13:53:09,2.47,74,54276.01,1.0,54276.01,Completed,Credit Card,Success
2276,TRP-002164,DRV-00219,USR-01731,LOC-0050,LOC-0006,2024-09-17 12:41:59,2024-09-17 13:48:59,2.87,67,126479.37,1.25,158099.21,Cancelled ,GoPay,Success
2277,TRP-002165,DRV-00049,USR-00566,LOC-0028,LOC-0045,2024-02-12 09:35:42,2024-02-12 10:33:42,27.71,58,51830.56,1.0,51830.56,Cancelled,GoPay,Success
2278,TRP-002166,DRV-00260,USR-00141,LOC-0001,LOC-0041,2024-01-03 05:44:52,2024-01-03 06:56:52,5.34,72,62407.42,1.25,78009.27,Completed,Cash,Failed
2279,TRP-002167,DRV-00097,USR-01112,LOC-0032,LOC-0056,2024-03-23 14:18:43,2024-03-23 15:17:43,22.41,59,143796.91,1.0,143796.91,Completed,Cash,Success
2280,TRP-002168,DRV-00277,USR-00637,LOC-0034,LOC-0009,2024-11-29 01:22:07,2024-11-29 02:31:07,28.83,69,,1.25,,Completed,Credit Card,Success
2281,TRP-002169,DRV-00340,USR-00015,LOC-0025,LOC-0044,2024-01-02 00:03:05,2024-01-02 00:46:05,14.95,43,111321.35,1.25,139151.69,Completed,Credit Card,Success
2282,TRP-002170,DRV-00072,USR-01655,LOC-0030,LOC-0012,2024-03-05 14:17:08,2024-03-05 14:53:08,31.5,36,41077.59,1.0,41077.59,Cancelled,GoPay,Success
2283,TRP-002171,DRV-00108,USR-00671,LOC-0054,LOC-0010,2024-03-04 19:26:06,2024-03-04 20:29:06,30.55,63,101966.18,1.0,101966.18,Completed,GoPay,Pending
2284,TRP-002172,DRV-00190,USR-00198,LOC-0013,LOC-0045,2024-09-12 18:30:37,2024-09-12 19:24:37,32.56,54,,1.0,,Completed,Credit Card,Success
2285,TRP-002172,DRV-00190,USR-00198,LOC-0013,LOC-0045,2024-09-12 18:30:37,2024-09-12 19:24:37,32.56,54,,1.0,,Completed,Credit Card,Success
2286,TRP-002173,DRV-00161,USR-00184,LOC-0017,LOC-0043,2024-09-28 13:10:52,2024-09-28 13:51:52,5.46,41,129344.23,1.0,129344.23,Completed,Credit Card,Success
2287,TRP-002174,DRV-00358,USR-00739,LOC-0019,LOC-0054,2024-03-08 07:35:28,2024-03-08 08:39:28,2.59,64,67783.51,1.0,67783.51,Completed,Credit Card,Success
2288,TRP-002175,DRV-00164,USR-01892,LOC-0037,LOC-0020,2024-05-22 15:19:22,2024-05-22 16:40:22,23.04,81,31785.34,1.0,31785.34,Completed,Cash,Success
2289,TRP-002176,DRV-00415,USR-01051,LOC-0044,LOC-0040,2024-09-17 16:45:15,2024-09-17 17:37:15,39.81,52,38258.71,1.0,38258.71,Completed,Cash,Success
2290,TRP-002177,DRV-00390,USR-01911,LOC-0045,LOC-0034,2024-07-10 11:12:45,2024-07-10 12:07:45,31.66,55,99740.77,1.25,124675.96,Completed,GoPay,Success
2291,TRP-002178,DRV-00148,USR-01155,LOC-0033,LOC-0035,2024-10-03 13:52:05,2024-10-03 15:22:05,10.01,90,69492.88,1.0,69492.88,Completed,Credit Card,Success
2292,TRP-002179,DRV-00387,USR-00696,LOC-0012,LOC-0005,2024-05-16 16:36:56,2024-05-16 16:54:56,20.12,18,105238.8,1.0,105238.8,Completed,GoPay,Pending
2293,TRP-002180,DRV-00131,USR-00964,LOC-0007,LOC-0024,2024-07-03 19:00:19,2024-07-03 20:49:19,13.51,109,,1.0,,Completed,GoPay,Success
2294,TRP-002181,DRV-00055,USR-00367,LOC-0007,LOC-0057,2024-11-11 18:57:39,2024-11-11 20:00:39,24.26,63,41424.32,1.0,41424.32,Completed,Cash,Success
2295,TRP-002182,DRV-00059,USR-00605,LOC-0017,LOC-0022,2024-03-19 19:16:51,2024-03-19 20:26:51,5.15,70,100440.29,1.0,100440.29,Completed,Credit Card,Success
2296,TRP-002183,DRV-00328,USR-00723,LOC-0049,LOC-0039,2024-02-08 23:58:17,2024-02-09 00:34:17,7.97,36,85142.58,1.0,85142.58,Cancelled,Credit Card,Success
2297,TRP-002184,DRV-00377,USR-01153,LOC-0046,LOC-0013,2024-02-03 14:44:41,2024-02-03 14:58:41,35.18,14,129385.7,1.0,129385.7,Completed,GoPay,Success
2298,TRP-002185,DRV-00241,USR-00896,LOC-0041,LOC-0051,2024-03-03 18:36:28,2024-03-03 20:06:28,15.86,90,133126.93,1.75,232972.13,Completed,Cash,Success
2299,TRP-002186,DRV-00308,USR-01484,LOC-0024,LOC-0001,2024-07-06 01:47:44,2024-07-06 03:26:44,22.87,99,79362.07,1.25,99202.59,Completed,Credit Card,Success
2300,TRP-002187,DRV-00149,USR-01151,LOC-0053,LOC-0044,2024-06-27 16:39:29,2024-06-27 17:23:29,16.16,44,34265.56,2.5,85663.9,Completed,Credit Card,Success
2301,TRP-002188,DRV-00464,USR-00446,LOC-0029,LOC-0014,2024-05-09 09:59:16,2024-05-09 10:35:16,8.91,36,133136.59,1.0,133136.59,Completed,Credit Card,Success
2302,TRP-002189,DRV-00138,USR-00436,LOC-0005,LOC-0007,2024-05-29 14:24:33,2024-05-29 14:54:33,36.64,30,18312.19,1.25,22890.24,Completed,GoPay,Success
2303,TRP-002190,DRV-00384,USR-00412,LOC-0006,LOC-0002,2024-05-12 00:13:14,2024-05-12 01:08:14,18.12,55,19295.23,1.0,19295.23,Completed,GoPay,Pending
2304,TRP-002191,DRV-00170,USR-01123,LOC-0025,LOC-0041,2024-06-24 07:01:41,2024-06-24 08:28:41,8.37,87,56443.77,1.0,56443.77,Completed,GoPay,Success
2305,TRP-002192,DRV-00281,USR-00888,LOC-0003,LOC-0029,2024-02-23 23:04:53,2024-02-24 00:36:53,38.79,92,10685.29,1.25,13356.61,Completed,Credit Card,Success
2306,TRP-002193,DRV-00064,USR-01635,LOC-0020,LOC-0049,2024-02-10 07:44:59,2024-02-10 08:31:59,1.08,47,120258.12,1.25,150322.65,Completed,GoPay,Success
2307,TRP-002194,DRV-00213,USR-00522,LOC-0005,LOC-0013,2024-03-07 16:54:47,2024-03-07 18:46:47,17.07,112,73312.88,1.0,73312.88,Cancelled ,GoPay,Success
2308,TRP-002195,DRV-00014,USR-01100,LOC-0006,LOC-0031,2024-04-19 23:23:08,2024-04-20 01:03:08,25.54,100,29352.44,1.25,36690.55,Cancelled,Credit Card,Success
2309,TRP-002196,DRV-00222,USR-01031,LOC-0055,LOC-0012,2024-01-08 10:35:30,2024-01-08 11:57:30,4.82,82,100652.28,1.0,100652.28,Completed,Cash,Success
2310,TRP-002197,DRV-00312,USR-01561,LOC-0054,LOC-0030,2024-08-15 22:28:46,2024-08-16 00:08:46,1.6,100,70945.05,1.0,70945.05,Cancelled,GoPay,Success
2311,TRP-002198,DRV-00344,USR-01732,LOC-0023,LOC-0014,2024-04-02 21:54:56,2024-04-02 23:07:56,24.34,73,10238.59,1.0,10238.59,Completed,Credit Card,Success
2312,TRP-002199,DRV-00019,USR-01403,LOC-0008,LOC-0022,2024-03-30 11:38:33,2024-03-30 12:18:33,9.86,40,11035.19,2.0,22070.38,Completed,Cash,Success
2313,TRP-002200,DRV-00473,USR-00206,LOC-0023,LOC-0006,2024-08-19 00:22:30,2024-08-19 01:25:30,20.62,63,95426.36,2.5,238565.9,CANCELLED,Credit Card,Success
2314,TRP-002200,DRV-00473,USR-00206,LOC-0023,LOC-0006,2024-08-19 00:22:30,2024-08-19 01:25:30,20.62,63,95426.36,2.5,238565.9,CANCELLED,Credit Card,Success
2315,TRP-002201,DRV-00106,USR-01315,LOC-0042,LOC-0020,2024-09-25 12:30:24,2024-09-25 13:52:24,5.58,82,20650.39,1.75,36138.18,Completed,GoPay,Failed
2316,TRP-002202,DRV-00043,USR-01530,LOC-0020,LOC-0022,2024-03-06 12:59:53,2024-03-06 13:32:53,21.09,33,99447.7,1.0,99447.7,Cancelled,Credit Card,Success
2317,TRP-002203,DRV-00365,USR-00524,LOC-0039,LOC-0056,2024-06-06 19:16:05,2024-06-06 20:11:05,38.97,55,0.0,1.0,0.0,Failed,GoPay,Success
2318,TRP-002204,DRV-00074,USR-00402,LOC-0045,LOC-0052,2024-10-13 15:25:27,2024-10-13 16:57:27,,-5,49324.57,1.0,49324.57,Completed,Cash,Success
2319,TRP-002204,DRV-00074,USR-00402,LOC-0045,LOC-0052,2024-10-13 15:25:27,2024-10-13 16:57:27,,-5,49324.57,1.0,49324.57,Completed,Cash,Success
2320,TRP-002205,DRV-00098,USR-01333,LOC-0018,LOC-0038,2024-02-14 16:07:43,2024-02-14 16:49:43,4.99,42,12312.23,1.0,12312.23,Completed,Credit Card,Success
2321,TRP-002206,DRV-00448,USR-00832,LOC-0017,LOC-0045,2024-05-01 16:05:23,2024-05-01 16:51:23,8.91,46,78102.73,1.0,78102.73,Cancelled,Cash,Success
2322,TRP-002207,DRV-00364,USR-00399,LOC-0001,LOC-0052,2024-02-04 13:30:23,2024-02-04 15:08:23,10.07,98,40883.78,5.0,40883.78,Completed,Credit Card,Success
2323,TRP-002208,DRV-00309,USR-01161,LOC-0025,LOC-0005,2024-04-25 04:36:31,2024-04-25 06:35:31,24.51,119,97232.75,1.75,170157.31,Completed,Cash,Success
2324,TRP-002209,DRV-00168,USR-01997,LOC-0045,LOC-0010,2024-06-03 16:40:59,2024-06-03 16:53:59,32.95,13,82160.9,5.0,82160.9,Completed,Credit Card,Success
2325,TRP-002210,DRV-00189,USR-01260,LOC-0011,LOC-0041,2024-12-07 21:18:35,2024-12-07 21:52:35,7.16,34,57228.64,2.0,114457.28,Completed,GoPay,Failed
2326,TRP-002211,DRV-00114,USR-00585,LOC-0048,LOC-0049,2024-07-06 10:31:03,2024-07-06 12:15:03,33.64,104,,1.5,,Completed,GoPay,Success
2327,TRP-002212,DRV-00186,USR-01308,LOC-0037,LOC-0055,2024-05-08 09:00:47,2024-05-08 10:39:47,35.01,99,23631.16,1.25,29538.95,Completed,GoPay,Pending
2328,TRP-002213,DRV-00115,USR-01181,LOC-0035,LOC-0041,2024-09-19 10:24:33,2024-09-19 11:19:33,3.64,55,107823.59,2.0,215647.18,Completed,Credit Card,Success
2329,TRP-002214,DRV-00240,USR-00799,LOC-0029,LOC-0036,2024-11-15 02:06:06,2024-11-15 02:36:06,10.59,30,11076.48,1.25,13845.6,Completed,GoPay,Success
2330,TRP-002215,DRV-00261,USR-00772,LOC-0022,LOC-0031,2024-04-15 03:36:02,2024-04-15 04:11:02,1.92,35,66410.65,1.75,116218.64,Completed,GoPay,Success
2331,TRP-002216,DRV-00225,USR-00290,LOC-0004,LOC-0013,2024-11-23 08:59:43,2024-11-23 10:24:43,21.04,85,18813.18,1.0,18813.18,Completed,Cash,Success
2332,TRP-002217,DRV-00039,USR-01436,LOC-0041,LOC-0029,2024-08-17 11:24:50,2024-08-17 12:26:50,10.72,62,37302.69,1.25,46628.36,Failed,Cash,Success
2333,TRP-002218,DRV-00423,USR-01722,LOC-0038,LOC-0011,2024-08-09 12:20:10,2024-08-09 13:41:10,35.59,81,145063.25,1.0,145063.25,Completed,Credit Card,Success
2334,TRP-002219,DRV-00415,USR-00367,LOC-0018,LOC-0055,2024-01-23 14:37:20,2024-01-23 15:53:20,29.9,76,117337.2,2.5,293343.0,Completed,Credit Card,Success
2335,TRP-002220,DRV-00341,USR-00603,LOC-0005,LOC-0003,2024-04-04 07:58:56,2024-04-04 09:08:56,17.03,70,32223.02,1.0,32223.02,Completed,Credit Card,Success
2336,TRP-002221,DRV-00120,USR-00645,LOC-0032,LOC-0035,2024-01-29 10:56:15,2024-01-29 12:48:15,5.63,112,49602.01,1.5,74403.01,Completed,Cash,Success
2337,TRP-002222,DRV-00398,USR-00121,LOC-0057,LOC-0012,2024-11-19 03:15:31,2024-11-19 04:42:31,26.31,87,141586.26,1.0,141586.26,Cancelled,Credit Card,Failed
2338,TRP-002223,DRV-00147,USR-00787,LOC-0003,LOC-0010,2024-03-15 07:14:10,2024-03-15 09:02:10,30.08,108,,1.0,,Completed,Cash,Success
2339,TRP-002224,DRV-00173,USR-00879,LOC-0015,LOC-0053,2024-02-01 16:23:04,2024-02-01 17:24:04,20.31,61,63556.55,1.0,63556.55,Completed,Cash,Success
2340,TRP-002225,DRV-00236,USR-01963,LOC-0006,LOC-0036,2024-01-30 19:00:49,2024-01-30 20:59:49,25.01,119,128125.11,1.0,128125.11,Completed,Credit Card,Failed
2341,TRP-002226,DRV-00001,USR-01285,LOC-0036,LOC-0002,2024-03-12 18:04:07,2024-03-12 19:20:07,7.42,76,23211.16,1.0,23211.16,Completed,Cash,Success
2342,TRP-002227,DRV-00152,USR-00634,LOC-0025,LOC-0038,2024-06-29 08:55:00,2024-06-29 10:13:00,25.44,78,51534.08,1.5,77301.12,Completed,GoPay,Success
2343,TRP-002228,DRV-00312,USR-00464,LOC-0016,LOC-0019,2024-05-19 16:39:51,2024-05-19 16:49:51,3.39,10,24558.96,1.0,24558.96,Completed,GoPay,Success
2344,TRP-002229,DRV-00199,USR-01404,LOC-0047,LOC-0026,2024-08-04 01:38:17,2024-08-04 03:21:17,11.44,103,67926.78,1.5,101890.17,Completed,GoPay,Success
2345,TRP-002230,DRV-00037,USR-01049,LOC-0007,LOC-0036,2024-05-31 03:55:27,2024-05-31 05:18:27,16.33,83,29556.17,1.5,44334.25,Completed,Cash,Success
2346,TRP-002231,DRV-00293,USR-00840,LOC-0055,LOC-0013,2024-09-09 11:36:45,2024-09-09 12:37:45,6.96,61,109003.15,1.25,136253.94,Completed,Credit Card,Pending
2347,TRP-002232,DRV-00320,USR-00059,LOC-0005,LOC-0030,2024-01-22 16:57:51,2024-01-22 18:36:51,32.27,99,69286.95,1.75,121252.16,Cancelled,GoPay,Success
2348,TRP-002233,DRV-00129,USR-01489,LOC-0047,LOC-0050,2024-09-11 11:01:40,2024-09-11 11:17:40,32.46,16,52661.56,1.0,52661.56,Cancelled,Cash,Success
2349,TRP-002234,DRV-00355,USR-00570,LOC-0007,LOC-0045,2024-06-15 08:51:27,2024-06-15 09:41:27,16.41,0,68743.06,1.0,68743.06,Cancelled ,GoPay,Pending
2350,TRP-002235,DRV-00394,USR-01161,LOC-0013,LOC-0050,2024-05-22 14:45:27,2024-05-22 16:07:27,17.49,82,98360.52,1.5,147540.78,Cancelled,Cash,Success
2351,TRP-002236,DRV-00450,USR-00487,LOC-0013,LOC-0024,2024-12-04 13:19:49,2024-12-04 15:14:49,24.69,115,97931.91,1.25,122414.89,Completed,Credit Card,Success
2352,TRP-002236,DRV-00450,USR-00487,LOC-0013,LOC-0024,2024-12-04 13:19:49,2024-12-04 15:14:49,24.69,115,97931.91,1.25,122414.89,Completed,Credit Card,Success
2353,TRP-002237,DRV-00130,USR-00419,LOC-0018,LOC-0010,2024-03-03 13:06:25,2024-03-03 14:31:25,24.51,85,103161.75,1.0,103161.75,Completed,GoPay,Success
2354,TRP-002238,DRV-00005,USR-01158,LOC-0001,LOC-0019,2024-01-03 20:34:40,2024-01-03 20:50:40,10.64,-5,140522.64,1.75,245914.62,Completed,Cash,Success
2355,TRP-002239,DRV-00001,USR-00304,LOC-0054,LOC-0023,2024-06-23 19:16:30,2024-06-23 20:36:30,20.05,80,104160.28,5.0,156240.42,Completed,Credit Card,Success
2356,TRP-002240,DRV-00035,USR-01593,LOC-0039,LOC-0050,2024-08-11 10:39:35,2024-08-11 11:03:35,21.14,24,37006.35,1.0,37006.35,Cancelled,Credit Card,Success
2357,TRP-002241,DRV-00228,USR-01376,LOC-0031,LOC-0005,2024-06-25 20:47:16,2024-06-25 22:27:16,18.85,100,35930.27,1.0,35930.27,Cancelled,Credit Card,Success
2358,TRP-002242,DRV-00315,USR-00947,LOC-0035,LOC-0036,2024-10-10 01:48:32,2024-10-10 02:09:32,27.19,21,47069.48,1.25,58836.85,Completed,GoPay,Success
2359,TRP-002243,DRV-00021,USR-00660,LOC-0028,LOC-0011,2024-04-13 02:45:24,2024-04-13 03:32:24,33.86,47,84798.45,1.0,84798.45,Failed,Credit Card,Failed
2360,TRP-002244,DRV-00013,USR-00208,LOC-0015,LOC-0038,2024-02-13 20:16:59,2024-02-13 21:39:59,8.84,83,,1.0,,Completed,Credit Card,Success
2361,TRP-002245,DRV-00109,USR-01131,LOC-0057,LOC-0048,2024-03-08 17:54:50,2024-03-08 19:13:50,26.89,79,140033.94,2.0,280067.88,Completed,Cash,Success
2362,TRP-002246,DRV-00111,USR-00841,LOC-0043,LOC-0011,2024-07-06 00:06:30,2024-07-06 00:45:30,10.07,39,80217.1,1.25,100271.38,Completed,Cash,Success
2363,TRP-002247,DRV-00383,USR-01929,LOC-0003,LOC-0057,2024-12-21 11:58:00,2024-12-21 13:24:00,13.55,86,144163.97,1.0,144163.97,Completed,Cash,Success
2364,TRP-002248,DRV-00446,USR-01477,LOC-0037,LOC-0041,2024-09-05 22:40:17,2024-09-06 00:11:17,26.43,91,128112.88,1.0,128112.88,Completed,Cash,Success
2365,TRP-002249,DRV-00180,USR-00828,LOC-0047,LOC-0011,2024-05-03 16:45:39,2024-05-03 17:56:39,28.03,71,,1.0,,Failed,Credit Card,Success
2366,TRP-002250,DRV-00013,USR-01647,LOC-0004,LOC-0050,2024-04-09 17:39:57,2024-04-09 18:27:57,11.69,48,58213.64,1.75,101873.87,Cancelled,Cash,Success
2367,TRP-002251,DRV-00464,USR-01783,LOC-0012,LOC-0002,2024-03-04 14:23:43,2024-03-04 14:47:43,,24,85694.66,1.0,85694.66,Cancelled,GoPay,Success
2368,TRP-002252,DRV-00015,USR-01980,LOC-0043,LOC-0030,2024-03-12 17:52:20,2024-03-12 18:02:20,27.2,10,40315.78,1.75,70552.61,Completed,Credit Card,Success
2369,TRP-002253,DRV-00474,USR-00555,LOC-0025,LOC-0026,2024-12-02 01:42:32,2024-12-02 03:01:32,13.68,79,126306.06,1.0,126306.06,Failed,Cash,Success
2370,TRP-002254,DRV-00184,USR-00976,LOC-0056,LOC-0041,2024-12-29 05:47:23,2024-12-29 06:33:23,18.05,46,58232.15,1.0,58232.15,Completed,Credit Card,Success
2371,TRP-002255,DRV-00198,USR-01103,LOC-0044,LOC-0009,2024-11-25 02:54:30,2024-11-25 04:27:30,25.06,93,88329.01,1.0,88329.01,Completed,GoPay,Success
2372,TRP-002256,DRV-00133,USR-01285,LOC-0005,LOC-0019,2024-04-20 13:06:59,2024-04-20 14:27:59,36.19,81,103119.38,0.5,103119.38,Completed,Cash,Success
2373,TRP-002257,DRV-00398,USR-01955,LOC-0053,LOC-0012,2024-07-12 03:13:30,2024-07-12 04:25:30,35.07,72,142853.85,2.5,357134.62,Cancelled,Credit Card,Success
2374,TRP-002258,DRV-00170,USR-01406,LOC-0045,LOC-0002,2024-09-15 03:15:26,2024-09-15 05:10:26,33.81,115,75893.14,2.5,189732.85,Completed,GoPay,Success
2375,TRP-002259,DRV-00178,USR-00477,LOC-0006,LOC-0010,2024-01-25 17:32:38,2024-01-25 18:19:38,35.79,47,104732.08,1.0,104732.08,Completed,Credit Card,Success
2376,TRP-002260,DRV-00404,USR-00222,LOC-0041,LOC-0017,2024-06-18 14:20:39,2024-06-18 16:17:39,16.98,117,17429.19,1.5,26143.78,Completed,Credit Card,Success
2377,TRP-002261,DRV-00085,USR-00377,LOC-0025,LOC-0020,2024-01-31 05:35:05,2024-01-31 07:19:05,6.22,104,149284.72,2.0,298569.44,Completed,GoPay,Success
2378,TRP-002262,DRV-00163,USR-00235,LOC-0025,LOC-0036,2024-04-02 14:49:55,2024-04-02 15:16:55,1.22,27,124271.97,1.0,124271.97,Cancelled,Credit Card,Success
2379,TRP-002263,DRV-00369,USR-01567,LOC-0035,LOC-0017,2024-06-20 23:35:44,2024-06-21 01:12:44,13.29,97,129511.86,1.0,129511.86,Completed,GoPay,Success
2380,TRP-002264,DRV-00034,USR-01126,LOC-0051,LOC-0054,2024-09-03 10:42:51,2024-09-03 11:22:51,17.22,40,91220.64,1.5,136830.96,Completed,Credit Card,Success
2381,TRP-002265,DRV-00296,USR-01601,LOC-0030,LOC-0021,2024-07-17 05:58:20,2024-07-17 06:42:20,30.52,44,69778.83,1.0,69778.83,Cancelled,GoPay,Success
2382,TRP-002266,DRV-00315,USR-01488,LOC-0002,LOC-0040,2024-01-24 19:12:45,2024-01-24 20:10:45,16.57,58,123864.59,1.25,154830.74,Completed,GoPay,Pending
2383,TRP-002267,DRV-00473,USR-01160,LOC-0038,LOC-0036,2024-07-13 01:32:23,2024-07-13 02:04:23,39.45,32,47507.84,1.0,47507.84,Cancelled,GoPay,Success
2384,TRP-002268,DRV-00300,USR-00504,LOC-0044,LOC-0037,2024-11-17 06:09:44,2024-11-17 06:24:44,23.97,15,22886.75,1.0,22886.75,Completed,GoPay,Pending
2385,TRP-002269,DRV-00143,USR-00066,LOC-0021,LOC-0019,2024-11-22 07:23:32,2024-11-22 07:46:32,28.89,23,103690.15,1.0,103690.15,Completed,GoPay,Success
2386,TRP-002270,DRV-00082,USR-01975,LOC-0047,LOC-0028,2024-01-11 07:46:49,2024-01-11 08:56:49,10.43,70,116418.98,1.0,116418.98,Completed,GoPay,Success
2387,TRP-002271,DRV-00419,USR-01650,LOC-0014,LOC-0009,2024-03-25 18:25:09,2024-03-25 19:04:09,22.25,39,102961.51,1.0,102961.51,Completed,Cash,Success
2388,TRP-002272,DRV-00454,USR-01523,LOC-0018,LOC-0050,2024-05-12 12:56:11,2024-05-12 14:23:11,38.43,87,68739.18,1.0,68739.18,Completed,GoPay,Failed
2389,TRP-002273,DRV-00101,USR-01507,LOC-0040,LOC-0011,2024-09-24 16:56:29,2024-09-24 17:32:29,1.82,36,86083.88,1.0,86083.88,Completed,Cash,Success
2390,TRP-002274,DRV-00334,USR-01674,LOC-0042,LOC-0012,2024-11-22 20:44:11,2024-11-22 22:41:11,12.71,117,135670.23,1.5,203505.35,Completed,Cash,Success
2391,TRP-002275,DRV-00410,USR-01079,LOC-0054,LOC-0032,2024-03-22 21:38:21,2024-03-22 22:02:21,27.28,24,28272.44,1.0,28272.44,Cancelled,Cash,Success
2392,TRP-002276,DRV-00363,USR-00204,LOC-0052,LOC-0001,2024-11-06 19:29:13,2024-11-06 20:52:13,1.57,83,129964.76,1.25,162455.95,Completed,Credit Card,Success
2393,TRP-002277,DRV-00311,USR-00317,LOC-0025,LOC-0020,2024-03-12 13:24:36,2024-03-12 13:48:36,30.09,24,34219.09,1.0,34219.09,Completed,GoPay,Failed
2394,TRP-002278,DRV-00366,USR-01306,LOC-0020,LOC-0038,2024-07-10 17:00:44,2024-07-10 17:15:44,15.77,15,97498.57,1.0,97498.57,Completed,GoPay,Success
2395,TRP-002279,DRV-00365,USR-00491,LOC-0023,LOC-0028,2024-02-25 17:56:46,2024-02-25 18:30:46,23.66,34,120349.05,1.0,120349.05,Cancelled,GoPay,Failed
2396,TRP-002280,DRV-00029,USR-00736,LOC-0016,LOC-0009,2024-10-18 04:38:29,2024-10-18 05:09:29,2.66,31,92101.23,1.25,115126.54,Completed,GoPay,Success
2397,TRP-002281,DRV-00147,USR-00963,LOC-0056,LOC-0035,2024-03-11 10:19:02,2024-03-11 11:02:02,32.55,43,125421.8,1.75,219488.15,Completed,GoPay,Success
2398,TRP-002282,DRV-00323,USR-01491,LOC-0033,LOC-0024,2024-06-28 10:36:07,2024-06-28 12:17:07,17.75,101,15422.24,1.0,15422.24,Cancelled,GoPay,Success
2399,TRP-002283,DRV-00496,USR-01950,LOC-0013,LOC-0009,2024-10-15 03:51:39,2024-10-15 05:00:39,31.6,69,143170.34,2.0,286340.68,Completed,Cash,Success
2400,TRP-002284,DRV-00381,USR-00643,LOC-0028,LOC-0020,2024-05-28 04:41:32,2024-05-28 05:59:32,17.21,78,75353.27,1.5,113029.9,completed,Credit Card,Success
2401,TRP-002285,DRV-00428,USR-00028,LOC-0054,LOC-0045,2024-02-12 14:51:08,2024-02-12 15:28:08,30.64,37,144853.13,1.0,144853.13,Completed,Cash,Success
2402,TRP-002286,DRV-00371,USR-01929,LOC-0043,LOC-0045,2024-07-29 13:33:31,2024-07-29 15:11:31,9.7,98,77323.31,1.5,115984.96,Cancelled,Credit Card,Success
2403,TRP-002287,DRV-00208,USR-00756,LOC-0030,LOC-0036,2024-06-12 17:01:56,2024-06-12 18:55:56,18.05,114,15921.99,1.25,19902.49,Completed,Cash,Success
2404,TRP-002288,DRV-00320,USR-00441,LOC-0041,LOC-0014,2024-04-27 01:04:00,2024-04-27 02:19:00,26.92,75,21933.87,1.0,21933.87,Completed,Credit Card,Success
2405,TRP-002289,DRV-00270,USR-00098,LOC-0042,LOC-0002,2024-07-14 11:47:48,2024-07-14 12:58:48,15.45,71,118125.33,1.0,118125.33,Completed,Credit Card,Success
2406,TRP-002290,DRV-00276,USR-00576,LOC-0018,LOC-0017,2024-05-30 17:56:13,2024-05-30 19:14:13,37.38,78,54755.72,1.0,54755.72,Completed,Credit Card,Success
2407,TRP-002291,DRV-00116,USR-00330,LOC-0026,LOC-0049,2024-04-18 16:08:38,2024-04-18 16:59:38,18.69,51,19201.58,1.75,33602.76,Failed,Cash,Success
2408,TRP-002292,DRV-00405,USR-01484,LOC-0053,LOC-0037,2024-07-07 21:29:10,2024-07-07 21:49:10,8.17,20,90864.49,1.0,90864.49,Completed,GoPay,Failed
2409,TRP-002293,DRV-00315,USR-01536,LOC-0001,LOC-0029,2024-09-26 23:36:45,2024-09-26 23:48:45,12.73,12,80760.87,1.25,100951.09,Completed,Credit Card,Pending
2410,TRP-002294,DRV-00443,USR-00179,LOC-0046,LOC-0002,2024-07-05 17:30:52,2024-07-05 18:20:52,20.6,50,52590.96,1.0,52590.96,Cancelled,GoPay,Success
2411,TRP-002295,DRV-00069,USR-01028,LOC-0041,LOC-0038,2024-06-07 11:25:07,2024-06-07 12:49:07,4.68,84,106046.07,1.0,106046.07,Completed,Credit Card,Success
2412,TRP-002296,DRV-00351,USR-00348,LOC-0012,LOC-0002,2024-06-10 13:50:54,2024-06-10 15:43:54,33.27,113,0.0,1.5,0.0,Completed,Cash,Success
2413,TRP-002297,DRV-00283,USR-01592,LOC-0030,LOC-0024,2024-06-06 13:32:37,2024-06-06 15:02:37,39.45,90,44385.8,1.5,66578.7,Completed,Credit Card,Failed
2414,TRP-002298,DRV-00458,USR-01246,LOC-0054,LOC-0049,2024-12-16 17:25:56,2024-12-16 17:58:56,18.19,33,148394.85,2.0,296789.7,Cancelled,Cash,Success
2415,TRP-002299,DRV-00041,USR-01923,LOC-0036,LOC-0006,2024-05-29 22:49:29,2024-05-30 00:23:29,19.48,94,135804.53,1.0,135804.53,Completed,GoPay,Success
2416,TRP-002300,DRV-00233,USR-01551,LOC-0017,LOC-0007,2024-07-02 23:26:23,2024-07-03 00:56:23,,90,80275.84,1.25,100344.8,Completed,GoPay,Success
2417,TRP-002301,DRV-00142,USR-01689,LOC-0036,LOC-0039,2024-01-08 03:48:08,2024-01-08 04:30:08,36.71,42,21156.48,1.5,31734.72,Cancelled,Credit Card,Success
2418,TRP-002302,DRV-00481,USR-00302,LOC-0018,LOC-0020,2024-04-07 00:20:55,2024-04-07 01:52:55,18.48,92,68870.87,1.0,68870.87,Completed,Credit Card,Success
2419,TRP-002303,DRV-00382,USR-01697,LOC-0013,LOC-0015,2024-12-20 05:25:47,2024-12-20 06:25:47,37.82,60,96945.33,1.0,96945.33,Completed,GoPay,Pending
2420,TRP-002304,DRV-00345,USR-01248,LOC-0049,LOC-0001,2024-12-02 04:58:32,2024-12-02 06:13:32,31.75,75,41189.25,1.0,41189.25,Completed,Credit Card,Success
2421,TRP-002305,DRV-00194,USR-00826,LOC-0027,LOC-0045,2024-08-27 14:35:07,2024-08-27 15:59:07,5.61,84,112151.8,1.25,140189.75,Completed,GoPay,Success
2422,TRP-002306,DRV-00193,USR-00728,LOC-0030,LOC-0052,2024-04-25 03:04:44,2024-04-25 04:22:44,29.6,78,61962.0,1.25,77452.5,Completed,Cash,Success
2423,TRP-002306,DRV-00193,USR-00728,LOC-0030,LOC-0052,2024-04-25 03:04:44,2024-04-25 04:22:44,29.6,78,61962.0,1.25,77452.5,Completed,Cash,Success
2424,TRP-002307,DRV-00463,USR-00947,LOC-0021,LOC-0003,2024-10-11 10:08:54,2024-10-11 12:02:54,17.05,114,28635.06,1.25,35793.83,Completed,Cash,Success
2425,TRP-002308,DRV-00223,USR-01022,LOC-0036,LOC-0033,2024-06-06 00:42:25,2024-06-06 02:36:25,14.18,114,17307.61,1.0,17307.61,Cancelled,Cash,Success
2426,TRP-002309,DRV-00070,USR-00137,LOC-0016,LOC-0014,2024-01-02 04:15:26,2024-01-02 05:46:26,13.96,91,121742.5,1.25,152178.12,Completed,Credit Card,Success
2427,TRP-002310,DRV-00171,USR-01592,LOC-0049,LOC-0057,2024-11-13 06:41:56,2024-11-13 07:54:56,16.54,73,115923.79,1.0,115923.79,Completed,GoPay,Success
2428,TRP-002311,DRV-00006,USR-00855,LOC-0009,LOC-0014,2024-09-23 00:33:20,2024-09-23 02:07:20,26.32,94,58411.31,1.0,58411.31,Completed,Cash,Success
2429,TRP-002312,DRV-00381,USR-00814,LOC-0032,LOC-0008,2024-02-13 10:04:27,2024-02-13 11:44:27,18.15,100,117980.33,1.0,117980.33,Completed,Cash,Success
2430,TRP-002313,DRV-00129,USR-00214,LOC-0027,LOC-0010,2024-09-02 02:39:13,2024-09-02 04:18:13,31.39,99,118132.83,2.5,295332.08,Completed,GoPay,Success
2431,TRP-002314,DRV-00448,USR-01748,LOC-0026,LOC-0029,2024-06-23 07:19:02,2024-06-23 07:36:02,3.46,17,131208.32,1.0,131208.32,Completed,Cash,Success
2432,TRP-002315,DRV-00041,USR-01864,LOC-0034,LOC-0057,2024-08-24 05:13:18,2024-08-24 06:33:18,37.42,80,146823.83,1.0,146823.83,Completed,GoPay,Pending
2433,TRP-002316,DRV-00047,USR-00971,LOC-0016,LOC-0020,2024-02-04 21:54:16,2024-02-04 23:05:16,36.07,71,45946.81,1.0,45946.81,Completed,Cash,Success
2434,TRP-002317,DRV-00039,USR-00850,LOC-0051,LOC-0049,2024-04-27 03:59:42,2024-04-27 05:44:42,25.17,105,58851.77,1.0,58851.77,Completed,Credit Card,Success
2435,TRP-002318,DRV-00135,USR-00428,LOC-0021,LOC-0012,2024-12-15 06:07:28,2024-12-15 07:59:28,13.37,112,101206.24,1.0,101206.24,Completed,Cash,Success
2436,TRP-002319,DRV-00348,USR-00983,LOC-0032,LOC-0034,2024-08-30 18:01:21,2024-08-30 18:23:21,33.07,22,39115.02,1.0,39115.02,Completed,GoPay,Success
2437,TRP-002320,DRV-00470,USR-00051,LOC-0037,LOC-0002,2024-09-16 16:17:47,2024-09-16 17:00:47,8.66,43,59162.56,1.5,88743.84,Cancelled,Cash,Success
2438,TRP-002321,DRV-00400,USR-01852,LOC-0014,LOC-0010,2024-12-22 08:18:38,2024-12-22 09:26:38,4.35,68,14835.39,1.25,18544.24,Completed,GoPay,Success
2439,TRP-002322,DRV-00014,USR-01501,LOC-0040,LOC-0036,2024-02-08 01:30:48,2024-02-08 02:53:48,32.23,83,100595.62,1.0,100595.62,Cancelled,GoPay,Pending
2440,TRP-002323,DRV-00066,USR-00651,LOC-0038,LOC-0015,2024-02-22 01:51:37,2024-02-22 03:11:37,17.71,80,78543.65,1.5,117815.47,Completed,Credit Card,Failed
2441,TRP-002324,DRV-00109,USR-00006,LOC-0057,LOC-0002,2024-06-15 01:36:07,2024-06-15 02:08:07,34.97,32,116141.44,1.0,116141.44,Completed,Credit Card,Success
2442,TRP-002325,DRV-00224,USR-00017,LOC-0032,LOC-0041,2024-11-10 11:17:35,2024-11-10 11:37:35,4.7,20,29690.29,2.0,59380.58,Cancelled,GoPay,Success
2443,TRP-002326,DRV-00181,USR-00885,LOC-0011,LOC-0047,2024-10-19 23:25:37,2024-10-20 00:44:37,,79,110734.39,1.5,166101.58,Failed,Credit Card,Success
2444,TRP-002327,DRV-00229,USR-01363,LOC-0032,LOC-0006,2024-10-20 14:49:55,2024-10-20 16:45:55,17.74,116,33210.89,1.25,41513.61,Completed,GoPay,Success
2445,TRP-002328,DRV-00250,USR-00009,LOC-0014,LOC-0035,2024-06-16 12:25:36,2024-06-16 14:24:36,26.06,119,100140.01,1.25,125175.01,Failed,Credit Card,Success
2446,TRP-002329,DRV-00439,USR-00887,LOC-0013,LOC-0030,2024-12-04 03:38:07,2024-12-04 04:59:07,29.28,81,64984.03,1.5,97476.04,Completed,Cash,Success
2447,TRP-002330,DRV-00004,USR-00569,LOC-0017,LOC-0031,2024-04-19 22:03:30,2024-04-19 23:42:30,4.52,99,69396.19,1.0,69396.19,Completed,GoPay,Success
2448,TRP-002331,DRV-00127,USR-01295,LOC-0009,LOC-0019,2024-04-26 02:00:28,2024-04-26 03:56:28,11.48,116,0.0,1.0,0.0,Completed,GoPay,Success
2449,TRP-002332,DRV-00415,USR-00541,LOC-0032,LOC-0009,2024-10-05 10:54:47,2024-10-05 12:13:47,31.58,79,114144.47,1.25,142680.59,COMPLETED,Cash,Success
2450,TRP-002333,DRV-00230,USR-00909,LOC-0008,LOC-0018,2024-08-25 22:08:13,2024-08-26 00:08:13,12.13,120,139643.66,1.0,139643.66,Completed,Credit Card,Pending
2451,TRP-002333,DRV-00230,USR-00909,LOC-0008,LOC-0018,2024-08-25 22:08:13,2024-08-26 00:08:13,12.13,120,139643.66,1.0,139643.66,Completed,Credit Card,Pending
2452,TRP-002334,DRV-00385,USR-00871,LOC-0036,LOC-0009,2024-10-09 18:45:40,2024-10-09 19:01:40,34.54,16,,1.0,,Completed,Credit Card,Success
2453,TRP-002335,DRV-00183,USR-00363,LOC-0041,LOC-0008,2024-01-02 12:27:39,2024-01-02 13:59:39,28.43,92,93073.42,1.5,139610.13,Completed,Cash,Success
2454,TRP-002336,DRV-00492,USR-01189,LOC-0001,LOC-0012,2024-05-02 09:23:18,2024-05-02 09:44:18,1.89,21,121337.8,2.0,242675.6,Completed,Credit Card,Success
2455,TRP-002337,DRV-00127,USR-00682,LOC-0051,LOC-0040,2024-09-25 11:23:41,2024-09-25 13:16:41,29.83,113,45090.48,1.0,45090.48,Completed,GoPay,Success
2456,TRP-002337,DRV-00127,USR-00682,LOC-0051,LOC-0040,2024-09-25 11:23:41,2024-09-25 13:16:41,29.83,113,45090.48,1.0,45090.48,Completed,GoPay,Success
2457,TRP-002338,DRV-00247,USR-01582,LOC-0035,LOC-0007,2024-07-09 13:49:55,2024-07-09 14:12:55,31.69,23,16891.22,1.0,16891.22,Completed,Cash,Success
2458,TRP-002339,DRV-00278,USR-00669,LOC-0008,LOC-0024,2024-02-02 17:23:28,2024-02-02 19:12:28,8.28,109,100456.32,1.0,100456.32,Cancelled,GoPay,Success
2459,TRP-002340,DRV-00227,USR-00226,LOC-0024,LOC-0039,2024-12-14 18:32:25,2024-12-14 18:49:25,10.15,17,51397.52,2.0,102795.04,Completed,GoPay,Success
2460,TRP-002341,DRV-00219,USR-01037,LOC-0018,LOC-0035,2024-09-24 19:20:53,2024-09-24 19:56:53,11.49,36,42096.13,1.0,42096.13,Completed,Credit Card,Success
2461,TRP-002342,DRV-00095,USR-01658,LOC-0053,LOC-0047,2024-11-15 03:50:39,2024-11-15 05:12:39,27.91,82,135626.63,1.25,169533.29,Cancelled,Credit Card,Success
2462,TRP-002343,DRV-00240,USR-00181,LOC-0039,LOC-0053,2024-02-02 09:55:01,2024-02-02 11:39:01,26.12,104,114239.86,1.0,114239.86,Completed,GoPay,Success
2463,TRP-002343,DRV-00240,USR-00181,LOC-0039,LOC-0053,2024-02-02 09:55:01,2024-02-02 11:39:01,26.12,104,114239.86,1.0,114239.86,Completed,GoPay,Success
2464,TRP-002344,DRV-00174,USR-01543,LOC-0041,LOC-0006,2024-05-24 19:14:30,2024-05-24 20:05:30,21.79,51,111024.92,1.0,111024.92,Failed,Cash,Success
2465,TRP-002345,DRV-00176,USR-00623,LOC-0010,LOC-0056,2024-12-16 03:04:17,2024-12-16 03:28:17,5.38,24,135991.14,1.0,135991.14,Completed,Cash,Success
2466,TRP-002346,DRV-00244,USR-00421,LOC-0015,LOC-0027,2024-09-11 01:29:34,2024-09-11 02:28:34,,59,0.0,1.0,0.0,Completed,Cash,Failed
2467,TRP-002347,DRV-00003,USR-01838,LOC-0027,LOC-0016,2024-08-03 15:07:19,2024-08-03 15:38:19,8.07,31,127284.37,1.0,127284.37,Completed,Cash,Pending
2468,TRP-002348,DRV-00250,USR-01026,LOC-0042,LOC-0044,2024-05-08 06:58:39,2024-05-08 08:57:39,13.7,119,148718.97,1.25,185898.71,Completed,GoPay,Success
2469,TRP-002349,DRV-00490,USR-01218,LOC-0014,LOC-0002,2024-04-20 03:37:11,2024-04-20 05:05:11,11.64,88,83431.73,1.25,104289.66,Completed,GoPay,Success
2470,TRP-002350,DRV-00098,USR-00176,LOC-0026,LOC-0032,2024-08-16 18:50:27,2024-08-16 20:37:27,7.57,107,121892.49,1.0,121892.49,Completed,Credit Card,Success
2471,TRP-002351,DRV-00011,USR-01057,LOC-0008,LOC-0004,2024-05-25 20:00:15,2024-05-25 21:07:15,5.3,67,90531.4,1.0,90531.4,Completed,GoPay,Success
2472,TRP-002352,DRV-00149,USR-01187,LOC-0018,LOC-0024,2024-09-25 04:39:24,2024-09-25 05:34:24,28.8,55,37397.92,1.0,37397.92,Completed,Credit Card,Success
2473,TRP-002353,DRV-00407,USR-00303,LOC-0050,LOC-0027,2024-07-19 20:44:56,2024-07-19 22:04:56,21.04,80,27389.58,1.0,27389.58,Cancelled,Credit Card,Success
2474,TRP-002354,DRV-00322,USR-01671,LOC-0014,LOC-0002,2024-07-09 12:03:51,2024-07-09 13:33:51,31.28,90,26893.54,1.5,40340.31,Completed,Credit Card,Success
2475,TRP-002355,DRV-00378,USR-00901,LOC-0030,LOC-0027,2024-02-08 06:05:39,2024-02-08 07:01:39,34.2,56,86372.6,3.5,86372.6,Completed,Cash,Success
2476,TRP-002356,DRV-00412,USR-00707,LOC-0039,LOC-0029,2024-12-08 10:00:23,2024-12-08 11:02:23,13.31,62,22944.85,1.0,22944.85,Completed,Cash,Success
2477,TRP-002357,DRV-00438,USR-01848,LOC-0040,LOC-0002,2024-11-24 04:31:07,2024-11-24 04:49:07,39.47,18,102295.59,1.0,102295.59,Completed,Credit Card,Pending
2478,TRP-002358,DRV-00075,USR-01697,LOC-0008,LOC-0028,2024-05-15 16:18:35,2024-05-15 16:59:35,22.51,41,125511.34,1.0,125511.34,Completed,Credit Card,Success
2479,TRP-002359,DRV-00183,USR-01437,LOC-0010,LOC-0056,2024-04-09 17:10:43,2024-04-09 18:42:43,12.6,92,,1.75,,Completed,Cash,Success
2480,TRP-002360,DRV-00189,USR-01551,LOC-0004,LOC-0052,2024-07-02 14:48:18,2024-07-02 15:54:18,22.48,66,70978.5,1.0,70978.5,Completed,Credit Card,Success
2481,TRP-002361,DRV-00088,USR-00423,LOC-0055,LOC-0039,2024-09-07 22:26:32,2024-09-07 23:05:32,14.97,39,136512.63,1.0,136512.63,Completed,Credit Card,Pending
2482,TRP-002362,DRV-00051,USR-00389,LOC-0022,LOC-0043,2024-11-04 10:20:11,2024-11-04 11:03:11,37.57,43,125510.62,2.0,251021.24,Cancelled,GoPay,Success
2483,TRP-002363,DRV-00030,USR-00106,LOC-0011,LOC-0022,2024-11-30 20:39:39,2024-11-30 22:16:39,,97,48557.61,2.5,121394.02,Completed,Cash,Success
2484,TRP-002364,DRV-00390,USR-00159,LOC-0022,LOC-0027,2024-04-24 13:46:10,2024-04-24 15:25:10,20.78,99,55324.47,1.0,55324.47,Failed,Credit Card,Success
2485,TRP-002365,DRV-00194,USR-00590,LOC-0037,LOC-0010,2024-02-13 00:20:03,2024-02-13 01:14:03,6.85,54,108511.85,2.0,217023.7,Completed,Cash,Pending
2486,TRP-002366,DRV-00083,USR-00197,LOC-0028,LOC-0050,2024-08-02 09:46:01,2024-08-02 11:27:01,31.48,101,16488.37,1.0,16488.37,Completed,GoPay,Success
2487,TRP-002367,DRV-00069,USR-01942,LOC-0052,LOC-0049,2024-05-22 19:00:04,2024-05-22 19:22:04,7.96,22,86263.06,1.0,86263.06,Cancelled,GoPay,Success
2488,TRP-002368,DRV-00176,USR-01290,LOC-0024,LOC-0032,2024-12-13 18:42:43,2024-12-13 19:47:43,29.74,65,139911.33,1.5,209866.99,Completed,Cash,Success
2489,TRP-002369,DRV-00498,USR-00983,LOC-0045,LOC-0018,2024-02-17 10:26:19,2024-02-17 11:56:19,39.2,90,72210.89,1.0,72210.89,Failed,Credit Card,Success
2490,TRP-002370,DRV-00492,USR-00922,LOC-0006,LOC-0027,2024-05-29 12:59:43,2024-05-29 13:48:43,9.89,49,40408.78,1.5,60613.17,Completed,Credit Card,Success
2491,TRP-002371,DRV-00069,USR-01964,LOC-0040,LOC-0011,2024-06-20 15:05:36,2024-06-20 16:51:36,33.94,106,127380.97,2.5,318452.42,Cancelled,Credit Card,Success
2492,TRP-002372,DRV-00060,USR-01491,LOC-0050,LOC-0006,2024-07-12 15:52:44,2024-07-12 17:39:44,33.56,107,130832.4,1.0,130832.4,Completed,GoPay,Success
2493,TRP-002373,DRV-00024,USR-00638,LOC-0038,LOC-0022,2024-11-17 14:00:09,2024-11-17 14:59:09,36.04,59,84878.03,1.0,84878.03,Completed,GoPay,Success
2494,TRP-002374,DRV-00118,USR-01692,LOC-0037,LOC-0012,2024-10-13 12:59:35,2024-10-13 14:25:35,1.32,86,,1.0,,Completed,Credit Card,Success
2495,TRP-002375,DRV-00243,USR-01627,LOC-0026,LOC-0021,2024-05-01 02:49:32,2024-05-01 03:26:32,23.3,37,144763.8,2.0,289527.6,Completed,GoPay,Success
2496,TRP-002376,DRV-00298,USR-01441,LOC-0044,LOC-0057,2024-12-02 17:50:48,2024-12-02 18:08:48,38.02,18,66869.39,1.5,100304.08,Completed,Cash,Success
2497,TRP-002377,DRV-00409,USR-00594,LOC-0018,LOC-0031,2024-11-02 10:18:47,2024-11-02 12:10:47,27.04,112,52290.62,1.0,52290.62,Completed,Credit Card,Success
2498,TRP-002378,DRV-00189,USR-00950,LOC-0009,LOC-0041,2024-10-15 12:41:04,2024-10-15 14:06:04,4.63,85,28550.98,1.5,42826.47,Completed,GoPay,Success
2499,TRP-002379,DRV-00483,USR-01569,LOC-0009,LOC-0015,2024-10-11 19:24:09,2024-10-11 20:50:09,14.71,86,46950.48,1.5,70425.72,failed,GoPay,Failed
2500,TRP-002380,DRV-00226,USR-01308,LOC-0056,LOC-0043,2024-03-25 13:29:07,2024-03-25 13:46:07,37.81,17,144755.64,1.0,144755.64,Completed,Credit Card,Success
2501,TRP-002381,DRV-00289,USR-00238,LOC-0053,LOC-0039,2024-02-03 20:52:28,2024-02-03 22:39:28,26.71,107,99679.17,2.0,199358.34,Completed,GoPay,Success
2502,TRP-002381,DRV-00289,USR-00238,LOC-0053,LOC-0039,2024-02-03 20:52:28,2024-02-03 22:39:28,26.71,107,99679.17,2.0,199358.34,Completed,GoPay,Success
2503,TRP-002382,DRV-00121,USR-01275,LOC-0033,LOC-0020,2024-07-25 16:39:24,2024-07-25 18:10:24,37.63,91,57561.57,1.0,57561.57,Completed,GoPay,Success
2504,TRP-002383,DRV-00083,USR-00147,LOC-0031,LOC-0047,2024-10-19 15:29:17,2024-10-19 16:29:17,37.11,60,104488.05,1.75,182854.09,Completed,GoPay,Success
2505,TRP-002384,DRV-00364,USR-01733,LOC-0055,LOC-0018,2024-08-18 05:00:48,2024-08-18 06:27:48,18.64,87,38504.26,0.8,38504.26,Completed,Cash,Success
2506,TRP-002385,DRV-00465,USR-01264,LOC-0044,LOC-0053,2024-07-21 10:16:12,2024-07-21 11:48:12,38.45,92,51569.03,1.0,51569.03,CANCELLED,GoPay,Pending
2507,TRP-002386,DRV-00335,USR-01890,LOC-0012,LOC-0010,2024-10-03 14:39:57,2024-10-03 14:54:57,7.43,15,143630.23,1.0,143630.23,Completed,Cash,Success
2508,TRP-002387,DRV-00357,USR-01122,LOC-0011,LOC-0037,2024-03-04 22:30:12,2024-03-04 23:28:12,28.59,58,72771.33,1.0,72771.33,Cancelled,Credit Card,Success
2509,TRP-002388,DRV-00188,USR-01364,LOC-0054,LOC-0039,2024-05-15 22:35:31,2024-05-16 00:00:31,1.71,85,26135.81,1.0,26135.81,Completed,GoPay,Success
2510,TRP-002389,DRV-00239,USR-00127,LOC-0028,LOC-0032,2024-09-03 11:39:39,2024-09-03 12:31:39,36.71,52,51781.93,1.0,51781.93,Completed,Cash,Success
2511,TRP-002390,DRV-00093,USR-00039,LOC-0057,LOC-0056,2024-05-14 18:18:53,2024-05-14 19:15:53,13.49,57,41793.8,1.0,41793.8,Cancelled,Credit Card,Success
2512,TRP-002391,DRV-00422,USR-01894,LOC-0039,LOC-0019,2024-11-06 02:10:11,2024-11-06 03:07:11,1.54,57,145379.71,1.5,218069.57,Completed,GoPay,Success
2513,TRP-002392,DRV-00374,USR-01693,LOC-0035,LOC-0042,2024-08-05 02:42:11,2024-08-05 04:25:11,28.73,103,66883.71,1.0,66883.71,Completed,GoPay,Success
2514,TRP-002393,DRV-00160,USR-01504,LOC-0013,LOC-0003,2024-05-01 22:47:29,2024-05-01 23:19:29,26.75,0,114552.58,1.0,114552.58,Cancelled,GoPay,Success
2515,TRP-002394,DRV-00459,USR-00060,LOC-0003,LOC-0057,2024-09-12 20:22:54,2024-09-12 22:16:54,25.85,114,58935.38,1.0,58935.38,Completed,GoPay,Failed
2516,TRP-002395,DRV-00025,USR-01907,LOC-0017,LOC-0034,2024-05-23 11:28:34,2024-05-23 12:52:34,4.91,84,58730.11,1.25,73412.64,Completed,Cash,Success
2517,TRP-002396,DRV-00496,USR-00214,LOC-0017,LOC-0001,2024-09-21 00:58:20,2024-09-21 02:13:20,34.52,75,137038.76,1.0,137038.76,Completed,Credit Card,Success
2518,TRP-002397,DRV-00479,USR-01323,LOC-0013,LOC-0031,2024-09-02 09:35:49,2024-09-02 11:23:49,23.71,108,97997.44,1.0,97997.44,Completed,Credit Card,Success
2519,TRP-002398,DRV-00159,USR-00965,LOC-0050,LOC-0042,2024-08-19 14:34:35,2024-08-19 14:56:35,12.89,22,136529.05,1.25,170661.31,Cancelled,GoPay,Success
2520,TRP-002399,DRV-00053,USR-00888,LOC-0022,LOC-0016,2024-10-29 09:12:20,2024-10-29 10:18:20,11.92,66,67137.22,1.0,67137.22,Failed,Credit Card,Success
2521,TRP-002400,DRV-00049,USR-01961,LOC-0026,LOC-0053,2024-07-20 03:23:35,2024-07-20 04:20:35,23.92,57,62013.7,1.75,108523.97,Completed,Cash,Success
2522,TRP-002401,DRV-00089,USR-00665,LOC-0006,LOC-0001,2024-02-17 14:20:00,2024-02-17 16:19:00,4.19,119,33174.33,2.0,66348.66,Cancelled,Credit Card,Success
2523,TRP-002402,DRV-00024,USR-01652,LOC-0006,LOC-0043,2024-06-25 01:37:18,2024-06-25 03:30:18,12.91,113,46148.86,1.25,57686.07,Failed,Credit Card,Success
2524,TRP-002403,DRV-00379,USR-00139,LOC-0012,LOC-0018,2024-05-05 02:18:48,2024-05-05 04:10:48,,112,31575.84,1.75,55257.72,Completed,GoPay,Success
2525,TRP-002404,DRV-00099,USR-00840,LOC-0045,LOC-0019,2024-03-04 12:42:50,2024-03-04 13:34:50,11.71,52,104759.07,1.25,130948.84,Completed,GoPay,Success
2526,TRP-002405,DRV-00472,USR-01766,LOC-0001,LOC-0032,2024-10-28 00:29:28,2024-10-28 02:08:28,7.8,99,74275.77,1.0,74275.77,Completed,GoPay,Success
2527,TRP-002406,DRV-00424,USR-01995,LOC-0020,LOC-0050,2024-10-11 15:00:44,2024-10-11 15:45:44,14.67,45,91503.64,2.0,183007.28,Cancelled,GoPay,Success
2528,TRP-002407,DRV-00305,USR-01028,LOC-0003,LOC-0010,2024-08-04 08:46:41,2024-08-04 09:34:41,11.86,48,140671.12,1.0,140671.12,Completed,Cash,Success
2529,TRP-002408,DRV-00348,USR-01806,LOC-0019,LOC-0053,2024-06-26 18:58:10,2024-06-26 20:24:10,3.15,86,0.0,1.0,0.0,Completed,Cash,Success
2530,TRP-002409,DRV-00067,USR-00511,LOC-0044,LOC-0034,2024-02-26 21:58:30,2024-02-26 22:09:30,38.36,11,12279.23,1.25,15349.04,Completed,Cash,Success
2531,TRP-002410,DRV-00003,USR-01249,LOC-0010,LOC-0011,2024-03-11 06:53:04,2024-03-11 07:24:04,5.72,31,81963.03,1.0,81963.03,Completed,GoPay,Success
2532,TRP-002411,DRV-00254,USR-00295,LOC-0015,LOC-0021,2024-04-10 14:28:15,2024-04-10 14:55:15,11.45,27,135805.9,1.75,237660.32,Cancelled,Credit Card,Success
2533,TRP-002412,DRV-00343,USR-00342,LOC-0043,LOC-0011,2024-03-24 08:21:03,2024-03-24 09:58:03,38.27,97,27766.56,1.0,27766.56,Completed,Cash,Success
2534,TRP-002413,DRV-00205,USR-00404,LOC-0010,LOC-0008,2024-04-03 03:54:42,2024-04-03 05:26:42,9.84,92,141148.14,1.25,176435.18,Completed,Credit Card,Failed
2535,TRP-002414,DRV-00366,USR-00106,LOC-0056,LOC-0017,2024-07-19 08:48:09,2024-07-19 10:16:09,36.82,88,99181.81,2.5,247954.52,Cancelled,Cash,Success
2536,TRP-002415,DRV-00413,USR-00747,LOC-0042,LOC-0004,2024-07-22 18:10:22,2024-07-22 18:47:22,31.55,37,71312.63,1.0,71312.63,Completed,Credit Card,Success
2537,TRP-002416,DRV-00328,USR-01948,LOC-0030,LOC-0033,2024-04-04 10:27:15,2024-04-04 11:32:15,30.12,65,63456.79,1.5,95185.18,Failed,Cash,Success
2538,TRP-002417,DRV-00120,USR-00681,LOC-0015,LOC-0034,2024-03-23 06:47:18,2024-03-23 08:00:18,30.87,73,92575.45,1.0,92575.45,Completed,Credit Card,Pending
2539,TRP-002418,DRV-00426,USR-00940,LOC-0025,LOC-0050,2024-02-10 16:22:09,2024-02-10 17:50:09,7.58,88,141475.68,1.75,247582.44,Completed,Credit Card,Success
2540,TRP-002419,DRV-00082,USR-00328,LOC-0017,LOC-0044,2024-02-21 14:04:36,2024-02-21 15:50:36,18.73,106,69736.95,1.75,122039.66,Completed,Cash,Success
2541,TRP-002420,DRV-00171,USR-01421,LOC-0026,LOC-0031,2024-06-27 12:00:19,2024-06-27 12:47:19,19.72,47,61572.23,1.0,61572.23,Completed,Credit Card,Success
2542,TRP-002421,DRV-00486,USR-00255,LOC-0045,LOC-0026,2024-07-08 14:21:41,2024-07-08 15:51:41,20.17,90,135467.1,1.5,203200.65,Completed,GoPay,Success
2543,TRP-002421,DRV-00486,USR-00255,LOC-0045,LOC-0026,2024-07-08 14:21:41,2024-07-08 15:51:41,20.17,90,135467.1,1.5,203200.65,Completed,GoPay,Success
2544,TRP-002422,DRV-00471,USR-00020,LOC-0036,LOC-0014,2024-03-28 03:08:53,2024-03-28 03:56:53,5.71,48,,1.5,,Completed,Cash,Success
2545,TRP-002423,DRV-00483,USR-01754,LOC-0001,LOC-0014,2024-10-18 20:30:31,2024-10-18 21:27:31,11.51,57,24760.33,2.0,49520.66,Completed,GoPay,Success
2546,TRP-002424,DRV-00440,USR-01996,LOC-0047,LOC-0035,2024-02-12 01:41:08,2024-02-12 03:29:08,25.04,108,79809.58,1.0,79809.58,Cancelled,Credit Card,Success
2547,TRP-002425,DRV-00465,USR-01069,LOC-0016,LOC-0053,2024-09-29 01:37:54,2024-09-29 03:11:54,23.43,94,85530.3,1.0,85530.3,Completed,Credit Card,Success
2548,TRP-002425,DRV-00465,USR-01069,LOC-0016,LOC-0053,2024-09-29 01:37:54,2024-09-29 03:11:54,23.43,94,85530.3,1.0,85530.3,Completed,Credit Card,Success
2549,TRP-002426,DRV-00114,USR-01112,LOC-0005,LOC-0056,2024-05-30 11:49:18,2024-05-30 13:13:18,3.63,84,89999.71,1.0,89999.71,Completed,GoPay,Success
2550,TRP-002427,DRV-00301,USR-00132,LOC-0008,LOC-0036,2024-05-16 08:07:49,2024-05-16 08:27:49,2.65,20,58026.77,1.25,72533.46,Completed,GoPay,Success
2551,TRP-002428,DRV-00258,USR-00618,LOC-0012,LOC-0056,2024-03-28 02:11:21,2024-03-28 02:23:21,6.12,12,99691.21,1.0,99691.21,Failed,GoPay,Success
2552,TRP-002429,DRV-00498,USR-01911,LOC-0043,LOC-0010,2024-04-03 17:51:16,2024-04-03 18:09:16,34.75,18,108148.78,1.0,108148.78,Completed,Cash,Success
2553,TRP-002430,DRV-00226,USR-00955,LOC-0008,LOC-0043,2024-08-10 01:51:33,2024-08-10 03:06:33,28.32,75,67034.9,1.0,67034.9,Completed,Cash,Pending
2554,TRP-002431,DRV-00276,USR-00476,LOC-0017,LOC-0046,2024-09-08 04:00:12,2024-09-08 05:18:12,38.22,78,119381.04,1.25,149226.3,Completed,Cash,Success
2555,TRP-002432,DRV-00200,USR-01574,LOC-0002,LOC-0022,2024-04-03 18:19:12,2024-04-03 20:05:12,,106,10283.22,2.0,20566.44,Completed,GoPay,Success
2556,TRP-002433,DRV-00266,USR-01704,LOC-0011,LOC-0048,2024-06-07 16:37:24,2024-06-07 17:13:24,19.59,36,45019.97,1.25,56274.96,Completed,Credit Card,Success
2557,TRP-002434,DRV-00083,USR-00973,LOC-0056,LOC-0017,2024-09-08 20:06:45,2024-09-08 20:53:45,35.07,47,47112.66,1.25,58890.83,Completed,Cash,Success
2558,TRP-002435,DRV-00409,USR-00897,LOC-0053,LOC-0044,2024-10-10 01:49:58,2024-10-10 03:26:58,18.93,97,124185.19,5.0,124185.19,Completed,Cash,Success
2559,TRP-002436,DRV-00312,USR-01995,LOC-0035,LOC-0057,2024-03-05 04:42:42,2024-03-05 05:16:42,18.65,34,21956.19,1.25,27445.24,Completed,Credit Card,Success
2560,TRP-002437,DRV-00308,USR-00144,LOC-0012,LOC-0034,2024-01-30 18:54:58,2024-01-30 19:26:58,37.91,32,141960.39,1.75,248430.68,Completed,Credit Card,Success
2561,TRP-002438,DRV-00388,USR-01716,LOC-0048,LOC-0007,2024-08-24 01:26:19,2024-08-24 02:01:19,8.49,35,68700.75,1.5,103051.12,completed,Cash,Success
2562,TRP-002439,DRV-00182,USR-01815,LOC-0045,LOC-0009,2024-01-23 16:02:58,2024-01-23 16:17:58,11.35,15,36068.06,1.25,45085.07,Completed,GoPay,Success
2563,TRP-002440,DRV-00239,USR-01051,LOC-0014,LOC-0002,2024-03-15 20:32:11,2024-03-15 20:54:11,20.12,22,93543.56,1.0,93543.56,Completed,GoPay,Failed
2564,TRP-002441,DRV-00058,USR-00621,LOC-0048,LOC-0042,2024-02-09 11:59:49,2024-02-09 13:40:49,24.22,101,63311.27,1.25,79139.09,Cancelled,GoPay,Success
2565,TRP-002442,DRV-00180,USR-00512,LOC-0051,LOC-0033,2024-05-10 11:32:15,2024-05-10 11:53:15,36.36,21,46732.21,1.0,46732.21,Completed,Cash,Success
2566,TRP-002443,DRV-00428,USR-00946,LOC-0024,LOC-0057,2024-03-08 19:20:07,2024-03-08 20:40:07,18.66,80,123953.31,1.25,154941.64,Completed,GoPay,Failed
2567,TRP-002444,DRV-00128,USR-01832,LOC-0046,LOC-0053,2024-02-15 16:34:25,2024-02-15 18:08:25,7.1,94,117140.59,0.5,234281.18,Completed,Cash,Failed
2568,TRP-002445,DRV-00068,USR-00677,LOC-0017,LOC-0052,2024-06-15 04:44:42,2024-06-15 05:54:42,38.7,70,30791.49,1.25,38489.36,failed,Cash,Success
2569,TRP-002446,DRV-00387,USR-00989,LOC-0040,LOC-0020,2024-01-06 01:23:10,2024-01-06 02:50:10,28.09,87,127046.77,2.0,254093.54,Completed,Cash,Success
2570,TRP-002447,DRV-00325,USR-01368,LOC-0050,LOC-0023,2024-04-27 22:45:09,2024-04-27 23:27:09,1.99,42,110496.54,1.25,138120.67,Cancelled,Credit Card,Success
2571,TRP-002448,DRV-00293,USR-00368,LOC-0052,LOC-0009,2024-07-27 20:07:40,2024-07-27 20:45:40,33.65,38,109836.93,1.0,109836.93,Completed,Credit Card,Success
2572,TRP-002449,DRV-00097,USR-00851,LOC-0040,LOC-0016,2024-12-25 11:20:25,2024-12-25 12:39:25,29.68,79,59016.59,1.0,59016.59,Failed,Cash,Success
2573,TRP-002450,DRV-00225,USR-00329,LOC-0028,LOC-0057,2024-01-26 09:51:18,2024-01-26 10:05:18,22.1,14,125349.42,1.0,125349.42,Completed,Credit Card,Success
2574,TRP-002451,DRV-00275,USR-01458,LOC-0039,LOC-0040,2024-07-07 21:00:48,2024-07-07 21:56:48,39.88,56,80788.9,1.0,80788.9,Cancelled,Credit Card,Success
2575,TRP-002451,DRV-00275,USR-01458,LOC-0039,LOC-0040,2024-07-07 21:00:48,2024-07-07 21:56:48,39.88,56,80788.9,1.0,80788.9,Cancelled,Credit Card,Success
2576,TRP-002452,DRV-00208,USR-00676,LOC-0005,LOC-0008,2024-08-11 01:30:02,2024-08-11 02:50:02,38.35,80,135489.46,1.25,169361.82,Completed,Cash,Success
2577,TRP-002453,DRV-00147,USR-01834,LOC-0031,LOC-0045,2024-06-28 11:31:57,2024-06-28 11:43:57,16.48,12,82928.24,1.25,103660.3,Completed,Cash,Success
2578,TRP-002454,DRV-00476,USR-00342,LOC-0055,LOC-0030,2024-10-01 04:38:53,2024-10-01 05:34:53,13.02,56,146375.87,1.0,146375.87,Cancelled,Cash,Success
2579,TRP-002455,DRV-00206,USR-01819,LOC-0049,LOC-0040,2024-08-07 05:25:38,2024-08-07 06:43:38,4.17,78,17957.27,1.0,17957.27,Completed,Credit Card,Success
2580,TRP-002456,DRV-00366,USR-01897,LOC-0027,LOC-0003,2024-06-04 05:42:31,2024-06-04 07:19:31,16.67,97,53269.27,1.5,79903.9,Cancelled,GoPay,Success
2581,TRP-002457,DRV-00135,USR-01191,LOC-0016,LOC-0043,2024-03-01 01:36:09,2024-03-01 02:31:09,34.19,55,0.0,2.0,0.0,Completed,Credit Card,Success
2582,TRP-002458,DRV-00256,USR-01251,LOC-0029,LOC-0046,2024-10-25 14:24:16,2024-10-25 14:45:16,,21,12977.8,1.0,12977.8,Completed,GoPay,Success
2583,TRP-002458,DRV-00256,USR-01251,LOC-0029,LOC-0046,2024-10-25 14:24:16,2024-10-25 14:45:16,,21,12977.8,1.0,12977.8,Completed,GoPay,Success
2584,TRP-002459,DRV-00368,USR-01048,LOC-0053,LOC-0026,2024-11-05 04:42:57,2024-11-05 05:24:57,13.03,42,97492.48,3.5,146238.72,Cancelled,Cash,Pending
2585,TRP-002460,DRV-00032,USR-01553,LOC-0006,LOC-0011,2024-02-21 16:41:31,2024-02-21 18:35:31,35.19,114,26300.32,2.0,52600.64,Completed,Cash,Success
2586,TRP-002461,DRV-00465,USR-00239,LOC-0025,LOC-0011,2024-04-22 02:13:11,2024-04-22 02:40:11,24.64,27,120119.16,1.0,120119.16,Completed,Credit Card,Success
2587,TRP-002462,DRV-00011,USR-01105,LOC-0015,LOC-0020,2024-08-05 03:23:16,2024-08-05 04:21:16,11.35,58,26391.65,1.5,39587.48,Completed,Credit Card,Success
2588,TRP-002463,DRV-00140,USR-01226,LOC-0032,LOC-0025,2024-03-08 05:05:57,2024-03-08 05:28:57,33.64,23,50140.7,1.25,62675.88,Cancelled,Credit Card,Success
2589,TRP-002464,DRV-00296,USR-01147,LOC-0012,LOC-0014,2024-08-24 17:20:22,2024-08-24 19:01:22,18.7,101,132136.27,1.0,132136.27,Completed,Cash,Success
2590,TRP-002465,DRV-00185,USR-00751,LOC-0023,LOC-0043,2024-09-15 19:17:48,2024-09-15 19:29:48,3.65,12,19293.74,1.25,24117.18,Cancelled,GoPay,Success
2591,TRP-002466,DRV-00484,USR-00016,LOC-0006,LOC-0051,2024-08-10 06:46:54,2024-08-10 07:45:54,15.23,59,89698.4,1.0,89698.4,Completed,Credit Card,Failed
2592,TRP-002467,DRV-00003,USR-00281,LOC-0003,LOC-0042,2024-10-22 14:51:55,2024-10-22 15:27:55,20.67,36,,1.0,,Completed,GoPay,Success
2593,TRP-002468,DRV-00004,USR-00070,LOC-0019,LOC-0028,2024-07-29 05:35:02,2024-07-29 06:47:02,24.74,72,59514.1,1.0,59514.1,Cancelled,Credit Card,Success
2594,TRP-002469,DRV-00417,USR-00292,LOC-0012,LOC-0011,2024-08-27 17:56:23,2024-08-27 18:13:23,,17,100069.71,1.5,150104.57,Completed,GoPay,Success
2595,TRP-002470,DRV-00414,USR-01321,LOC-0027,LOC-0050,2024-08-10 16:17:38,2024-08-10 18:13:38,2.29,116,148511.92,1.75,259895.86,Completed,Credit Card,Success
2596,TRP-002471,DRV-00288,USR-01296,LOC-0037,LOC-0044,2024-12-10 05:23:33,2024-12-10 06:57:33,35.53,94,21567.0,1.75,37742.25,Completed,GoPay,Success
2597,TRP-002472,DRV-00449,USR-00510,LOC-0057,LOC-0011,2024-05-20 13:33:31,2024-05-20 14:26:31,9.32,53,32066.67,1.75,56116.67,Completed,Credit Card,Success
2598,TRP-002473,DRV-00156,USR-01085,LOC-0014,LOC-0031,2024-04-01 12:15:49,2024-04-01 14:00:49,27.53,105,29173.71,2.0,58347.42,Cancelled,GoPay,Success
2599,TRP-002474,DRV-00309,USR-00670,LOC-0048,LOC-0019,2024-12-15 04:57:05,2024-12-15 05:17:05,22.12,20,107318.14,1.0,107318.14,Completed,GoPay,Success
2600,TRP-002475,DRV-00023,USR-01196,LOC-0035,LOC-0004,2024-11-13 12:45:54,2024-11-13 14:09:54,23.91,84,122381.64,1.5,183572.46,Completed,Credit Card,Success
2601,TRP-002476,DRV-00201,USR-00766,LOC-0021,LOC-0035,2024-09-17 11:01:40,2024-09-17 11:49:40,7.06,48,59216.11,1.75,103628.19,Completed,Credit Card,Success
2602,TRP-002477,DRV-00253,USR-00699,LOC-0002,LOC-0007,2024-08-22 04:23:34,2024-08-22 04:59:34,6.71,36,60338.19,1.5,90507.29,Cancelled,Cash,Success
2603,TRP-002478,DRV-00090,USR-00391,LOC-0033,LOC-0052,2024-02-09 17:36:48,2024-02-09 18:21:48,24.75,45,73010.8,1.25,91263.5,Completed,GoPay,Success
2604,TRP-002479,DRV-00149,USR-01208,LOC-0016,LOC-0035,2024-05-28 20:10:16,2024-05-28 21:51:16,38.65,101,62502.28,1.5,93753.42,Failed,Cash,Success
2605,TRP-002480,DRV-00112,USR-00128,LOC-0056,LOC-0050,2024-10-05 11:35:37,2024-10-05 12:40:37,13.49,65,85083.44,1.0,85083.44,Completed,Cash,Pending
2606,TRP-002481,DRV-00347,USR-01305,LOC-0057,LOC-0036,2024-08-09 08:37:54,2024-08-09 09:49:54,9.54,72,13994.58,1.0,13994.58,Completed,Credit Card,Failed
2607,TRP-002482,DRV-00443,USR-00260,LOC-0037,LOC-0034,2024-11-27 17:59:52,2024-11-27 19:39:52,8.78,100,84498.36,1.0,84498.36,Completed,Cash,Success
2608,TRP-002483,DRV-00253,USR-01907,LOC-0020,LOC-0053,2024-08-19 03:18:02,2024-08-19 04:48:02,22.26,90,88736.42,1.0,88736.42,Completed,Cash,Failed
2609,TRP-002484,DRV-00304,USR-00935,LOC-0001,LOC-0054,2024-01-31 18:06:51,2024-01-31 19:49:51,8.26,103,68050.14,1.0,68050.14,Completed,Cash,Success
2610,TRP-002485,DRV-00320,USR-01574,LOC-0031,LOC-0027,2024-08-24 22:34:15,2024-08-24 22:45:15,14.39,11,44547.85,1.5,66821.77,Cancelled,Credit Card,Success
2611,TRP-002486,DRV-00355,USR-00269,LOC-0043,LOC-0016,2024-03-08 05:32:00,2024-03-08 06:45:00,28.54,73,14503.36,1.5,21755.04,Completed,GoPay,Success
2612,TRP-002487,DRV-00104,USR-01763,LOC-0020,LOC-0034,2024-08-26 03:06:44,2024-08-26 04:28:44,30.75,82,99111.09,1.0,99111.09,Completed,GoPay,Pending
2613,TRP-002488,DRV-00203,USR-00430,LOC-0050,LOC-0054,2024-01-26 21:29:16,2024-01-26 23:20:16,3.77,111,106865.73,3.5,160298.6,Completed,GoPay,Success
2614,TRP-002489,DRV-00318,USR-00389,LOC-0007,LOC-0037,2024-02-11 09:36:52,2024-02-11 10:14:52,38.93,38,30807.58,1.0,30807.58,Completed,Credit Card,Success
2615,TRP-002490,DRV-00004,USR-00921,LOC-0055,LOC-0027,2024-04-08 16:52:46,2024-04-08 18:38:46,35.52,106,25339.66,1.25,31674.58,Completed,Credit Card,Success
2616,TRP-002491,DRV-00483,USR-00480,LOC-0049,LOC-0040,2024-04-19 07:20:07,2024-04-19 08:40:07,26.35,80,119018.26,1.75,208281.95,Completed,Cash,Success
2617,TRP-002492,DRV-00068,USR-00331,LOC-0029,LOC-0048,2024-07-06 18:14:12,2024-07-06 19:12:12,27.75,58,28147.94,1.25,35184.92,Completed,Cash,Failed
2618,TRP-002493,DRV-00180,USR-01821,LOC-0008,LOC-0047,2024-11-08 10:39:37,2024-11-08 12:04:37,2.49,85,71607.45,1.0,71607.45,Completed,Credit Card,Success
2619,TRP-002494,DRV-00251,USR-00211,LOC-0002,LOC-0045,2024-09-17 07:05:19,2024-09-17 08:21:19,10.99,76,56435.66,1.75,98762.4,Failed,Cash,Success
2620,TRP-002495,DRV-00268,USR-00859,LOC-0034,LOC-0041,2024-07-16 22:42:56,2024-07-17 00:39:56,38.53,117,101014.71,2.0,202029.42,Completed,GoPay,Failed
2621,TRP-002496,DRV-00134,USR-01334,LOC-0026,LOC-0042,2024-08-12 21:44:39,2024-08-12 21:54:39,8.51,10,82495.13,1.0,82495.13,Completed,Cash,Failed
2622,TRP-002497,DRV-00043,USR-01740,LOC-0044,LOC-0041,2024-09-16 08:00:44,2024-09-16 08:30:44,39.18,30,137054.68,1.0,137054.68,Completed,Credit Card,Success
2623,TRP-002498,DRV-00328,USR-00432,LOC-0036,LOC-0020,2024-05-24 20:00:28,2024-05-24 21:48:28,33.89,108,60247.71,1.0,60247.71,Completed,GoPay,Success
2624,TRP-002499,DRV-00447,USR-00694,LOC-0033,LOC-0025,2024-10-10 19:00:59,2024-10-10 20:29:59,36.89,89,96286.59,1.25,120358.24,Completed,Credit Card,Failed
2625,TRP-002500,DRV-00127,USR-01426,LOC-0011,LOC-0040,2024-05-31 09:53:48,2024-05-31 11:06:48,20.4,73,78824.28,1.0,78824.28,Completed,GoPay,Success
2626,TRP-002501,DRV-00417,USR-00614,LOC-0012,LOC-0052,2024-07-17 21:34:19,2024-07-17 23:27:19,2.35,113,21439.99,1.0,21439.99,Completed,Cash,Success
2627,TRP-002502,DRV-00037,USR-01894,LOC-0044,LOC-0045,2024-04-11 05:28:43,2024-04-11 05:42:43,37.8,14,70007.26,1.25,87509.07,Failed,Cash,Success
2628,TRP-002503,DRV-00457,USR-00036,LOC-0030,LOC-0023,2024-11-08 00:18:03,2024-11-08 00:56:03,14.59,38,38042.66,1.0,38042.66,Cancelled,Cash,Success
2629,TRP-002504,DRV-00079,USR-00318,LOC-0046,LOC-0014,2024-11-24 12:11:08,2024-11-24 12:27:08,24.16,16,148295.07,1.0,148295.07,Completed,Credit Card,Success
2630,TRP-002505,DRV-00350,USR-00448,LOC-0015,LOC-0051,2024-12-23 18:55:27,2024-12-23 19:43:27,11.07,48,53716.27,1.0,53716.27,Completed,Cash,Success
2631,TRP-002506,DRV-00330,USR-01220,LOC-0015,LOC-0032,2024-03-23 19:10:53,2024-03-23 20:56:53,14.21,106,101294.47,1.0,101294.47,Completed,GoPay,Success
2632,TRP-002507,DRV-00399,USR-01679,LOC-0029,LOC-0035,2024-06-18 15:33:32,2024-06-18 17:29:32,21.5,116,73056.15,1.0,73056.15,Completed,Credit Card,Success
2633,TRP-002508,DRV-00256,USR-01930,LOC-0043,LOC-0006,2024-07-14 20:51:55,2024-07-14 22:32:55,30.74,101,106112.95,1.5,159169.42,Completed,Credit Card,Success
2634,TRP-002509,DRV-00439,USR-01561,LOC-0038,LOC-0039,2024-04-26 05:01:56,2024-04-26 06:42:56,35.62,101,94220.59,1.25,117775.74,Completed,GoPay,Success
2635,TRP-002509,DRV-00439,USR-01561,LOC-0038,LOC-0039,2024-04-26 05:01:56,2024-04-26 06:42:56,35.62,101,94220.59,1.25,117775.74,Completed,GoPay,Success
2636,TRP-002510,DRV-00184,USR-00168,LOC-0011,LOC-0055,2024-03-05 15:18:59,2024-03-05 16:35:59,27.51,77,129305.37,1.75,226284.4,Completed,Credit Card,Success
2637,TRP-002511,DRV-00466,USR-00179,LOC-0036,LOC-0038,2024-02-15 06:35:58,2024-02-15 06:49:58,2.15,14,100437.62,1.25,125547.02,Completed,Cash,Success
2638,TRP-002512,DRV-00372,USR-01633,LOC-0041,LOC-0030,2024-12-15 22:48:36,2024-12-15 23:20:36,16.61,32,132064.69,1.0,132064.69,Completed,Credit Card,Success
2639,TRP-002513,DRV-00423,USR-01408,LOC-0029,LOC-0040,2024-01-08 04:00:12,2024-01-08 04:37:12,13.57,37,103905.36,1.75,181834.38,Completed,GoPay,Success
2640,TRP-002514,DRV-00204,USR-01942,LOC-0040,LOC-0044,2024-01-31 13:30:23,2024-01-31 14:48:23,29.0,78,68614.43,2.5,171536.07,Failed,Credit Card,Pending
2641,TRP-002515,DRV-00105,USR-01551,LOC-0032,LOC-0003,2024-10-01 04:53:02,2024-10-01 05:53:02,6.7,60,30047.59,1.0,30047.59,Completed,Credit Card,Pending
2642,TRP-002516,DRV-00363,USR-00657,LOC-0031,LOC-0007,2024-12-13 17:23:57,2024-12-13 19:21:57,17.87,118,127238.6,1.0,127238.6,Completed,Cash,Failed
2643,TRP-002517,DRV-00294,USR-01250,LOC-0018,LOC-0034,2024-04-05 01:48:43,2024-04-05 03:41:43,31.87,113,131825.8,1.25,164782.25,Completed,GoPay,Success
2644,TRP-002518,DRV-00171,USR-00473,LOC-0047,LOC-0009,2024-04-29 04:37:39,2024-04-29 06:06:39,18.57,89,57052.47,1.0,57052.47,CANCELLED,GoPay,Success
2645,TRP-002519,DRV-00353,USR-01516,LOC-0026,LOC-0008,2024-09-02 14:13:08,2024-09-02 15:10:08,29.13,57,133055.32,1.5,199582.98,Completed,GoPay,Failed
2646,TRP-002520,DRV-00232,USR-00163,LOC-0030,LOC-0005,2024-08-01 12:56:01,2024-08-01 14:01:01,13.56,65,133243.57,1.0,133243.57,Completed,Cash,Success
2647,TRP-002521,DRV-00354,USR-00790,LOC-0048,LOC-0050,2024-03-22 11:07:11,2024-03-22 12:07:11,8.61,60,108844.36,1.25,136055.45,Completed,Credit Card,Success
2648,TRP-002522,DRV-00030,USR-00473,LOC-0032,LOC-0040,2024-10-18 02:25:25,2024-10-18 03:48:25,22.41,83,36037.63,1.0,36037.63,Completed,Cash,Success
2649,TRP-002523,DRV-00230,USR-01708,LOC-0045,LOC-0037,2024-11-11 07:01:01,2024-11-11 08:46:01,9.49,105,79205.01,1.0,79205.01,Completed,Credit Card,Success
2650,TRP-002524,DRV-00108,USR-00910,LOC-0001,LOC-0049,2024-04-20 23:54:40,2024-04-21 00:45:40,35.45,51,133527.27,1.5,200290.9,Completed,Cash,Success
2651,TRP-002525,DRV-00080,USR-01103,LOC-0009,LOC-0014,2024-12-05 01:32:58,2024-12-05 02:34:58,23.61,62,114810.29,1.25,143512.86,Completed,GoPay,Success
2652,TRP-002526,DRV-00102,USR-01702,LOC-0016,LOC-0029,2024-10-18 02:21:56,2024-10-18 03:29:56,30.14,68,126718.19,1.0,126718.19,Completed,GoPay,Success
2653,TRP-002527,DRV-00045,USR-01856,LOC-0043,LOC-0048,2024-05-04 02:33:19,2024-05-04 03:51:19,5.2,78,25569.01,1.0,25569.01,Completed,Credit Card,Success
2654,TRP-002528,DRV-00318,USR-01005,LOC-0048,LOC-0033,2024-08-13 00:36:25,2024-08-13 02:17:25,36.55,101,58012.74,1.25,72515.93,Failed,GoPay,Success
2655,TRP-002529,DRV-00471,USR-00015,LOC-0031,LOC-0011,2024-03-30 04:42:53,2024-03-30 05:10:53,29.37,28,29833.84,1.75,52209.22,Cancelled,Cash,Success
2656,TRP-002530,DRV-00261,USR-01939,LOC-0035,LOC-0014,2024-04-29 05:49:52,2024-04-29 07:36:52,37.67,107,45052.04,1.0,45052.04,Completed,GoPay,Success
2657,TRP-002530,DRV-00261,USR-01939,LOC-0035,LOC-0014,2024-04-29 05:49:52,2024-04-29 07:36:52,37.67,107,45052.04,1.0,45052.04,Completed,GoPay,Success
2658,TRP-002531,DRV-00111,USR-01196,LOC-0009,LOC-0034,2024-09-17 08:03:09,2024-09-17 09:34:09,8.4,91,17740.17,1.0,17740.17,Completed,GoPay,Success
2659,TRP-002532,DRV-00490,USR-00492,LOC-0020,LOC-0006,2024-01-11 22:21:43,2024-01-11 23:56:43,30.15,95,31354.26,1.75,54869.95,Completed,GoPay,Success
2660,TRP-002533,DRV-00459,USR-00136,LOC-0036,LOC-0030,2024-11-04 01:52:02,2024-11-04 03:42:02,19.25,110,70468.18,1.25,88085.22,Completed,Cash,Success
2661,TRP-002534,DRV-00011,USR-00618,LOC-0011,LOC-0051,2024-08-15 20:32:27,2024-08-15 21:45:27,15.31,73,109318.87,1.25,136648.59,Completed,GoPay,Success
2662,TRP-002535,DRV-00092,USR-00434,LOC-0004,LOC-0026,2024-05-13 19:12:35,2024-05-13 19:34:35,5.52,22,67899.8,1.0,67899.8,Cancelled,GoPay,Success
2663,TRP-002536,DRV-00013,USR-01688,LOC-0024,LOC-0018,2024-06-11 16:31:24,2024-06-11 17:53:24,1.94,-5,128028.92,1.0,128028.92,Completed,Credit Card,Success
2664,TRP-002537,DRV-00108,USR-01720,LOC-0002,LOC-0035,2024-11-17 20:45:09,2024-11-17 21:51:09,22.8,66,125065.92,1.0,125065.92,Completed,GoPay,Success
2665,TRP-002538,DRV-00028,USR-01765,LOC-0012,LOC-0045,2024-12-24 05:06:08,2024-12-24 05:25:08,3.32,19,77244.6,1.0,77244.6,Completed,GoPay,Success
2666,TRP-002539,DRV-00043,USR-01519,LOC-0052,LOC-0055,2024-10-31 10:54:15,2024-10-31 11:51:15,19.46,57,17461.26,1.0,17461.26,Cancelled,Credit Card,Success
2667,TRP-002540,DRV-00113,USR-01657,LOC-0046,LOC-0020,2024-08-15 03:39:52,2024-08-15 04:03:52,28.89,24,100698.95,1.0,100698.95,Completed,Cash,Success
2668,TRP-002541,DRV-00029,USR-00558,LOC-0053,LOC-0002,2024-03-25 06:29:37,2024-03-25 06:44:37,26.99,15,127943.91,1.5,191915.86,Completed,GoPay,Success
2669,TRP-002542,DRV-00185,USR-01948,LOC-0054,LOC-0035,2024-09-14 16:57:08,2024-09-14 17:11:08,29.61,14,93514.93,1.25,116893.66,Completed,Credit Card,Success
2670,TRP-002543,DRV-00315,USR-01786,LOC-0014,LOC-0046,2024-07-24 23:19:29,2024-07-25 00:17:29,29.9,58,129855.4,0.8,129855.4,Completed,Cash,Failed
2671,TRP-002544,DRV-00254,USR-01954,LOC-0053,LOC-0044,2024-09-19 06:16:46,2024-09-19 07:39:46,35.15,83,31417.12,1.25,39271.4,Completed,GoPay,Pending
2672,TRP-002545,DRV-00223,USR-00233,LOC-0041,LOC-0011,2024-01-18 07:33:53,2024-01-18 07:57:53,,24,15688.29,1.0,15688.29,Cancelled,GoPay,Success
2673,TRP-002546,DRV-00016,USR-01151,LOC-0047,LOC-0053,2024-10-11 12:05:26,2024-10-11 12:43:26,31.24,38,129622.95,1.0,129622.95,Completed,Credit Card,Success
2674,TRP-002547,DRV-00443,USR-01898,LOC-0021,LOC-0013,2024-02-09 12:12:02,2024-02-09 13:25:02,39.3,73,28378.18,2.5,70945.45,Cancelled,Cash,Success
2675,TRP-002547,DRV-00443,USR-01898,LOC-0021,LOC-0013,2024-02-09 12:12:02,2024-02-09 13:25:02,39.3,73,28378.18,2.5,70945.45,Cancelled,Cash,Success
2676,TRP-002548,DRV-00161,USR-01176,LOC-0013,LOC-0033,2024-11-21 21:31:14,2024-11-21 23:11:14,14.03,0,85559.77,1.0,85559.77,Completed,Credit Card,Success
2677,TRP-002549,DRV-00250,USR-01441,LOC-0034,LOC-0048,2024-04-11 10:25:38,2024-04-11 10:52:38,36.7,27,58497.62,1.25,73122.03,Cancelled,GoPay,Success
2678,TRP-002550,DRV-00153,USR-00149,LOC-0025,LOC-0048,2024-03-31 07:19:19,2024-03-31 08:59:19,11.86,100,49964.04,1.0,49964.04,Completed,GoPay,Success
2679,TRP-002551,DRV-00003,USR-00709,LOC-0024,LOC-0055,2024-02-01 06:28:44,2024-02-01 08:24:44,39.03,-10,61356.17,1.25,76695.21,Completed,Cash,Success
2680,TRP-002552,DRV-00463,USR-01162,LOC-0036,LOC-0033,2024-11-18 05:47:14,2024-11-18 06:15:14,27.93,28,82309.84,1.0,82309.84,completed,Credit Card,Success
2681,TRP-002553,DRV-00055,USR-01620,LOC-0044,LOC-0052,2024-01-03 21:09:41,2024-01-03 21:47:41,24.68,38,19832.37,1.25,24790.46,Completed,Cash,Success
2682,TRP-002554,DRV-00379,USR-01508,LOC-0019,LOC-0015,2024-12-30 16:47:24,2024-12-30 17:04:24,14.01,17,,1.0,,Completed,Cash,Pending
2683,TRP-002555,DRV-00050,USR-01893,LOC-0026,LOC-0006,2024-03-31 11:38:36,2024-03-31 12:46:36,26.46,68,91370.55,1.0,91370.55,Completed,GoPay,Success
2684,TRP-002556,DRV-00274,USR-00626,LOC-0028,LOC-0054,2024-07-20 20:34:29,2024-07-20 22:28:29,17.15,114,116527.95,1.25,145659.94,Cancelled,Credit Card,Success
2685,TRP-002557,DRV-00160,USR-01249,LOC-0017,LOC-0016,2024-12-06 10:45:43,2024-12-06 11:12:43,19.6,27,107215.3,1.0,107215.3,Completed,Cash,Success
2686,TRP-002558,DRV-00260,USR-00204,LOC-0033,LOC-0023,2024-09-08 13:03:39,2024-09-08 13:48:39,29.11,45,112167.65,1.5,168251.47,Completed,GoPay,Success
2687,TRP-002559,DRV-00024,USR-01201,LOC-0037,LOC-0017,2024-09-12 00:42:33,2024-09-12 01:27:33,20.4,45,22758.46,1.75,39827.31,Cancelled,GoPay,Success
2688,TRP-002560,DRV-00049,USR-00476,LOC-0014,LOC-0024,2024-04-11 05:16:37,2024-04-11 06:22:37,8.38,66,111337.62,1.0,111337.62,Completed,Cash,Success
2689,TRP-002561,DRV-00450,USR-01325,LOC-0023,LOC-0031,2024-06-25 11:26:20,2024-06-25 13:01:20,5.32,95,88160.59,1.5,132240.89,Cancelled,Credit Card,Success
2690,TRP-002562,DRV-00325,USR-00749,LOC-0045,LOC-0007,2024-09-05 02:32:00,2024-09-05 03:15:00,5.15,43,10014.8,1.5,15022.2,Cancelled,Cash,Success
2691,TRP-002563,DRV-00191,USR-00037,LOC-0032,LOC-0028,2024-12-04 03:18:53,2024-12-04 03:52:53,39.34,34,76507.15,1.25,95633.94,Completed,Cash,Success
2692,TRP-002564,DRV-00031,USR-01329,LOC-0056,LOC-0004,2024-08-24 00:43:22,2024-08-24 01:35:22,21.69,52,122806.78,1.0,122806.78,Completed,Credit Card,Failed
2693,TRP-002565,DRV-00145,USR-00978,LOC-0017,LOC-0045,2024-04-23 02:44:10,2024-04-23 04:11:10,8.8,87,65084.61,1.0,65084.61,Cancelled,GoPay,Success
2694,TRP-002566,DRV-00317,USR-00434,LOC-0049,LOC-0055,2024-09-23 10:31:35,2024-09-23 11:55:35,8.94,84,137369.55,1.25,171711.94,Cancelled,Cash,Success
2695,TRP-002567,DRV-00084,USR-01640,LOC-0007,LOC-0049,2024-05-06 02:03:01,2024-05-06 02:50:01,6.83,47,122383.79,1.0,122383.79,Completed,GoPay,Pending
2696,TRP-002568,DRV-00034,USR-01195,LOC-0006,LOC-0028,2024-05-30 11:04:58,2024-05-30 12:10:58,9.53,66,120879.83,1.0,120879.83,Completed,Cash,Success
2697,TRP-002569,DRV-00013,USR-01573,LOC-0018,LOC-0023,2024-03-28 14:30:37,2024-03-28 15:08:37,39.0,38,71938.97,1.5,107908.46,Completed,Cash,Success
2698,TRP-002570,DRV-00026,USR-01543,LOC-0026,LOC-0015,2024-01-15 23:42:32,2024-01-15 23:56:32,39.51,14,92531.07,2.0,185062.14,Completed,Credit Card,Success
2699,TRP-002571,DRV-00187,USR-01769,LOC-0027,LOC-0015,2024-08-29 14:31:10,2024-08-29 15:04:10,3.9,33,80505.64,1.0,80505.64,Cancelled,GoPay,Success
2700,TRP-002572,DRV-00476,USR-00099,LOC-0023,LOC-0056,2024-09-23 05:59:28,2024-09-23 07:50:28,32.69,111,,1.0,,Completed,Cash,Success
2701,TRP-002573,DRV-00446,USR-01214,LOC-0011,LOC-0039,2024-03-31 21:52:10,2024-03-31 23:51:10,26.25,119,118591.12,2.0,237182.24,Completed,Cash,Failed
2702,TRP-002574,DRV-00068,USR-01167,LOC-0026,LOC-0036,2024-12-08 11:15:57,2024-12-08 12:14:57,10.06,59,122926.98,1.0,122926.98,Completed,Cash,Success
2703,TRP-002574,DRV-00068,USR-01167,LOC-0026,LOC-0036,2024-12-08 11:15:57,2024-12-08 12:14:57,10.06,59,122926.98,1.0,122926.98,Completed,Cash,Success
2704,TRP-002575,DRV-00411,USR-00928,LOC-0024,LOC-0025,2024-01-05 08:10:55,2024-01-05 08:52:55,1.35,42,88244.66,1.0,88244.66,Completed,Credit Card,Success
2705,TRP-002576,DRV-00416,USR-01830,LOC-0042,LOC-0031,2024-08-19 22:42:46,2024-08-19 22:53:46,39.43,11,77671.44,1.25,97089.3,Completed,Credit Card,Success
2706,TRP-002577,DRV-00021,USR-01818,LOC-0011,LOC-0037,2024-09-05 20:38:07,2024-09-05 20:48:07,6.11,10,139214.71,1.0,139214.71,Completed,GoPay,Success
2707,TRP-002578,DRV-00288,USR-00887,LOC-0026,LOC-0028,2024-03-12 03:15:51,2024-03-12 05:13:51,16.73,118,146292.13,1.5,219438.2,Completed,GoPay,Success
2708,TRP-002579,DRV-00319,USR-01184,LOC-0046,LOC-0008,2024-03-13 17:13:38,2024-03-13 19:02:38,16.42,109,93830.58,1.0,93830.58,Completed,Credit Card,Success
2709,TRP-002580,DRV-00488,USR-00114,LOC-0044,LOC-0045,2024-09-21 04:04:35,2024-09-21 05:12:35,2.01,68,123750.8,1.0,123750.8,Completed,GoPay,Success
2710,TRP-002581,DRV-00368,USR-01217,LOC-0053,LOC-0017,2024-12-16 08:47:10,2024-12-16 09:57:10,5.32,70,94586.88,2.0,189173.76,Completed,Cash,Success
2711,TRP-002582,DRV-00242,USR-00963,LOC-0026,LOC-0025,2024-09-16 15:20:22,2024-09-16 15:35:22,3.04,15,32421.35,1.0,32421.35,Cancelled,Credit Card,Success
2712,TRP-002582,DRV-00242,USR-00963,LOC-0026,LOC-0025,2024-09-16 15:20:22,2024-09-16 15:35:22,3.04,15,32421.35,1.0,32421.35,Cancelled,Credit Card,Success
2713,TRP-002583,DRV-00160,USR-00208,LOC-0011,LOC-0018,2024-05-10 13:28:55,2024-05-10 15:01:55,28.46,93,36031.57,1.25,45039.46,Completed,GoPay,Success
2714,TRP-002584,DRV-00207,USR-00683,LOC-0017,LOC-0024,2024-03-02 20:33:59,2024-03-02 21:25:59,28.09,52,23655.43,1.5,35483.15,Completed,Credit Card,Success
2715,TRP-002585,DRV-00076,USR-01048,LOC-0040,LOC-0053,2024-07-06 05:15:12,2024-07-06 06:12:12,27.38,-10,78746.19,1.0,78746.19,Completed,Credit Card,Success
2716,TRP-002586,DRV-00485,USR-00750,LOC-0034,LOC-0038,2024-08-29 12:36:12,2024-08-29 13:23:12,18.66,47,93959.93,1.25,117449.91,Failed,Cash,Success
2717,TRP-002587,DRV-00156,USR-01185,LOC-0004,LOC-0033,2024-02-07 08:19:55,2024-02-07 09:53:55,5.08,94,102340.74,1.0,102340.74,Completed,Credit Card,Success
2718,TRP-002588,DRV-00052,USR-00292,LOC-0042,LOC-0053,2024-06-27 21:09:46,2024-06-27 23:00:46,34.04,111,96504.8,1.0,96504.8,Completed,Credit Card,Success
2719,TRP-002589,DRV-00492,USR-00370,LOC-0054,LOC-0037,2024-06-24 08:31:38,2024-06-24 10:03:38,38.13,92,,1.5,,Completed,Cash,Success
2720,TRP-002590,DRV-00335,USR-01859,LOC-0050,LOC-0045,2024-06-11 06:32:47,2024-06-11 08:15:47,27.75,103,141657.59,1.75,247900.78,Completed,GoPay,Success
2721,TRP-002591,DRV-00446,USR-01399,LOC-0036,LOC-0025,2024-05-21 11:15:05,2024-05-21 12:34:05,15.63,79,107483.65,1.25,134354.56,Cancelled,Cash,Success
2722,TRP-002592,DRV-00145,USR-00813,LOC-0030,LOC-0021,2024-11-29 06:31:48,2024-11-29 07:43:48,9.56,72,108247.69,1.0,108247.69,Completed,GoPay,Success
2723,TRP-002593,DRV-00235,USR-01173,LOC-0010,LOC-0018,2024-07-02 23:13:25,2024-07-03 01:06:25,28.13,113,65790.93,1.0,65790.93,Completed,GoPay,Success
2724,TRP-002594,DRV-00230,USR-00320,LOC-0032,LOC-0014,2024-04-15 06:06:36,2024-04-15 06:23:36,16.25,0,127107.47,1.0,127107.47,Completed,GoPay,Success
2725,TRP-002595,DRV-00476,USR-00113,LOC-0036,LOC-0043,2024-10-19 16:46:22,2024-10-19 18:10:22,6.14,84,95866.41,1.0,95866.41,Completed,GoPay,Success
2726,TRP-002596,DRV-00264,USR-00839,LOC-0002,LOC-0033,2024-03-04 20:00:45,2024-03-04 21:29:45,12.65,89,14883.04,1.0,14883.04,Completed,Cash,Success
2727,TRP-002597,DRV-00171,USR-01112,LOC-0025,LOC-0033,2024-08-30 12:16:43,2024-08-30 13:58:43,10.44,102,63118.31,1.75,110457.04,Completed,GoPay,Success
2728,TRP-002598,DRV-00369,USR-00803,LOC-0048,LOC-0007,2024-02-21 18:26:25,2024-02-21 19:43:25,33.77,77,148910.15,2.0,297820.3,Completed,Cash,Failed
2729,TRP-002599,DRV-00204,USR-01755,LOC-0008,LOC-0023,2024-05-28 11:40:41,2024-05-28 13:33:41,16.23,113,110395.08,1.25,137993.85,Completed,GoPay,Success
2730,TRP-002600,DRV-00005,USR-00554,LOC-0011,LOC-0056,2024-03-23 11:57:06,2024-03-23 13:17:06,25.56,80,55430.44,1.0,55430.44,Completed,Cash,Success
2731,TRP-002601,DRV-00172,USR-01231,LOC-0033,LOC-0056,2024-11-14 18:41:15,2024-11-14 20:11:15,31.17,90,130307.37,1.0,130307.37,Completed,GoPay,Success
2732,TRP-002602,DRV-00444,USR-01823,LOC-0020,LOC-0051,2024-04-18 17:21:21,2024-04-18 19:19:21,1.04,118,15428.62,1.5,23142.93,Completed,GoPay,Success
2733,TRP-002603,DRV-00010,USR-00384,LOC-0001,LOC-0052,2024-10-26 13:42:35,2024-10-26 14:55:35,,73,37159.27,1.0,37159.27,Cancelled,GoPay,Success
2734,TRP-002604,DRV-00177,USR-00289,LOC-0037,LOC-0032,2024-08-12 13:52:23,2024-08-12 14:19:23,14.78,27,85704.47,1.0,85704.47,Completed,Credit Card,Success
2735,TRP-002605,DRV-00288,USR-01043,LOC-0051,LOC-0017,2024-10-26 05:39:45,2024-10-26 07:11:45,31.44,92,106592.24,1.0,106592.24,Completed,GoPay,Success
2736,TRP-002606,DRV-00155,USR-01335,LOC-0018,LOC-0021,2024-09-08 06:30:09,2024-09-08 07:45:09,30.35,75,12153.34,0.5,15191.67,Completed,Credit Card,Success
2737,TRP-002607,DRV-00348,USR-01189,LOC-0055,LOC-0048,2024-07-09 04:34:00,2024-07-09 05:13:00,1.58,39,96776.76,1.25,120970.95,Cancelled,Credit Card,Success
2738,TRP-002608,DRV-00092,USR-01927,LOC-0044,LOC-0052,2024-04-25 20:52:18,2024-04-25 21:03:18,12.07,11,139406.5,1.0,139406.5,Completed,Credit Card,Success
2739,TRP-002609,DRV-00036,USR-00561,LOC-0022,LOC-0025,2024-11-16 01:50:40,2024-11-16 02:04:40,4.31,14,94012.49,1.0,94012.49,Completed,GoPay,Success
2740,TRP-002610,DRV-00415,USR-01672,LOC-0033,LOC-0051,2024-09-17 09:11:39,2024-09-17 09:46:39,15.93,35,38881.17,2.5,97202.92,Completed,Cash,Success
2741,TRP-002611,DRV-00353,USR-01076,LOC-0031,LOC-0054,2024-01-13 21:43:39,2024-01-13 22:01:39,30.49,18,63256.73,2.0,126513.46,Completed,GoPay,Success
2742,TRP-002612,DRV-00400,USR-00474,LOC-0006,LOC-0021,2024-09-24 21:35:01,2024-09-24 23:25:01,16.14,110,32076.68,1.5,48115.02,Completed,Credit Card,Success
2743,TRP-002613,DRV-00157,USR-01996,LOC-0046,LOC-0043,2024-06-22 21:49:20,2024-06-22 23:25:20,33.04,96,39815.48,1.0,39815.48,Completed,Cash,Failed
2744,TRP-002614,DRV-00475,USR-00806,LOC-0005,LOC-0035,2024-06-05 11:18:14,2024-06-05 12:55:14,24.96,97,50402.05,1.0,50402.05,Completed,GoPay,Failed
2745,TRP-002615,DRV-00196,USR-00171,LOC-0055,LOC-0028,2024-10-13 02:53:58,2024-10-13 04:17:58,4.7,84,48713.43,1.0,48713.43,Completed,Credit Card,Success
2746,TRP-002616,DRV-00139,USR-00974,LOC-0028,LOC-0004,2024-04-26 09:40:13,2024-04-26 11:23:13,12.59,103,51624.71,1.0,51624.71,Completed,Credit Card,Success
2747,TRP-002616,DRV-00139,USR-00974,LOC-0028,LOC-0004,2024-04-26 09:40:13,2024-04-26 11:23:13,12.59,103,51624.71,1.0,51624.71,Completed,Credit Card,Success
2748,TRP-002617,DRV-00369,USR-00056,LOC-0029,LOC-0011,2024-04-28 16:10:41,2024-04-28 17:19:41,36.09,69,135043.39,2.5,337608.48,Completed,Cash,Success
2749,TRP-002618,DRV-00195,USR-01625,LOC-0047,LOC-0039,2024-10-30 18:24:50,2024-10-30 19:02:50,20.23,38,111898.52,2.0,223797.04,Completed,Credit Card,Success
2750,TRP-002619,DRV-00212,USR-01578,LOC-0051,LOC-0007,2024-02-21 21:29:21,2024-02-21 23:15:21,29.71,106,30246.93,2.5,75617.32,Completed,Credit Card,Success
2751,TRP-002620,DRV-00259,USR-00151,LOC-0038,LOC-0020,2024-09-26 03:27:26,2024-09-26 05:26:26,2.45,119,,1.0,,Cancelled,Cash,Success
2752,TRP-002621,DRV-00406,USR-01068,LOC-0026,LOC-0034,2024-04-13 08:27:37,2024-04-13 09:43:37,3.8,76,62979.79,1.0,62979.79,Completed,Cash,Success
2753,TRP-002622,DRV-00036,USR-01905,LOC-0012,LOC-0002,2024-05-10 14:25:01,2024-05-10 15:08:01,5.32,43,120814.47,1.0,120814.47,Completed,Credit Card,Success
2754,TRP-002623,DRV-00009,USR-01813,LOC-0048,LOC-0010,2024-09-14 15:24:26,2024-09-14 16:04:26,8.53,40,27570.65,2.5,68926.62,Completed,GoPay,Success
2755,TRP-002624,DRV-00151,USR-01767,LOC-0015,LOC-0025,2024-09-09 08:17:26,2024-09-09 08:35:26,7.34,18,147455.22,1.0,147455.22,Completed,Credit Card,Success
2756,TRP-002624,DRV-00151,USR-01767,LOC-0015,LOC-0025,2024-09-09 08:17:26,2024-09-09 08:35:26,7.34,18,147455.22,1.0,147455.22,Completed,Credit Card,Success
2757,TRP-002625,DRV-00436,USR-00081,LOC-0004,LOC-0019,2024-11-17 10:18:38,2024-11-17 11:08:38,31.77,50,114527.0,2.0,229054.0,Completed,Credit Card,Success
2758,TRP-002626,DRV-00328,USR-01964,LOC-0042,LOC-0033,2024-02-03 02:19:45,2024-02-03 03:12:45,39.78,53,97640.71,1.0,97640.71,Completed,Cash,Success
2759,TRP-002626,DRV-00328,USR-01964,LOC-0042,LOC-0033,2024-02-03 02:19:45,2024-02-03 03:12:45,39.78,53,97640.71,1.0,97640.71,Completed,Cash,Success
2760,TRP-002627,DRV-00419,USR-01104,LOC-0039,LOC-0044,2024-09-29 01:34:07,2024-09-29 02:07:07,21.46,33,129305.41,1.0,129305.41,Completed,Cash,Failed
2761,TRP-002628,DRV-00392,USR-01915,LOC-0024,LOC-0017,2024-09-19 10:27:01,2024-09-19 12:13:01,22.54,106,36325.5,1.0,36325.5,Completed,GoPay,Success
2762,TRP-002629,DRV-00145,USR-00956,LOC-0045,LOC-0019,2024-03-29 19:43:16,2024-03-29 19:59:16,10.08,16,100015.35,1.0,100015.35,Cancelled,Credit Card,Success
2763,TRP-002630,DRV-00180,USR-00818,LOC-0036,LOC-0043,2024-01-30 22:47:36,2024-01-30 23:49:36,36.88,62,93475.6,1.0,93475.6,Completed,Cash,Success
2764,TRP-002631,DRV-00347,USR-01946,LOC-0040,LOC-0025,2024-11-27 08:41:27,2024-11-27 09:03:27,34.77,22,,1.25,,Completed,Cash,Success
2765,TRP-002632,DRV-00255,USR-00415,LOC-0001,LOC-0009,2024-11-15 22:13:52,2024-11-15 23:38:52,36.01,85,69828.23,1.5,104742.35,Completed,Cash,Success
2766,TRP-002633,DRV-00467,USR-01419,LOC-0035,LOC-0036,2024-04-13 11:04:06,2024-04-13 11:39:06,,35,69320.14,1.0,69320.14,Completed,GoPay,Success
2767,TRP-002634,DRV-00178,USR-01941,LOC-0048,LOC-0053,2024-11-30 09:53:23,2024-11-30 11:35:23,32.14,102,73628.34,1.25,92035.42,Completed,Credit Card,Success
2768,TRP-002635,DRV-00097,USR-01329,LOC-0002,LOC-0010,2024-11-02 16:52:39,2024-11-02 18:22:39,9.84,90,32559.61,1.0,32559.61,Failed,GoPay,Success
2769,TRP-002636,DRV-00296,USR-00924,LOC-0026,LOC-0035,2024-06-29 03:10:37,2024-06-29 04:47:37,28.08,97,61306.96,2.0,122613.92,Completed,Cash,Success
2770,TRP-002637,DRV-00325,USR-01177,LOC-0041,LOC-0040,2024-06-20 08:09:09,2024-06-20 09:57:09,25.6,108,58189.78,1.0,58189.78,Completed,Cash,Pending
2771,TRP-002638,DRV-00197,USR-01666,LOC-0051,LOC-0057,2024-03-11 21:56:06,2024-03-11 23:01:06,24.98,65,96889.84,1.0,96889.84,Completed,Cash,Success
2772,TRP-002639,DRV-00500,USR-01008,LOC-0013,LOC-0005,2024-08-07 05:25:02,2024-08-07 06:27:02,32.07,62,34404.93,1.0,34404.93,Completed,GoPay,Success
2773,TRP-002640,DRV-00190,USR-01977,LOC-0028,LOC-0039,2024-02-03 12:11:51,2024-02-03 13:42:51,12.77,91,109893.49,1.5,164840.24,Completed,GoPay,Success
2774,TRP-002641,DRV-00450,USR-01604,LOC-0025,LOC-0018,2024-05-30 03:34:59,2024-05-30 03:47:59,20.01,13,25051.65,1.0,25051.65,Completed,Credit Card,Success
2775,TRP-002642,DRV-00335,USR-01043,LOC-0057,LOC-0026,2024-07-26 08:56:01,2024-07-26 10:56:01,,120,96598.27,1.0,96598.27,Cancelled,Credit Card,Pending
2776,TRP-002643,DRV-00329,USR-00237,LOC-0020,LOC-0018,2024-02-22 15:12:46,2024-02-22 16:43:46,,91,81063.99,2.0,162127.98,Completed,Cash,Pending
2777,TRP-002644,DRV-00015,USR-00575,LOC-0054,LOC-0047,2024-06-15 15:05:29,2024-06-15 16:08:29,21.47,63,76164.46,1.5,114246.69,Failed,Credit Card,Failed
2778,TRP-002645,DRV-00121,USR-00084,LOC-0017,LOC-0026,2024-09-27 11:33:24,2024-09-27 12:26:24,20.79,53,147174.91,1.0,147174.91,Completed,Credit Card,Success
2779,TRP-002646,DRV-00426,USR-00461,LOC-0028,LOC-0053,2024-06-07 08:08:28,2024-06-07 09:47:28,7.38,99,116607.1,1.0,116607.1,Failed,GoPay,Success
2780,TRP-002646,DRV-00426,USR-00461,LOC-0028,LOC-0053,2024-06-07 08:08:28,2024-06-07 09:47:28,7.38,99,116607.1,1.0,116607.1,Failed,GoPay,Success
2781,TRP-002647,DRV-00293,USR-01898,LOC-0025,LOC-0055,2024-04-01 17:45:16,2024-04-01 19:12:16,23.37,87,,1.0,,Completed,Credit Card,Success
2782,TRP-002648,DRV-00380,USR-00960,LOC-0037,LOC-0046,2024-11-28 15:56:41,2024-11-28 16:44:41,37.09,48,53505.19,1.0,53505.19,Completed,Cash,Success
2783,TRP-002649,DRV-00121,USR-01196,LOC-0012,LOC-0041,2024-05-25 01:18:09,2024-05-25 01:29:09,5.47,11,104598.68,1.75,183047.69,Completed,Cash,Success
2784,TRP-002650,DRV-00236,USR-00308,LOC-0025,LOC-0044,2024-07-03 20:28:47,2024-07-03 22:04:47,2.32,96,107233.07,1.25,134041.34,Completed,Credit Card,Success
2785,TRP-002651,DRV-00341,USR-01832,LOC-0031,LOC-0055,2024-03-13 11:27:43,2024-03-13 12:53:43,34.54,86,94103.97,1.0,94103.97,Completed,GoPay,Success
2786,TRP-002652,DRV-00450,USR-00807,LOC-0023,LOC-0057,2024-06-08 16:01:48,2024-06-08 17:13:48,36.98,72,36007.39,1.0,36007.39,Completed,Cash,Success
2787,TRP-002653,DRV-00451,USR-01190,LOC-0039,LOC-0042,2024-10-03 06:58:42,2024-10-03 07:31:42,7.22,33,47042.66,1.0,47042.66,Cancelled,Cash,Success
2788,TRP-002654,DRV-00091,USR-01421,LOC-0009,LOC-0010,2024-01-21 11:01:07,2024-01-21 12:26:07,20.14,85,63893.36,1.25,79866.7,Cancelled,Cash,Success
2789,TRP-002655,DRV-00091,USR-01649,LOC-0005,LOC-0052,2024-02-14 09:59:05,2024-02-14 11:39:05,19.82,100,49107.24,1.0,49107.24,Completed,Cash,Success
2790,TRP-002656,DRV-00270,USR-01013,LOC-0008,LOC-0014,2024-05-12 02:18:33,2024-05-12 02:56:33,38.49,38,110586.96,1.0,110586.96,Completed,Cash,Success
2791,TRP-002657,DRV-00192,USR-01189,LOC-0012,LOC-0022,2024-07-04 16:56:07,2024-07-04 17:09:07,20.21,13,36160.42,1.75,63280.74,Cancelled,Credit Card,Success
2792,TRP-002658,DRV-00415,USR-01858,LOC-0005,LOC-0055,2024-01-27 23:50:05,2024-01-28 01:33:05,18.06,103,137984.28,1.25,172480.35,Completed,GoPay,Success
2793,TRP-002659,DRV-00078,USR-00297,LOC-0047,LOC-0019,2024-01-31 18:45:56,2024-01-31 18:59:56,31.64,14,,1.0,,Completed,GoPay,Success
2794,TRP-002660,DRV-00429,USR-01183,LOC-0016,LOC-0036,2024-11-09 15:55:42,2024-11-09 17:51:42,36.04,116,128056.5,1.5,192084.75,Cancelled,GoPay,Pending
2795,TRP-002661,DRV-00302,USR-00948,LOC-0010,LOC-0038,2024-07-29 02:09:05,2024-07-29 03:25:05,19.4,76,35141.71,1.0,35141.71,Completed,GoPay,Failed
2796,TRP-002662,DRV-00380,USR-01204,LOC-0001,LOC-0002,2024-10-14 20:49:14,2024-10-14 22:00:14,32.72,71,113367.68,1.25,141709.6,Completed,Credit Card,Success
2797,TRP-002663,DRV-00394,USR-01203,LOC-0040,LOC-0005,2024-03-14 02:23:19,2024-03-14 03:40:19,13.58,77,53169.11,1.0,53169.11,Completed,Credit Card,Success
2798,TRP-002664,DRV-00144,USR-01937,LOC-0011,LOC-0044,2024-03-27 13:43:36,2024-03-27 14:19:36,11.15,36,0.0,1.0,0.0,Completed,Credit Card,Pending
2799,TRP-002665,DRV-00001,USR-01827,LOC-0034,LOC-0044,2024-06-24 23:22:06,2024-06-25 00:07:06,21.88,45,44074.96,1.0,44074.96,Cancelled,Credit Card,Success
2800,TRP-002666,DRV-00129,USR-01023,LOC-0056,LOC-0032,2024-07-12 13:39:16,2024-07-12 14:31:16,10.21,52,81599.31,2.5,203998.27,Completed,Cash,Success
2801,TRP-002667,DRV-00434,USR-01886,LOC-0043,LOC-0008,2024-11-04 00:13:47,2024-11-04 01:17:47,6.89,64,146430.2,1.0,146430.2,Cancelled,Cash,Success
2802,TRP-002668,DRV-00447,USR-01811,LOC-0054,LOC-0045,2024-05-13 23:14:30,2024-05-14 00:50:30,27.32,96,64365.89,1.25,80457.36,Completed,GoPay,Success
2803,TRP-002669,DRV-00123,USR-01536,LOC-0002,LOC-0026,2024-09-26 19:11:58,2024-09-26 20:15:58,3.54,64,122388.61,1.25,152985.76,Completed,Credit Card,Success
2804,TRP-002670,DRV-00470,USR-01890,LOC-0030,LOC-0008,2024-08-20 19:38:48,2024-08-20 20:15:48,3.43,37,,2.5,,Cancelled,Cash,Failed
2805,TRP-002671,DRV-00083,USR-01487,LOC-0018,LOC-0014,2024-05-07 22:25:45,2024-05-08 00:00:45,24.5,95,135756.87,1.75,237574.52,Completed,GoPay,Success
2806,TRP-002672,DRV-00094,USR-00565,LOC-0027,LOC-0038,2024-03-26 04:51:08,2024-03-26 05:45:08,14.88,54,68580.73,1.0,68580.73,Completed,GoPay,Success
2807,TRP-002673,DRV-00255,USR-01754,LOC-0008,LOC-0034,2024-07-18 03:45:29,2024-07-18 05:05:29,27.48,80,29840.36,1.75,52220.63,Completed,Credit Card,Success
2808,TRP-002674,DRV-00134,USR-00038,LOC-0056,LOC-0014,2024-04-13 10:28:50,2024-04-13 11:40:50,17.87,72,93689.42,1.0,93689.42,Completed,Cash,Pending
2809,TRP-002675,DRV-00264,USR-00387,LOC-0026,LOC-0039,2024-03-31 04:22:12,2024-03-31 04:32:12,34.87,10,142841.72,1.0,142841.72,COMPLETED,Credit Card,Success
2810,TRP-002675,DRV-00264,USR-00387,LOC-0026,LOC-0039,2024-03-31 04:22:12,2024-03-31 04:32:12,34.87,10,142841.72,1.0,142841.72,COMPLETED,Credit Card,Success
2811,TRP-002676,DRV-00015,USR-01660,LOC-0023,LOC-0029,2024-08-31 13:12:44,2024-08-31 14:44:44,14.32,92,134064.93,1.0,134064.93,Completed,Cash,Success
2812,TRP-002677,DRV-00424,USR-01574,LOC-0047,LOC-0056,2024-10-20 12:01:44,2024-10-20 13:59:44,17.82,118,47898.21,1.0,47898.21,Completed,Cash,Pending
2813,TRP-002678,DRV-00466,USR-01000,LOC-0016,LOC-0024,2024-01-14 21:51:44,2024-01-14 22:31:44,32.49,40,81762.98,1.0,81762.98,Completed,Cash,Success
2814,TRP-002679,DRV-00118,USR-00866,LOC-0027,LOC-0054,2024-11-25 11:24:21,2024-11-25 12:58:21,1.19,94,123876.64,1.0,123876.64,Completed,Credit Card,Success
2815,TRP-002680,DRV-00294,USR-00143,LOC-0016,LOC-0002,2024-11-11 14:47:38,2024-11-11 16:26:38,13.58,99,12838.67,1.0,12838.67,Completed,Cash,Failed
2816,TRP-002681,DRV-00072,USR-00499,LOC-0014,LOC-0003,2024-08-17 10:09:33,2024-08-17 10:51:33,18.89,42,113721.78,1.5,170582.67,Completed,Credit Card,Success
2817,TRP-002682,DRV-00313,USR-00664,LOC-0017,LOC-0027,2024-11-22 00:45:19,2024-11-22 01:21:19,38.68,36,128685.9,1.0,128685.9,Completed,GoPay,Success
2818,TRP-002683,DRV-00334,USR-00362,LOC-0024,LOC-0016,2024-10-16 06:44:11,2024-10-16 08:16:11,33.42,92,0.0,2.0,0.0,Completed,Credit Card,Success
2819,TRP-002684,DRV-00370,USR-01030,LOC-0007,LOC-0036,2024-07-11 06:07:31,2024-07-11 07:50:31,26.61,103,23680.86,1.0,23680.86,Completed,Cash,Success
2820,TRP-002685,DRV-00474,USR-00934,LOC-0046,LOC-0024,2024-02-01 11:39:57,2024-02-01 12:21:57,10.2,42,144476.73,1.75,252834.28,Completed,Cash,Success
2821,TRP-002686,DRV-00029,USR-01252,LOC-0032,LOC-0020,2024-10-30 19:23:04,2024-10-30 21:12:04,23.51,109,90576.78,2.0,181153.56,Completed,GoPay,Success
2822,TRP-002687,DRV-00423,USR-01882,LOC-0020,LOC-0004,2024-01-23 09:46:54,2024-01-23 10:35:54,38.19,49,149624.87,1.5,224437.3,Completed,GoPay,Success
2823,TRP-002688,DRV-00290,USR-01689,LOC-0030,LOC-0031,2024-05-20 00:38:05,2024-05-20 01:35:05,17.71,57,132900.13,1.0,132900.13,completed,GoPay,Success
2824,TRP-002689,DRV-00248,USR-00882,LOC-0011,LOC-0039,2024-10-05 22:21:13,2024-10-06 00:14:13,11.54,113,13254.34,1.0,13254.34,Completed,GoPay,Success
2825,TRP-002690,DRV-00044,USR-01379,LOC-0039,LOC-0036,2024-09-11 00:23:32,2024-09-11 01:19:32,19.07,56,111844.32,1.0,111844.32,Completed,Credit Card,Success
2826,TRP-002691,DRV-00200,USR-01507,LOC-0005,LOC-0034,2024-06-21 16:19:18,2024-06-21 17:28:18,10.91,69,79632.34,2.0,159264.68,Completed,GoPay,Success
2827,TRP-002692,DRV-00326,USR-01510,LOC-0040,LOC-0037,2024-05-12 06:21:23,2024-05-12 06:46:23,13.28,0,24752.55,1.0,24752.55,Completed,GoPay,Success
2828,TRP-002693,DRV-00017,USR-00873,LOC-0055,LOC-0017,2024-09-09 13:31:18,2024-09-09 13:56:18,37.21,25,51777.52,1.5,77666.28,Completed,Credit Card,Success
2829,TRP-002694,DRV-00052,USR-00669,LOC-0023,LOC-0002,2024-07-24 12:19:30,2024-07-24 13:38:30,,79,69923.91,1.25,87404.89,Completed,Cash,Success
2830,TRP-002695,DRV-00248,USR-00095,LOC-0055,LOC-0057,2024-12-23 11:23:04,2024-12-23 12:05:04,19.49,42,111567.4,1.75,195242.95,Completed,Cash,Pending
2831,TRP-002696,DRV-00016,USR-00374,LOC-0030,LOC-0024,2024-05-20 21:25:14,2024-05-20 22:08:14,25.74,43,104717.37,1.0,104717.37,Completed,Credit Card,Success
2832,TRP-002697,DRV-00064,USR-00060,LOC-0018,LOC-0024,2024-04-25 18:19:17,2024-04-25 20:05:17,,106,15765.97,1.25,19707.46,Cancelled,Credit Card,Success
2833,TRP-002698,DRV-00224,USR-01868,LOC-0013,LOC-0021,2024-08-22 08:20:33,2024-08-22 08:45:33,17.2,25,131237.84,1.0,131237.84,Completed,Cash,Pending
2834,TRP-002699,DRV-00114,USR-00396,LOC-0006,LOC-0040,2024-08-31 11:09:15,2024-08-31 12:59:15,9.25,110,107728.13,1.25,134660.16,Completed,Credit Card,Success
2835,TRP-002700,DRV-00281,USR-00054,LOC-0057,LOC-0003,2024-06-22 06:19:33,2024-06-22 08:03:33,20.48,104,143946.13,1.25,179932.66,Cancelled,GoPay,Failed
2836,TRP-002701,DRV-00221,USR-01044,LOC-0043,LOC-0033,2024-04-25 20:49:35,2024-04-25 21:24:35,33.09,35,141339.11,1.0,141339.11,Completed,Credit Card,Success
2837,TRP-002702,DRV-00468,USR-00552,LOC-0004,LOC-0025,2024-04-28 09:43:43,2024-04-28 10:18:43,39.84,35,42229.42,1.0,42229.42,Completed,Credit Card,Success
2838,TRP-002703,DRV-00189,USR-01478,LOC-0034,LOC-0001,2024-02-05 02:14:46,2024-02-05 04:08:46,36.64,114,,1.25,,CANCELLED,Cash,Success
2839,TRP-002704,DRV-00337,USR-01098,LOC-0056,LOC-0026,2024-01-24 12:17:04,2024-01-24 14:15:04,5.31,118,42076.11,1.0,42076.11,Completed,Cash,Success
2840,TRP-002705,DRV-00480,USR-01783,LOC-0006,LOC-0021,2024-03-02 20:01:17,2024-03-02 21:00:17,,59,29397.03,0.5,29397.03,Completed,Cash,Success
2841,TRP-002706,DRV-00330,USR-01776,LOC-0026,LOC-0018,2024-08-27 23:27:43,2024-08-27 23:50:43,8.91,23,55026.43,1.25,68783.04,Completed,Credit Card,Success
2842,TRP-002707,DRV-00300,USR-01915,LOC-0005,LOC-0001,2024-05-20 20:59:52,2024-05-20 22:48:52,10.0,109,34487.31,1.0,34487.31,Completed,GoPay,Failed
2843,TRP-002708,DRV-00390,USR-01703,LOC-0053,LOC-0049,2024-01-13 00:45:10,2024-01-13 00:58:10,7.57,13,,2.0,,Completed,GoPay,Success
2844,TRP-002709,DRV-00389,USR-00965,LOC-0035,LOC-0031,2024-04-24 21:28:47,2024-04-24 22:16:47,5.34,48,28106.35,1.0,28106.35,Completed,GoPay,Success
2845,TRP-002710,DRV-00364,USR-01274,LOC-0017,LOC-0004,2024-09-13 01:47:01,2024-09-13 03:31:01,35.57,104,147565.14,1.0,147565.14,Completed,Credit Card,Success
2846,TRP-002711,DRV-00258,USR-01288,LOC-0048,LOC-0037,2024-08-20 17:30:19,2024-08-20 19:02:19,3.94,92,31385.02,1.75,54923.79,Completed,Credit Card,Success
2847,TRP-002712,DRV-00123,USR-01789,LOC-0049,LOC-0014,2024-03-17 00:08:19,2024-03-17 00:23:19,24.53,15,82993.2,1.0,82993.2,Cancelled,Credit Card,Success
2848,TRP-002713,DRV-00322,USR-01363,LOC-0015,LOC-0019,2024-04-28 21:00:07,2024-04-28 21:49:07,37.82,49,64583.13,1.0,64583.13,Cancelled ,Cash,Success
2849,TRP-002714,DRV-00085,USR-01474,LOC-0005,LOC-0057,2024-08-30 17:40:17,2024-08-30 18:57:17,4.64,77,133650.05,1.25,167062.56,Cancelled,Credit Card,Success
2850,TRP-002715,DRV-00089,USR-00476,LOC-0010,LOC-0017,2024-12-30 13:43:23,2024-12-30 14:40:23,4.94,57,44495.9,1.25,55619.88,Completed,GoPay,Success
2851,TRP-002716,DRV-00053,USR-00115,LOC-0053,LOC-0055,2024-11-14 11:25:39,2024-11-14 11:46:39,39.76,21,101507.58,1.75,177638.27,Completed,GoPay,Success
2852,TRP-002717,DRV-00142,USR-01452,LOC-0022,LOC-0045,2024-04-16 08:46:30,2024-04-16 10:42:30,30.58,116,130860.07,1.0,130860.07,Cancelled,GoPay,Success
2853,TRP-002718,DRV-00272,USR-00186,LOC-0054,LOC-0024,2024-10-13 02:13:06,2024-10-13 03:35:06,3.87,82,64738.6,2.5,161846.5,Cancelled,Cash,Success
2854,TRP-002719,DRV-00223,USR-00109,LOC-0008,LOC-0032,2024-12-03 04:42:47,2024-12-03 05:03:47,12.86,21,77719.39,1.75,136008.93,Cancelled,GoPay,Success
2855,TRP-002720,DRV-00362,USR-01651,LOC-0021,LOC-0006,2024-05-29 07:10:55,2024-05-29 07:56:55,,46,133029.13,1.0,133029.13,CANCELLED,Cash,Success
2856,TRP-002721,DRV-00082,USR-00039,LOC-0050,LOC-0030,2024-10-22 12:24:20,2024-10-22 13:52:20,16.52,88,24981.58,1.25,31226.98,Completed,Credit Card,Success
2857,TRP-002722,DRV-00453,USR-01024,LOC-0002,LOC-0056,2024-09-14 16:38:46,2024-09-14 17:54:46,18.91,76,113753.79,1.0,113753.79,Cancelled,Credit Card,Success
2858,TRP-002723,DRV-00270,USR-01842,LOC-0028,LOC-0029,2024-07-10 04:12:40,2024-07-10 06:05:40,33.38,113,84894.69,1.0,84894.69,Completed,GoPay,Success
2859,TRP-002724,DRV-00031,USR-00136,LOC-0056,LOC-0057,2024-05-10 22:37:33,2024-05-10 23:23:33,37.41,46,21674.29,1.0,21674.29,Completed,Credit Card,Success
2860,TRP-002725,DRV-00251,USR-01729,LOC-0035,LOC-0032,2024-03-18 13:24:13,2024-03-18 14:08:13,20.94,44,17786.69,1.5,26680.03,Completed,Cash,Success
2861,TRP-002726,DRV-00013,USR-00288,LOC-0013,LOC-0007,2024-10-30 14:39:47,2024-10-30 15:14:47,30.67,35,50211.86,1.0,50211.86,Completed,GoPay,Success
2862,TRP-002727,DRV-00314,USR-01678,LOC-0023,LOC-0031,2024-01-09 12:10:33,2024-01-09 12:25:33,5.15,15,86581.84,1.0,86581.84,Completed,GoPay,Success
2863,TRP-002728,DRV-00347,USR-01958,LOC-0013,LOC-0003,2024-03-19 20:07:48,2024-03-19 21:25:48,5.5,78,51369.17,1.0,51369.17,Cancelled,GoPay,Success
2864,TRP-002729,DRV-00078,USR-00716,LOC-0050,LOC-0037,2024-10-31 10:09:50,2024-10-31 11:50:50,14.92,101,71905.7,1.0,71905.7,Cancelled,Credit Card,Success
2865,TRP-002729,DRV-00078,USR-00716,LOC-0050,LOC-0037,2024-10-31 10:09:50,2024-10-31 11:50:50,14.92,101,71905.7,1.0,71905.7,Cancelled,Credit Card,Success
2866,TRP-002730,DRV-00204,USR-00949,LOC-0024,LOC-0018,2024-12-07 23:29:00,2024-12-08 00:53:00,26.25,84,60934.24,1.25,76167.8,Completed,GoPay,Success
2867,TRP-002731,DRV-00260,USR-01573,LOC-0046,LOC-0034,2024-03-20 03:03:09,2024-03-20 03:13:09,29.0,10,88501.37,1.0,88501.37,Completed,GoPay,Failed
2868,TRP-002732,DRV-00369,USR-01270,LOC-0049,LOC-0006,2024-12-19 10:46:20,2024-12-19 12:10:20,37.54,84,70064.61,2.0,140129.22,CANCELLED,Cash,Success
2869,TRP-002733,DRV-00286,USR-01455,LOC-0011,LOC-0015,2024-08-12 14:07:04,2024-08-12 15:13:04,22.94,66,131117.49,1.0,131117.49,Completed,Cash,Success
2870,TRP-002734,DRV-00045,USR-00091,LOC-0009,LOC-0041,2024-08-10 17:34:00,2024-08-10 18:11:00,32.64,37,23249.81,1.75,40687.17,Failed,Cash,Success
2871,TRP-002735,DRV-00076,USR-01018,LOC-0002,LOC-0052,2024-08-16 20:00:43,2024-08-16 21:15:43,9.39,75,106855.33,1.0,106855.33,Completed,Credit Card,Success
2872,TRP-002736,DRV-00452,USR-00086,LOC-0022,LOC-0049,2024-04-29 07:09:59,2024-04-29 08:03:59,1.97,54,130948.83,1.0,130948.83,Cancelled,Credit Card,Success
2873,TRP-002737,DRV-00144,USR-01037,LOC-0036,LOC-0045,2024-09-29 07:34:24,2024-09-29 09:25:24,12.66,111,101768.13,1.0,101768.13,Cancelled,GoPay,Success
2874,TRP-002738,DRV-00237,USR-00192,LOC-0045,LOC-0055,2024-10-13 17:06:26,2024-10-13 18:45:26,31.49,99,50978.58,1.0,50978.58,Cancelled,Credit Card,Success
2875,TRP-002739,DRV-00014,USR-00171,LOC-0005,LOC-0029,2024-09-16 14:09:48,2024-09-16 14:23:48,32.61,14,31975.67,1.25,39969.59,failed,GoPay,Success
2876,TRP-002740,DRV-00468,USR-01476,LOC-0011,LOC-0028,2024-10-11 23:34:12,2024-10-12 00:07:12,4.6,33,88540.59,1.0,88540.59,Completed,GoPay,Success
2877,TRP-002741,DRV-00300,USR-00732,LOC-0048,LOC-0020,2024-01-02 15:23:14,2024-01-02 16:58:14,14.42,95,70979.13,1.0,70979.13,Completed,GoPay,Pending
2878,TRP-002742,DRV-00465,USR-01601,LOC-0009,LOC-0053,2024-07-10 02:29:51,2024-07-10 04:05:51,9.14,96,0.0,1.25,0.0,Completed,Cash,Failed
2879,TRP-002743,DRV-00296,USR-01280,LOC-0005,LOC-0044,2024-06-18 10:59:45,2024-06-18 12:36:45,19.6,97,49419.96,1.0,49419.96,Completed,Cash,Success
2880,TRP-002744,DRV-00195,USR-01683,LOC-0020,LOC-0040,2024-02-21 05:09:31,2024-02-21 07:04:31,24.13,115,79246.09,1.0,79246.09,Cancelled,Credit Card,Success
2881,TRP-002745,DRV-00153,USR-01363,LOC-0043,LOC-0037,2024-02-21 22:10:46,2024-02-21 22:36:46,33.41,26,54038.99,1.0,54038.99,Cancelled,GoPay,Success
2882,TRP-002746,DRV-00084,USR-00540,LOC-0008,LOC-0019,2024-03-27 06:03:29,2024-03-27 07:34:29,11.95,91,126541.45,1.5,189812.17,Completed,Cash,Success
2883,TRP-002747,DRV-00023,USR-00790,LOC-0014,LOC-0017,2024-05-17 10:17:12,2024-05-17 11:30:12,14.91,73,90957.29,1.5,136435.93,Completed,Credit Card,Success
2884,TRP-002748,DRV-00412,USR-00524,LOC-0037,LOC-0047,2024-02-06 00:43:53,2024-02-06 01:21:53,12.81,38,81457.12,1.0,81457.12,Completed,Credit Card,Pending
2885,TRP-002749,DRV-00181,USR-00409,LOC-0045,LOC-0009,2024-12-04 17:54:54,2024-12-04 19:30:54,,96,149718.6,1.25,187148.25,Completed,Cash,Success
2886,TRP-002750,DRV-00258,USR-00206,LOC-0049,LOC-0040,2024-08-05 16:41:14,2024-08-05 17:15:14,17.48,34,20576.71,1.0,20576.71,Completed,Cash,Success
2887,TRP-002750,DRV-00258,USR-00206,LOC-0049,LOC-0040,2024-08-05 16:41:14,2024-08-05 17:15:14,17.48,34,20576.71,1.0,20576.71,Completed,Cash,Success
2888,TRP-002751,DRV-00165,USR-00940,LOC-0035,LOC-0014,2024-10-24 07:58:36,2024-10-24 08:40:36,4.56,42,86009.34,1.0,86009.34,Completed,Credit Card,Success
2889,TRP-002752,DRV-00141,USR-00077,LOC-0009,LOC-0048,2024-09-28 06:07:03,2024-09-28 07:34:03,35.71,87,0.0,1.5,0.0,Completed,GoPay,Success
2890,TRP-002753,DRV-00429,USR-00199,LOC-0024,LOC-0022,2024-12-19 13:47:18,2024-12-19 15:10:18,14.91,83,95990.21,2.0,191980.42,Completed,GoPay,Failed
2891,TRP-002754,DRV-00024,USR-00242,LOC-0035,LOC-0006,2024-02-12 09:34:57,2024-02-12 11:06:57,19.35,92,10040.34,1.0,10040.34,Completed,GoPay,Success
2892,TRP-002755,DRV-00063,USR-00963,LOC-0038,LOC-0010,2024-11-15 16:56:42,2024-11-15 17:15:42,26.52,19,57310.37,1.0,57310.37,Cancelled,Credit Card,Success
2893,TRP-002756,DRV-00060,USR-00243,LOC-0032,LOC-0016,2024-07-04 17:16:16,2024-07-04 17:27:16,7.75,11,62484.54,1.0,62484.54,Completed,Cash,Success
2894,TRP-002757,DRV-00055,USR-00311,LOC-0008,LOC-0014,2024-11-07 23:26:38,2024-11-08 01:26:38,32.53,120,20430.28,1.5,30645.42,Cancelled,Cash,Success
2895,TRP-002758,DRV-00413,USR-00773,LOC-0012,LOC-0006,2024-05-09 22:49:50,2024-05-09 23:28:50,24.11,39,143610.1,1.0,143610.1,Completed,GoPay,Success
2896,TRP-002759,DRV-00286,USR-00577,LOC-0017,LOC-0030,2024-05-24 13:51:26,2024-05-24 14:29:26,25.14,38,69592.41,1.0,69592.41,Completed,Credit Card,Success
2897,TRP-002760,DRV-00141,USR-00130,LOC-0056,LOC-0029,2024-05-15 23:34:07,2024-05-15 23:58:07,20.56,24,104309.17,1.0,104309.17,Completed,Cash,Success
2898,TRP-002761,DRV-00440,USR-01658,LOC-0025,LOC-0006,2024-02-24 17:14:03,2024-02-24 17:49:03,,35,105171.61,1.5,157757.42,Completed,GoPay,Failed
2899,TRP-002762,DRV-00490,USR-01399,LOC-0044,LOC-0034,2024-05-01 20:26:40,2024-05-01 21:25:40,39.15,59,44765.39,1.0,44765.39,Completed,GoPay,Failed
2900,TRP-002763,DRV-00235,USR-00685,LOC-0020,LOC-0033,2024-01-09 23:22:55,2024-01-09 23:47:55,27.08,25,35421.62,1.0,35421.62,Cancelled,Cash,Success
2901,TRP-002764,DRV-00424,USR-01527,LOC-0050,LOC-0010,2024-12-19 17:20:47,2024-12-19 19:11:47,21.77,111,81572.09,1.5,122358.13,Cancelled,Cash,Success
2902,TRP-002765,DRV-00469,USR-00039,LOC-0025,LOC-0018,2024-07-29 20:47:43,2024-07-29 21:07:43,9.02,20,57210.5,1.0,57210.5,Cancelled,Credit Card,Success
2903,TRP-002765,DRV-00469,USR-00039,LOC-0025,LOC-0018,2024-07-29 20:47:43,2024-07-29 21:07:43,9.02,20,57210.5,1.0,57210.5,Cancelled,Credit Card,Success
2904,TRP-002766,DRV-00280,USR-01059,LOC-0020,LOC-0014,2024-10-21 06:23:17,2024-10-21 07:48:17,10.66,85,121919.43,1.25,152399.29,Cancelled,Credit Card,Success
2905,TRP-002767,DRV-00300,USR-00606,LOC-0031,LOC-0046,2024-10-16 08:14:09,2024-10-16 09:28:09,27.81,74,75904.02,1.0,75904.02,Completed,Cash,Success
2906,TRP-002768,DRV-00259,USR-01837,LOC-0053,LOC-0025,2024-05-20 00:58:50,2024-05-20 02:22:50,8.14,84,93640.96,1.25,117051.2,Completed,Credit Card,Success
2907,TRP-002769,DRV-00067,USR-00944,LOC-0032,LOC-0008,2024-08-07 19:09:38,2024-08-07 20:52:38,29.35,103,94599.75,2.0,189199.5,Completed,Credit Card,Success
2908,TRP-002770,DRV-00278,USR-01030,LOC-0019,LOC-0057,2024-04-30 14:02:51,2024-04-30 14:17:51,29.62,15,26275.4,1.0,26275.4,Completed,GoPay,Success
2909,TRP-002771,DRV-00280,USR-00274,LOC-0044,LOC-0043,2024-07-19 10:48:42,2024-07-19 11:31:42,27.82,43,,1.0,,Completed,GoPay,Success
2910,TRP-002772,DRV-00475,USR-01245,LOC-0037,LOC-0024,2024-02-15 00:09:26,2024-02-15 00:39:26,5.26,30,125796.94,2.5,314492.35,Cancelled,Credit Card,Failed
2911,TRP-002773,DRV-00258,USR-00446,LOC-0051,LOC-0050,2024-07-01 06:11:09,2024-07-01 06:24:09,12.82,13,,1.0,,Cancelled,GoPay,Success
2912,TRP-002774,DRV-00113,USR-01756,LOC-0024,LOC-0034,2024-02-16 12:49:21,2024-02-16 14:38:21,10.37,109,117876.44,1.25,147345.55,Completed,Credit Card,Success
2913,TRP-002775,DRV-00077,USR-00542,LOC-0003,LOC-0025,2024-05-20 15:44:53,2024-05-20 16:58:53,23.09,74,34325.33,1.75,60069.33,Completed,GoPay,Success
2914,TRP-002776,DRV-00087,USR-01230,LOC-0010,LOC-0041,2024-06-19 10:37:28,2024-06-19 11:48:28,31.68,71,35485.95,1.25,44357.44,Completed,Cash,Success
2915,TRP-002777,DRV-00258,USR-01486,LOC-0029,LOC-0012,2024-11-22 06:32:58,2024-11-22 08:22:58,34.86,110,90895.59,1.0,90895.59,Completed,Credit Card,Failed
2916,TRP-002777,DRV-00258,USR-01486,LOC-0029,LOC-0012,2024-11-22 06:32:58,2024-11-22 08:22:58,34.86,110,90895.59,1.0,90895.59,Completed,Credit Card,Failed
2917,TRP-002778,DRV-00324,USR-00878,LOC-0048,LOC-0014,2024-02-26 17:55:34,2024-02-26 18:31:34,3.0,36,97697.88,1.0,97697.88,Completed,Credit Card,Success
2918,TRP-002779,DRV-00062,USR-00805,LOC-0055,LOC-0027,2024-02-19 00:50:26,2024-02-19 01:09:26,35.15,19,106701.52,1.25,133376.9,failed,Cash,Success
2919,TRP-002780,DRV-00490,USR-01759,LOC-0034,LOC-0028,2024-09-16 08:34:57,2024-09-16 10:14:57,3.1,100,64037.14,1.0,64037.14,Cancelled,Credit Card,Success
2920,TRP-002781,DRV-00209,USR-00680,LOC-0035,LOC-0021,2024-03-11 20:58:21,2024-03-11 21:31:21,20.77,33,99419.06,3.5,99419.06,Completed,GoPay,Success
2921,TRP-002782,DRV-00286,USR-00354,LOC-0052,LOC-0034,2024-06-24 03:19:55,2024-06-24 03:32:55,33.78,13,62222.57,1.0,62222.57,Completed,Cash,Success
2922,TRP-002782,DRV-00286,USR-00354,LOC-0052,LOC-0034,2024-06-24 03:19:55,2024-06-24 03:32:55,33.78,13,62222.57,1.0,62222.57,Completed,Cash,Success
2923,TRP-002783,DRV-00137,USR-01943,LOC-0043,LOC-0017,2024-01-20 13:21:44,2024-01-20 15:13:44,38.65,112,76184.05,2.5,190460.12,Completed,Credit Card,Success
2924,TRP-002784,DRV-00451,USR-00533,LOC-0041,LOC-0002,2024-11-03 05:26:00,2024-11-03 05:53:00,37.96,27,88419.7,1.25,110524.62,Completed,GoPay,Success
2925,TRP-002785,DRV-00057,USR-00153,LOC-0050,LOC-0028,2024-09-04 15:10:17,2024-09-04 16:39:17,13.61,89,106231.83,1.5,159347.74,Completed,GoPay,Success
2926,TRP-002786,DRV-00015,USR-01408,LOC-0052,LOC-0031,2024-10-31 18:09:25,2024-10-31 18:28:25,36.26,19,130272.48,1.0,130272.48,Failed,Cash,Success
2927,TRP-002787,DRV-00368,USR-01795,LOC-0004,LOC-0047,2024-06-12 00:36:07,2024-06-12 01:23:07,2.09,47,23368.71,1.0,23368.71,Completed,Credit Card,Success
2928,TRP-002788,DRV-00468,USR-01058,LOC-0037,LOC-0050,2024-11-13 10:03:17,2024-11-13 10:37:17,13.53,34,24175.92,1.0,24175.92,Completed,Cash,Success
2929,TRP-002789,DRV-00041,USR-00602,LOC-0057,LOC-0036,2024-11-15 20:52:36,2024-11-15 21:15:36,6.39,23,112481.59,1.25,140601.99,Cancelled,Cash,Success
2930,TRP-002790,DRV-00487,USR-01263,LOC-0027,LOC-0052,2024-07-13 09:56:48,2024-07-13 11:15:48,13.63,79,13765.79,2.0,27531.58,Failed,Credit Card,Success
2931,TRP-002791,DRV-00318,USR-00768,LOC-0032,LOC-0038,2024-09-15 14:30:59,2024-09-15 15:55:59,17.73,85,89127.35,1.0,89127.35,Completed,Credit Card,Success
2932,TRP-002791,DRV-00318,USR-00768,LOC-0032,LOC-0038,2024-09-15 14:30:59,2024-09-15 15:55:59,17.73,85,89127.35,1.0,89127.35,Completed,Credit Card,Success
2933,TRP-002792,DRV-00334,USR-01424,LOC-0036,LOC-0020,2024-05-07 17:23:02,2024-05-07 18:31:02,34.45,68,80310.63,1.0,80310.63,Completed,GoPay,Success
2934,TRP-002793,DRV-00336,USR-00791,LOC-0053,LOC-0022,2024-12-23 13:12:26,2024-12-23 14:49:26,2.23,97,149841.67,2.0,299683.34,Completed,GoPay,Success
2935,TRP-002794,DRV-00461,USR-01834,LOC-0035,LOC-0047,2024-08-21 04:57:11,2024-08-21 06:16:11,4.79,79,,1.0,,Completed,GoPay,Success
2936,TRP-002795,DRV-00450,USR-00472,LOC-0050,LOC-0055,2024-09-18 15:44:08,2024-09-18 16:11:08,14.62,27,75788.7,1.0,75788.7,Cancelled,Credit Card,Success
2937,TRP-002796,DRV-00403,USR-00271,LOC-0026,LOC-0023,2024-12-14 21:37:35,2024-12-14 23:23:35,21.49,106,141020.23,5.0,141020.23,Completed,GoPay,Success
2938,TRP-002797,DRV-00404,USR-00219,LOC-0020,LOC-0016,2024-06-26 19:29:09,2024-06-26 20:35:09,7.46,66,35025.28,1.0,35025.28,Cancelled,Cash,Success
2939,TRP-002798,DRV-00037,USR-01480,LOC-0003,LOC-0048,2024-12-27 16:34:30,2024-12-27 17:47:30,8.83,73,74881.56,1.75,131042.73,Cancelled,GoPay,Success
2940,TRP-002798,DRV-00037,USR-01480,LOC-0003,LOC-0048,2024-12-27 16:34:30,2024-12-27 17:47:30,8.83,73,74881.56,1.75,131042.73,Cancelled,GoPay,Success
2941,TRP-002799,DRV-00088,USR-01676,LOC-0054,LOC-0021,2024-09-25 02:31:59,2024-09-25 04:24:59,8.53,113,73643.48,1.25,92054.35,Cancelled,Credit Card,Success
2942,TRP-002800,DRV-00021,USR-01361,LOC-0002,LOC-0033,2024-04-12 20:09:16,2024-04-12 22:03:16,17.83,114,129076.89,1.0,129076.89,Completed,Credit Card,Success
2943,TRP-002801,DRV-00384,USR-01538,LOC-0004,LOC-0030,2024-05-26 17:10:38,2024-05-26 19:09:38,31.13,119,105433.0,1.0,105433.0,Failed,Credit Card,Failed
2944,TRP-002802,DRV-00115,USR-01418,LOC-0029,LOC-0031,2024-06-06 18:53:11,2024-06-06 20:18:11,28.93,85,66906.06,1.5,100359.09,Completed,Cash,Failed
2945,TRP-002803,DRV-00110,USR-01952,LOC-0049,LOC-0052,2024-07-11 10:11:25,2024-07-11 12:08:25,5.96,117,86977.23,1.0,86977.23,Completed,GoPay,Success
2946,TRP-002804,DRV-00268,USR-01292,LOC-0050,LOC-0045,2024-03-11 09:58:51,2024-03-11 11:09:51,9.93,71,33675.24,5.0,42094.05,Completed,Cash,Success
2947,TRP-002805,DRV-00170,USR-01920,LOC-0033,LOC-0040,2024-08-24 07:06:52,2024-08-24 08:56:52,35.06,110,147761.36,1.0,147761.36,Completed,Credit Card,Success
2948,TRP-002806,DRV-00354,USR-01090,LOC-0050,LOC-0023,2024-06-10 16:11:22,2024-06-10 16:53:22,34.93,42,114730.04,1.0,114730.04,Completed,Cash,Success
2949,TRP-002807,DRV-00047,USR-00870,LOC-0047,LOC-0043,2024-10-05 03:27:26,2024-10-05 05:09:26,30.3,102,0.0,1.0,0.0,Completed,GoPay,Success
2950,TRP-002808,DRV-00068,USR-01534,LOC-0003,LOC-0029,2024-11-08 01:50:29,2024-11-08 03:26:29,16.39,96,62486.8,1.25,78108.5,Completed,Credit Card,Success
2951,TRP-002809,DRV-00255,USR-00107,LOC-0033,LOC-0034,2024-07-13 23:36:49,2024-07-13 23:47:49,18.12,11,29702.06,1.0,29702.06,Completed,Cash,Success
2952,TRP-002810,DRV-00397,USR-01879,LOC-0026,LOC-0030,2024-03-28 15:38:16,2024-03-28 16:23:16,25.15,45,134586.24,1.0,134586.24,Failed,Cash,Pending
2953,TRP-002811,DRV-00035,USR-01458,LOC-0019,LOC-0046,2024-05-31 00:36:40,2024-05-31 01:30:40,3.63,54,135514.39,1.5,203271.59,Completed,GoPay,Success
2954,TRP-002812,DRV-00031,USR-01364,LOC-0038,LOC-0028,2024-07-15 04:15:52,2024-07-15 04:55:52,34.47,40,109869.59,1.5,164804.39,Completed,GoPay,Pending
2955,TRP-002813,DRV-00341,USR-00668,LOC-0036,LOC-0006,2024-09-29 05:25:40,2024-09-29 06:49:40,28.48,84,39230.81,1.25,49038.51,Completed,GoPay,Success
2956,TRP-002814,DRV-00291,USR-00236,LOC-0043,LOC-0022,2024-04-05 10:33:44,2024-04-05 12:18:44,26.1,105,94338.21,1.25,117922.76,Completed,Credit Card,Success
2957,TRP-002815,DRV-00048,USR-00057,LOC-0054,LOC-0005,2024-01-14 13:31:27,2024-01-14 14:36:27,38.79,65,137595.05,1.5,206392.57,Completed,Credit Card,Success
2958,TRP-002816,DRV-00099,USR-00877,LOC-0025,LOC-0051,2024-02-13 19:24:20,2024-02-13 20:12:20,14.91,48,103812.78,1.25,129765.98,Completed,Credit Card,Success
2959,TRP-002817,DRV-00034,USR-00584,LOC-0011,LOC-0050,2024-09-13 13:31:56,2024-09-13 15:05:56,33.26,94,64207.21,1.0,64207.21,Cancelled,Credit Card,Pending
2960,TRP-002818,DRV-00405,USR-01281,LOC-0040,LOC-0016,2024-11-02 23:08:16,2024-11-03 01:01:16,9.28,113,73652.79,1.0,73652.79,Completed,GoPay,Success
2961,TRP-002819,DRV-00237,USR-00466,LOC-0030,LOC-0049,2024-06-28 06:37:30,2024-06-28 07:34:30,,57,113878.1,1.25,142347.62,Completed,Cash,Success
2962,TRP-002820,DRV-00140,USR-01525,LOC-0001,LOC-0014,2024-07-11 08:20:28,2024-07-11 09:19:28,11.23,59,51847.39,1.0,51847.39,Failed,GoPay,Pending
2963,TRP-002821,DRV-00166,USR-00595,LOC-0056,LOC-0040,2024-10-01 08:35:35,2024-10-01 09:17:35,32.56,42,33669.71,1.0,33669.71,Cancelled,GoPay,Success
2964,TRP-002822,DRV-00056,USR-00482,LOC-0014,LOC-0049,2024-03-14 16:49:25,2024-03-14 18:22:25,9.33,93,58690.15,1.0,58690.15,Cancelled,GoPay,Success
2965,TRP-002823,DRV-00241,USR-01469,LOC-0045,LOC-0040,2024-01-22 00:25:38,2024-01-22 01:40:38,8.04,75,143186.1,2.0,286372.2,Completed,Cash,Success
2966,TRP-002824,DRV-00282,USR-00443,LOC-0043,LOC-0048,2024-01-19 23:07:54,2024-01-20 00:21:54,19.8,74,89797.1,1.75,157144.93,Completed,Credit Card,Success
2967,TRP-002825,DRV-00217,USR-01684,LOC-0002,LOC-0012,2024-01-07 22:39:07,2024-01-08 00:38:07,30.57,119,136492.33,1.0,136492.33,Completed,Credit Card,Failed
2968,TRP-002826,DRV-00414,USR-01857,LOC-0034,LOC-0027,2024-03-10 14:36:27,2024-03-10 15:55:27,10.68,79,141965.74,1.0,141965.74,Completed,Cash,Pending
2969,TRP-002827,DRV-00285,USR-01014,LOC-0037,LOC-0004,2024-03-10 06:42:43,2024-03-10 07:27:43,12.06,45,46577.42,1.0,46577.42,Completed,Cash,Pending
2970,TRP-002828,DRV-00299,USR-00381,LOC-0044,LOC-0051,2024-07-02 05:28:44,2024-07-02 05:41:44,35.35,13,90753.76,1.5,136130.64,Cancelled,Cash,Pending
2971,TRP-002829,DRV-00238,USR-00793,LOC-0035,LOC-0038,2024-08-01 15:10:02,2024-08-01 16:59:02,34.15,109,39000.08,1.0,39000.08,Completed,Credit Card,Success
2972,TRP-002830,DRV-00140,USR-00111,LOC-0050,LOC-0016,2024-11-20 05:49:15,2024-11-20 06:33:15,22.01,44,45300.62,1.0,45300.62,Completed,GoPay,Success
2973,TRP-002831,DRV-00350,USR-00912,LOC-0004,LOC-0034,2024-09-17 00:36:57,2024-09-17 00:55:57,3.8,19,76352.94,2.5,190882.35,Cancelled,Cash,Success
2974,TRP-002832,DRV-00031,USR-01075,LOC-0045,LOC-0039,2024-11-07 00:32:56,2024-11-07 02:13:56,,101,27204.83,1.0,27204.83,Completed,GoPay,Success
2975,TRP-002833,DRV-00006,USR-00773,LOC-0023,LOC-0035,2024-05-09 23:59:59,2024-05-10 01:58:59,14.72,119,34885.62,1.5,52328.43,Completed,Cash,Success
2976,TRP-002834,DRV-00274,USR-01348,LOC-0045,LOC-0047,2024-09-20 15:48:11,2024-09-20 16:48:11,29.08,60,19284.82,1.0,19284.82,Completed,Cash,Success
2977,TRP-002835,DRV-00326,USR-00075,LOC-0033,LOC-0039,2024-09-12 19:01:38,2024-09-12 20:11:38,37.78,70,143280.61,1.25,179100.76,Completed,Cash,Success
2978,TRP-002836,DRV-00100,USR-00610,LOC-0001,LOC-0038,2024-10-01 12:28:10,2024-10-01 14:05:10,18.8,97,54866.16,1.0,54866.16,Completed,Credit Card,Pending
2979,TRP-002837,DRV-00046,USR-01571,LOC-0031,LOC-0048,2024-02-22 01:46:00,2024-02-22 03:23:00,19.99,97,50421.49,2.0,100842.98,Completed,GoPay,Success
2980,TRP-002838,DRV-00063,USR-00680,LOC-0048,LOC-0034,2024-11-23 23:47:20,2024-11-24 00:37:20,38.72,50,31303.87,1.0,31303.87,Completed,GoPay,Success
2981,TRP-002839,DRV-00145,USR-00858,LOC-0010,LOC-0003,2024-05-24 09:14:20,2024-05-24 11:11:20,12.32,117,12591.32,1.25,15739.15,Completed,Cash,Success
2982,TRP-002840,DRV-00145,USR-01158,LOC-0029,LOC-0053,2024-10-05 07:56:05,2024-10-05 09:02:05,29.2,66,25130.12,2.0,50260.24,Cancelled,Credit Card,Failed
2983,TRP-002841,DRV-00303,USR-00555,LOC-0034,LOC-0011,2024-10-14 10:03:47,2024-10-14 11:21:47,22.85,78,29628.27,1.0,29628.27,Completed,GoPay,Success
2984,TRP-002842,DRV-00276,USR-01555,LOC-0013,LOC-0022,2024-04-18 18:31:57,2024-04-18 19:41:57,38.64,70,127293.52,1.0,127293.52,Completed,Cash,Success
2985,TRP-002843,DRV-00449,USR-01410,LOC-0042,LOC-0054,2024-08-21 01:06:23,2024-08-21 02:25:23,2.01,79,20374.69,1.0,20374.69,Completed,Credit Card,Success
2986,TRP-002844,DRV-00302,USR-01400,LOC-0038,LOC-0029,2024-06-24 13:43:37,2024-06-24 15:17:37,28.36,94,12835.1,1.25,16043.88,Completed,Credit Card,Success
2987,TRP-002845,DRV-00386,USR-01807,LOC-0003,LOC-0027,2024-04-04 02:31:56,2024-04-04 02:57:56,35.7,26,0.0,1.0,0.0,Completed,Cash,Success
2988,TRP-002846,DRV-00306,USR-01182,LOC-0032,LOC-0039,2024-09-27 07:42:08,2024-09-27 08:58:08,21.2,76,74275.46,1.5,111413.19,Completed,Credit Card,Success
2989,TRP-002847,DRV-00253,USR-01892,LOC-0035,LOC-0045,2024-12-29 17:39:09,2024-12-29 18:13:09,16.16,34,110057.96,1.75,192601.43,Completed,Cash,Success
2990,TRP-002848,DRV-00417,USR-00034,LOC-0032,LOC-0044,2024-12-17 10:14:17,2024-12-17 11:57:17,,103,148320.33,2.0,296640.66,Completed,Credit Card,Success
2991,TRP-002849,DRV-00313,USR-00685,LOC-0051,LOC-0044,2024-02-28 05:07:32,2024-02-28 06:48:32,38.71,101,62988.77,1.5,94483.15,Completed,Cash,Failed
2992,TRP-002850,DRV-00012,USR-00749,LOC-0020,LOC-0043,2024-05-28 08:04:53,2024-05-28 09:13:53,29.73,69,131029.76,1.75,229302.08,Completed,Credit Card,Success
2993,TRP-002850,DRV-00012,USR-00749,LOC-0020,LOC-0043,2024-05-28 08:04:53,2024-05-28 09:13:53,29.73,69,131029.76,1.75,229302.08,Completed,Credit Card,Success
2994,TRP-002851,DRV-00066,USR-01092,LOC-0037,LOC-0049,2024-02-27 22:45:35,2024-02-27 23:23:35,12.85,38,149384.43,1.25,186730.54,Cancelled,GoPay,Pending
2995,TRP-002852,DRV-00467,USR-01476,LOC-0030,LOC-0057,2024-12-22 20:18:26,2024-12-22 20:50:26,26.74,32,95055.96,1.0,95055.96,Cancelled,GoPay,Success
2996,TRP-002853,DRV-00322,USR-00954,LOC-0021,LOC-0055,2024-12-30 22:30:51,2024-12-30 22:53:51,7.86,23,31142.92,1.0,31142.92,Completed,Cash,Success
2997,TRP-002854,DRV-00334,USR-00073,LOC-0015,LOC-0011,2024-09-05 21:30:40,2024-09-05 23:08:40,,98,119440.3,1.5,179160.45,Completed,Credit Card,Failed
2998,TRP-002855,DRV-00421,USR-00473,LOC-0036,LOC-0056,2024-05-20 14:43:23,2024-05-20 15:34:23,15.28,51,71433.99,1.25,89292.49,Completed,GoPay,Success
2999,TRP-002856,DRV-00063,USR-00451,LOC-0003,LOC-0042,2024-05-28 22:27:44,2024-05-29 00:24:44,4.94,117,0.0,1.0,0.0,Cancelled,GoPay,Success
3000,TRP-002857,DRV-00056,USR-01984,LOC-0057,LOC-0008,2024-07-16 18:40:47,2024-07-16 19:07:47,8.08,27,50246.6,1.0,50246.6,Completed,GoPay,Success
3001,TRP-002858,DRV-00386,USR-01662,LOC-0008,LOC-0015,2024-08-09 00:17:19,2024-08-09 01:40:19,25.86,83,29004.28,1.5,43506.42,Completed,Credit Card,Failed
3002,TRP-002859,DRV-00414,USR-01265,LOC-0006,LOC-0027,2024-11-25 09:14:58,2024-11-25 09:35:58,3.04,21,116429.12,1.25,145536.4,Cancelled,Cash,Success
3003,TRP-002860,DRV-00417,USR-01767,LOC-0055,LOC-0043,2024-07-28 19:06:05,2024-07-28 19:27:05,32.14,21,140511.4,1.75,245894.95,Completed,GoPay,Success
3004,TRP-002861,DRV-00445,USR-00178,LOC-0032,LOC-0027,2024-04-03 19:26:59,2024-04-03 19:38:59,26.92,12,93242.16,1.25,116552.7,Cancelled,GoPay,Success
3005,TRP-002862,DRV-00150,USR-00225,LOC-0001,LOC-0021,2024-09-18 20:36:17,2024-09-18 22:30:17,22.83,114,29204.67,1.0,29204.67,Completed,Cash,Success
3006,TRP-002863,DRV-00222,USR-01571,LOC-0024,LOC-0010,2024-09-08 16:55:00,2024-09-08 18:33:00,27.06,98,146255.52,1.25,182819.4,Completed,Credit Card,Success
3007,TRP-002864,DRV-00049,USR-01803,LOC-0049,LOC-0028,2024-06-21 16:41:29,2024-06-21 18:38:29,3.8,117,,1.0,,Cancelled,Credit Card,Success
3008,TRP-002865,DRV-00128,USR-01329,LOC-0048,LOC-0011,2024-04-30 04:42:45,2024-04-30 06:30:45,25.57,108,73645.47,1.0,73645.47,Completed,GoPay,Success
3009,TRP-002866,DRV-00477,USR-01691,LOC-0004,LOC-0047,2024-09-18 01:24:23,2024-09-18 01:51:23,32.95,27,29737.0,1.5,44605.5,Completed,Cash,Success
3010,TRP-002867,DRV-00052,USR-00654,LOC-0051,LOC-0028,2024-10-17 16:15:57,2024-10-17 17:48:57,6.07,93,57943.42,1.0,57943.42,Completed,Credit Card,Success
3011,TRP-002868,DRV-00145,USR-01844,LOC-0031,LOC-0003,2024-05-12 15:01:45,2024-05-12 16:35:45,29.95,94,52156.0,1.5,78234.0,Completed,Cash,Success
3012,TRP-002869,DRV-00116,USR-00394,LOC-0035,LOC-0020,2024-11-13 17:43:30,2024-11-13 18:19:30,1.82,36,99158.93,1.0,99158.93,Completed,Credit Card,Success
3013,TRP-002870,DRV-00023,USR-01317,LOC-0024,LOC-0027,2024-04-10 11:56:52,2024-04-10 12:49:52,24.96,53,11365.36,1.0,11365.36,Completed,Cash,Success
3014,TRP-002871,DRV-00125,USR-01590,LOC-0039,LOC-0051,2024-05-14 05:57:53,2024-05-14 06:11:53,10.79,14,132584.53,1.5,198876.79,Failed,Credit Card,Success
3015,TRP-002871,DRV-00125,USR-01590,LOC-0039,LOC-0051,2024-05-14 05:57:53,2024-05-14 06:11:53,10.79,14,132584.53,1.5,198876.79,Failed,Credit Card,Success
3016,TRP-002872,DRV-00191,USR-00574,LOC-0021,LOC-0025,2024-04-15 00:05:15,2024-04-15 01:32:15,4.39,87,115619.33,1.0,115619.33,Cancelled,Cash,Failed
3017,TRP-002873,DRV-00122,USR-00289,LOC-0040,LOC-0042,2024-08-10 15:37:07,2024-08-10 16:29:07,27.02,52,134624.12,2.5,336560.3,Completed,Cash,Pending
3018,TRP-002874,DRV-00165,USR-01687,LOC-0042,LOC-0022,2024-01-10 00:38:08,2024-01-10 02:00:08,38.66,82,131826.99,2.5,329567.47,Completed,Credit Card,Success
3019,TRP-002875,DRV-00370,USR-00689,LOC-0047,LOC-0055,2024-08-06 22:00:01,2024-08-06 23:47:01,7.27,107,24320.68,1.0,24320.68,Cancelled,Credit Card,Success
3020,TRP-002876,DRV-00425,USR-01839,LOC-0054,LOC-0024,2024-05-31 12:52:18,2024-05-31 13:30:18,35.75,38,69638.04,1.0,69638.04,Completed,Credit Card,Success
3021,TRP-002877,DRV-00007,USR-00939,LOC-0043,LOC-0041,2024-05-21 19:29:28,2024-05-21 21:26:28,39.35,117,56132.33,1.0,56132.33,Completed,GoPay,Success
3022,TRP-002878,DRV-00100,USR-01479,LOC-0044,LOC-0055,2024-08-27 01:33:33,2024-08-27 02:32:33,32.67,59,61596.63,1.0,61596.63,Completed,Credit Card,Success
3023,TRP-002879,DRV-00462,USR-00949,LOC-0026,LOC-0020,2024-01-06 07:05:13,2024-01-06 08:05:13,9.29,60,63597.89,1.0,63597.89,Completed,Cash,Success
3024,TRP-002880,DRV-00144,USR-01826,LOC-0038,LOC-0043,2024-06-06 22:30:15,2024-06-06 22:59:15,9.84,29,49673.59,1.0,49673.59,Cancelled,Credit Card,Failed
3025,TRP-002881,DRV-00323,USR-00594,LOC-0005,LOC-0033,2024-10-13 04:04:33,2024-10-13 04:41:33,9.71,37,44620.88,1.5,66931.32,Completed,GoPay,Pending
3026,TRP-002882,DRV-00172,USR-00075,LOC-0014,LOC-0023,2024-12-27 12:29:13,2024-12-27 13:49:13,33.74,80,119186.65,1.0,119186.65,Completed,Credit Card,Success
3027,TRP-002883,DRV-00262,USR-01733,LOC-0020,LOC-0026,2024-04-27 02:19:59,2024-04-27 03:39:59,31.75,80,79160.68,1.0,79160.68,Completed,Cash,Failed
3028,TRP-002884,DRV-00087,USR-01806,LOC-0019,LOC-0009,2024-07-27 16:30:54,2024-07-27 18:19:54,17.81,109,35002.5,1.0,35002.5,Cancelled,Credit Card,Success
3029,TRP-002885,DRV-00029,USR-00774,LOC-0044,LOC-0051,2024-11-22 13:14:12,2024-11-22 13:29:12,37.33,15,136448.7,1.0,136448.7,Completed,GoPay,Failed
3030,TRP-002886,DRV-00181,USR-01420,LOC-0052,LOC-0048,2024-07-01 08:53:15,2024-07-01 10:23:15,5.61,90,45720.79,1.75,80011.38,Completed,GoPay,Pending
3031,TRP-002887,DRV-00174,USR-01489,LOC-0029,LOC-0012,2024-04-13 13:30:25,2024-04-13 15:08:25,11.24,98,147898.0,1.0,147898.0,Completed,Credit Card,Failed
3032,TRP-002888,DRV-00331,USR-00980,LOC-0033,LOC-0053,2024-01-28 13:46:20,2024-01-28 15:07:20,10.53,81,82712.68,1.5,124069.02,Completed,GoPay,Success
3033,TRP-002889,DRV-00332,USR-01710,LOC-0043,LOC-0003,2024-07-25 22:00:31,2024-07-25 23:49:31,13.8,109,93913.48,1.0,93913.48,Completed,GoPay,Success
3034,TRP-002890,DRV-00033,USR-00088,LOC-0054,LOC-0013,2024-01-06 05:23:40,2024-01-06 06:42:40,33.42,79,,1.75,,Completed,GoPay,Success
3035,TRP-002891,DRV-00203,USR-00832,LOC-0041,LOC-0043,2024-09-19 06:04:05,2024-09-19 06:26:05,8.85,22,10500.19,1.0,10500.19,Completed,Cash,Success
3036,TRP-002892,DRV-00011,USR-01055,LOC-0036,LOC-0001,2024-05-02 03:11:15,2024-05-02 05:09:15,26.45,118,135269.48,2.5,338173.7,Completed,Credit Card,Success
3037,TRP-002893,DRV-00125,USR-01028,LOC-0030,LOC-0005,2024-11-17 02:30:03,2024-11-17 03:07:03,22.0,37,93772.11,1.0,93772.11,Completed,GoPay,Success
3038,TRP-002894,DRV-00399,USR-01265,LOC-0002,LOC-0023,2024-11-29 19:32:37,2024-11-29 21:16:37,18.07,104,123731.17,1.25,154663.96,Failed,Credit Card,Success
3039,TRP-002895,DRV-00425,USR-00605,LOC-0024,LOC-0048,2024-09-05 14:19:46,2024-09-05 15:20:46,17.56,61,70838.15,1.0,70838.15,Completed,Credit Card,Failed
3040,TRP-002896,DRV-00387,USR-01897,LOC-0013,LOC-0057,2024-08-05 10:28:33,2024-08-05 12:24:33,14.73,116,87127.99,1.0,87127.99,Completed,Credit Card,Success
3041,TRP-002897,DRV-00139,USR-00419,LOC-0008,LOC-0056,2024-06-15 09:02:25,2024-06-15 09:31:25,24.77,29,38162.32,1.0,38162.32,Completed,GoPay,Success
3042,TRP-002898,DRV-00159,USR-01264,LOC-0009,LOC-0054,2024-01-27 17:49:46,2024-01-27 18:27:46,25.96,38,69474.11,1.0,69474.11,Completed,Credit Card,Success
3043,TRP-002899,DRV-00353,USR-00671,LOC-0057,LOC-0049,2024-03-31 14:13:13,2024-03-31 14:38:13,,25,17015.14,1.0,17015.14,Completed,GoPay,Success
3044,TRP-002900,DRV-00330,USR-01865,LOC-0021,LOC-0053,2024-08-15 14:54:16,2024-08-15 16:42:16,9.81,108,60956.27,1.25,76195.34,Completed,GoPay,Success
3045,TRP-002901,DRV-00209,USR-01391,LOC-0006,LOC-0002,2024-10-18 09:46:23,2024-10-18 11:25:23,27.23,99,128160.61,1.25,160200.76,Completed,GoPay,Success
3046,TRP-002901,DRV-00209,USR-01391,LOC-0006,LOC-0002,2024-10-18 09:46:23,2024-10-18 11:25:23,27.23,99,128160.61,1.25,160200.76,Completed,GoPay,Success
3047,TRP-002902,DRV-00045,USR-00842,LOC-0039,LOC-0003,2024-03-17 18:56:38,2024-03-17 19:49:38,2.12,-10,111438.13,1.0,111438.13,Completed,Cash,Success
3048,TRP-002903,DRV-00499,USR-01866,LOC-0007,LOC-0042,2024-01-30 19:26:06,2024-01-30 21:00:06,17.8,94,110739.02,1.5,166108.53,Completed,GoPay,Success
3049,TRP-002904,DRV-00411,USR-01523,LOC-0044,LOC-0017,2024-05-30 04:27:51,2024-05-30 05:25:51,37.53,58,145973.99,5.0,145973.99,Completed,Credit Card,Success
3050,TRP-002905,DRV-00222,USR-01739,LOC-0018,LOC-0015,2024-07-16 02:55:42,2024-07-16 04:29:42,14.32,94,83473.95,1.75,146079.41,Completed,Cash,Success
3051,TRP-002906,DRV-00277,USR-01947,LOC-0031,LOC-0042,2024-04-08 15:28:34,2024-04-08 16:00:34,4.8,32,91397.08,1.0,91397.08,Completed,Cash,Success
3052,TRP-002907,DRV-00004,USR-01797,LOC-0008,LOC-0035,2024-10-22 10:17:33,2024-10-22 12:13:33,17.6,116,16934.54,1.0,16934.54,Completed,Cash,Success
3053,TRP-002908,DRV-00193,USR-00925,LOC-0049,LOC-0050,2024-06-13 12:56:41,2024-06-13 14:46:41,1.35,110,14037.16,1.5,21055.74,Completed,Cash,Success
3054,TRP-002909,DRV-00322,USR-01198,LOC-0057,LOC-0020,2024-09-02 09:55:45,2024-09-02 10:30:45,27.59,35,40269.56,1.5,60404.34,Completed,GoPay,Failed
3055,TRP-002910,DRV-00353,USR-00794,LOC-0032,LOC-0034,2024-01-16 19:35:27,2024-01-16 20:17:27,31.45,42,118770.11,2.0,237540.22,Completed,Credit Card,Success
3056,TRP-002911,DRV-00484,USR-00537,LOC-0038,LOC-0007,2024-04-21 11:04:08,2024-04-21 12:23:08,1.26,79,72739.0,1.0,72739.0,Completed,Credit Card,Success
3057,TRP-002912,DRV-00308,USR-01494,LOC-0017,LOC-0053,2024-05-27 13:07:16,2024-05-27 13:25:16,22.44,18,49143.53,1.0,49143.53,Completed,Cash,Success
3058,TRP-002913,DRV-00061,USR-00062,LOC-0021,LOC-0027,2024-06-08 18:17:09,2024-06-08 18:51:09,35.31,34,67618.93,1.0,67618.93,Completed,GoPay,Pending
3059,TRP-002914,DRV-00213,USR-00691,LOC-0055,LOC-0015,2024-05-10 04:26:38,2024-05-10 05:37:38,22.51,71,68672.07,1.0,68672.07,Completed,GoPay,Success
3060,TRP-002915,DRV-00451,USR-00563,LOC-0031,LOC-0041,2024-08-12 11:06:34,2024-08-12 12:20:34,34.45,74,51777.65,1.0,51777.65,Completed,Credit Card,Success
3061,TRP-002916,DRV-00425,USR-01880,LOC-0056,LOC-0054,2024-07-26 01:28:50,2024-07-26 02:53:50,25.62,85,81546.51,2.0,163093.02,Completed,GoPay,Success
3062,TRP-002917,DRV-00126,USR-00312,LOC-0032,LOC-0052,2024-03-12 06:03:09,2024-03-12 06:29:09,11.63,26,107829.06,1.5,161743.59,Cancelled,Credit Card,Success
3063,TRP-002918,DRV-00229,USR-01928,LOC-0005,LOC-0034,2024-05-23 00:56:41,2024-05-23 01:15:41,5.64,19,103769.71,2.5,259424.28,Completed,GoPay,Success
3064,TRP-002919,DRV-00463,USR-00952,LOC-0033,LOC-0050,2024-06-02 04:21:01,2024-06-02 06:10:01,5.34,109,82585.54,1.25,103231.92,Completed,Credit Card,Success
3065,TRP-002920,DRV-00421,USR-00094,LOC-0043,LOC-0033,2024-12-10 10:35:13,2024-12-10 11:13:13,13.98,38,87733.09,1.5,131599.64,Completed,Cash,Success
3066,TRP-002921,DRV-00478,USR-01124,LOC-0019,LOC-0011,2024-11-25 00:36:43,2024-11-25 00:46:43,12.68,10,116587.09,1.25,145733.86,Cancelled,GoPay,Success
3067,TRP-002922,DRV-00265,USR-00157,LOC-0020,LOC-0023,2024-09-07 15:53:31,2024-09-07 16:30:31,30.44,37,125601.45,1.25,157001.81,Cancelled,GoPay,Success
3068,TRP-002923,DRV-00308,USR-01302,LOC-0020,LOC-0021,2024-04-21 06:50:16,2024-04-21 08:11:16,23.25,81,18420.15,2.5,46050.38,Completed,Cash,Success
3069,TRP-002924,DRV-00260,USR-00877,LOC-0053,LOC-0017,2024-09-30 16:35:49,2024-09-30 17:20:49,,45,125778.47,1.0,125778.47,Cancelled,GoPay,Success
3070,TRP-002925,DRV-00193,USR-00324,LOC-0019,LOC-0029,2024-10-19 08:57:45,2024-10-19 09:54:45,6.94,57,148843.84,1.25,186054.8,Completed,GoPay,Success
3071,TRP-002926,DRV-00470,USR-00078,LOC-0028,LOC-0027,2024-12-24 15:35:40,2024-12-24 16:29:40,11.16,54,138422.86,1.75,242240.0,Cancelled,Cash,Success
3072,TRP-002927,DRV-00500,USR-01947,LOC-0024,LOC-0047,2024-12-07 11:40:17,2024-12-07 12:36:17,19.86,56,145960.16,1.0,145960.16,Completed,Credit Card,Pending
3073,TRP-002928,DRV-00244,USR-01326,LOC-0050,LOC-0005,2024-11-23 05:49:34,2024-11-23 07:25:34,27.86,96,143637.74,1.0,143637.74,Cancelled,Credit Card,Success
3074,TRP-002929,DRV-00169,USR-01877,LOC-0051,LOC-0033,2024-10-22 15:51:39,2024-10-22 16:12:39,15.02,21,92542.12,1.0,92542.12,Completed,Cash,Success
3075,TRP-002930,DRV-00177,USR-01758,LOC-0026,LOC-0055,2024-12-06 21:21:32,2024-12-06 21:53:32,30.7,32,11339.62,1.0,11339.62,Completed,Cash,Success
3076,TRP-002931,DRV-00303,USR-00079,LOC-0052,LOC-0004,2024-03-16 05:19:11,2024-03-16 06:25:11,36.94,66,134426.62,2.0,268853.24,Failed,GoPay,Failed
3077,TRP-002932,DRV-00112,USR-00965,LOC-0051,LOC-0033,2024-03-16 09:06:20,2024-03-16 10:13:20,39.43,-5,69297.3,2.0,138594.6,Completed,Cash,Success
3078,TRP-002933,DRV-00081,USR-01279,LOC-0009,LOC-0027,2024-05-30 13:39:51,2024-05-30 15:04:51,7.33,85,42734.44,1.0,42734.44,Failed,GoPay,Success
3079,TRP-002934,DRV-00202,USR-00269,LOC-0033,LOC-0008,2024-02-01 11:34:04,2024-02-01 12:54:04,1.7,80,26754.82,1.0,26754.82,Completed,Cash,Success
3080,TRP-002935,DRV-00376,USR-00578,LOC-0029,LOC-0035,2024-12-22 17:07:45,2024-12-22 18:23:45,34.6,76,84125.07,1.0,84125.07,Completed,Credit Card,Failed
3081,TRP-002936,DRV-00391,USR-00267,LOC-0036,LOC-0034,2024-03-02 06:21:00,2024-03-02 07:53:00,30.73,92,96628.16,1.5,144942.24,Cancelled,Cash,Success
3082,TRP-002936,DRV-00391,USR-00267,LOC-0036,LOC-0034,2024-03-02 06:21:00,2024-03-02 07:53:00,30.73,92,96628.16,1.5,144942.24,Cancelled,Cash,Success
3083,TRP-002937,DRV-00475,USR-00688,LOC-0045,LOC-0020,2024-07-07 20:33:27,2024-07-07 21:24:27,14.72,51,35605.16,2.5,89012.9,Cancelled,Cash,Pending
3084,TRP-002938,DRV-00061,USR-00569,LOC-0044,LOC-0007,2024-01-05 21:25:31,2024-01-05 23:03:31,19.32,98,23727.39,3.5,35591.08,Completed,Credit Card,Success
3085,TRP-002939,DRV-00256,USR-01243,LOC-0019,LOC-0009,2024-07-11 17:16:11,2024-07-11 19:16:11,15.42,120,75245.15,1.0,75245.15,Completed,Cash,Success
3086,TRP-002940,DRV-00487,USR-00247,LOC-0011,LOC-0012,2024-05-26 16:07:46,2024-05-26 17:32:46,13.26,85,20236.13,1.25,25295.16,Completed,GoPay,Success
3087,TRP-002941,DRV-00192,USR-00483,LOC-0056,LOC-0020,2024-10-16 02:55:46,2024-10-16 03:11:46,6.24,16,77825.42,1.0,77825.42,Cancelled,Cash,Success
3088,TRP-002942,DRV-00442,USR-01012,LOC-0018,LOC-0037,2024-08-11 04:53:49,2024-08-11 05:53:49,33.5,60,0.0,1.0,0.0,Cancelled,Cash,Success
3089,TRP-002943,DRV-00280,USR-01860,LOC-0002,LOC-0020,2024-09-16 02:53:31,2024-09-16 03:41:31,31.3,48,95276.77,2.5,238191.93,Completed,Credit Card,Pending
3090,TRP-002944,DRV-00215,USR-01298,LOC-0051,LOC-0011,2024-06-28 03:38:24,2024-06-28 03:49:24,35.75,11,20559.6,1.25,25699.5,Completed,Credit Card,Success
3091,TRP-002945,DRV-00248,USR-01529,LOC-0017,LOC-0001,2024-08-04 16:53:02,2024-08-04 18:21:02,22.75,88,53606.15,1.25,67007.69,Completed,GoPay,Success
3092,TRP-002946,DRV-00110,USR-01527,LOC-0016,LOC-0046,2024-09-05 22:29:00,2024-09-05 23:54:00,21.62,85,82736.25,1.0,82736.25,Cancelled,Cash,Pending
3093,TRP-002947,DRV-00394,USR-01131,LOC-0044,LOC-0047,2024-12-25 19:03:17,2024-12-25 20:15:17,29.48,72,78535.86,1.0,78535.86,Completed,Credit Card,Success
3094,TRP-002948,DRV-00243,USR-01698,LOC-0036,LOC-0027,2024-11-17 00:37:57,2024-11-17 02:10:57,4.67,93,54330.09,1.25,67912.61,Completed,GoPay,Success
3095,TRP-002949,DRV-00216,USR-01334,LOC-0028,LOC-0033,2024-03-07 19:00:26,2024-03-07 20:28:26,38.93,88,,1.5,,Completed,Cash,Success
3096,TRP-002950,DRV-00370,USR-01538,LOC-0033,LOC-0045,2024-01-02 18:33:05,2024-01-02 19:05:05,17.99,32,116061.85,1.75,203108.24,Completed,Credit Card,Success
3097,TRP-002951,DRV-00359,USR-01605,LOC-0029,LOC-0031,2024-03-08 19:26:20,2024-03-08 20:50:20,38.33,84,100436.88,1.0,100436.88,Completed,Cash,Success
3098,TRP-002952,DRV-00025,USR-00084,LOC-0005,LOC-0042,2024-02-04 10:25:44,2024-02-04 11:44:44,25.91,79,134399.63,2.0,268799.26,Completed,GoPay,Success
3099,TRP-002953,DRV-00045,USR-00279,LOC-0017,LOC-0042,2024-03-18 05:05:51,2024-03-18 06:50:51,31.22,105,105514.86,1.5,158272.29,Completed,GoPay,Pending
3100,TRP-002953,DRV-00045,USR-00279,LOC-0017,LOC-0042,2024-03-18 05:05:51,2024-03-18 06:50:51,31.22,105,105514.86,1.5,158272.29,Completed,GoPay,Pending
3101,TRP-002954,DRV-00179,USR-01442,LOC-0004,LOC-0003,2024-08-16 18:39:48,2024-08-16 20:02:48,4.12,83,95087.62,1.5,142631.43,Completed,Credit Card,Success
3102,TRP-002955,DRV-00012,USR-01361,LOC-0045,LOC-0020,2024-02-11 15:53:56,2024-02-11 16:24:56,33.22,31,111556.17,1.0,111556.17,Cancelled,GoPay,Pending
3103,TRP-002956,DRV-00022,USR-00400,LOC-0037,LOC-0004,2024-08-16 18:07:23,2024-08-16 19:19:23,10.61,72,11158.93,1.25,13948.66,Completed,Credit Card,Pending
3104,TRP-002957,DRV-00196,USR-01443,LOC-0035,LOC-0033,2024-11-04 03:39:24,2024-11-04 04:04:24,31.72,25,54528.67,1.0,54528.67,Completed,Cash,Success
3105,TRP-002958,DRV-00449,USR-00467,LOC-0027,LOC-0049,2024-03-12 19:05:57,2024-03-12 19:53:57,37.02,48,76220.9,2.5,190552.25,CANCELLED,Cash,Success
3106,TRP-002959,DRV-00458,USR-00992,LOC-0036,LOC-0013,2024-05-18 06:37:51,2024-05-18 08:20:51,17.45,103,138623.19,1.0,138623.19,Cancelled,GoPay,Pending
3107,TRP-002960,DRV-00231,USR-00974,LOC-0006,LOC-0032,2024-01-10 02:03:24,2024-01-10 03:09:24,33.9,66,60518.35,1.0,60518.35,Cancelled,GoPay,Pending
3108,TRP-002961,DRV-00017,USR-00512,LOC-0002,LOC-0032,2024-03-21 07:05:25,2024-03-21 08:45:25,29.62,-5,42763.4,1.0,42763.4,Completed,Credit Card,Success
3109,TRP-002962,DRV-00456,USR-00239,LOC-0057,LOC-0028,2024-08-22 22:25:42,2024-08-22 22:35:42,3.42,10,82900.9,1.0,82900.9,Completed,Cash,Success
3110,TRP-002963,DRV-00144,USR-00842,LOC-0048,LOC-0039,2024-03-06 07:12:39,2024-03-06 08:13:39,16.56,61,67968.79,1.0,67968.79,Cancelled,GoPay,Success
3111,TRP-002964,DRV-00448,USR-01261,LOC-0042,LOC-0020,2024-01-31 20:26:58,2024-01-31 21:16:58,36.72,50,136247.84,1.25,170309.8,Cancelled,Credit Card,Success
3112,TRP-002965,DRV-00211,USR-00241,LOC-0052,LOC-0026,2024-01-10 01:25:26,2024-01-10 01:42:26,4.15,17,24616.86,1.0,24616.86,Failed,Credit Card,Success
3113,TRP-002966,DRV-00329,USR-01736,LOC-0038,LOC-0011,2024-08-09 23:54:58,2024-08-10 01:53:58,10.42,119,90396.19,2.0,180792.38,Completed,Cash,Success
3114,TRP-002967,DRV-00325,USR-00679,LOC-0002,LOC-0039,2024-10-26 05:11:27,2024-10-26 05:55:27,16.92,44,63785.57,1.0,63785.57,Completed,GoPay,Success
3115,TRP-002968,DRV-00267,USR-01574,LOC-0049,LOC-0039,2024-06-25 18:15:59,2024-06-25 18:50:59,18.94,35,88217.83,1.0,88217.83,Completed,Cash,Failed
3116,TRP-002969,DRV-00230,USR-00280,LOC-0013,LOC-0033,2024-08-09 09:34:16,2024-08-09 11:05:16,18.18,91,42071.84,1.25,52589.8,Completed,GoPay,Success
3117,TRP-002970,DRV-00145,USR-00918,LOC-0002,LOC-0018,2024-07-24 03:29:51,2024-07-24 04:26:51,29.89,57,54450.62,1.0,54450.62,Completed,Cash,Pending
3118,TRP-002971,DRV-00027,USR-00447,LOC-0053,LOC-0031,2024-02-08 11:34:41,2024-02-08 12:25:41,38.68,51,109075.61,1.0,109075.61,Completed,Credit Card,Success
3119,TRP-002972,DRV-00404,USR-01841,LOC-0007,LOC-0022,2024-11-09 10:49:05,2024-11-09 11:17:05,16.78,28,129862.58,1.0,129862.58,Completed,Credit Card,Success
3120,TRP-002973,DRV-00222,USR-01813,LOC-0039,LOC-0052,2024-06-23 04:21:52,2024-06-23 04:49:52,15.33,28,122978.52,1.0,122978.52,Completed,GoPay,Success
3121,TRP-002974,DRV-00456,USR-01350,LOC-0014,LOC-0008,2024-09-02 16:22:33,2024-09-02 17:16:33,5.23,54,11118.38,2.0,22236.76,Completed,GoPay,Success
3122,TRP-002975,DRV-00101,USR-01419,LOC-0050,LOC-0027,2024-06-14 04:00:31,2024-06-14 05:42:31,5.31,102,147886.42,1.0,147886.42,completed,GoPay,Success
3123,TRP-002976,DRV-00231,USR-00159,LOC-0009,LOC-0024,2024-05-12 13:13:01,2024-05-12 14:51:01,3.16,98,73104.35,1.0,73104.35,Completed,Credit Card,Success
3124,TRP-002977,DRV-00490,USR-00404,LOC-0018,LOC-0044,2024-04-16 02:24:40,2024-04-16 03:13:40,9.08,49,18599.83,1.75,32549.7,Completed,Credit Card,Pending
3125,TRP-002978,DRV-00194,USR-01491,LOC-0044,LOC-0016,2024-05-01 17:32:25,2024-05-01 18:44:25,23.69,72,0.0,1.75,0.0,Completed,Credit Card,Success
3126,TRP-002979,DRV-00455,USR-00594,LOC-0015,LOC-0030,2024-01-02 07:08:39,2024-01-02 07:31:39,5.78,23,144988.99,1.5,217483.48,Completed,Credit Card,Success
3127,TRP-002980,DRV-00159,USR-01671,LOC-0035,LOC-0032,2024-07-03 04:23:11,2024-07-03 05:55:11,27.56,92,16108.11,1.0,16108.11,Completed,Credit Card,Success
3128,TRP-002981,DRV-00484,USR-00286,LOC-0050,LOC-0025,2024-05-10 08:03:37,2024-05-10 08:30:37,8.03,27,73838.24,1.25,92297.8,Completed,Cash,Success
3129,TRP-002982,DRV-00366,USR-01703,LOC-0038,LOC-0006,2024-09-07 07:30:57,2024-09-07 07:47:57,9.39,17,71953.89,1.25,89942.36,Completed,Cash,Success
3130,TRP-002983,DRV-00229,USR-00886,LOC-0041,LOC-0020,2024-01-30 00:55:48,2024-01-30 01:46:48,14.72,51,126072.61,1.75,220627.07,Cancelled,GoPay,Success
3131,TRP-002984,DRV-00470,USR-00496,LOC-0052,LOC-0038,2024-12-04 08:01:28,2024-12-04 09:40:28,35.57,99,0.0,1.5,0.0,Completed,Cash,Success
3132,TRP-002985,DRV-00485,USR-00750,LOC-0002,LOC-0054,2024-09-06 05:47:11,2024-09-06 07:28:11,9.87,101,66951.74,1.0,66951.74,Cancelled,Cash,Success
3133,TRP-002986,DRV-00491,USR-00594,LOC-0022,LOC-0030,2024-02-14 09:36:19,2024-02-14 10:59:19,36.41,83,143312.31,1.0,143312.31,Completed,Cash,Success
3134,TRP-002987,DRV-00048,USR-00980,LOC-0032,LOC-0008,2024-07-07 18:14:53,2024-07-07 18:35:53,16.02,21,92028.55,2.5,230071.38,Cancelled,Cash,Success
3135,TRP-002987,DRV-00048,USR-00980,LOC-0032,LOC-0008,2024-07-07 18:14:53,2024-07-07 18:35:53,16.02,21,92028.55,2.5,230071.38,Cancelled,Cash,Success
3136,TRP-002988,DRV-00006,USR-00636,LOC-0011,LOC-0039,2024-09-21 17:18:07,2024-09-21 18:52:07,38.12,94,145609.35,2.0,291218.7,Completed,Cash,Pending
3137,TRP-002989,DRV-00275,USR-00090,LOC-0025,LOC-0052,2024-08-05 17:44:00,2024-08-05 18:17:00,11.53,33,44333.5,1.25,55416.88,Completed,Cash,Success
3138,TRP-002990,DRV-00246,USR-01437,LOC-0022,LOC-0040,2024-08-10 18:50:44,2024-08-10 19:06:44,15.14,16,84120.24,2.0,168240.48,Completed,Credit Card,Success
3139,TRP-002991,DRV-00271,USR-01069,LOC-0001,LOC-0055,2024-03-31 05:25:33,2024-03-31 07:07:33,11.51,102,73256.0,1.5,109884.0,Completed,Cash,Success
3140,TRP-002992,DRV-00003,USR-01906,LOC-0044,LOC-0029,2024-03-06 06:28:00,2024-03-06 06:47:00,22.92,19,15126.65,1.0,15126.65,Completed,Cash,Success
3141,TRP-002992,DRV-00003,USR-01906,LOC-0044,LOC-0029,2024-03-06 06:28:00,2024-03-06 06:47:00,22.92,19,15126.65,1.0,15126.65,Completed,Cash,Success
3142,TRP-002993,DRV-00058,USR-00975,LOC-0023,LOC-0011,2024-11-14 16:01:36,2024-11-14 16:50:36,3.39,49,147698.82,1.0,147698.82,Completed,GoPay,Success
3143,TRP-002994,DRV-00039,USR-01719,LOC-0051,LOC-0047,2024-05-20 02:16:38,2024-05-20 02:56:38,8.55,40,132976.07,1.0,132976.07,Cancelled,Credit Card,Success
3144,TRP-002995,DRV-00042,USR-01344,LOC-0036,LOC-0032,2024-04-17 22:54:11,2024-04-18 00:27:11,32.03,93,17749.25,1.0,17749.25,Completed,GoPay,Success
3145,TRP-002995,DRV-00042,USR-01344,LOC-0036,LOC-0032,2024-04-17 22:54:11,2024-04-18 00:27:11,32.03,93,17749.25,1.0,17749.25,Completed,GoPay,Success
3146,TRP-002996,DRV-00373,USR-01293,LOC-0055,LOC-0014,2024-05-04 01:35:01,2024-05-04 02:33:01,19.48,58,29402.35,1.0,29402.35,Cancelled,Cash,Success
3147,TRP-002997,DRV-00126,USR-00450,LOC-0020,LOC-0049,2024-04-01 16:12:25,2024-04-01 16:42:25,25.68,30,16159.7,1.75,28279.48,Completed,GoPay,Success
3148,TRP-002998,DRV-00110,USR-00626,LOC-0044,LOC-0018,2024-09-17 18:27:50,2024-09-17 18:46:50,32.98,19,40655.28,1.25,50819.1,Cancelled,Credit Card,Success
3149,TRP-002999,DRV-00443,USR-01351,LOC-0010,LOC-0019,2024-02-12 12:01:05,2024-02-12 13:54:05,34.14,113,93938.31,2.5,234845.77,Completed,Credit Card,Success
3150,TRP-003000,DRV-00135,USR-01266,LOC-0036,LOC-0003,2024-11-13 13:00:51,2024-11-13 13:13:51,33.03,13,94859.36,1.25,118574.2,Completed,Cash,Success
3151,TRP-003001,DRV-00157,USR-00289,LOC-0051,LOC-0039,2024-12-17 00:04:02,2024-12-17 01:36:02,19.07,92,41149.31,1.0,41149.31,Completed,GoPay,Success
3152,TRP-003002,DRV-00327,USR-01296,LOC-0055,LOC-0053,2024-12-02 07:57:27,2024-12-02 08:35:27,20.21,38,57638.52,1.0,57638.52,Completed,GoPay,Success
3153,TRP-003003,DRV-00356,USR-01521,LOC-0040,LOC-0025,2024-06-21 17:57:18,2024-06-21 18:52:18,33.73,55,14889.08,1.0,14889.08,Cancelled,Cash,Success
3154,TRP-003004,DRV-00086,USR-01582,LOC-0041,LOC-0043,2024-11-05 11:49:32,2024-11-05 12:46:32,14.13,57,27135.12,1.0,27135.12,Completed,GoPay,Success
3155,TRP-003005,DRV-00072,USR-00049,LOC-0043,LOC-0041,2024-09-11 09:59:53,2024-09-11 10:25:53,6.16,26,21623.05,2.0,43246.1,Completed,Credit Card,Pending
3156,TRP-003006,DRV-00447,USR-01140,LOC-0045,LOC-0049,2024-09-06 13:48:02,2024-09-06 14:50:02,17.43,62,10102.68,1.0,10102.68,Completed,Cash,Success
3157,TRP-003007,DRV-00489,USR-00880,LOC-0036,LOC-0007,2024-08-11 18:15:57,2024-08-11 18:46:57,25.37,31,116571.59,1.25,145714.49,Failed,GoPay,Pending
3158,TRP-003007,DRV-00489,USR-00880,LOC-0036,LOC-0007,2024-08-11 18:15:57,2024-08-11 18:46:57,25.37,31,116571.59,1.25,145714.49,Failed,GoPay,Pending
3159,TRP-003008,DRV-00292,USR-00502,LOC-0010,LOC-0030,2024-05-23 08:16:43,2024-05-23 08:50:43,6.01,34,110659.79,1.25,138324.74,Cancelled,Credit Card,Success
3160,TRP-003009,DRV-00434,USR-00812,LOC-0054,LOC-0021,2024-10-30 01:39:36,2024-10-30 02:14:36,8.86,35,43201.14,1.25,54001.43,Completed,Credit Card,Success
3161,TRP-003010,DRV-00384,USR-00790,LOC-0019,LOC-0055,2024-09-29 12:04:40,2024-09-29 13:53:40,27.08,109,45296.24,1.0,45296.24,Completed,GoPay,Success
3162,TRP-003011,DRV-00008,USR-00008,LOC-0019,LOC-0031,2024-01-02 04:57:29,2024-01-02 05:32:29,8.31,35,68267.95,1.5,102401.92,Cancelled,Credit Card,Success
3163,TRP-003012,DRV-00236,USR-00503,LOC-0008,LOC-0054,2024-01-09 07:58:21,2024-01-09 08:54:21,9.29,56,,1.25,,Completed,GoPay,Success
3164,TRP-003013,DRV-00122,USR-01511,LOC-0027,LOC-0008,2024-06-16 12:34:24,2024-06-16 12:48:24,30.8,14,12920.58,2.5,32301.45,Cancelled,GoPay,Success
3165,TRP-003014,DRV-00328,USR-00194,LOC-0003,LOC-0008,2024-05-20 13:05:10,2024-05-20 14:51:10,4.88,106,138069.12,2.5,345172.8,Cancelled,Credit Card,Success
3166,TRP-003014,DRV-00328,USR-00194,LOC-0003,LOC-0008,2024-05-20 13:05:10,2024-05-20 14:51:10,4.88,106,138069.12,2.5,345172.8,Cancelled,Credit Card,Success
3167,TRP-003015,DRV-00225,USR-01379,LOC-0055,LOC-0030,2024-11-19 16:31:36,2024-11-19 18:07:36,16.81,96,137224.05,1.25,171530.06,Completed,GoPay,Success
3168,TRP-003016,DRV-00069,USR-01874,LOC-0014,LOC-0026,2024-05-07 00:08:57,2024-05-07 01:53:57,32.53,105,0.0,1.0,0.0,Cancelled,Cash,Success
3169,TRP-003017,DRV-00500,USR-01593,LOC-0030,LOC-0024,2024-01-16 08:26:38,2024-01-16 09:50:38,26.82,84,137025.67,1.5,205538.51,Cancelled,Credit Card,Success
3170,TRP-003018,DRV-00213,USR-00019,LOC-0052,LOC-0005,2024-06-03 15:49:12,2024-06-03 16:09:12,18.01,20,81743.93,2.0,163487.86,Completed,Credit Card,Success
3171,TRP-003019,DRV-00280,USR-00536,LOC-0034,LOC-0016,2024-06-05 10:52:09,2024-06-05 11:28:09,24.39,36,,1.0,,Cancelled,Credit Card,Success
3172,TRP-003020,DRV-00107,USR-01910,LOC-0015,LOC-0045,2024-11-27 18:46:26,2024-11-27 20:45:26,36.88,119,57141.25,1.0,57141.25,Cancelled ,GoPay,Success
3173,TRP-003021,DRV-00488,USR-01639,LOC-0010,LOC-0014,2024-12-13 05:16:20,2024-12-13 05:26:20,15.17,10,125145.82,1.5,187718.73,Completed,Cash,Success
3174,TRP-003022,DRV-00089,USR-00256,LOC-0002,LOC-0036,2024-04-30 20:20:37,2024-04-30 21:00:37,39.8,40,85115.14,1.0,85115.14,Completed,GoPay,Success
3175,TRP-003023,DRV-00393,USR-01951,LOC-0010,LOC-0054,2024-11-18 12:55:23,2024-11-18 13:55:23,26.93,60,112379.47,1.0,112379.47,Completed,Cash,Success
3176,TRP-003024,DRV-00144,USR-01007,LOC-0052,LOC-0053,2024-09-22 16:37:36,2024-09-22 17:35:36,36.92,58,147898.48,1.0,147898.48,Completed,Cash,Success
3177,TRP-003025,DRV-00094,USR-01127,LOC-0011,LOC-0032,2024-11-22 21:00:59,2024-11-22 22:08:59,28.23,68,67482.48,2.5,168706.2,Completed,Credit Card,Success
3178,TRP-003026,DRV-00088,USR-00084,LOC-0004,LOC-0008,2024-03-15 09:34:47,2024-03-15 10:46:47,26.85,72,81639.99,1.0,81639.99,Cancelled,GoPay,Pending
3179,TRP-003026,DRV-00088,USR-00084,LOC-0004,LOC-0008,2024-03-15 09:34:47,2024-03-15 10:46:47,26.85,72,81639.99,1.0,81639.99,Cancelled,GoPay,Pending
3180,TRP-003027,DRV-00148,USR-00860,LOC-0048,LOC-0024,2024-03-29 06:33:14,2024-03-29 07:23:14,7.18,50,101753.35,1.25,127191.69,Failed,Cash,Success
3181,TRP-003028,DRV-00026,USR-00394,LOC-0003,LOC-0019,2024-03-15 03:03:13,2024-03-15 03:38:13,2.9,35,120718.08,1.0,120718.08,Cancelled,Credit Card,Success
3182,TRP-003029,DRV-00439,USR-01168,LOC-0040,LOC-0022,2024-05-23 21:17:06,2024-05-23 22:10:06,1.38,53,122218.19,1.75,213881.83,Completed,Credit Card,Success
3183,TRP-003030,DRV-00457,USR-01496,LOC-0025,LOC-0018,2024-10-01 04:44:38,2024-10-01 05:49:38,6.47,65,95686.74,1.25,119608.43,Completed,Credit Card,Success
3184,TRP-003031,DRV-00101,USR-00989,LOC-0003,LOC-0019,2024-03-04 19:14:25,2024-03-04 21:04:25,26.36,110,120037.67,1.0,120037.67,Completed,Credit Card,Success
3185,TRP-003032,DRV-00468,USR-00709,LOC-0004,LOC-0028,2024-09-04 10:12:15,2024-09-04 11:38:15,9.0,86,57672.11,1.0,57672.11,Completed,GoPay,Success
3186,TRP-003033,DRV-00335,USR-00439,LOC-0028,LOC-0003,2024-06-01 13:16:36,2024-06-01 13:45:36,1.22,29,79083.22,1.0,79083.22,Completed,GoPay,Success
3187,TRP-003034,DRV-00428,USR-01248,LOC-0042,LOC-0029,2024-06-18 02:13:33,2024-06-18 02:25:33,18.5,12,94874.05,1.0,94874.05,Completed,Cash,Success
3188,TRP-003035,DRV-00141,USR-00550,LOC-0040,LOC-0047,2024-08-23 23:52:15,2024-08-24 00:10:15,26.47,18,64426.66,1.0,64426.66,Completed,Credit Card,Success
3189,TRP-003036,DRV-00455,USR-00624,LOC-0057,LOC-0050,2024-02-11 16:07:29,2024-02-11 17:36:29,36.55,89,110669.91,2.5,276674.78,completed,GoPay,Success
3190,TRP-003037,DRV-00195,USR-01797,LOC-0006,LOC-0028,2024-08-07 17:10:13,2024-08-07 17:47:13,5.81,37,140051.55,1.75,245090.21,Completed,GoPay,Success
3191,TRP-003038,DRV-00143,USR-00547,LOC-0053,LOC-0024,2024-10-31 08:07:24,2024-10-31 09:22:24,4.72,75,52277.18,2.5,130692.95,Completed,GoPay,Success
3192,TRP-003039,DRV-00239,USR-00618,LOC-0042,LOC-0050,2024-01-08 01:46:47,2024-01-08 03:16:47,19.98,90,125786.07,1.0,125786.07,Completed,Credit Card,Success
3193,TRP-003040,DRV-00177,USR-00901,LOC-0055,LOC-0004,2024-06-01 14:13:14,2024-06-01 14:26:14,7.06,13,96334.18,1.5,144501.27,Failed,Cash,Failed
3194,TRP-003041,DRV-00418,USR-00675,LOC-0003,LOC-0052,2024-11-08 22:23:30,2024-11-08 22:35:30,31.24,12,102206.49,1.0,102206.49,Completed,Credit Card,Success
3195,TRP-003042,DRV-00354,USR-01141,LOC-0027,LOC-0044,2024-01-12 03:38:15,2024-01-12 03:58:15,16.74,20,65770.22,1.0,65770.22,Completed,GoPay,Success
3196,TRP-003043,DRV-00372,USR-01290,LOC-0002,LOC-0013,2024-05-28 08:27:15,2024-05-28 08:50:15,31.68,23,124154.43,1.0,124154.43,Cancelled,Credit Card,Failed
3197,TRP-003044,DRV-00271,USR-00151,LOC-0039,LOC-0018,2024-12-15 08:07:06,2024-12-15 09:56:06,22.05,109,99791.03,1.0,99791.03,Completed,Cash,Success
3198,TRP-003045,DRV-00313,USR-00192,LOC-0029,LOC-0007,2024-04-13 13:03:59,2024-04-13 13:28:59,5.12,25,25293.54,1.0,25293.54,Completed,Cash,Success
3199,TRP-003046,DRV-00087,USR-00769,LOC-0041,LOC-0056,2024-10-25 04:03:16,2024-10-25 05:42:16,9.21,99,118343.1,2.5,295857.75,Completed,Cash,Success
3200,TRP-003047,DRV-00302,USR-01357,LOC-0016,LOC-0036,2024-05-13 00:50:00,2024-05-13 01:20:00,6.22,30,139382.08,1.0,139382.08,Failed,Cash,Pending
3201,TRP-003048,DRV-00323,USR-01494,LOC-0056,LOC-0053,2024-01-04 07:34:31,2024-01-04 08:16:31,34.98,42,112507.09,1.25,140633.86,Completed,Credit Card,Success
3202,TRP-003048,DRV-00323,USR-01494,LOC-0056,LOC-0053,2024-01-04 07:34:31,2024-01-04 08:16:31,34.98,42,112507.09,1.25,140633.86,Completed,Credit Card,Success
3203,TRP-003049,DRV-00423,USR-00472,LOC-0038,LOC-0022,2024-12-04 15:59:04,2024-12-04 17:50:04,13.09,111,116038.89,1.0,116038.89,Completed,Cash,Success
3204,TRP-003050,DRV-00262,USR-00554,LOC-0013,LOC-0005,2024-01-02 07:16:36,2024-01-02 08:22:36,12.41,-10,0.0,1.0,0.0,Failed,Cash,Success
3205,TRP-003051,DRV-00450,USR-00996,LOC-0004,LOC-0051,2024-06-11 10:29:41,2024-06-11 12:00:41,33.58,91,114406.23,1.0,114406.23,Completed,Credit Card,Success
3206,TRP-003052,DRV-00408,USR-00071,LOC-0057,LOC-0030,2024-04-03 22:43:27,2024-04-03 23:14:27,36.71,31,24656.51,1.25,30820.64,Cancelled,Credit Card,Success
3207,TRP-003052,DRV-00408,USR-00071,LOC-0057,LOC-0030,2024-04-03 22:43:27,2024-04-03 23:14:27,36.71,31,24656.51,1.25,30820.64,Cancelled,Credit Card,Success
3208,TRP-003053,DRV-00215,USR-01857,LOC-0023,LOC-0043,2024-01-22 17:02:23,2024-01-22 18:36:23,14.03,94,60633.57,1.0,60633.57,Completed,GoPay,Success
3209,TRP-003054,DRV-00120,USR-01383,LOC-0040,LOC-0056,2024-08-07 21:55:19,2024-08-07 22:47:19,11.1,52,39406.02,1.0,39406.02,Completed,Credit Card,Success
3210,TRP-003055,DRV-00445,USR-00237,LOC-0033,LOC-0024,2024-08-11 21:42:07,2024-08-11 22:15:07,23.1,33,43804.77,2.0,87609.54,Cancelled,Credit Card,Pending
3211,TRP-003056,DRV-00053,USR-00835,LOC-0053,LOC-0027,2024-10-28 08:27:44,2024-10-28 08:52:44,5.54,25,62101.23,1.0,62101.23,Completed,GoPay,Success
3212,TRP-003057,DRV-00184,USR-01369,LOC-0052,LOC-0031,2024-12-12 03:25:35,2024-12-12 03:49:35,24.73,24,147927.56,1.0,147927.56,Completed,GoPay,Success
3213,TRP-003058,DRV-00466,USR-01768,LOC-0043,LOC-0042,2024-12-30 00:02:27,2024-12-30 01:41:27,26.49,99,42207.97,1.0,42207.97,Completed,GoPay,Success
3214,TRP-003059,DRV-00061,USR-01430,LOC-0024,LOC-0005,2024-09-14 08:26:43,2024-09-14 08:41:43,2.18,15,93786.08,1.25,117232.6,Completed,Credit Card,Success
3215,TRP-003060,DRV-00098,USR-01808,LOC-0021,LOC-0035,2024-01-11 04:45:21,2024-01-11 05:53:21,19.14,68,106288.59,1.0,106288.59,Completed,GoPay,Success
3216,TRP-003061,DRV-00471,USR-00772,LOC-0015,LOC-0035,2024-09-12 07:25:07,2024-09-12 08:13:07,13.57,48,55601.7,1.0,55601.7,Completed,GoPay,Success
3217,TRP-003062,DRV-00201,USR-00403,LOC-0030,LOC-0051,2024-12-03 21:55:50,2024-12-03 23:32:50,38.96,0,58168.91,2.0,116337.82,Cancelled,Credit Card,Success
3218,TRP-003063,DRV-00116,USR-00439,LOC-0050,LOC-0028,2024-07-23 10:42:03,2024-07-23 11:15:03,17.01,33,50692.81,1.75,88712.42,Completed,Cash,Failed
3219,TRP-003064,DRV-00211,USR-01774,LOC-0028,LOC-0037,2024-08-24 13:03:08,2024-08-24 14:43:08,18.29,100,128757.45,1.0,128757.45,Completed,GoPay,Success
3220,TRP-003065,DRV-00401,USR-01248,LOC-0053,LOC-0032,2024-08-08 09:24:13,2024-08-08 10:06:13,11.75,42,45210.74,1.0,45210.74,Cancelled,Cash,Success
3221,TRP-003066,DRV-00082,USR-00739,LOC-0017,LOC-0023,2024-11-25 05:42:38,2024-11-25 07:31:38,7.6,109,84164.21,1.75,147287.37,Completed,GoPay,Success
3222,TRP-003067,DRV-00083,USR-01805,LOC-0048,LOC-0038,2024-04-19 13:10:05,2024-04-19 13:44:05,25.0,34,24725.26,1.5,37087.89,Completed,GoPay,Success
3223,TRP-003068,DRV-00029,USR-00127,LOC-0057,LOC-0037,2024-04-27 12:52:06,2024-04-27 13:07:06,5.74,15,125758.29,1.75,220077.01,Completed,Credit Card,Failed
3224,TRP-003068,DRV-00029,USR-00127,LOC-0057,LOC-0037,2024-04-27 12:52:06,2024-04-27 13:07:06,5.74,15,125758.29,1.75,220077.01,Completed,Credit Card,Failed
3225,TRP-003069,DRV-00367,USR-00874,LOC-0057,LOC-0045,2024-11-21 08:50:00,2024-11-21 10:30:00,18.61,100,105618.13,1.0,105618.13,Completed,GoPay,Success
3226,TRP-003070,DRV-00213,USR-00293,LOC-0039,LOC-0031,2024-04-16 00:03:08,2024-04-16 01:48:08,36.69,105,71732.4,1.0,71732.4,Completed,Cash,Success
3227,TRP-003071,DRV-00070,USR-00991,LOC-0039,LOC-0052,2024-01-11 20:21:57,2024-01-11 22:02:57,32.35,101,66612.67,1.0,66612.67,Completed,Cash,Success
3228,TRP-003072,DRV-00263,USR-01745,LOC-0047,LOC-0030,2024-03-15 21:50:18,2024-03-15 22:12:18,4.4,22,131885.17,1.0,131885.17,Completed,GoPay,Success
3229,TRP-003073,DRV-00084,USR-01862,LOC-0035,LOC-0008,2024-12-05 03:51:03,2024-12-05 05:36:03,15.57,105,64068.9,1.0,64068.9,Completed,GoPay,Failed
3230,TRP-003074,DRV-00498,USR-00600,LOC-0025,LOC-0045,2024-12-24 13:02:06,2024-12-24 14:37:06,18.24,95,51635.39,1.0,51635.39,Completed,Credit Card,Failed
3231,TRP-003075,DRV-00250,USR-01902,LOC-0039,LOC-0002,2024-07-28 23:49:08,2024-07-29 01:41:08,10.91,112,21382.92,2.0,42765.84,Failed,Cash,Success
3232,TRP-003076,DRV-00105,USR-01984,LOC-0049,LOC-0028,2024-02-02 03:55:50,2024-02-02 05:53:50,39.98,118,43444.43,1.0,43444.43,Completed,Cash,Success
3233,TRP-003077,DRV-00378,USR-01922,LOC-0038,LOC-0053,2024-11-13 05:10:52,2024-11-13 06:18:52,22.96,68,141060.08,1.0,141060.08,Completed,GoPay,Success
3234,TRP-003078,DRV-00057,USR-01185,LOC-0029,LOC-0039,2024-06-16 14:42:42,2024-06-16 16:32:42,38.89,110,71365.75,1.0,71365.75,Completed,Cash,Success
3235,TRP-003079,DRV-00028,USR-00912,LOC-0014,LOC-0011,2024-12-19 17:09:05,2024-12-19 17:33:05,39.94,24,29326.56,1.0,29326.56,Completed,GoPay,Success
3236,TRP-003080,DRV-00079,USR-00940,LOC-0015,LOC-0007,2024-11-04 22:25:25,2024-11-04 23:29:25,19.52,64,126417.69,2.5,316044.22,Completed,Credit Card,Success
3237,TRP-003080,DRV-00079,USR-00940,LOC-0015,LOC-0007,2024-11-04 22:25:25,2024-11-04 23:29:25,19.52,64,126417.69,2.5,316044.22,Completed,Credit Card,Success
3238,TRP-003081,DRV-00154,USR-01110,LOC-0023,LOC-0043,2024-02-13 20:39:33,2024-02-13 21:05:33,1.67,26,24821.8,1.5,37232.7,Completed,Cash,Failed
3239,TRP-003082,DRV-00465,USR-01436,LOC-0045,LOC-0024,2024-07-23 10:03:05,2024-07-23 11:35:05,34.47,92,95106.13,1.75,166435.73,Completed,Cash,Success
3240,TRP-003083,DRV-00289,USR-00158,LOC-0038,LOC-0032,2024-12-10 15:36:28,2024-12-10 17:18:28,26.95,102,39949.7,1.0,39949.7,Cancelled,Cash,Success
3241,TRP-003084,DRV-00034,USR-01483,LOC-0009,LOC-0035,2024-10-03 10:21:19,2024-10-03 10:50:19,19.69,29,54136.57,1.25,67670.71,Completed,Credit Card,Success
3242,TRP-003085,DRV-00216,USR-01545,LOC-0055,LOC-0053,2024-04-29 06:33:51,2024-04-29 07:03:51,17.99,30,68115.11,1.0,68115.11,Completed,GoPay,Success
3243,TRP-003086,DRV-00474,USR-00938,LOC-0005,LOC-0046,2024-10-15 01:44:49,2024-10-15 03:29:49,16.84,105,117433.7,1.0,117433.7,Completed,Cash,Success
3244,TRP-003087,DRV-00041,USR-01451,LOC-0002,LOC-0027,2024-06-05 01:19:28,2024-06-05 02:19:28,36.55,60,16210.4,1.0,16210.4,Completed,Cash,Success
3245,TRP-003088,DRV-00337,USR-00534,LOC-0051,LOC-0034,2024-01-06 12:05:01,2024-01-06 13:06:01,22.63,61,,1.0,,Completed,Credit Card,Success
3246,TRP-003089,DRV-00117,USR-00973,LOC-0021,LOC-0002,2024-05-10 05:28:49,2024-05-10 07:12:49,33.72,104,51147.48,1.0,51147.48,Completed,Cash,Success
3247,TRP-003090,DRV-00462,USR-01410,LOC-0034,LOC-0014,2024-06-24 12:14:27,2024-06-24 14:08:27,14.1,114,114882.24,1.0,114882.24,Completed,Cash,Success
3248,TRP-003091,DRV-00157,USR-00085,LOC-0048,LOC-0002,2024-06-09 05:50:19,2024-06-09 06:57:19,37.73,67,,1.0,,Completed,Cash,Success
3249,TRP-003092,DRV-00497,USR-01713,LOC-0042,LOC-0024,2024-12-13 17:50:13,2024-12-13 18:02:13,18.7,12,78862.07,1.0,78862.07,Completed,Cash,Success
3250,TRP-003093,DRV-00142,USR-01467,LOC-0004,LOC-0056,2024-04-19 18:47:49,2024-04-19 20:35:49,8.63,108,61218.17,1.5,91827.26,Completed,GoPay,Success
3251,TRP-003094,DRV-00466,USR-01458,LOC-0028,LOC-0033,2024-12-06 09:09:36,2024-12-06 10:35:36,25.13,86,68791.72,1.0,68791.72,Completed,Cash,Failed
3252,TRP-003095,DRV-00378,USR-00087,LOC-0035,LOC-0041,2024-09-30 17:42:33,2024-09-30 18:41:33,15.06,59,112014.93,2.0,224029.86,Completed,Cash,Success
3253,TRP-003096,DRV-00196,USR-01103,LOC-0030,LOC-0050,2024-05-20 17:37:38,2024-05-20 18:48:38,,71,22627.34,2.0,45254.68,Completed,Cash,Success
3254,TRP-003097,DRV-00033,USR-00466,LOC-0039,LOC-0004,2024-04-08 14:59:35,2024-04-08 15:13:35,22.05,14,81050.84,1.0,81050.84,Completed,Credit Card,Success
3255,TRP-003097,DRV-00033,USR-00466,LOC-0039,LOC-0004,2024-04-08 14:59:35,2024-04-08 15:13:35,22.05,14,81050.84,1.0,81050.84,Completed,Credit Card,Success
3256,TRP-003098,DRV-00112,USR-01893,LOC-0006,LOC-0040,2024-02-02 07:39:45,2024-02-02 09:22:45,8.13,103,108710.69,1.0,108710.69,Completed,Credit Card,Success
3257,TRP-003099,DRV-00207,USR-01428,LOC-0012,LOC-0044,2024-01-18 14:12:44,2024-01-18 15:16:44,22.9,64,,1.0,,Completed,GoPay,Success
3258,TRP-003100,DRV-00367,USR-00244,LOC-0041,LOC-0009,2024-01-12 04:32:50,2024-01-12 04:53:50,14.99,21,31658.77,1.0,31658.77,Completed,Cash,Success
3259,TRP-003101,DRV-00034,USR-01830,LOC-0004,LOC-0021,2024-12-22 06:45:09,2024-12-22 07:40:09,6.32,55,83002.16,1.0,83002.16,Completed,Cash,Success
3260,TRP-003102,DRV-00080,USR-00780,LOC-0002,LOC-0023,2024-09-30 05:51:49,2024-09-30 06:14:49,38.81,23,113767.28,2.0,227534.56,Cancelled,Credit Card,Success
3261,TRP-003103,DRV-00107,USR-00160,LOC-0020,LOC-0017,2024-08-04 22:24:05,2024-08-04 23:42:05,16.83,78,42056.33,1.0,42056.33,Completed,Credit Card,Success
3262,TRP-003104,DRV-00474,USR-01222,LOC-0029,LOC-0022,2024-11-15 03:08:41,2024-11-15 05:01:41,37.45,113,129921.8,1.0,129921.8,Cancelled,Cash,Success
3263,TRP-003105,DRV-00075,USR-01274,LOC-0042,LOC-0003,2024-10-02 23:11:59,2024-10-03 00:30:59,4.44,79,23044.11,1.0,23044.11,Cancelled,Cash,Success
3264,TRP-003106,DRV-00048,USR-00665,LOC-0051,LOC-0007,2024-01-04 06:37:40,2024-01-04 08:25:40,1.28,108,79394.87,1.25,99243.59,Cancelled,Credit Card,Success
3265,TRP-003106,DRV-00048,USR-00665,LOC-0051,LOC-0007,2024-01-04 06:37:40,2024-01-04 08:25:40,1.28,108,79394.87,1.25,99243.59,Cancelled,Credit Card,Success
3266,TRP-003107,DRV-00356,USR-01468,LOC-0032,LOC-0030,2024-11-23 18:58:48,2024-11-23 20:35:48,13.79,97,139585.13,1.0,139585.13,Completed,Cash,Success
3267,TRP-003108,DRV-00316,USR-00129,LOC-0048,LOC-0019,2024-11-20 04:22:21,2024-11-20 05:15:21,18.81,53,121341.1,1.25,151676.38,Completed,Credit Card,Success
3268,TRP-003109,DRV-00032,USR-00734,LOC-0025,LOC-0002,2024-11-27 06:10:59,2024-11-27 06:47:59,33.04,37,64565.16,1.75,112989.03,Completed,GoPay,Success
3269,TRP-003110,DRV-00123,USR-00465,LOC-0001,LOC-0056,2024-03-04 00:02:50,2024-03-04 00:47:50,17.0,45,139473.6,1.0,139473.6,Completed,Cash,Success
3270,TRP-003111,DRV-00319,USR-01354,LOC-0005,LOC-0001,2024-07-01 11:17:48,2024-07-01 12:50:48,7.09,93,88864.17,1.5,133296.26,Completed,GoPay,Success
3271,TRP-003112,DRV-00145,USR-01625,LOC-0037,LOC-0006,2024-06-19 12:34:39,2024-06-19 14:27:39,35.37,113,102958.31,1.0,102958.31,Completed,Cash,Success
3272,TRP-003113,DRV-00429,USR-01214,LOC-0018,LOC-0016,2024-08-31 01:01:43,2024-08-31 02:13:43,12.09,72,62482.63,1.0,62482.63,Completed,Credit Card,Pending
3273,TRP-003114,DRV-00299,USR-01336,LOC-0044,LOC-0015,2024-04-07 18:46:47,2024-04-07 20:22:47,4.12,96,18935.03,1.0,18935.03,Completed,Cash,Success
3274,TRP-003115,DRV-00014,USR-00708,LOC-0019,LOC-0004,2024-10-18 17:39:33,2024-10-18 19:21:33,16.76,102,69602.79,1.0,69602.79,Completed,Cash,Failed
3275,TRP-003116,DRV-00019,USR-00128,LOC-0038,LOC-0053,2024-09-03 05:57:12,2024-09-03 06:25:12,35.77,28,31717.81,1.75,55506.17,Completed,Cash,Success
3276,TRP-003117,DRV-00081,USR-01609,LOC-0005,LOC-0008,2024-05-12 21:15:36,2024-05-12 21:41:36,4.99,26,107261.4,1.75,187707.45,Cancelled,GoPay,Success
3277,TRP-003118,DRV-00318,USR-00760,LOC-0024,LOC-0007,2024-03-31 08:03:43,2024-03-31 08:24:43,1.92,21,43680.85,1.75,76441.49,Completed,Credit Card,Success
3278,TRP-003119,DRV-00183,USR-00776,LOC-0049,LOC-0029,2024-04-27 04:14:19,2024-04-27 05:04:19,10.72,50,142777.58,1.0,142777.58,Completed,Cash,Pending
3279,TRP-003120,DRV-00033,USR-01589,LOC-0040,LOC-0006,2024-04-26 11:20:06,2024-04-26 12:03:06,6.16,43,36856.96,2.0,73713.92,Completed,Cash,Success
3280,TRP-003121,DRV-00072,USR-01785,LOC-0009,LOC-0033,2024-01-29 17:44:31,2024-01-29 19:13:31,8.15,89,98203.39,1.0,98203.39,Completed,Credit Card,Success
3281,TRP-003122,DRV-00327,USR-01033,LOC-0057,LOC-0019,2024-05-05 11:49:13,2024-05-05 12:23:13,21.31,34,116078.91,1.5,174118.36,Completed,Credit Card,Success
3282,TRP-003122,DRV-00327,USR-01033,LOC-0057,LOC-0019,2024-05-05 11:49:13,2024-05-05 12:23:13,21.31,34,116078.91,1.5,174118.36,Completed,Credit Card,Success
3283,TRP-003123,DRV-00297,USR-01142,LOC-0038,LOC-0015,2024-10-12 08:14:21,2024-10-12 09:18:21,22.14,64,72868.43,1.0,72868.43,Completed,Cash,Success
3284,TRP-003124,DRV-00022,USR-00128,LOC-0004,LOC-0022,2024-04-08 11:18:10,2024-04-08 12:55:10,39.22,97,99926.08,2.5,249815.2,Completed,GoPay,Success
3285,TRP-003125,DRV-00352,USR-01297,LOC-0043,LOC-0023,2024-12-05 04:58:05,2024-12-05 05:12:05,35.29,14,41045.82,1.25,51307.28,Completed,Cash,Success
3286,TRP-003126,DRV-00243,USR-00974,LOC-0042,LOC-0019,2024-10-28 05:12:15,2024-10-28 05:45:15,7.15,33,67571.91,1.0,67571.91,Completed,Credit Card,Success
3287,TRP-003126,DRV-00243,USR-00974,LOC-0042,LOC-0019,2024-10-28 05:12:15,2024-10-28 05:45:15,7.15,33,67571.91,1.0,67571.91,Completed,Credit Card,Success
3288,TRP-003127,DRV-00176,USR-00469,LOC-0033,LOC-0024,2024-12-12 22:08:23,2024-12-12 23:03:23,14.64,55,80023.66,2.5,200059.15,Completed,Credit Card,Failed
3289,TRP-003128,DRV-00141,USR-01526,LOC-0040,LOC-0037,2024-05-15 16:51:21,2024-05-15 18:41:21,34.77,110,87681.45,1.0,87681.45,Completed,GoPay,Success
3290,TRP-003129,DRV-00471,USR-00168,LOC-0012,LOC-0007,2024-11-28 02:04:58,2024-11-28 04:00:58,31.01,116,24167.98,2.0,48335.96,Completed,Credit Card,Failed
3291,TRP-003130,DRV-00016,USR-00304,LOC-0051,LOC-0041,2024-09-14 04:39:03,2024-09-14 06:05:03,21.18,86,124112.48,1.0,124112.48,Completed,Cash,Success
3292,TRP-003131,DRV-00448,USR-01251,LOC-0035,LOC-0037,2024-09-13 16:52:16,2024-09-13 18:25:16,22.0,93,20573.54,1.0,20573.54,Completed,Cash,Success
3293,TRP-003132,DRV-00170,USR-01064,LOC-0042,LOC-0005,2024-05-02 03:53:41,2024-05-02 05:51:41,9.15,118,44737.99,2.5,111844.97,Completed,GoPay,Success
3294,TRP-003133,DRV-00221,USR-01898,LOC-0024,LOC-0046,2024-12-27 22:01:47,2024-12-27 23:23:47,36.29,82,30096.71,1.0,30096.71,Completed,Credit Card,Success
3295,TRP-003134,DRV-00030,USR-01780,LOC-0031,LOC-0032,2024-03-05 07:47:47,2024-03-05 08:50:47,24.63,63,61023.08,1.0,61023.08,Completed,Credit Card,Success
3296,TRP-003134,DRV-00030,USR-01780,LOC-0031,LOC-0032,2024-03-05 07:47:47,2024-03-05 08:50:47,24.63,63,61023.08,1.0,61023.08,Completed,Credit Card,Success
3297,TRP-003135,DRV-00070,USR-01583,LOC-0003,LOC-0001,2024-11-27 09:14:32,2024-11-27 10:34:32,12.09,80,76582.38,2.0,153164.76,Completed,GoPay,Success
3298,TRP-003136,DRV-00172,USR-01035,LOC-0031,LOC-0034,2024-11-15 09:56:47,2024-11-15 11:30:47,37.27,94,38734.65,1.0,38734.65,Completed,Credit Card,Success
3299,TRP-003137,DRV-00419,USR-00389,LOC-0029,LOC-0038,2024-11-13 06:24:40,2024-11-13 07:25:40,37.55,61,125122.77,1.25,156403.46,Completed,Cash,Success
3300,TRP-003138,DRV-00046,USR-00382,LOC-0013,LOC-0023,2024-07-06 15:06:25,2024-07-06 16:23:25,6.68,77,34410.01,1.25,43012.51,Completed,Credit Card,Success
3301,TRP-003139,DRV-00119,USR-00812,LOC-0020,LOC-0021,2024-01-29 10:39:06,2024-01-29 11:23:06,22.01,44,76314.85,1.0,76314.85,Cancelled,Cash,Success
3302,TRP-003140,DRV-00422,USR-01077,LOC-0034,LOC-0047,2024-10-17 15:06:40,2024-10-17 15:23:40,23.86,17,37024.94,1.0,37024.94,Completed,Cash,Success
3303,TRP-003141,DRV-00428,USR-01454,LOC-0015,LOC-0040,2024-01-26 18:09:44,2024-01-26 19:39:44,,90,144990.62,1.0,144990.62,Completed,Cash,Success
3304,TRP-003142,DRV-00244,USR-01780,LOC-0027,LOC-0004,2024-09-14 03:37:20,2024-09-14 04:09:20,19.35,32,82570.1,1.0,82570.1,Completed,GoPay,Success
3305,TRP-003143,DRV-00101,USR-01447,LOC-0056,LOC-0040,2024-02-18 18:36:37,2024-02-18 19:51:37,33.15,75,,1.75,,Completed,Cash,Success
3306,TRP-003144,DRV-00281,USR-01405,LOC-0042,LOC-0008,2024-12-28 03:44:06,2024-12-28 04:50:06,29.56,66,54328.12,1.0,54328.12,failed,Credit Card,Success
3307,TRP-003145,DRV-00329,USR-01412,LOC-0023,LOC-0005,2024-11-24 15:02:55,2024-11-24 15:41:55,4.29,39,,1.5,,Completed,Cash,Success
3308,TRP-003146,DRV-00500,USR-00774,LOC-0019,LOC-0026,2024-11-21 09:21:59,2024-11-21 09:40:59,3.37,19,145826.33,1.0,145826.33,Completed,GoPay,Success
3309,TRP-003147,DRV-00457,USR-01251,LOC-0036,LOC-0033,2024-02-20 16:21:26,2024-02-20 16:59:26,35.78,38,19112.03,1.5,28668.04,Completed,Cash,Success
3310,TRP-003148,DRV-00463,USR-00423,LOC-0035,LOC-0055,2024-12-15 04:34:44,2024-12-15 06:10:44,10.23,96,66192.48,1.0,66192.48,Completed,GoPay,Success
3311,TRP-003149,DRV-00372,USR-01253,LOC-0023,LOC-0006,2024-03-16 23:08:12,2024-03-16 23:24:12,20.05,16,55808.04,1.0,55808.04,Completed,Credit Card,Success
3312,TRP-003150,DRV-00437,USR-01134,LOC-0013,LOC-0039,2024-09-21 20:39:08,2024-09-21 21:05:08,33.23,26,31735.68,1.0,31735.68,Completed,GoPay,Success
3313,TRP-003151,DRV-00311,USR-00565,LOC-0050,LOC-0047,2024-06-05 09:43:12,2024-06-05 10:05:12,6.71,22,137974.28,1.25,172467.85,Completed,Credit Card,Success
3314,TRP-003151,DRV-00311,USR-00565,LOC-0050,LOC-0047,2024-06-05 09:43:12,2024-06-05 10:05:12,6.71,22,137974.28,1.25,172467.85,Completed,Credit Card,Success
3315,TRP-003152,DRV-00102,USR-00106,LOC-0035,LOC-0047,2024-08-25 17:31:36,2024-08-25 18:57:36,8.21,86,115596.69,1.0,115596.69,Completed,Credit Card,Success
3316,TRP-003153,DRV-00413,USR-00031,LOC-0052,LOC-0019,2024-01-22 11:30:25,2024-01-22 12:00:25,18.9,30,67788.47,1.0,67788.47,Completed,GoPay,Success
3317,TRP-003154,DRV-00075,USR-01553,LOC-0047,LOC-0014,2024-09-16 22:25:27,2024-09-16 23:59:27,4.33,94,76844.82,1.0,76844.82,Completed,Cash,Success
3318,TRP-003155,DRV-00245,USR-00869,LOC-0010,LOC-0005,2024-09-24 14:29:25,2024-09-24 15:11:25,35.4,42,67212.5,1.75,117621.88,Completed,GoPay,Success
3319,TRP-003156,DRV-00383,USR-00799,LOC-0019,LOC-0022,2024-05-11 00:50:57,2024-05-11 02:04:57,8.26,74,13473.76,1.25,16842.2,Completed,Credit Card,Success
3320,TRP-003157,DRV-00238,USR-00006,LOC-0040,LOC-0010,2024-03-25 13:59:41,2024-03-25 15:44:41,20.95,105,75933.79,1.5,113900.68,Cancelled,GoPay,Success
3321,TRP-003158,DRV-00291,USR-01679,LOC-0024,LOC-0014,2024-12-02 16:42:56,2024-12-02 17:30:56,39.45,48,59570.86,1.5,89356.29,Completed,GoPay,Success
3322,TRP-003159,DRV-00180,USR-00276,LOC-0017,LOC-0037,2024-08-11 18:48:09,2024-08-11 20:17:09,10.74,89,10203.6,1.5,15305.4,Completed,GoPay,Success
3323,TRP-003160,DRV-00054,USR-01440,LOC-0012,LOC-0057,2024-01-26 10:28:20,2024-01-26 12:02:20,6.09,94,27163.98,1.25,33954.97,Completed,GoPay,Success
3324,TRP-003161,DRV-00441,USR-01443,LOC-0039,LOC-0031,2024-06-19 11:04:08,2024-06-19 12:19:08,1.98,75,49785.27,1.5,74677.9,Completed,GoPay,Success
3325,TRP-003161,DRV-00441,USR-01443,LOC-0039,LOC-0031,2024-06-19 11:04:08,2024-06-19 12:19:08,1.98,75,49785.27,1.5,74677.9,Completed,GoPay,Success
3326,TRP-003162,DRV-00175,USR-00901,LOC-0020,LOC-0033,2024-02-02 09:08:10,2024-02-02 10:20:10,18.26,72,54767.64,1.0,54767.64,Completed,Credit Card,Success
3327,TRP-003163,DRV-00325,USR-00207,LOC-0021,LOC-0036,2024-08-19 04:38:26,2024-08-19 06:06:26,17.4,88,92100.66,3.5,92100.66,Failed,Credit Card,Success
3328,TRP-003164,DRV-00058,USR-01651,LOC-0023,LOC-0010,2024-01-28 07:05:13,2024-01-28 08:12:13,30.92,67,85554.39,1.0,85554.39,Completed,Credit Card,Pending
3329,TRP-003165,DRV-00286,USR-01943,LOC-0056,LOC-0038,2024-08-27 02:39:46,2024-08-27 04:06:46,28.32,87,65795.39,1.0,65795.39,Cancelled,Credit Card,Success
3330,TRP-003166,DRV-00262,USR-00758,LOC-0042,LOC-0057,2024-07-26 10:37:15,2024-07-26 11:19:15,2.45,42,43851.99,1.75,76740.98,Completed,Credit Card,Success
3331,TRP-003167,DRV-00388,USR-01918,LOC-0057,LOC-0034,2024-12-07 07:00:57,2024-12-07 08:40:57,17.98,100,74579.05,1.25,93223.81,Cancelled,Cash,Success
3332,TRP-003168,DRV-00253,USR-00082,LOC-0040,LOC-0048,2024-11-28 12:12:59,2024-11-28 13:09:59,15.6,57,73735.3,1.25,92169.12,Cancelled,GoPay,Failed
3333,TRP-003169,DRV-00027,USR-01135,LOC-0037,LOC-0028,2024-04-16 04:13:30,2024-04-16 04:51:30,13.23,38,110039.27,2.0,220078.54,Cancelled,GoPay,Success
3334,TRP-003170,DRV-00130,USR-01495,LOC-0005,LOC-0006,2024-05-23 18:52:29,2024-05-23 19:30:29,25.63,38,145391.57,1.0,145391.57,Completed,Credit Card,Success
3335,TRP-003171,DRV-00078,USR-01018,LOC-0009,LOC-0018,2024-12-11 11:03:39,2024-12-11 11:48:39,18.72,45,11644.83,1.25,14556.04,Failed,Cash,Success
3336,TRP-003172,DRV-00347,USR-00712,LOC-0044,LOC-0053,2024-05-21 13:30:38,2024-05-21 14:22:38,27.97,52,72175.95,1.0,72175.95,Completed,Credit Card,Success
3337,TRP-003173,DRV-00178,USR-01918,LOC-0016,LOC-0004,2024-10-18 02:52:07,2024-10-18 04:27:07,10.83,0,77504.04,1.5,116256.06,Completed,Credit Card,Success
3338,TRP-003174,DRV-00181,USR-01269,LOC-0042,LOC-0054,2024-03-09 09:26:13,2024-03-09 10:12:13,7.52,46,88199.22,1.0,88199.22,Cancelled,GoPay,Success
3339,TRP-003175,DRV-00039,USR-01412,LOC-0052,LOC-0008,2024-07-30 20:27:49,2024-07-30 21:32:49,21.36,65,92303.92,1.0,92303.92,Completed,Credit Card,Success
3340,TRP-003176,DRV-00040,USR-00274,LOC-0054,LOC-0036,2024-04-20 14:47:12,2024-04-20 15:04:12,32.55,17,116107.79,1.0,116107.79,Completed,Cash,Success
3341,TRP-003177,DRV-00059,USR-01121,LOC-0042,LOC-0030,2024-03-26 02:46:49,2024-03-26 03:12:49,10.09,26,36896.0,1.0,36896.0,Cancelled,GoPay,Success
3342,TRP-003178,DRV-00291,USR-01558,LOC-0048,LOC-0049,2024-10-06 15:18:11,2024-10-06 16:53:11,10.53,95,132303.97,1.5,198455.96,Completed,GoPay,Pending
3343,TRP-003179,DRV-00427,USR-01850,LOC-0036,LOC-0011,2024-08-25 21:12:38,2024-08-25 22:42:38,33.42,90,92017.41,1.0,92017.41,Completed,Credit Card,Success
3344,TRP-003180,DRV-00250,USR-00562,LOC-0026,LOC-0020,2024-02-21 18:53:55,2024-02-21 20:51:55,39.75,118,35611.14,1.0,35611.14,Completed,GoPay,Success
3345,TRP-003181,DRV-00496,USR-00556,LOC-0043,LOC-0035,2024-12-14 15:16:16,2024-12-14 16:44:16,5.24,88,29726.46,1.0,29726.46,Completed,Cash,Success
3346,TRP-003182,DRV-00400,USR-00919,LOC-0051,LOC-0003,2024-02-14 01:37:28,2024-02-14 02:18:28,33.76,41,37890.14,1.0,37890.14,Cancelled,Cash,Success
3347,TRP-003183,DRV-00433,USR-01382,LOC-0029,LOC-0014,2024-02-08 17:12:42,2024-02-08 17:24:42,20.66,12,112436.42,1.0,112436.42,Completed,GoPay,Pending
3348,TRP-003184,DRV-00128,USR-00305,LOC-0009,LOC-0010,2024-01-29 18:55:23,2024-01-29 19:19:23,9.6,-5,107663.95,1.0,107663.95,Completed,Credit Card,Success
3349,TRP-003185,DRV-00254,USR-00327,LOC-0050,LOC-0017,2024-02-04 10:57:00,2024-02-04 11:59:00,22.74,62,113877.02,2.0,227754.04,Completed,Cash,Success
3350,TRP-003186,DRV-00103,USR-01495,LOC-0056,LOC-0020,2024-01-04 15:04:55,2024-01-04 16:00:55,9.66,56,79565.52,1.0,79565.52,Completed,Credit Card,Success
3351,TRP-003187,DRV-00434,USR-00476,LOC-0018,LOC-0024,2024-06-06 17:28:27,2024-06-06 18:23:27,3.79,55,41413.44,1.25,51766.8,Cancelled,Credit Card,Success
3352,TRP-003188,DRV-00163,USR-01490,LOC-0037,LOC-0039,2024-08-07 10:34:26,2024-08-07 10:54:26,18.19,20,87031.44,1.0,87031.44,Completed,GoPay,Success
3353,TRP-003189,DRV-00212,USR-00409,LOC-0049,LOC-0034,2024-06-12 22:56:59,2024-06-12 23:20:59,37.46,24,75494.12,1.0,75494.12,Completed,Credit Card,Success
3354,TRP-003190,DRV-00165,USR-00026,LOC-0013,LOC-0022,2024-06-25 04:16:53,2024-06-25 05:48:53,21.87,92,61300.77,1.0,61300.77,Completed,Credit Card,Failed
3355,TRP-003191,DRV-00152,USR-00048,LOC-0004,LOC-0023,2024-06-26 18:21:30,2024-06-26 19:45:30,23.19,-5,94636.37,1.0,94636.37,Completed,Cash,Success
3356,TRP-003192,DRV-00208,USR-00757,LOC-0049,LOC-0054,2024-04-01 22:07:37,2024-04-01 22:18:37,8.0,11,142442.46,1.0,142442.46,Completed,Credit Card,Success
3357,TRP-003193,DRV-00454,USR-00571,LOC-0030,LOC-0054,2024-01-04 17:31:18,2024-01-04 18:14:18,7.1,43,141340.76,2.5,353351.9,Completed,Cash,Success
3358,TRP-003194,DRV-00434,USR-00046,LOC-0034,LOC-0021,2024-12-13 12:58:00,2024-12-13 14:42:00,27.88,104,105159.68,1.75,184029.44,Completed,GoPay,Failed
3359,TRP-003195,DRV-00060,USR-01513,LOC-0057,LOC-0009,2024-01-11 11:19:08,2024-01-11 12:41:08,20.09,82,101409.09,2.0,202818.18,Completed,Cash,Success
3360,TRP-003196,DRV-00305,USR-00353,LOC-0030,LOC-0039,2024-08-12 00:54:02,2024-08-12 02:07:02,25.03,73,45105.27,1.0,45105.27,Completed,Credit Card,Success
3361,TRP-003197,DRV-00143,USR-00925,LOC-0055,LOC-0023,2024-01-13 13:48:19,2024-01-13 14:26:19,26.14,0,149441.57,1.75,261522.75,Cancelled,Credit Card,Success
3362,TRP-003198,DRV-00014,USR-00039,LOC-0014,LOC-0038,2024-01-09 01:01:25,2024-01-09 03:01:25,21.67,120,141311.2,1.5,211966.8,Completed,GoPay,Success
3363,TRP-003199,DRV-00285,USR-01026,LOC-0022,LOC-0001,2024-03-17 13:46:07,2024-03-17 15:38:07,20.13,112,,1.5,,Completed,Cash,Failed
3364,TRP-003200,DRV-00146,USR-00860,LOC-0011,LOC-0004,2024-11-11 09:02:00,2024-11-11 10:52:00,22.47,110,42471.79,1.25,53089.74,Completed,GoPay,Success
3365,TRP-003201,DRV-00436,USR-01032,LOC-0010,LOC-0042,2024-05-16 03:05:09,2024-05-16 03:31:09,33.08,26,80981.07,1.0,80981.07,Completed,Cash,Failed
3366,TRP-003202,DRV-00404,USR-01725,LOC-0034,LOC-0015,2024-05-20 17:09:11,2024-05-20 17:22:11,17.99,13,58225.16,2.0,116450.32,Completed,Credit Card,Success
3367,TRP-003203,DRV-00354,USR-01582,LOC-0001,LOC-0013,2024-12-13 03:27:56,2024-12-13 05:13:56,38.87,106,,1.0,,Completed,Credit Card,Success
3368,TRP-003204,DRV-00274,USR-01245,LOC-0047,LOC-0031,2024-11-04 21:46:57,2024-11-04 22:03:57,27.45,17,149362.66,1.5,224043.99,Completed,Credit Card,Success
3369,TRP-003204,DRV-00274,USR-01245,LOC-0047,LOC-0031,2024-11-04 21:46:57,2024-11-04 22:03:57,27.45,17,149362.66,1.5,224043.99,Completed,Credit Card,Success
3370,TRP-003205,DRV-00412,USR-00791,LOC-0049,LOC-0038,2024-12-19 07:58:00,2024-12-19 09:32:00,27.96,94,76350.94,1.25,95438.68,Completed,GoPay,Success
3371,TRP-003206,DRV-00280,USR-00686,LOC-0046,LOC-0057,2024-11-27 21:31:35,2024-11-27 23:05:35,19.38,94,130176.16,1.0,130176.16,Completed,GoPay,Success
3372,TRP-003207,DRV-00378,USR-00435,LOC-0036,LOC-0004,2024-10-21 12:45:33,2024-10-21 14:18:33,21.87,93,94368.51,1.0,94368.51,Failed,Credit Card,Success
3373,TRP-003208,DRV-00327,USR-00408,LOC-0032,LOC-0057,2024-01-04 19:00:58,2024-01-04 19:13:58,10.8,13,25521.11,1.0,25521.11,Completed,GoPay,Success
3374,TRP-003209,DRV-00334,USR-00102,LOC-0016,LOC-0037,2024-08-18 22:00:33,2024-08-18 22:39:33,27.43,39,19944.54,1.0,19944.54,Completed,Cash,Success
3375,TRP-003210,DRV-00076,USR-01209,LOC-0042,LOC-0015,2024-01-28 23:46:39,2024-01-29 01:12:39,2.17,86,15459.03,1.0,15459.03,Completed,Cash,Success
3376,TRP-003211,DRV-00044,USR-01424,LOC-0032,LOC-0007,2024-07-06 20:03:55,2024-07-06 21:57:55,11.44,114,50722.6,1.75,88764.55,Completed,Cash,Success
3377,TRP-003211,DRV-00044,USR-01424,LOC-0032,LOC-0007,2024-07-06 20:03:55,2024-07-06 21:57:55,11.44,114,50722.6,1.75,88764.55,Completed,Cash,Success
3378,TRP-003212,DRV-00170,USR-01556,LOC-0029,LOC-0026,2024-02-28 14:48:44,2024-02-28 16:40:44,27.82,112,108419.82,1.0,108419.82,Completed,Cash,Success
3379,TRP-003213,DRV-00334,USR-00208,LOC-0034,LOC-0028,2024-02-25 03:46:00,2024-02-25 04:43:00,9.65,57,60136.87,1.0,60136.87,Completed,Credit Card,Success
3380,TRP-003214,DRV-00409,USR-00521,LOC-0010,LOC-0026,2024-10-20 04:33:01,2024-10-20 06:21:01,23.81,108,31881.81,1.0,31881.81,Cancelled,Cash,Success
3381,TRP-003215,DRV-00467,USR-01086,LOC-0040,LOC-0025,2024-01-05 05:23:25,2024-01-05 05:41:25,24.23,18,99167.06,1.0,99167.06,Cancelled,Credit Card,Success
3382,TRP-003216,DRV-00174,USR-01427,LOC-0045,LOC-0049,2024-12-19 10:31:52,2024-12-19 11:39:52,33.45,68,13263.67,1.0,13263.67,Completed,Cash,Pending
3383,TRP-003217,DRV-00349,USR-00601,LOC-0051,LOC-0010,2024-01-18 21:54:58,2024-01-18 22:23:58,1.5,29,72439.04,1.0,72439.04,Completed,Cash,Pending
3384,TRP-003218,DRV-00481,USR-01756,LOC-0029,LOC-0055,2024-10-14 15:35:19,2024-10-14 16:33:19,30.13,58,42464.22,1.5,63696.33,Completed,Cash,Success
3385,TRP-003219,DRV-00319,USR-01011,LOC-0032,LOC-0051,2024-06-08 05:53:24,2024-06-08 07:04:24,34.08,71,99854.56,1.5,149781.84,Completed,Credit Card,Success
3386,TRP-003220,DRV-00310,USR-01921,LOC-0043,LOC-0008,2024-02-03 17:30:40,2024-02-03 18:24:40,26.75,54,70034.65,2.5,175086.62,Cancelled,GoPay,Success
3387,TRP-003220,DRV-00310,USR-01921,LOC-0043,LOC-0008,2024-02-03 17:30:40,2024-02-03 18:24:40,26.75,54,70034.65,2.5,175086.62,Cancelled,GoPay,Success
3388,TRP-003221,DRV-00363,USR-00546,LOC-0028,LOC-0032,2024-07-01 08:50:48,2024-07-01 10:17:48,9.53,87,37867.54,1.0,37867.54,Completed,Credit Card,Success
3389,TRP-003222,DRV-00347,USR-01779,LOC-0007,LOC-0018,2024-12-20 21:01:54,2024-12-20 21:22:54,9.91,21,114077.86,0.5,114077.86,Completed,Credit Card,Success
3390,TRP-003223,DRV-00198,USR-01012,LOC-0032,LOC-0015,2024-12-05 19:27:27,2024-12-05 20:30:27,22.24,63,34486.34,1.0,34486.34,Cancelled,Credit Card,Pending
3391,TRP-003224,DRV-00390,USR-00979,LOC-0050,LOC-0013,2024-07-15 23:56:40,2024-07-16 00:44:40,1.38,48,82711.12,1.0,82711.12,Completed,GoPay,Success
3392,TRP-003225,DRV-00315,USR-01089,LOC-0025,LOC-0050,2024-05-28 01:51:20,2024-05-28 02:38:20,14.78,47,44085.98,1.0,44085.98,Completed,GoPay,Success
3393,TRP-003226,DRV-00235,USR-00391,LOC-0042,LOC-0024,2024-04-05 17:45:20,2024-04-05 18:25:20,23.54,40,46924.64,5.0,46924.64,Completed,GoPay,Success
3394,TRP-003227,DRV-00312,USR-01735,LOC-0044,LOC-0013,2024-05-08 13:47:17,2024-05-08 14:17:17,36.18,30,20057.2,1.0,20057.2,failed,Cash,Pending
3395,TRP-003228,DRV-00281,USR-00942,LOC-0003,LOC-0054,2024-02-08 12:07:18,2024-02-08 12:33:18,31.71,26,82634.72,2.5,206586.8,Completed,GoPay,Success
3396,TRP-003229,DRV-00028,USR-00212,LOC-0024,LOC-0013,2024-05-13 06:09:57,2024-05-13 07:55:57,37.35,106,98860.72,1.75,173006.26,Completed,Credit Card,Success
3397,TRP-003230,DRV-00410,USR-00591,LOC-0006,LOC-0040,2024-05-29 08:33:17,2024-05-29 09:00:17,34.89,27,,1.0,,Completed,Cash,Success
3398,TRP-003231,DRV-00278,USR-00406,LOC-0037,LOC-0021,2024-07-05 18:03:30,2024-07-05 19:06:30,28.47,63,134354.07,1.0,134354.07,Completed,GoPay,Success
3399,TRP-003232,DRV-00051,USR-01114,LOC-0042,LOC-0038,2024-12-24 09:25:26,2024-12-24 09:57:26,19.05,32,63201.88,1.5,94802.82,Completed,Cash,Success
3400,TRP-003233,DRV-00314,USR-00743,LOC-0025,LOC-0036,2024-07-21 04:42:39,2024-07-21 06:35:39,2.27,113,141998.68,1.0,141998.68,Completed,Credit Card,Pending
3401,TRP-003234,DRV-00270,USR-00975,LOC-0036,LOC-0054,2024-05-27 00:54:41,2024-05-27 02:39:41,11.49,105,131304.82,1.75,229783.43,Completed,GoPay,Success
3402,TRP-003235,DRV-00064,USR-01518,LOC-0001,LOC-0012,2024-02-26 20:43:33,2024-02-26 22:36:33,35.49,113,61200.11,1.0,61200.11,Completed,Cash,Success
3403,TRP-003236,DRV-00230,USR-00501,LOC-0043,LOC-0035,2024-03-10 23:46:43,2024-03-11 00:52:43,16.46,66,,1.0,,Completed,GoPay,Success
3404,TRP-003237,DRV-00207,USR-01991,LOC-0007,LOC-0008,2024-08-28 02:32:43,2024-08-28 04:12:43,22.01,100,142376.83,1.25,177971.04,Completed,Cash,Success
3405,TRP-003238,DRV-00355,USR-01890,LOC-0016,LOC-0027,2024-09-27 07:24:01,2024-09-27 08:17:01,27.78,53,110996.08,2.5,277490.2,Completed,Credit Card,Pending
3406,TRP-003239,DRV-00092,USR-00233,LOC-0026,LOC-0016,2024-01-27 02:45:50,2024-01-27 03:57:50,12.52,72,104765.23,1.0,104765.23,Cancelled ,GoPay,Pending
3407,TRP-003240,DRV-00126,USR-00656,LOC-0019,LOC-0029,2024-08-15 08:48:13,2024-08-15 09:21:13,10.73,33,29509.57,1.5,44264.35,Cancelled,GoPay,Success
3408,TRP-003241,DRV-00009,USR-01779,LOC-0055,LOC-0029,2024-04-17 15:54:33,2024-04-17 16:20:33,26.82,26,69238.33,1.0,69238.33,Cancelled,Credit Card,Success
3409,TRP-003242,DRV-00424,USR-01542,LOC-0044,LOC-0048,2024-12-02 10:46:41,2024-12-02 11:48:41,1.83,62,122735.79,2.5,306839.47,Completed,GoPay,Success
3410,TRP-003243,DRV-00281,USR-00187,LOC-0036,LOC-0039,2024-04-09 18:41:09,2024-04-09 19:34:09,39.91,53,49155.8,1.25,61444.75,Completed,Cash,Success
3411,TRP-003244,DRV-00225,USR-00310,LOC-0023,LOC-0002,2024-11-03 09:05:29,2024-11-03 10:53:29,35.72,-10,73981.38,1.0,73981.38,Completed,Credit Card,Success
3412,TRP-003245,DRV-00201,USR-00640,LOC-0019,LOC-0015,2024-08-22 10:11:54,2024-08-22 10:22:54,28.4,11,56064.19,1.75,98112.33,Completed,Cash,Success
3413,TRP-003246,DRV-00061,USR-00358,LOC-0034,LOC-0005,2024-07-15 05:40:27,2024-07-15 06:29:27,26.43,49,84658.64,1.0,84658.64,Completed,Cash,Success
3414,TRP-003247,DRV-00401,USR-01179,LOC-0038,LOC-0005,2024-09-10 09:46:11,2024-09-10 10:21:11,12.08,35,88251.82,1.0,88251.82,Completed,GoPay,Success
3415,TRP-003248,DRV-00093,USR-00434,LOC-0020,LOC-0056,2024-01-16 00:16:11,2024-01-16 01:21:11,22.04,65,138600.48,1.0,138600.48,Completed,Cash,Failed
3416,TRP-003249,DRV-00423,USR-01493,LOC-0020,LOC-0043,2024-02-18 14:22:23,2024-02-18 14:45:23,21.96,23,149318.56,1.5,223977.84,Completed,Credit Card,Failed
3417,TRP-003250,DRV-00296,USR-01938,LOC-0050,LOC-0038,2024-10-15 10:36:14,2024-10-15 11:33:14,10.53,57,,1.0,,Completed,GoPay,Success
3418,TRP-003251,DRV-00493,USR-00796,LOC-0023,LOC-0012,2024-08-29 06:46:33,2024-08-29 08:44:33,30.52,118,108453.63,2.0,216907.26,Completed,Credit Card,Pending
3419,TRP-003252,DRV-00478,USR-00042,LOC-0053,LOC-0047,2024-05-09 01:12:09,2024-05-09 01:35:09,1.08,23,13217.95,1.75,23131.41,Completed,Cash,Success
3420,TRP-003253,DRV-00214,USR-01850,LOC-0030,LOC-0023,2024-11-06 19:40:08,2024-11-06 20:06:08,34.07,26,60578.39,1.0,60578.39,Completed,Credit Card,Success
3421,TRP-003254,DRV-00129,USR-01629,LOC-0030,LOC-0019,2024-02-27 22:21:46,2024-02-27 23:54:46,13.69,93,92350.28,1.25,115437.85,Completed,Cash,Success
3422,TRP-003255,DRV-00192,USR-00776,LOC-0014,LOC-0049,2024-02-12 18:25:21,2024-02-12 20:15:21,16.44,110,121071.26,1.0,121071.26,Completed,Credit Card,Success
3423,TRP-003256,DRV-00448,USR-01871,LOC-0032,LOC-0009,2024-06-16 05:00:44,2024-06-16 06:47:44,9.84,107,108774.71,1.0,108774.71,Completed,Credit Card,Success
3424,TRP-003256,DRV-00448,USR-01871,LOC-0032,LOC-0009,2024-06-16 05:00:44,2024-06-16 06:47:44,9.84,107,108774.71,1.0,108774.71,Completed,Credit Card,Success
3425,TRP-003257,DRV-00495,USR-00312,LOC-0023,LOC-0010,2024-01-16 09:32:28,2024-01-16 09:43:28,26.47,11,118557.1,1.25,148196.38,Completed,Credit Card,Success
3426,TRP-003258,DRV-00122,USR-00536,LOC-0025,LOC-0033,2024-09-12 02:31:59,2024-09-12 02:41:59,23.88,10,143658.14,1.75,251401.75,Completed,Cash,Success
3427,TRP-003259,DRV-00274,USR-01357,LOC-0047,LOC-0054,2024-07-26 16:36:52,2024-07-26 18:17:52,21.29,101,110510.61,1.0,110510.61,Completed,Cash,Success
3428,TRP-003260,DRV-00117,USR-01885,LOC-0034,LOC-0053,2024-04-21 13:53:34,2024-04-21 14:41:34,38.94,48,65965.26,1.0,65965.26,Completed,Cash,Success
3429,TRP-003261,DRV-00151,USR-01262,LOC-0017,LOC-0043,2024-09-29 06:32:42,2024-09-29 07:21:42,26.35,49,19954.69,2.0,39909.38,Completed,GoPay,Success
3430,TRP-003262,DRV-00425,USR-00470,LOC-0010,LOC-0007,2024-11-21 10:34:58,2024-11-21 12:11:58,21.54,-10,107956.79,1.5,161935.18,Cancelled,Cash,Success
3431,TRP-003263,DRV-00482,USR-00780,LOC-0033,LOC-0045,2024-12-06 11:26:38,2024-12-06 12:21:38,3.76,55,132824.84,1.0,132824.84,Completed,GoPay,Success
3432,TRP-003264,DRV-00490,USR-00603,LOC-0023,LOC-0007,2024-10-07 20:26:40,2024-10-07 22:18:40,6.24,112,132758.99,2.5,331897.47,Completed,GoPay,Success
3433,TRP-003265,DRV-00391,USR-00582,LOC-0052,LOC-0057,2024-08-19 23:18:34,2024-08-20 00:28:34,7.33,70,47773.52,1.5,71660.28,Completed,Cash,Success
3434,TRP-003266,DRV-00256,USR-00721,LOC-0038,LOC-0039,2024-10-26 18:34:32,2024-10-26 19:09:32,9.72,35,61398.24,1.25,76747.8,Completed,GoPay,Success
3435,TRP-003267,DRV-00454,USR-01598,LOC-0040,LOC-0044,2024-10-19 01:25:48,2024-10-19 01:52:48,30.26,27,97959.67,1.0,97959.67,Completed,Cash,Success
3436,TRP-003268,DRV-00166,USR-01528,LOC-0018,LOC-0028,2024-03-13 20:49:54,2024-03-13 21:53:54,20.45,64,69118.08,1.0,69118.08,Completed,Cash,Success
3437,TRP-003269,DRV-00404,USR-01022,LOC-0009,LOC-0021,2024-05-17 16:43:21,2024-05-17 17:34:21,27.01,51,64571.29,1.25,80714.11,Completed,Cash,Success
3438,TRP-003270,DRV-00445,USR-00430,LOC-0040,LOC-0037,2024-11-13 03:51:25,2024-11-13 05:51:25,17.83,120,14220.13,1.0,14220.13,Cancelled,Cash,Success
3439,TRP-003271,DRV-00323,USR-00560,LOC-0022,LOC-0041,2024-05-21 07:08:02,2024-05-21 08:47:02,25.07,99,20996.22,1.0,20996.22,Completed,Cash,Success
3440,TRP-003272,DRV-00167,USR-01740,LOC-0016,LOC-0025,2024-02-22 12:19:56,2024-02-22 13:45:56,9.62,86,34402.2,2.5,86005.5,Completed,Credit Card,Success
3441,TRP-003273,DRV-00452,USR-01391,LOC-0015,LOC-0009,2024-09-12 07:23:14,2024-09-12 08:28:14,4.6,65,66288.97,1.0,66288.97,Failed,Cash,Success
3442,TRP-003274,DRV-00052,USR-01060,LOC-0052,LOC-0001,2024-05-17 13:51:08,2024-05-17 14:41:08,31.66,50,130156.66,1.0,130156.66,Completed,Cash,Failed
3443,TRP-003275,DRV-00214,USR-01338,LOC-0009,LOC-0002,2024-11-13 01:20:14,2024-11-13 02:14:14,29.72,54,100649.09,1.0,100649.09,Completed,Cash,Success
3444,TRP-003276,DRV-00407,USR-01143,LOC-0036,LOC-0012,2024-12-25 11:06:03,2024-12-25 12:52:03,33.28,106,67422.91,1.0,67422.91,Completed,Cash,Success
3445,TRP-003277,DRV-00478,USR-01739,LOC-0034,LOC-0048,2024-10-19 23:32:30,2024-10-20 01:30:30,3.86,118,133126.95,1.75,232972.16,Cancelled,GoPay,Pending
3446,TRP-003278,DRV-00387,USR-00950,LOC-0019,LOC-0045,2024-12-06 10:00:21,2024-12-06 11:54:21,32.52,114,33563.87,1.0,33563.87,Completed,Credit Card,Success
3447,TRP-003279,DRV-00140,USR-00052,LOC-0045,LOC-0025,2024-05-07 06:09:15,2024-05-07 08:05:15,3.24,116,56413.38,1.0,56413.38,Completed,Credit Card,Success
3448,TRP-003280,DRV-00285,USR-01765,LOC-0030,LOC-0022,2024-03-15 03:41:08,2024-03-15 05:20:08,11.55,99,77612.24,1.25,97015.3,Cancelled,GoPay,Success
3449,TRP-003281,DRV-00034,USR-01306,LOC-0031,LOC-0006,2024-11-21 02:24:05,2024-11-21 02:38:05,22.4,14,30023.59,1.75,52541.28,Completed,Credit Card,Success
3450,TRP-003282,DRV-00127,USR-00433,LOC-0025,LOC-0030,2024-10-29 10:00:55,2024-10-29 11:19:55,10.03,79,81977.47,1.75,143460.57,Completed,Credit Card,Success
3451,TRP-003283,DRV-00119,USR-01414,LOC-0045,LOC-0007,2024-12-02 19:21:55,2024-12-02 21:01:55,29.38,100,95695.76,1.5,143543.64,Completed,Credit Card,Success
3452,TRP-003284,DRV-00127,USR-01062,LOC-0034,LOC-0044,2024-12-15 07:50:22,2024-12-15 09:37:22,7.49,107,81425.14,1.0,81425.14,Completed,Cash,Pending
3453,TRP-003285,DRV-00093,USR-01186,LOC-0051,LOC-0033,2024-05-01 15:09:27,2024-05-01 15:26:27,18.57,17,71287.21,1.25,89109.01,Completed,Credit Card,Success
3454,TRP-003286,DRV-00045,USR-01816,LOC-0023,LOC-0054,2024-04-26 04:42:38,2024-04-26 05:40:38,3.78,58,20182.64,1.5,30273.96,Cancelled,GoPay,Success
3455,TRP-003287,DRV-00374,USR-00248,LOC-0054,LOC-0041,2024-09-11 07:16:42,2024-09-11 08:39:42,35.05,83,124040.76,2.0,248081.52,Completed,Credit Card,Success
3456,TRP-003287,DRV-00374,USR-00248,LOC-0054,LOC-0041,2024-09-11 07:16:42,2024-09-11 08:39:42,35.05,83,124040.76,2.0,248081.52,Completed,Credit Card,Success
3457,TRP-003288,DRV-00333,USR-00436,LOC-0006,LOC-0022,2024-09-02 00:05:27,2024-09-02 01:54:27,26.2,109,24211.2,1.5,36316.8,Completed,GoPay,Success
3458,TRP-003289,DRV-00153,USR-01523,LOC-0015,LOC-0022,2024-10-12 04:23:23,2024-10-12 06:05:23,24.19,102,119748.98,1.0,119748.98,Completed,GoPay,Success
3459,TRP-003290,DRV-00186,USR-00858,LOC-0013,LOC-0012,2024-09-22 06:22:31,2024-09-22 07:04:31,33.52,42,50345.21,3.5,50345.21,Completed,Cash,Success
3460,TRP-003291,DRV-00361,USR-00968,LOC-0012,LOC-0042,2024-11-24 21:26:45,2024-11-24 22:48:45,18.03,82,140016.46,1.25,175020.57,Completed,Credit Card,Success
3461,TRP-003292,DRV-00153,USR-00499,LOC-0002,LOC-0044,2024-06-21 10:23:21,2024-06-21 11:23:21,,60,,1.5,,Completed,Credit Card,Success
3462,TRP-003293,DRV-00332,USR-00874,LOC-0025,LOC-0039,2024-08-20 07:56:57,2024-08-20 09:51:57,30.09,115,36749.14,1.25,45936.43,Completed,GoPay,Success
3463,TRP-003294,DRV-00450,USR-00060,LOC-0050,LOC-0044,2024-05-14 19:11:53,2024-05-14 20:09:53,7.79,58,106076.13,1.5,159114.2,Completed,GoPay,Success
3464,TRP-003295,DRV-00234,USR-00212,LOC-0004,LOC-0020,2024-10-05 09:47:27,2024-10-05 10:37:27,,50,36190.28,1.0,36190.28,Completed,GoPay,Failed
3465,TRP-003296,DRV-00075,USR-00330,LOC-0053,LOC-0005,2024-06-25 23:23:52,2024-06-26 00:37:52,1.35,74,67323.96,1.0,67323.96,Completed,Credit Card,Success
3466,TRP-003297,DRV-00440,USR-00883,LOC-0033,LOC-0018,2024-02-18 16:50:49,2024-02-18 18:48:49,36.81,118,133107.76,2.5,332769.4,Cancelled,Cash,Success
3467,TRP-003298,DRV-00235,USR-00333,LOC-0030,LOC-0010,2024-08-01 14:19:04,2024-08-01 15:32:04,33.3,73,25736.18,1.5,38604.27,Completed,Cash,Success
3468,TRP-003299,DRV-00417,USR-01562,LOC-0032,LOC-0004,2024-10-31 04:07:07,2024-10-31 06:05:07,24.18,118,67006.3,1.25,83757.88,Completed,Cash,Success
3469,TRP-003300,DRV-00339,USR-01379,LOC-0037,LOC-0039,2024-02-03 19:20:42,2024-02-03 19:49:42,,29,137213.12,1.0,137213.12,completed,GoPay,Success
3470,TRP-003301,DRV-00153,USR-00995,LOC-0010,LOC-0049,2024-11-17 02:20:49,2024-11-17 02:35:49,37.61,15,70758.35,2.0,141516.7,Completed,Cash,Success
3471,TRP-003301,DRV-00153,USR-00995,LOC-0010,LOC-0049,2024-11-17 02:20:49,2024-11-17 02:35:49,37.61,15,70758.35,2.0,141516.7,Completed,Cash,Success
3472,TRP-003302,DRV-00447,USR-01279,LOC-0056,LOC-0047,2024-12-23 18:08:27,2024-12-23 18:40:27,19.76,32,96915.61,1.25,121144.51,Completed,Credit Card,Success
3473,TRP-003303,DRV-00109,USR-01692,LOC-0025,LOC-0050,2024-12-05 10:21:57,2024-12-05 10:35:57,36.29,14,51021.58,2.5,127553.95,Cancelled,GoPay,Success
3474,TRP-003304,DRV-00124,USR-00327,LOC-0048,LOC-0055,2024-03-06 22:00:13,2024-03-06 22:47:13,29.16,47,95692.76,1.0,95692.76,Completed,GoPay,Success
3475,TRP-003305,DRV-00010,USR-01098,LOC-0006,LOC-0038,2024-02-20 14:14:08,2024-02-20 15:27:08,13.93,73,80969.68,1.75,141696.94,Completed,GoPay,Success
3476,TRP-003306,DRV-00027,USR-00171,LOC-0038,LOC-0010,2024-04-09 00:04:21,2024-04-09 01:37:21,15.64,93,59701.95,1.0,59701.95,Cancelled,Credit Card,Success
3477,TRP-003307,DRV-00016,USR-01132,LOC-0030,LOC-0008,2024-06-10 16:18:01,2024-06-10 17:08:01,3.06,50,122893.87,1.0,122893.87,Completed,Credit Card,Pending
3478,TRP-003308,DRV-00169,USR-00493,LOC-0052,LOC-0045,2024-10-02 13:38:47,2024-10-02 14:57:47,11.1,79,58058.55,1.0,58058.55,Completed,Credit Card,Success
3479,TRP-003309,DRV-00323,USR-01327,LOC-0038,LOC-0046,2024-10-15 15:14:25,2024-10-15 15:41:25,26.77,27,22574.49,1.75,39505.36,Completed,Credit Card,Success
3480,TRP-003310,DRV-00196,USR-01094,LOC-0027,LOC-0044,2024-05-04 22:26:06,2024-05-04 22:37:06,15.8,11,13577.79,1.75,23761.13,Completed,Cash,Success
3481,TRP-003311,DRV-00283,USR-00211,LOC-0052,LOC-0056,2024-07-30 04:53:09,2024-07-30 06:29:09,3.18,96,144130.32,1.25,180162.9,Completed,Cash,Success
3482,TRP-003312,DRV-00494,USR-00894,LOC-0002,LOC-0004,2024-07-27 18:24:34,2024-07-27 20:15:34,11.66,111,110857.24,1.0,110857.24,Completed,GoPay,Failed
3483,TRP-003313,DRV-00125,USR-00865,LOC-0038,LOC-0046,2024-02-14 07:08:17,2024-02-14 07:19:17,24.53,11,96826.24,0.5,169445.92,Completed,Cash,Success
3484,TRP-003314,DRV-00279,USR-00086,LOC-0002,LOC-0019,2024-11-16 12:08:01,2024-11-16 13:19:01,8.18,71,55728.71,1.0,55728.71,Cancelled,GoPay,Success
3485,TRP-003315,DRV-00373,USR-00720,LOC-0021,LOC-0044,2024-05-21 16:19:44,2024-05-21 16:30:44,26.45,11,25204.52,1.0,25204.52,Cancelled,Credit Card,Success
3486,TRP-003316,DRV-00178,USR-01360,LOC-0017,LOC-0053,2024-03-19 10:39:51,2024-03-19 12:11:51,8.68,-5,95282.01,1.25,119102.51,Completed,Credit Card,Success
3487,TRP-003317,DRV-00355,USR-00034,LOC-0014,LOC-0027,2024-09-01 06:30:46,2024-09-01 06:49:46,10.32,19,29552.17,1.0,29552.17,Completed,Credit Card,Success
3488,TRP-003318,DRV-00118,USR-00025,LOC-0039,LOC-0042,2024-10-06 23:59:45,2024-10-07 01:14:45,,75,127415.53,1.75,222977.18,Completed,Credit Card,Success
3489,TRP-003319,DRV-00475,USR-00406,LOC-0019,LOC-0042,2024-09-09 16:23:21,2024-09-09 16:57:21,29.44,34,59090.44,1.5,88635.66,Completed,GoPay,Success
3490,TRP-003320,DRV-00445,USR-00172,LOC-0014,LOC-0027,2024-03-23 13:13:20,2024-03-23 14:24:20,28.51,71,55664.57,1.0,55664.57,Completed,GoPay,Success
3491,TRP-003321,DRV-00339,USR-01582,LOC-0031,LOC-0037,2024-10-20 01:40:40,2024-10-20 03:37:40,12.22,-5,131424.3,1.25,164280.38,Completed,GoPay,Success
3492,TRP-003322,DRV-00444,USR-00008,LOC-0011,LOC-0030,2024-11-20 12:33:37,2024-11-20 13:13:37,8.28,40,,5.0,,Completed,Cash,Success
3493,TRP-003323,DRV-00036,USR-00008,LOC-0050,LOC-0012,2024-08-08 19:20:14,2024-08-08 20:00:14,24.61,40,128793.86,1.0,128793.86,Completed,Credit Card,Success
3494,TRP-003324,DRV-00311,USR-01992,LOC-0044,LOC-0034,2024-09-13 01:24:42,2024-09-13 01:45:42,30.59,21,71838.52,1.0,71838.52,Cancelled,GoPay,Success
3495,TRP-003325,DRV-00105,USR-00446,LOC-0009,LOC-0006,2024-10-26 06:36:06,2024-10-26 07:17:06,35.26,41,42245.36,1.0,42245.36,Completed,GoPay,Success
3496,TRP-003326,DRV-00298,USR-00693,LOC-0056,LOC-0033,2024-07-09 10:33:56,2024-07-09 12:05:56,8.12,92,33771.48,1.5,50657.22,Completed,GoPay,Success
3497,TRP-003327,DRV-00083,USR-00457,LOC-0053,LOC-0041,2024-11-02 01:29:53,2024-11-02 01:53:53,11.36,24,83750.49,1.0,83750.49,CANCELLED,GoPay,Success
3498,TRP-003328,DRV-00251,USR-00783,LOC-0049,LOC-0015,2024-12-27 06:49:04,2024-12-27 08:37:04,25.75,108,55542.91,1.0,55542.91,Completed,Cash,Failed
3499,TRP-003329,DRV-00005,USR-00474,LOC-0032,LOC-0024,2024-10-28 05:18:14,2024-10-28 06:18:14,25.02,60,53411.94,1.5,80117.91,Completed,Cash,Success
3500,TRP-003330,DRV-00400,USR-00414,LOC-0047,LOC-0030,2024-02-10 02:53:38,2024-02-10 04:08:38,37.17,75,45782.83,2.5,114457.08,Completed,Cash,Success
3501,TRP-003331,DRV-00005,USR-00375,LOC-0043,LOC-0035,2024-10-29 02:42:18,2024-10-29 03:34:18,6.79,52,31276.11,1.0,31276.11,Cancelled,Credit Card,Success
3502,TRP-003332,DRV-00439,USR-00831,LOC-0017,LOC-0036,2024-12-22 13:44:59,2024-12-22 14:55:59,33.27,71,36361.15,1.75,63632.01,Cancelled,Credit Card,Success
3503,TRP-003333,DRV-00085,USR-01618,LOC-0015,LOC-0044,2024-11-26 18:11:24,2024-11-26 19:07:24,25.09,56,11228.78,1.5,16843.17,Completed,Credit Card,Success
3504,TRP-003334,DRV-00441,USR-00300,LOC-0010,LOC-0019,2024-09-23 00:58:16,2024-09-23 01:44:16,17.88,46,35708.67,1.0,35708.67,Completed,GoPay,Success
3505,TRP-003335,DRV-00246,USR-00271,LOC-0030,LOC-0018,2024-09-24 10:43:44,2024-09-24 12:03:44,12.56,80,139942.77,1.25,174928.46,Completed,Cash,Success
3506,TRP-003336,DRV-00362,USR-01025,LOC-0019,LOC-0020,2024-07-12 13:52:53,2024-07-12 15:35:53,27.56,103,69113.45,1.25,86391.81,Completed,Credit Card,Success
3507,TRP-003337,DRV-00468,USR-00917,LOC-0049,LOC-0005,2024-02-11 19:04:47,2024-02-11 19:17:47,17.73,13,51478.74,1.0,51478.74,Completed,GoPay,Success
3508,TRP-003337,DRV-00468,USR-00917,LOC-0049,LOC-0005,2024-02-11 19:04:47,2024-02-11 19:17:47,17.73,13,51478.74,1.0,51478.74,Completed,GoPay,Success
3509,TRP-003338,DRV-00397,USR-01111,LOC-0035,LOC-0056,2024-02-08 07:59:59,2024-02-08 08:45:59,21.48,46,85747.7,1.25,107184.62,Completed,Cash,Success
3510,TRP-003339,DRV-00218,USR-01569,LOC-0040,LOC-0006,2024-04-06 23:00:17,2024-04-07 00:50:17,22.69,110,119781.35,1.0,119781.35,Completed,Credit Card,Success
3511,TRP-003340,DRV-00458,USR-01351,LOC-0038,LOC-0027,2024-07-06 13:53:04,2024-07-06 14:44:04,17.77,51,73576.92,1.5,110365.38,Completed,Credit Card,Failed
3512,TRP-003341,DRV-00474,USR-00226,LOC-0053,LOC-0006,2024-10-26 01:16:22,2024-10-26 02:32:22,25.2,76,77401.58,1.0,77401.58,Completed,GoPay,Success
3513,TRP-003342,DRV-00079,USR-01452,LOC-0027,LOC-0051,2024-10-27 21:56:23,2024-10-27 23:02:23,29.13,66,32972.69,1.0,32972.69,Completed,GoPay,Success
3514,TRP-003343,DRV-00358,USR-01998,LOC-0041,LOC-0054,2024-03-09 09:27:30,2024-03-09 11:03:30,22.0,96,142920.17,1.5,214380.26,Completed,Credit Card,Pending
3515,TRP-003344,DRV-00400,USR-00293,LOC-0018,LOC-0023,2024-08-20 23:47:48,2024-08-21 01:30:48,5.23,103,28059.75,1.25,35074.69,Completed,Credit Card,Success
3516,TRP-003345,DRV-00377,USR-01596,LOC-0044,LOC-0053,2024-02-15 12:22:13,2024-02-15 13:04:13,9.55,42,40490.63,2.0,80981.26,Completed,GoPay,Success
3517,TRP-003346,DRV-00099,USR-00515,LOC-0045,LOC-0051,2024-01-30 01:53:21,2024-01-30 02:49:21,24.1,56,115268.33,1.25,144085.41,Completed,GoPay,Success
3518,TRP-003347,DRV-00070,USR-00907,LOC-0004,LOC-0028,2024-01-05 04:50:07,2024-01-05 05:57:07,19.81,67,111831.6,1.0,111831.6,Completed,Cash,Success
3519,TRP-003348,DRV-00068,USR-00640,LOC-0012,LOC-0013,2024-03-29 00:56:31,2024-03-29 01:42:31,3.71,46,74330.92,1.25,92913.65,Completed,Credit Card,Pending
3520,TRP-003349,DRV-00161,USR-01761,LOC-0040,LOC-0026,2024-01-06 04:17:26,2024-01-06 05:46:26,1.94,89,32299.34,1.0,32299.34,Completed,GoPay,Success
3521,TRP-003350,DRV-00101,USR-00187,LOC-0023,LOC-0011,2024-02-15 11:45:36,2024-02-15 12:06:36,30.54,21,95105.93,1.5,142658.89,Cancelled,GoPay,Success
3522,TRP-003351,DRV-00209,USR-00494,LOC-0028,LOC-0037,2024-07-29 20:10:35,2024-07-29 21:11:35,11.63,61,0.0,1.25,0.0,Completed,GoPay,Success
3523,TRP-003352,DRV-00198,USR-01676,LOC-0049,LOC-0041,2024-09-13 05:06:00,2024-09-13 06:48:00,20.02,102,53319.24,1.0,53319.24,Completed,GoPay,Success
3524,TRP-003353,DRV-00120,USR-00719,LOC-0050,LOC-0019,2024-03-15 05:21:15,2024-03-15 05:46:15,10.07,25,142946.64,1.0,142946.64,Completed,Cash,Success
3525,TRP-003354,DRV-00411,USR-01170,LOC-0048,LOC-0042,2024-08-08 02:36:49,2024-08-08 04:33:49,1.76,117,128790.64,1.0,128790.64,Completed,GoPay,Success
3526,TRP-003355,DRV-00001,USR-00330,LOC-0040,LOC-0030,2024-06-03 20:38:40,2024-06-03 21:44:40,3.04,66,70018.87,1.0,70018.87,Completed,GoPay,Success
3527,TRP-003355,DRV-00001,USR-00330,LOC-0040,LOC-0030,2024-06-03 20:38:40,2024-06-03 21:44:40,3.04,66,70018.87,1.0,70018.87,Completed,GoPay,Success
3528,TRP-003356,DRV-00300,USR-01518,LOC-0010,LOC-0027,2024-01-09 14:37:44,2024-01-09 14:52:44,14.43,15,31650.47,1.0,31650.47,Completed,Cash,Success
3529,TRP-003357,DRV-00125,USR-01561,LOC-0034,LOC-0036,2024-11-21 18:26:29,2024-11-21 18:52:29,13.32,26,100831.92,1.5,151247.88,Completed,Cash,Success
3530,TRP-003358,DRV-00246,USR-01266,LOC-0039,LOC-0033,2024-08-06 23:46:34,2024-08-07 00:01:34,12.01,15,,1.0,,Completed,GoPay,Success
3531,TRP-003359,DRV-00207,USR-00255,LOC-0017,LOC-0001,2024-09-17 15:29:07,2024-09-17 16:12:07,21.07,43,80846.58,1.0,80846.58,Completed,Credit Card,Success
3532,TRP-003360,DRV-00024,USR-01273,LOC-0007,LOC-0009,2024-04-18 07:01:51,2024-04-18 08:28:51,29.13,87,94240.63,1.0,94240.63,Completed,Cash,Failed
3533,TRP-003361,DRV-00429,USR-01314,LOC-0015,LOC-0044,2024-05-29 12:09:57,2024-05-29 12:51:57,36.26,42,94276.2,1.25,117845.25,Completed,GoPay,Success
3534,TRP-003362,DRV-00108,USR-01132,LOC-0041,LOC-0047,2024-03-05 09:29:04,2024-03-05 10:02:04,10.35,33,39665.67,1.0,39665.67,Completed,GoPay,Success
3535,TRP-003363,DRV-00323,USR-01717,LOC-0035,LOC-0029,2024-02-28 21:21:17,2024-02-28 21:36:17,16.96,15,66200.38,1.75,115850.67,Cancelled,Cash,Success
3536,TRP-003364,DRV-00006,USR-01050,LOC-0041,LOC-0017,2024-11-13 08:49:38,2024-11-13 10:03:38,9.23,74,79501.37,1.0,79501.37,Completed,Credit Card,Success
3537,TRP-003365,DRV-00396,USR-01201,LOC-0049,LOC-0051,2024-04-04 03:16:01,2024-04-04 04:17:01,19.15,61,0.0,1.0,0.0,Completed,Credit Card,Success
3538,TRP-003366,DRV-00029,USR-00528,LOC-0014,LOC-0037,2024-07-29 01:21:35,2024-07-29 01:31:35,4.44,10,129066.37,1.0,129066.37,Failed,GoPay,Success
3539,TRP-003367,DRV-00151,USR-01610,LOC-0012,LOC-0023,2024-05-07 12:36:12,2024-05-07 13:36:12,3.68,60,138168.88,2.0,276337.76,Failed,Cash,Pending
3540,TRP-003368,DRV-00102,USR-00383,LOC-0050,LOC-0023,2024-07-04 13:23:21,2024-07-04 14:59:21,23.26,96,145731.78,2.5,364329.45,Completed,Cash,Success
3541,TRP-003369,DRV-00388,USR-01408,LOC-0028,LOC-0004,2024-04-11 01:50:08,2024-04-11 03:37:08,28.92,107,,2.0,,Completed,Credit Card,Success
3542,TRP-003370,DRV-00295,USR-01044,LOC-0006,LOC-0047,2024-10-16 16:48:39,2024-10-16 18:03:39,29.38,75,43018.32,1.0,43018.32,Cancelled,Cash,Failed
3543,TRP-003371,DRV-00081,USR-01927,LOC-0010,LOC-0037,2024-06-05 11:33:23,2024-06-05 13:20:23,23.73,107,29933.25,1.5,44899.88,Completed,Credit Card,Success
3544,TRP-003372,DRV-00070,USR-00202,LOC-0044,LOC-0003,2024-01-16 09:41:44,2024-01-16 11:21:44,18.83,100,57066.15,1.0,57066.15,Completed,Credit Card,Success
3545,TRP-003373,DRV-00261,USR-00294,LOC-0010,LOC-0019,2024-10-20 10:19:25,2024-10-20 10:55:25,32.01,36,12562.41,1.75,21984.22,Completed,Credit Card,Success
3546,TRP-003374,DRV-00087,USR-01311,LOC-0026,LOC-0001,2024-07-30 02:22:01,2024-07-30 03:17:01,14.84,55,28971.66,1.25,36214.57,Completed,Cash,Success
3547,TRP-003375,DRV-00405,USR-01171,LOC-0053,LOC-0024,2024-08-19 04:34:08,2024-08-19 06:26:08,13.42,112,94290.7,1.0,94290.7,Failed,GoPay,Success
3548,TRP-003376,DRV-00200,USR-00451,LOC-0053,LOC-0004,2024-02-07 08:37:05,2024-02-07 09:31:05,35.88,54,35648.94,2.0,71297.88,Failed,Cash,Success
3549,TRP-003377,DRV-00183,USR-00308,LOC-0037,LOC-0007,2024-07-29 18:10:33,2024-07-29 20:08:33,12.08,118,17026.59,1.0,17026.59,Cancelled,GoPay,Success
3550,TRP-003378,DRV-00012,USR-00368,LOC-0011,LOC-0057,2024-11-10 15:06:51,2024-11-10 15:19:51,38.3,13,73382.32,1.75,128419.06,Cancelled,Cash,Success
3551,TRP-003379,DRV-00050,USR-00856,LOC-0018,LOC-0052,2024-11-21 02:54:07,2024-11-21 04:31:07,18.95,97,112797.95,1.25,140997.44,Cancelled,Cash,Pending
3552,TRP-003380,DRV-00037,USR-00044,LOC-0009,LOC-0047,2024-12-09 01:37:34,2024-12-09 03:16:34,39.88,99,114383.18,1.5,171574.77,Completed,Cash,Success
3553,TRP-003381,DRV-00405,USR-01643,LOC-0026,LOC-0005,2024-05-17 01:53:49,2024-05-17 02:24:49,27.69,31,130377.04,1.0,130377.04,Cancelled,Cash,Success
3554,TRP-003382,DRV-00006,USR-01764,LOC-0026,LOC-0012,2024-02-24 12:44:48,2024-02-24 13:35:48,32.75,51,138386.31,1.0,138386.31,Completed,Cash,Success
3555,TRP-003383,DRV-00434,USR-01153,LOC-0051,LOC-0054,2024-03-26 20:21:13,2024-03-26 21:23:13,35.36,62,,1.25,,Completed,Cash,Pending
3556,TRP-003384,DRV-00242,USR-00422,LOC-0037,LOC-0056,2024-11-02 10:03:28,2024-11-02 11:54:28,34.52,111,88040.93,2.5,220102.32,Completed,GoPay,Success
3557,TRP-003385,DRV-00405,USR-00018,LOC-0008,LOC-0029,2024-03-01 13:22:34,2024-03-01 14:59:34,12.35,97,45660.16,1.0,45660.16,Completed,Cash,Success
3558,TRP-003386,DRV-00063,USR-00651,LOC-0046,LOC-0003,2024-11-06 20:30:50,2024-11-06 20:57:50,39.02,27,97560.58,1.25,121950.73,Completed,GoPay,Pending
3559,TRP-003387,DRV-00470,USR-01106,LOC-0002,LOC-0028,2024-02-22 06:29:26,2024-02-22 06:46:26,23.55,17,54270.15,1.0,54270.15,Completed,Credit Card,Success
3560,TRP-003388,DRV-00098,USR-01304,LOC-0043,LOC-0047,2024-03-26 06:35:57,2024-03-26 08:25:57,,110,30780.89,1.5,46171.33,Completed,GoPay,Success
3561,TRP-003389,DRV-00129,USR-01174,LOC-0030,LOC-0034,2024-05-03 00:44:28,2024-05-03 02:39:28,32.94,115,140109.01,1.75,245190.77,Cancelled,GoPay,Success
3562,TRP-003389,DRV-00129,USR-01174,LOC-0030,LOC-0034,2024-05-03 00:44:28,2024-05-03 02:39:28,32.94,115,140109.01,1.75,245190.77,Cancelled,GoPay,Success
3563,TRP-003390,DRV-00164,USR-01627,LOC-0049,LOC-0003,2024-09-17 23:12:11,2024-09-17 23:38:11,15.51,26,129859.01,1.0,129859.01,Completed,Credit Card,Success
3564,TRP-003391,DRV-00330,USR-01255,LOC-0032,LOC-0050,2024-07-09 20:33:33,2024-07-09 20:45:33,19.52,12,40624.67,1.0,40624.67,Completed,Cash,Success
3565,TRP-003392,DRV-00183,USR-01554,LOC-0032,LOC-0023,2024-11-13 12:32:23,2024-11-13 13:54:23,31.62,82,52628.23,1.25,65785.29,Completed,Cash,Success
3566,TRP-003393,DRV-00076,USR-00616,LOC-0004,LOC-0043,2024-08-26 18:41:33,2024-08-26 19:55:33,21.4,74,121897.18,1.0,121897.18,Cancelled,Credit Card,Success
3567,TRP-003394,DRV-00311,USR-01659,LOC-0001,LOC-0002,2024-06-10 09:10:24,2024-06-10 09:31:24,22.47,21,31404.35,1.0,31404.35,Completed,Cash,Success
3568,TRP-003395,DRV-00410,USR-01893,LOC-0011,LOC-0042,2024-04-09 15:48:32,2024-04-09 17:31:32,11.93,103,145787.49,1.0,145787.49,Cancelled,Cash,Success
3569,TRP-003396,DRV-00124,USR-01276,LOC-0035,LOC-0039,2024-06-30 02:16:39,2024-06-30 03:28:39,37.82,72,141945.7,1.25,177432.12,Completed,Cash,Success
3570,TRP-003397,DRV-00400,USR-00961,LOC-0048,LOC-0014,2024-11-05 22:44:47,2024-11-05 23:46:47,1.47,62,24863.08,1.0,24863.08,Cancelled,GoPay,Success
3571,TRP-003398,DRV-00109,USR-01472,LOC-0037,LOC-0021,2024-03-26 06:56:12,2024-03-26 08:11:12,,75,,1.0,,Completed,Cash,Success
3572,TRP-003399,DRV-00473,USR-00477,LOC-0007,LOC-0017,2024-08-09 01:13:15,2024-08-09 01:47:15,35.56,34,113512.52,2.0,227025.04,Completed,Cash,Success
3573,TRP-003400,DRV-00442,USR-01983,LOC-0027,LOC-0045,2024-03-09 00:07:04,2024-03-09 00:47:04,20.61,40,69841.69,1.0,69841.69,Completed,GoPay,Success
3574,TRP-003401,DRV-00416,USR-01190,LOC-0049,LOC-0050,2024-04-16 14:33:56,2024-04-16 15:03:56,16.52,30,104458.66,1.0,104458.66,Completed,Cash,Success
3575,TRP-003402,DRV-00096,USR-01248,LOC-0053,LOC-0038,2024-01-29 01:25:52,2024-01-29 03:04:52,32.56,99,134973.41,1.0,134973.41,Cancelled,GoPay,Success
3576,TRP-003403,DRV-00270,USR-00383,LOC-0054,LOC-0032,2024-06-28 19:58:12,2024-06-28 21:30:12,38.49,92,26190.7,1.25,32738.38,Completed,Credit Card,Success
3577,TRP-003404,DRV-00380,USR-00580,LOC-0047,LOC-0017,2024-04-30 14:58:34,2024-04-30 15:21:34,14.48,23,62863.54,1.0,62863.54,Completed,Cash,Failed
3578,TRP-003405,DRV-00276,USR-01615,LOC-0008,LOC-0034,2024-01-06 11:41:00,2024-01-06 13:31:00,4.7,110,35330.37,1.25,44162.96,Completed,Cash,Success
3579,TRP-003406,DRV-00490,USR-00624,LOC-0055,LOC-0041,2024-12-26 10:53:35,2024-12-26 12:16:35,4.27,83,25066.71,1.0,25066.71,Cancelled,Cash,Success
3580,TRP-003407,DRV-00092,USR-01178,LOC-0004,LOC-0017,2024-07-24 02:39:24,2024-07-24 04:33:24,7.88,114,54673.68,1.0,54673.68,Completed,Cash,Success
3581,TRP-003407,DRV-00092,USR-01178,LOC-0004,LOC-0017,2024-07-24 02:39:24,2024-07-24 04:33:24,7.88,114,54673.68,1.0,54673.68,Completed,Cash,Success
3582,TRP-003408,DRV-00179,USR-00249,LOC-0005,LOC-0015,2024-11-17 01:48:57,2024-11-17 03:25:57,24.66,97,124465.93,1.75,217815.38,Completed,GoPay,Success
3583,TRP-003409,DRV-00044,USR-00179,LOC-0035,LOC-0050,2024-12-03 22:38:24,2024-12-03 23:48:24,28.03,70,140164.52,1.0,140164.52,Completed,Cash,Success
3584,TRP-003410,DRV-00472,USR-01819,LOC-0002,LOC-0041,2024-06-20 20:08:19,2024-06-20 22:07:19,5.57,119,143648.03,1.0,143648.03,Completed,Credit Card,Success
3585,TRP-003411,DRV-00055,USR-01150,LOC-0030,LOC-0013,2024-02-15 00:53:33,2024-02-15 02:04:33,29.27,71,132429.26,1.0,132429.26,Completed,Cash,Success
3586,TRP-003412,DRV-00034,USR-00999,LOC-0045,LOC-0043,2024-10-25 07:26:36,2024-10-25 08:21:36,27.76,55,123888.03,1.0,123888.03,Completed,Cash,Success
3587,TRP-003413,DRV-00022,USR-00283,LOC-0033,LOC-0006,2024-02-12 01:19:47,2024-02-12 01:42:47,37.88,23,78586.93,1.0,78586.93,Completed,Cash,Success
3588,TRP-003414,DRV-00238,USR-01492,LOC-0001,LOC-0010,2024-01-19 01:20:55,2024-01-19 02:33:55,36.76,73,89114.23,1.0,89114.23,Cancelled,Credit Card,Success
3589,TRP-003415,DRV-00464,USR-00925,LOC-0031,LOC-0008,2024-08-13 22:58:58,2024-08-13 23:58:58,26.61,60,79407.75,1.0,79407.75,Completed,Cash,Success
3590,TRP-003416,DRV-00383,USR-01562,LOC-0034,LOC-0036,2024-09-10 17:02:22,2024-09-10 17:48:22,31.67,46,122164.83,1.0,122164.83,Completed,Cash,Success
3591,TRP-003417,DRV-00383,USR-00600,LOC-0021,LOC-0007,2024-03-07 20:26:41,2024-03-07 21:29:41,13.87,63,34851.44,1.75,60990.02,Completed,Cash,Pending
3592,TRP-003418,DRV-00109,USR-01864,LOC-0012,LOC-0006,2024-01-31 13:01:04,2024-01-31 13:30:04,15.81,29,85442.86,1.0,85442.86,Completed,Cash,Success
3593,TRP-003419,DRV-00252,USR-01882,LOC-0032,LOC-0005,2024-01-01 12:03:45,2024-01-01 12:49:45,15.32,46,145920.58,1.0,145920.58,Cancelled,Credit Card,Success
3594,TRP-003420,DRV-00267,USR-01308,LOC-0031,LOC-0001,2024-12-19 19:40:28,2024-12-19 19:52:28,13.94,12,58892.62,1.5,88338.93,Completed,Cash,Failed
3595,TRP-003421,DRV-00006,USR-01453,LOC-0036,LOC-0018,2024-10-09 10:50:51,2024-10-09 12:04:51,19.22,74,31693.93,1.0,31693.93,Completed,Cash,Success
3596,TRP-003422,DRV-00462,USR-01453,LOC-0012,LOC-0003,2024-01-10 12:37:40,2024-01-10 13:40:40,4.71,63,131142.85,1.25,163928.56,Completed,Cash,Success
3597,TRP-003423,DRV-00006,USR-00346,LOC-0056,LOC-0046,2024-03-16 09:52:41,2024-03-16 10:31:41,25.76,39,60220.0,1.0,60220.0,Cancelled,Credit Card,Success
3598,TRP-003424,DRV-00231,USR-00591,LOC-0038,LOC-0005,2024-06-01 15:56:40,2024-06-01 17:41:40,38.81,105,83110.68,1.0,83110.68,Completed,Cash,Success
3599,TRP-003425,DRV-00060,USR-01750,LOC-0041,LOC-0001,2024-04-22 17:43:53,2024-04-22 18:16:53,11.48,33,29195.39,2.5,72988.48,Completed,Cash,Success
3600,TRP-003426,DRV-00401,USR-01460,LOC-0024,LOC-0013,2024-07-16 04:56:20,2024-07-16 06:51:20,35.22,115,47955.96,1.25,59944.95,Completed,Credit Card,Success
3601,TRP-003426,DRV-00401,USR-01460,LOC-0024,LOC-0013,2024-07-16 04:56:20,2024-07-16 06:51:20,35.22,115,47955.96,1.25,59944.95,Completed,Credit Card,Success
3602,TRP-003427,DRV-00447,USR-00285,LOC-0032,LOC-0030,2024-10-16 08:52:58,2024-10-16 09:11:58,12.58,19,148741.01,2.0,297482.02,Completed,Cash,Failed
3603,TRP-003428,DRV-00269,USR-00691,LOC-0029,LOC-0049,2024-05-13 10:13:04,2024-05-13 10:42:04,11.55,29,60889.47,2.0,121778.94,Completed,GoPay,Success
3604,TRP-003429,DRV-00310,USR-00668,LOC-0017,LOC-0042,2024-08-06 05:56:49,2024-08-06 07:29:49,13.43,93,21732.44,2.0,43464.88,Completed,GoPay,Success
3605,TRP-003430,DRV-00471,USR-01526,LOC-0031,LOC-0038,2024-09-17 07:29:46,2024-09-17 08:47:46,10.84,78,71293.23,1.0,71293.23,Completed,GoPay,Success
3606,TRP-003431,DRV-00240,USR-00126,LOC-0044,LOC-0008,2024-08-20 19:03:04,2024-08-20 20:34:04,10.21,91,41824.1,1.5,62736.15,Completed,Credit Card,Success
3607,TRP-003432,DRV-00292,USR-00781,LOC-0046,LOC-0045,2024-08-10 02:44:16,2024-08-10 03:01:16,14.45,17,110529.44,1.0,110529.44,failed,Credit Card,Success
3608,TRP-003433,DRV-00030,USR-01039,LOC-0043,LOC-0016,2024-11-10 20:41:44,2024-11-10 22:25:44,2.05,104,44568.67,2.0,89137.34,Completed,GoPay,Success
3609,TRP-003434,DRV-00389,USR-00783,LOC-0018,LOC-0017,2024-11-20 22:33:17,2024-11-21 00:19:17,24.18,106,31277.11,1.5,46915.67,COMPLETED,GoPay,Success
3610,TRP-003435,DRV-00341,USR-01255,LOC-0029,LOC-0028,2024-04-16 14:04:30,2024-04-16 15:03:30,15.16,59,19640.15,1.5,29460.23,Cancelled,Cash,Success
3611,TRP-003436,DRV-00154,USR-01929,LOC-0043,LOC-0008,2024-12-13 05:49:01,2024-12-13 07:46:01,,117,106770.03,1.0,106770.03,Cancelled,Credit Card,Failed
3612,TRP-003437,DRV-00117,USR-01925,LOC-0039,LOC-0005,2024-05-28 15:38:53,2024-05-28 17:10:53,24.74,92,36432.29,1.0,36432.29,Completed,Credit Card,Success
3613,TRP-003438,DRV-00054,USR-01612,LOC-0008,LOC-0031,2024-02-28 21:30:34,2024-02-28 23:18:34,31.41,108,57338.87,1.0,57338.87,Completed,Cash,Success
3614,TRP-003439,DRV-00264,USR-00221,LOC-0041,LOC-0034,2024-01-03 04:25:42,2024-01-03 05:42:42,13.9,77,48044.61,1.0,48044.61,Completed,Credit Card,Success
3615,TRP-003440,DRV-00133,USR-01182,LOC-0050,LOC-0049,2024-03-24 08:09:32,2024-03-24 09:02:32,30.97,53,10918.94,1.0,10918.94,Completed,GoPay,Pending
3616,TRP-003441,DRV-00231,USR-01211,LOC-0027,LOC-0047,2024-08-04 06:43:38,2024-08-04 07:07:38,1.47,24,36093.9,1.0,36093.9,Completed,GoPay,Success
3617,TRP-003442,DRV-00108,USR-01924,LOC-0005,LOC-0011,2024-04-10 22:31:28,2024-04-11 00:02:28,16.92,91,45030.86,1.25,56288.57,Cancelled,Cash,Success
3618,TRP-003443,DRV-00475,USR-01721,LOC-0015,LOC-0028,2024-12-13 12:09:07,2024-12-13 12:25:07,35.22,16,67708.82,1.75,118490.44,Completed,GoPay,Success
3619,TRP-003444,DRV-00106,USR-00384,LOC-0029,LOC-0038,2024-02-14 07:23:55,2024-02-14 08:37:55,7.65,74,40869.54,1.0,40869.54,Completed,Cash,Pending
3620,TRP-003445,DRV-00171,USR-00631,LOC-0036,LOC-0006,2024-04-21 12:46:47,2024-04-21 13:33:47,32.87,47,100961.09,1.0,100961.09,Completed,GoPay,Success
3621,TRP-003446,DRV-00428,USR-01673,LOC-0051,LOC-0032,2024-04-29 01:57:22,2024-04-29 02:57:22,38.04,60,83769.56,2.0,167539.12,Failed,GoPay,Pending
3622,TRP-003447,DRV-00378,USR-01191,LOC-0029,LOC-0056,2024-08-20 19:17:16,2024-08-20 20:25:16,34.82,68,85902.28,1.5,128853.42,Completed,Cash,Success
3623,TRP-003448,DRV-00316,USR-01569,LOC-0014,LOC-0029,2024-08-19 12:01:08,2024-08-19 12:39:08,23.27,38,113352.39,1.75,198366.68,Completed,Cash,Success
3624,TRP-003449,DRV-00050,USR-00243,LOC-0054,LOC-0053,2024-04-10 17:28:23,2024-04-10 18:31:23,21.63,63,22464.84,1.75,39313.47,Cancelled,Credit Card,Success
3625,TRP-003450,DRV-00111,USR-01623,LOC-0021,LOC-0046,2024-09-18 14:49:19,2024-09-18 16:27:19,30.92,98,114203.61,1.25,142754.51,Completed,GoPay,Success
3626,TRP-003451,DRV-00054,USR-01791,LOC-0001,LOC-0017,2024-09-09 08:31:20,2024-09-09 08:41:20,,10,133073.91,1.0,133073.91,Completed,GoPay,Success
3627,TRP-003452,DRV-00466,USR-01139,LOC-0002,LOC-0029,2024-08-26 02:28:36,2024-08-26 02:42:36,11.79,14,127985.8,0.8,127985.8,Completed,Cash,Success
3628,TRP-003453,DRV-00148,USR-00131,LOC-0034,LOC-0021,2024-10-18 13:08:58,2024-10-18 13:20:58,3.7,12,,1.5,,Completed,Credit Card,Success
3629,TRP-003454,DRV-00424,USR-00178,LOC-0005,LOC-0043,2024-03-29 19:15:34,2024-03-29 19:57:34,9.66,42,57350.25,1.75,100362.94,Completed,GoPay,Success
3630,TRP-003455,DRV-00436,USR-00823,LOC-0016,LOC-0019,2024-12-12 02:09:24,2024-12-12 03:50:24,19.65,101,144714.75,1.5,217072.12,Completed,Credit Card,Success
3631,TRP-003456,DRV-00228,USR-01381,LOC-0029,LOC-0056,2024-10-16 23:33:59,2024-10-17 00:08:59,1.21,35,76554.56,1.0,76554.56,Completed,GoPay,Success
3632,TRP-003457,DRV-00339,USR-00589,LOC-0001,LOC-0029,2024-10-02 12:27:32,2024-10-02 13:11:32,36.18,44,114021.85,1.25,142527.31,Completed,Credit Card,Failed
3633,TRP-003458,DRV-00081,USR-01184,LOC-0008,LOC-0010,2024-03-19 21:44:02,2024-03-19 23:15:02,,91,113016.06,1.0,113016.06,Completed,Cash,Success
3634,TRP-003459,DRV-00007,USR-00488,LOC-0004,LOC-0039,2024-03-04 18:10:07,2024-03-04 18:37:07,38.47,27,81010.35,1.5,121515.53,Completed,Cash,Pending
3635,TRP-003460,DRV-00161,USR-01126,LOC-0004,LOC-0049,2024-04-21 10:10:03,2024-04-21 11:58:03,24.86,108,12646.2,1.0,12646.2,Completed,Cash,Success
3636,TRP-003461,DRV-00007,USR-00281,LOC-0034,LOC-0033,2024-03-19 16:55:25,2024-03-19 18:46:25,11.83,111,148064.19,1.0,148064.19,Completed,Cash,Success
3637,TRP-003462,DRV-00073,USR-01786,LOC-0035,LOC-0002,2024-03-17 05:02:59,2024-03-17 06:43:59,,101,91271.91,1.0,91271.91,Completed,GoPay,Success
3638,TRP-003463,DRV-00115,USR-01923,LOC-0047,LOC-0028,2024-11-18 17:34:38,2024-11-18 18:16:38,36.25,42,95294.72,1.0,95294.72,Completed,Credit Card,Success
3639,TRP-003464,DRV-00222,USR-01155,LOC-0032,LOC-0039,2024-11-10 12:04:49,2024-11-10 13:12:49,38.44,68,91303.01,1.75,159780.27,Completed,Cash,Success
3640,TRP-003465,DRV-00162,USR-00260,LOC-0050,LOC-0044,2024-06-05 09:10:29,2024-06-05 09:24:29,15.05,14,149070.26,1.25,186337.83,Completed,Cash,Success
3641,TRP-003466,DRV-00134,USR-00761,LOC-0032,LOC-0016,2024-07-04 03:35:29,2024-07-04 05:11:29,,96,85739.32,1.0,85739.32,Completed,GoPay,Success
3642,TRP-003467,DRV-00486,USR-01070,LOC-0050,LOC-0037,2024-11-29 00:41:45,2024-11-29 01:40:45,28.86,59,77009.91,1.5,115514.87,Completed,GoPay,Success
3643,TRP-003468,DRV-00118,USR-00326,LOC-0012,LOC-0010,2024-03-12 13:17:58,2024-03-12 13:58:58,28.4,41,66254.47,1.0,66254.47,Completed,Cash,Success
3644,TRP-003469,DRV-00315,USR-01177,LOC-0053,LOC-0041,2024-02-01 01:48:17,2024-02-01 02:15:17,11.63,27,39158.5,1.25,48948.12,Completed,Credit Card,Success
3645,TRP-003470,DRV-00225,USR-01047,LOC-0023,LOC-0032,2024-03-17 11:10:35,2024-03-17 11:22:35,6.22,12,141122.01,1.0,141122.01,Completed,Cash,Success
3646,TRP-003471,DRV-00319,USR-00316,LOC-0008,LOC-0017,2024-10-17 08:41:41,2024-10-17 09:47:41,2.55,66,83084.91,1.75,145398.59,Completed,GoPay,Failed
3647,TRP-003472,DRV-00134,USR-00176,LOC-0035,LOC-0034,2024-02-12 20:32:20,2024-02-12 22:19:20,30.36,107,131579.26,1.0,131579.26,Completed,Credit Card,Success
3648,TRP-003473,DRV-00474,USR-00698,LOC-0039,LOC-0036,2024-02-23 22:04:17,2024-02-23 22:25:17,23.43,21,26381.86,1.0,26381.86,Completed,GoPay,Success
3649,TRP-003474,DRV-00032,USR-00399,LOC-0010,LOC-0024,2024-03-27 04:30:26,2024-03-27 05:27:26,13.58,57,92595.23,1.5,138892.85,failed,Cash,Success
3650,TRP-003475,DRV-00492,USR-00602,LOC-0055,LOC-0009,2024-01-01 20:50:54,2024-01-01 22:17:54,7.77,87,29899.42,1.0,29899.42,Completed,GoPay,Success
3651,TRP-003476,DRV-00012,USR-01919,LOC-0007,LOC-0049,2024-10-20 13:17:15,2024-10-20 13:37:15,28.43,20,98355.92,1.0,98355.92,Completed,GoPay,Pending
3652,TRP-003477,DRV-00420,USR-00881,LOC-0045,LOC-0056,2024-05-10 02:09:43,2024-05-10 03:10:43,2.47,61,29250.85,1.0,29250.85,Completed,GoPay,Failed
3653,TRP-003478,DRV-00086,USR-01953,LOC-0015,LOC-0041,2024-09-04 02:30:47,2024-09-04 03:42:47,6.58,72,106615.95,1.0,106615.95,Completed,Credit Card,Success
3654,TRP-003479,DRV-00298,USR-01775,LOC-0006,LOC-0001,2024-05-15 20:59:51,2024-05-15 21:21:51,14.77,22,14318.82,1.0,14318.82,Completed,GoPay,Pending
3655,TRP-003480,DRV-00339,USR-01092,LOC-0024,LOC-0048,2024-09-13 12:52:39,2024-09-13 13:10:39,31.18,18,100072.31,1.0,100072.31,Cancelled,GoPay,Success
3656,TRP-003481,DRV-00361,USR-00164,LOC-0021,LOC-0011,2024-10-05 07:02:36,2024-10-05 08:45:36,27.62,103,144602.91,1.0,144602.91,Cancelled,Cash,Success
3657,TRP-003482,DRV-00438,USR-01385,LOC-0012,LOC-0019,2024-06-05 11:02:10,2024-06-05 12:42:10,25.25,100,66034.43,1.0,66034.43,COMPLETED,Credit Card,Failed
3658,TRP-003483,DRV-00194,USR-01168,LOC-0047,LOC-0040,2024-03-15 19:40:52,2024-03-15 21:36:52,3.11,116,54831.12,1.0,54831.12,Completed,GoPay,Success
3659,TRP-003484,DRV-00080,USR-00691,LOC-0024,LOC-0006,2024-11-15 07:22:06,2024-11-15 07:52:06,15.64,30,120735.2,1.5,181102.8,Completed,Cash,Success
3660,TRP-003485,DRV-00286,USR-00808,LOC-0028,LOC-0002,2024-03-06 09:27:14,2024-03-06 09:53:14,23.86,0,42039.24,1.0,42039.24,Cancelled,GoPay,Success
3661,TRP-003486,DRV-00246,USR-00856,LOC-0001,LOC-0044,2024-09-18 08:56:13,2024-09-18 10:24:13,20.04,88,,1.0,,Completed,Credit Card,Success
3662,TRP-003487,DRV-00484,USR-01741,LOC-0028,LOC-0053,2024-06-06 00:02:58,2024-06-06 01:44:58,12.59,102,114030.84,1.0,114030.84,Completed,Credit Card,Success
3663,TRP-003488,DRV-00337,USR-00663,LOC-0017,LOC-0054,2024-03-17 23:34:53,2024-03-17 23:59:53,20.67,25,123460.46,1.0,123460.46,Failed,Cash,Success
3664,TRP-003489,DRV-00318,USR-01774,LOC-0015,LOC-0012,2024-11-30 22:33:56,2024-11-30 23:06:56,11.72,33,108899.42,1.75,190573.98,Cancelled,Cash,Success
3665,TRP-003490,DRV-00125,USR-01736,LOC-0049,LOC-0010,2024-05-04 09:58:27,2024-05-04 11:30:27,30.41,92,81381.36,1.0,81381.36,Cancelled,GoPay,Success
3666,TRP-003491,DRV-00093,USR-01630,LOC-0008,LOC-0038,2024-02-10 04:12:03,2024-02-10 05:14:03,32.19,62,80071.37,1.0,80071.37,Completed,GoPay,Failed
3667,TRP-003492,DRV-00438,USR-00231,LOC-0034,LOC-0045,2024-01-12 17:26:30,2024-01-12 18:17:30,20.83,51,44261.19,1.75,77457.08,Completed,Cash,Success
3668,TRP-003493,DRV-00056,USR-01122,LOC-0053,LOC-0035,2024-05-11 05:08:25,2024-05-11 06:37:25,10.2,89,75504.24,1.0,75504.24,Completed,Credit Card,Success
3669,TRP-003494,DRV-00466,USR-01676,LOC-0013,LOC-0011,2024-09-07 11:31:32,2024-09-07 12:15:32,,44,113482.87,2.5,283707.17,Completed,Credit Card,Success
3670,TRP-003495,DRV-00011,USR-00329,LOC-0021,LOC-0018,2024-07-12 19:03:26,2024-07-12 20:48:26,4.49,105,137797.02,1.0,137797.02,Completed,Cash,Success
3671,TRP-003496,DRV-00193,USR-01056,LOC-0039,LOC-0011,2024-06-03 16:04:11,2024-06-03 17:49:11,37.92,105,59938.56,1.0,59938.56,Completed,GoPay,Success
3672,TRP-003497,DRV-00475,USR-01484,LOC-0032,LOC-0001,2024-11-01 09:23:44,2024-11-01 11:02:44,26.53,99,111766.32,1.0,111766.32,Completed,Credit Card,Success
3673,TRP-003498,DRV-00498,USR-00627,LOC-0021,LOC-0002,2024-08-24 01:31:13,2024-08-24 02:20:13,5.87,-10,99315.15,1.25,124143.94,Completed,Cash,Success
3674,TRP-003499,DRV-00340,USR-00620,LOC-0047,LOC-0020,2024-10-11 18:04:47,2024-10-11 18:35:47,27.07,31,24246.07,1.0,24246.07,Completed,Credit Card,Success
3675,TRP-003500,DRV-00052,USR-01186,LOC-0032,LOC-0052,2024-02-25 14:42:47,2024-02-25 15:43:47,8.43,61,109250.11,1.0,109250.11,Completed,Credit Card,Success
3676,TRP-003501,DRV-00256,USR-00273,LOC-0010,LOC-0004,2024-05-23 21:36:42,2024-05-23 21:51:42,5.72,15,22014.95,1.0,22014.95,Failed,Cash,Success
3677,TRP-003501,DRV-00256,USR-00273,LOC-0010,LOC-0004,2024-05-23 21:36:42,2024-05-23 21:51:42,5.72,15,22014.95,1.0,22014.95,Failed,Cash,Success
3678,TRP-003502,DRV-00297,USR-01673,LOC-0030,LOC-0026,2024-04-06 04:21:06,2024-04-06 05:27:06,18.41,66,58604.21,1.0,58604.21,Completed,Credit Card,Failed
3679,TRP-003503,DRV-00047,USR-00820,LOC-0011,LOC-0053,2024-05-19 03:06:30,2024-05-19 03:41:30,14.08,35,28930.57,1.25,36163.21,Completed,Credit Card,Success
3680,TRP-003504,DRV-00351,USR-01685,LOC-0030,LOC-0022,2024-08-23 11:22:36,2024-08-23 13:10:36,10.74,108,97569.97,1.25,121962.46,Completed,GoPay,Success
3681,TRP-003505,DRV-00438,USR-01074,LOC-0037,LOC-0017,2024-07-03 20:26:48,2024-07-03 22:01:48,19.17,95,103748.97,1.0,103748.97,Completed,GoPay,Success
3682,TRP-003506,DRV-00154,USR-01686,LOC-0027,LOC-0046,2024-03-11 07:34:48,2024-03-11 09:06:48,32.88,92,55390.48,1.0,55390.48,Completed,Credit Card,Success
3683,TRP-003507,DRV-00009,USR-00459,LOC-0031,LOC-0021,2024-01-05 19:34:29,2024-01-05 19:59:29,36.03,25,113061.19,1.0,113061.19,Completed,Credit Card,Success
3684,TRP-003508,DRV-00091,USR-01139,LOC-0031,LOC-0047,2024-04-02 03:16:19,2024-04-02 04:12:19,20.07,56,126551.04,1.0,126551.04,Completed,GoPay,Success
3685,TRP-003509,DRV-00042,USR-01018,LOC-0045,LOC-0029,2024-11-07 06:50:14,2024-11-07 07:32:14,35.28,42,23471.14,1.0,23471.14,Completed,Credit Card,Success
3686,TRP-003510,DRV-00009,USR-01140,LOC-0001,LOC-0018,2024-04-20 08:42:21,2024-04-20 09:18:21,15.19,36,84996.08,1.75,148743.14,Completed,GoPay,Success
3687,TRP-003511,DRV-00368,USR-01405,LOC-0017,LOC-0050,2024-05-22 06:26:04,2024-05-22 07:04:04,1.76,38,101681.65,1.25,127102.06,Completed,Cash,Success
3688,TRP-003512,DRV-00490,USR-00122,LOC-0039,LOC-0019,2024-04-03 14:26:06,2024-04-03 16:17:06,37.59,111,17668.73,1.5,26503.1,Cancelled,Credit Card,Pending
3689,TRP-003513,DRV-00010,USR-00051,LOC-0011,LOC-0029,2024-09-02 16:01:25,2024-09-02 17:44:25,18.14,103,57950.89,1.5,86926.33,Completed,Credit Card,Success
3690,TRP-003514,DRV-00258,USR-00266,LOC-0057,LOC-0043,2024-12-26 00:28:43,2024-12-26 00:41:43,33.73,13,115066.59,1.0,115066.59,Failed,Cash,Success
3691,TRP-003515,DRV-00090,USR-01954,LOC-0023,LOC-0007,2024-05-13 15:21:01,2024-05-13 16:30:01,31.29,69,64813.68,1.75,113423.94,Completed,Cash,Success
3692,TRP-003516,DRV-00188,USR-01408,LOC-0003,LOC-0030,2024-01-28 04:32:07,2024-01-28 06:28:07,30.42,116,39038.84,2.5,97597.1,Cancelled,Credit Card,Success
3693,TRP-003517,DRV-00377,USR-01136,LOC-0051,LOC-0050,2024-05-05 08:37:11,2024-05-05 09:25:11,31.06,48,111811.25,1.0,111811.25,Completed,Credit Card,Success
3694,TRP-003517,DRV-00377,USR-01136,LOC-0051,LOC-0050,2024-05-05 08:37:11,2024-05-05 09:25:11,31.06,48,111811.25,1.0,111811.25,Completed,Credit Card,Success
3695,TRP-003518,DRV-00348,USR-00379,LOC-0007,LOC-0047,2024-08-19 18:21:22,2024-08-19 19:32:22,16.29,71,26899.19,1.75,47073.58,Completed,Cash,Success
3696,TRP-003519,DRV-00472,USR-01042,LOC-0022,LOC-0002,2024-02-18 06:00:52,2024-02-18 07:19:52,8.08,79,91928.52,2.5,229821.3,Completed,GoPay,Pending
3697,TRP-003520,DRV-00309,USR-01194,LOC-0002,LOC-0030,2024-10-06 05:12:34,2024-10-06 05:51:34,23.13,39,0.0,1.5,0.0,Completed,GoPay,Failed
3698,TRP-003521,DRV-00480,USR-01673,LOC-0030,LOC-0012,2024-11-11 00:50:17,2024-11-11 02:16:17,19.96,86,36530.14,1.0,36530.14,Completed,Credit Card,Pending
3699,TRP-003522,DRV-00302,USR-00583,LOC-0041,LOC-0055,2024-11-15 07:33:36,2024-11-15 08:09:36,24.92,0,116393.11,1.5,174589.67,Completed,GoPay,Success
3700,TRP-003523,DRV-00083,USR-01902,LOC-0052,LOC-0013,2024-04-03 04:11:54,2024-04-03 04:42:54,4.53,31,110597.05,1.0,110597.05,Cancelled,GoPay,Success
3701,TRP-003524,DRV-00216,USR-00206,LOC-0005,LOC-0040,2024-12-05 06:28:17,2024-12-05 07:14:17,8.49,46,23743.9,1.0,23743.9,Completed,GoPay,Success
3702,TRP-003525,DRV-00436,USR-01313,LOC-0046,LOC-0041,2024-04-09 20:12:18,2024-04-09 20:59:18,35.08,47,108880.69,1.0,108880.69,Completed,Credit Card,Success
3703,TRP-003526,DRV-00055,USR-01759,LOC-0054,LOC-0031,2024-06-26 17:47:31,2024-06-26 18:08:31,3.26,21,86308.67,1.0,86308.67,Completed,Cash,Success
3704,TRP-003527,DRV-00391,USR-00070,LOC-0031,LOC-0030,2024-02-12 17:02:26,2024-02-12 18:59:26,10.84,117,30060.69,1.5,45091.03,Completed,Cash,Success
3705,TRP-003528,DRV-00303,USR-01290,LOC-0032,LOC-0046,2024-08-13 19:03:46,2024-08-13 20:26:46,6.82,83,31481.99,1.0,31481.99,Completed,Credit Card,Failed
3706,TRP-003529,DRV-00493,USR-01287,LOC-0039,LOC-0006,2024-09-20 11:37:22,2024-09-20 13:05:22,7.8,88,92471.15,1.25,115588.94,Completed,Cash,Success
3707,TRP-003530,DRV-00134,USR-01006,LOC-0054,LOC-0034,2024-06-16 04:01:07,2024-06-16 04:30:07,16.97,-5,69081.22,1.0,69081.22,Completed,Cash,Success
3708,TRP-003531,DRV-00388,USR-01277,LOC-0001,LOC-0043,2024-07-12 17:25:42,2024-07-12 18:43:42,31.24,78,19585.44,1.75,34274.52,Completed,Cash,Success
3709,TRP-003532,DRV-00098,USR-00990,LOC-0020,LOC-0045,2024-06-08 04:17:35,2024-06-08 06:08:35,12.02,111,31232.27,1.25,39040.34,Completed,Credit Card,Success
3710,TRP-003533,DRV-00111,USR-01524,LOC-0044,LOC-0021,2024-08-09 12:56:20,2024-08-09 13:35:20,1.53,39,64991.85,1.5,97487.77,Completed,GoPay,Success
3711,TRP-003534,DRV-00013,USR-01789,LOC-0013,LOC-0020,2024-03-10 02:51:48,2024-03-10 04:09:48,32.76,78,54688.21,1.25,68360.26,Completed,Credit Card,Success
3712,TRP-003535,DRV-00349,USR-00272,LOC-0027,LOC-0005,2024-05-13 13:06:49,2024-05-13 13:51:49,2.43,45,96789.42,2.0,193578.84,Completed,Cash,Success
3713,TRP-003536,DRV-00328,USR-00697,LOC-0014,LOC-0051,2024-08-10 23:06:50,2024-08-10 23:40:50,5.32,34,76609.08,1.5,114913.62,Completed,Cash,Success
3714,TRP-003537,DRV-00047,USR-01923,LOC-0013,LOC-0026,2024-11-19 19:18:21,2024-11-19 20:54:21,18.31,96,147009.17,1.25,183761.46,Completed,Cash,Success
3715,TRP-003538,DRV-00039,USR-01009,LOC-0052,LOC-0049,2024-09-04 04:33:19,2024-09-04 06:31:19,38.11,118,95839.01,1.0,95839.01,Completed,Credit Card,Success
3716,TRP-003539,DRV-00376,USR-00241,LOC-0011,LOC-0007,2024-09-25 22:10:43,2024-09-25 23:29:43,34.6,79,112406.63,1.0,112406.63,Completed,GoPay,Success
3717,TRP-003540,DRV-00128,USR-00429,LOC-0012,LOC-0006,2024-02-29 17:56:39,2024-02-29 18:47:39,23.98,51,60185.05,1.5,90277.58,Completed,GoPay,Failed
3718,TRP-003541,DRV-00329,USR-00225,LOC-0053,LOC-0002,2024-05-08 06:52:04,2024-05-08 08:34:04,35.78,102,127398.93,1.25,159248.66,Completed,Credit Card,Success
3719,TRP-003542,DRV-00478,USR-01568,LOC-0014,LOC-0027,2024-08-15 03:14:11,2024-08-15 03:55:11,15.52,41,113293.67,1.0,113293.67,Completed,Cash,Success
3720,TRP-003543,DRV-00177,USR-00590,LOC-0043,LOC-0001,2024-12-11 11:00:03,2024-12-11 12:28:03,12.76,88,23373.47,1.0,23373.47,Completed,GoPay,Success
3721,TRP-003544,DRV-00005,USR-00011,LOC-0026,LOC-0013,2024-04-25 05:59:57,2024-04-25 06:13:57,24.09,14,121936.29,1.0,121936.29,Cancelled,Credit Card,Pending
3722,TRP-003545,DRV-00057,USR-00750,LOC-0029,LOC-0039,2024-06-30 06:23:52,2024-06-30 07:29:52,16.86,66,50214.34,1.0,50214.34,Completed,Credit Card,Success
3723,TRP-003546,DRV-00101,USR-01549,LOC-0051,LOC-0001,2024-10-30 06:51:12,2024-10-30 07:32:12,33.58,41,,1.0,,Cancelled,GoPay,Success
3724,TRP-003547,DRV-00121,USR-00574,LOC-0007,LOC-0042,2024-05-17 17:29:16,2024-05-17 19:06:16,20.76,97,137691.99,1.0,137691.99,CANCELLED,GoPay,Failed
3725,TRP-003548,DRV-00176,USR-01897,LOC-0004,LOC-0026,2024-06-07 03:04:42,2024-06-07 04:56:42,15.53,112,,1.75,,Completed,GoPay,Success
3726,TRP-003549,DRV-00416,USR-01130,LOC-0026,LOC-0001,2024-06-05 07:09:48,2024-06-05 08:27:48,24.11,78,123008.55,1.0,123008.55,Completed,Cash,Success
3727,TRP-003550,DRV-00339,USR-01242,LOC-0042,LOC-0035,2024-08-13 01:40:37,2024-08-13 02:46:37,16.56,66,42084.99,1.0,42084.99,Completed,Cash,Success
3728,TRP-003551,DRV-00475,USR-01271,LOC-0023,LOC-0004,2024-10-21 01:08:46,2024-10-21 03:01:46,17.28,113,115977.8,1.0,115977.8,Completed,Credit Card,Pending
3729,TRP-003552,DRV-00456,USR-01825,LOC-0023,LOC-0043,2024-08-12 17:41:09,2024-08-12 18:56:09,37.56,75,149006.85,2.0,298013.7,Completed,Credit Card,Success
3730,TRP-003553,DRV-00476,USR-01343,LOC-0023,LOC-0006,2024-12-03 18:19:57,2024-12-03 18:43:57,5.96,24,75058.38,2.0,150116.76,failed,Credit Card,Success
3731,TRP-003554,DRV-00004,USR-00684,LOC-0045,LOC-0037,2024-08-07 00:22:13,2024-08-07 01:45:13,29.54,83,37103.67,1.75,64931.42,Completed,Credit Card,Success
3732,TRP-003555,DRV-00081,USR-01584,LOC-0034,LOC-0029,2024-09-04 16:16:22,2024-09-04 17:16:22,4.58,60,107853.59,1.0,107853.59,Completed,Credit Card,Success
3733,TRP-003556,DRV-00160,USR-00067,LOC-0012,LOC-0036,2024-08-16 22:13:50,2024-08-16 23:37:50,10.07,84,68745.84,1.25,85932.3,Completed,Credit Card,Success
3734,TRP-003557,DRV-00163,USR-01073,LOC-0018,LOC-0057,2024-02-24 16:22:14,2024-02-24 16:55:14,1.73,33,139203.1,1.0,139203.1,Completed,GoPay,Success
3735,TRP-003558,DRV-00261,USR-01950,LOC-0006,LOC-0007,2024-11-18 20:39:39,2024-11-18 22:17:39,26.78,98,64321.74,1.25,80402.18,Completed,Cash,Success
3736,TRP-003559,DRV-00244,USR-00547,LOC-0036,LOC-0017,2024-10-16 20:35:46,2024-10-16 22:34:46,1.03,119,60511.86,1.5,90767.79,Completed,Cash,Success
3737,TRP-003560,DRV-00261,USR-00327,LOC-0050,LOC-0046,2024-08-28 08:51:42,2024-08-28 10:17:42,30.87,86,75886.85,1.0,75886.85,Cancelled,Cash,Success
3738,TRP-003561,DRV-00023,USR-00539,LOC-0011,LOC-0035,2024-07-28 07:49:55,2024-07-28 09:01:55,20.93,72,93435.0,1.0,93435.0,Completed,Cash,Failed
3739,TRP-003562,DRV-00036,USR-00974,LOC-0028,LOC-0011,2024-06-06 00:19:02,2024-06-06 01:41:02,15.84,82,127366.72,1.5,191050.08,Failed,GoPay,Success
3740,TRP-003563,DRV-00301,USR-01036,LOC-0015,LOC-0005,2024-04-14 07:33:54,2024-04-14 08:08:54,39.56,35,93257.98,1.25,116572.47,Completed,GoPay,Success
3741,TRP-003563,DRV-00301,USR-01036,LOC-0015,LOC-0005,2024-04-14 07:33:54,2024-04-14 08:08:54,39.56,35,93257.98,1.25,116572.47,Completed,GoPay,Success
3742,TRP-003564,DRV-00341,USR-01048,LOC-0047,LOC-0025,2024-10-24 12:19:08,2024-10-24 14:10:08,15.37,111,86143.84,1.5,129215.76,Completed,Credit Card,Success
3743,TRP-003565,DRV-00320,USR-00955,LOC-0048,LOC-0022,2024-09-15 20:30:15,2024-09-15 21:32:15,15.74,62,138026.94,1.0,138026.94,Cancelled,Cash,Success
3744,TRP-003566,DRV-00056,USR-01961,LOC-0051,LOC-0016,2024-09-11 05:43:38,2024-09-11 07:32:38,35.41,109,88910.59,1.0,88910.59,Completed,Credit Card,Success
3745,TRP-003567,DRV-00029,USR-00020,LOC-0048,LOC-0050,2024-06-15 15:28:11,2024-06-15 15:42:11,8.55,14,145102.75,2.0,290205.5,Completed,Credit Card,Success
3746,TRP-003568,DRV-00262,USR-01972,LOC-0031,LOC-0040,2024-11-11 01:46:01,2024-11-11 02:20:01,12.39,34,14337.61,1.25,17922.01,Completed,Credit Card,Failed
3747,TRP-003569,DRV-00118,USR-01771,LOC-0043,LOC-0013,2024-11-14 16:17:53,2024-11-14 16:33:53,30.86,16,22240.21,1.0,22240.21,Completed,Cash,Success
3748,TRP-003570,DRV-00460,USR-00860,LOC-0018,LOC-0055,2024-12-29 17:02:58,2024-12-29 18:34:58,,92,12833.29,0.5,25666.58,Cancelled,Cash,Failed
3749,TRP-003571,DRV-00215,USR-01925,LOC-0001,LOC-0046,2024-06-04 02:41:02,2024-06-04 03:14:02,3.43,33,26505.27,1.25,33131.59,Completed,Cash,Success
3750,TRP-003572,DRV-00077,USR-01949,LOC-0027,LOC-0049,2024-09-04 17:45:26,2024-09-04 19:43:26,17.13,118,108565.23,1.0,108565.23,Completed,GoPay,Success
3751,TRP-003573,DRV-00073,USR-00258,LOC-0001,LOC-0012,2024-01-25 07:26:39,2024-01-25 08:05:39,25.37,39,127187.34,1.5,190781.01,Completed,Cash,Failed
3752,TRP-003574,DRV-00261,USR-01601,LOC-0055,LOC-0053,2024-03-19 12:33:53,2024-03-19 14:11:53,33.22,98,15604.05,1.5,23406.07,Completed,Cash,Success
3753,TRP-003575,DRV-00157,USR-01392,LOC-0042,LOC-0034,2024-11-14 15:39:57,2024-11-14 17:18:57,25.43,99,135586.61,1.0,135586.61,Completed,Credit Card,Success
3754,TRP-003576,DRV-00345,USR-01728,LOC-0041,LOC-0026,2024-07-26 17:01:01,2024-07-26 18:59:01,,118,133033.54,3.5,133033.54,Completed,Cash,Success
3755,TRP-003577,DRV-00249,USR-00389,LOC-0042,LOC-0015,2024-06-26 19:25:36,2024-06-26 20:17:36,23.85,52,22687.07,1.25,28358.84,Completed,Cash,Success
3756,TRP-003578,DRV-00015,USR-00200,LOC-0028,LOC-0006,2024-09-13 13:41:09,2024-09-13 15:09:09,25.2,88,109969.24,3.5,109969.24,Completed,GoPay,Success
3757,TRP-003579,DRV-00199,USR-00733,LOC-0040,LOC-0055,2024-08-15 08:37:18,2024-08-15 10:02:18,36.13,85,101191.89,1.0,101191.89,Completed,Credit Card,Pending
3758,TRP-003580,DRV-00172,USR-01633,LOC-0020,LOC-0056,2024-11-10 18:53:08,2024-11-10 20:17:08,31.15,84,100150.72,1.5,150226.08,Completed,GoPay,Success
3759,TRP-003581,DRV-00257,USR-00469,LOC-0013,LOC-0037,2024-09-02 12:17:59,2024-09-02 13:42:59,14.09,85,52261.73,1.25,65327.16,Completed,GoPay,Success
3760,TRP-003582,DRV-00332,USR-00995,LOC-0001,LOC-0030,2024-05-11 17:00:14,2024-05-11 19:00:14,13.44,120,60595.96,1.0,60595.96,Cancelled,GoPay,Success
3761,TRP-003583,DRV-00468,USR-00994,LOC-0055,LOC-0020,2024-12-16 05:00:28,2024-12-16 05:37:28,39.52,37,30189.08,1.0,30189.08,Completed,GoPay,Success
3762,TRP-003584,DRV-00024,USR-01716,LOC-0023,LOC-0008,2024-09-26 02:17:30,2024-09-26 02:56:30,5.25,39,71168.82,1.5,106753.23,Completed,Credit Card,Success
3763,TRP-003585,DRV-00403,USR-00509,LOC-0042,LOC-0025,2024-02-28 06:16:51,2024-02-28 07:33:51,13.91,77,109028.88,1.0,109028.88,Completed,Credit Card,Success
3764,TRP-003586,DRV-00453,USR-00837,LOC-0035,LOC-0034,2024-01-12 13:10:58,2024-01-12 14:06:58,2.89,56,74184.85,1.0,74184.85,completed,GoPay,Success
3765,TRP-003586,DRV-00453,USR-00837,LOC-0035,LOC-0034,2024-01-12 13:10:58,2024-01-12 14:06:58,2.89,56,74184.85,1.0,74184.85,completed,GoPay,Success
3766,TRP-003587,DRV-00102,USR-00003,LOC-0004,LOC-0017,2024-05-12 09:53:40,2024-05-12 11:27:40,6.21,94,102262.85,1.0,102262.85,Completed,Credit Card,Success
3767,TRP-003588,DRV-00459,USR-00491,LOC-0028,LOC-0050,2024-01-15 12:27:48,2024-01-15 14:08:48,27.25,101,135466.13,1.25,169332.66,Completed,Credit Card,Success
3768,TRP-003589,DRV-00448,USR-01976,LOC-0048,LOC-0011,2024-11-22 00:13:15,2024-11-22 02:12:15,19.31,119,21687.58,1.25,27109.48,CANCELLED,Credit Card,Success
3769,TRP-003590,DRV-00435,USR-01104,LOC-0033,LOC-0050,2024-10-24 18:17:53,2024-10-24 19:01:53,31.45,44,86371.66,1.25,107964.58,Completed,GoPay,Success
3770,TRP-003590,DRV-00435,USR-01104,LOC-0033,LOC-0050,2024-10-24 18:17:53,2024-10-24 19:01:53,31.45,44,86371.66,1.25,107964.58,Completed,GoPay,Success
3771,TRP-003591,DRV-00083,USR-01794,LOC-0030,LOC-0019,2024-03-25 05:33:44,2024-03-25 06:25:44,33.66,52,105018.33,1.0,105018.33,Completed,GoPay,Success
3772,TRP-003592,DRV-00027,USR-01978,LOC-0052,LOC-0022,2024-01-07 12:42:58,2024-01-07 13:12:58,12.16,30,124168.01,1.75,217294.02,Completed,Credit Card,Success
3773,TRP-003593,DRV-00007,USR-01246,LOC-0012,LOC-0043,2024-05-29 03:03:57,2024-05-29 04:52:57,23.16,109,58016.42,2.0,116032.84,Completed,Credit Card,Success
3774,TRP-003594,DRV-00364,USR-00365,LOC-0044,LOC-0033,2024-06-24 08:46:35,2024-06-24 09:00:35,3.15,14,19494.04,1.0,19494.04,Completed,GoPay,Success
3775,TRP-003595,DRV-00367,USR-00574,LOC-0044,LOC-0042,2024-04-22 11:06:20,2024-04-22 11:58:20,,52,130280.13,1.0,130280.13,Completed,Credit Card,Success
3776,TRP-003596,DRV-00207,USR-00596,LOC-0019,LOC-0043,2024-09-16 23:24:08,2024-09-16 23:50:08,30.71,26,137822.31,1.0,137822.31,Completed,GoPay,Pending
3777,TRP-003597,DRV-00257,USR-00648,LOC-0008,LOC-0006,2024-07-16 07:35:28,2024-07-16 09:19:28,17.76,104,104862.87,1.75,183510.02,Completed,GoPay,Success
3778,TRP-003598,DRV-00497,USR-01221,LOC-0018,LOC-0027,2024-06-04 23:54:46,2024-06-05 01:34:46,20.27,100,64089.64,1.0,64089.64,Completed,Cash,Success
3779,TRP-003599,DRV-00485,USR-01098,LOC-0024,LOC-0049,2024-10-18 14:16:11,2024-10-18 14:34:11,4.09,18,0.0,1.25,0.0,Completed,Credit Card,Success
3780,TRP-003600,DRV-00432,USR-00351,LOC-0022,LOC-0020,2024-09-11 02:28:15,2024-09-11 02:57:15,,29,116417.59,1.25,145521.99,Completed,Credit Card,Success
3781,TRP-003601,DRV-00417,USR-00661,LOC-0030,LOC-0040,2024-06-13 16:54:20,2024-06-13 18:32:20,33.13,98,99092.55,1.0,99092.55,Cancelled,GoPay,Success
3782,TRP-003602,DRV-00307,USR-00916,LOC-0054,LOC-0028,2024-03-18 19:05:11,2024-03-18 19:19:11,7.38,14,82546.91,2.0,165093.82,Completed,Credit Card,Success
3783,TRP-003603,DRV-00297,USR-01695,LOC-0036,LOC-0023,2024-11-14 04:42:55,2024-11-14 06:40:55,36.4,118,96675.72,1.0,96675.72,Completed,GoPay,Success
3784,TRP-003604,DRV-00053,USR-00060,LOC-0050,LOC-0043,2024-12-06 14:22:42,2024-12-06 15:46:42,10.56,84,45332.48,1.0,45332.48,Completed,Credit Card,Success
3785,TRP-003605,DRV-00435,USR-01010,LOC-0045,LOC-0018,2024-06-16 05:13:03,2024-06-16 05:24:03,2.6,11,115623.66,1.0,115623.66,Completed,Cash,Success
3786,TRP-003606,DRV-00175,USR-00935,LOC-0045,LOC-0039,2024-09-08 04:17:03,2024-09-08 04:51:03,34.59,34,,1.75,,Completed,Credit Card,Success
3787,TRP-003607,DRV-00136,USR-00884,LOC-0006,LOC-0055,2024-05-08 20:04:10,2024-05-08 21:32:10,5.14,88,25963.65,1.0,25963.65,Cancelled,Cash,Success
3788,TRP-003608,DRV-00036,USR-00389,LOC-0033,LOC-0056,2024-06-21 22:09:40,2024-06-21 23:00:40,1.28,51,88970.63,1.0,88970.63,Completed,Cash,Success
3789,TRP-003609,DRV-00452,USR-00980,LOC-0031,LOC-0029,2024-03-01 19:02:59,2024-03-01 21:02:59,5.43,120,63503.19,1.0,63503.19,Cancelled,GoPay,Success
3790,TRP-003610,DRV-00072,USR-01094,LOC-0048,LOC-0044,2024-01-13 01:15:16,2024-01-13 02:29:16,33.67,74,115881.42,1.0,115881.42,Completed,Credit Card,Success
3791,TRP-003611,DRV-00162,USR-00036,LOC-0007,LOC-0021,2024-08-03 00:36:07,2024-08-03 01:01:07,30.4,25,16440.38,2.5,41100.95,Completed,Credit Card,Success
3792,TRP-003612,DRV-00185,USR-00287,LOC-0053,LOC-0032,2024-03-08 05:18:18,2024-03-08 05:52:18,27.65,34,79851.9,1.0,79851.9,Cancelled,Cash,Success
3793,TRP-003613,DRV-00274,USR-00789,LOC-0037,LOC-0047,2024-08-29 04:05:22,2024-08-29 04:42:22,14.14,37,137593.41,1.0,137593.41,Completed,Credit Card,Success
3794,TRP-003614,DRV-00042,USR-00581,LOC-0020,LOC-0017,2024-05-16 22:52:22,2024-05-16 23:04:22,34.41,12,41700.52,1.5,62550.78,Completed,Cash,Success
3795,TRP-003615,DRV-00461,USR-01393,LOC-0022,LOC-0034,2024-08-07 03:36:50,2024-08-07 03:59:50,15.03,23,94205.55,1.0,94205.55,Completed,Credit Card,Success
3796,TRP-003616,DRV-00103,USR-01248,LOC-0045,LOC-0018,2024-03-06 04:13:06,2024-03-06 04:57:06,,44,,2.0,,Completed,Credit Card,Failed
3797,TRP-003617,DRV-00138,USR-00064,LOC-0033,LOC-0009,2024-08-05 07:27:12,2024-08-05 08:04:12,37.81,37,40181.98,2.0,80363.96,Completed,Credit Card,Success
3798,TRP-003618,DRV-00423,USR-00292,LOC-0046,LOC-0026,2024-09-20 04:01:50,2024-09-20 05:14:50,7.16,73,85811.36,1.0,85811.36,Cancelled,GoPay,Success
3799,TRP-003619,DRV-00276,USR-01578,LOC-0025,LOC-0043,2024-08-18 21:18:25,2024-08-18 21:33:25,9.6,15,26303.84,1.75,46031.72,Cancelled,GoPay,Success
3800,TRP-003620,DRV-00301,USR-00689,LOC-0029,LOC-0007,2024-07-03 20:14:37,2024-07-03 21:34:37,37.98,80,39068.96,1.0,39068.96,Completed,Credit Card,Success
3801,TRP-003621,DRV-00267,USR-00305,LOC-0043,LOC-0054,2024-07-31 02:50:58,2024-07-31 03:58:58,13.38,68,100148.14,1.5,150222.21,COMPLETED,Credit Card,Success
3802,TRP-003622,DRV-00045,USR-00669,LOC-0046,LOC-0032,2024-04-03 01:20:21,2024-04-03 03:14:21,25.85,114,31635.08,2.5,79087.7,Completed,GoPay,Success
3803,TRP-003623,DRV-00045,USR-01992,LOC-0005,LOC-0056,2024-01-07 00:32:35,2024-01-07 01:57:35,20.7,85,28029.55,1.75,49051.71,Completed,GoPay,Success
3804,TRP-003624,DRV-00403,USR-01315,LOC-0004,LOC-0008,2024-05-24 16:42:02,2024-05-24 18:01:02,30.22,79,94660.34,1.5,141990.51,Completed,Credit Card,Success
3805,TRP-003625,DRV-00216,USR-01259,LOC-0034,LOC-0003,2024-11-03 08:58:21,2024-11-03 09:34:21,6.41,36,104567.32,1.5,156850.98,Cancelled,Credit Card,Success
3806,TRP-003626,DRV-00145,USR-00138,LOC-0054,LOC-0011,2024-07-30 17:00:10,2024-07-30 18:51:10,9.15,111,92124.02,1.25,115155.03,Completed,Cash,Success
3807,TRP-003627,DRV-00432,USR-01466,LOC-0018,LOC-0033,2024-09-12 13:10:34,2024-09-12 14:46:34,27.82,96,40879.89,1.0,40879.89,Completed,Credit Card,Success
3808,TRP-003628,DRV-00329,USR-01687,LOC-0014,LOC-0024,2024-06-11 19:27:04,2024-06-11 20:36:04,6.74,69,76347.57,1.75,133608.25,Completed,Credit Card,Success
3809,TRP-003629,DRV-00089,USR-00102,LOC-0034,LOC-0038,2024-11-10 19:37:36,2024-11-10 20:34:36,21.97,57,11439.68,1.0,11439.68,failed,GoPay,Success
3810,TRP-003630,DRV-00215,USR-00985,LOC-0016,LOC-0028,2024-04-16 16:13:44,2024-04-16 16:53:44,25.45,40,93500.03,1.0,93500.03,Completed,GoPay,Success
3811,TRP-003631,DRV-00325,USR-00086,LOC-0005,LOC-0027,2024-10-04 21:04:36,2024-10-04 22:51:36,16.62,107,134174.89,1.0,134174.89,Completed,Cash,Success
3812,TRP-003632,DRV-00145,USR-00898,LOC-0040,LOC-0034,2024-09-12 04:50:14,2024-09-12 06:41:14,26.64,111,98568.27,2.0,197136.54,Completed,GoPay,Success
3813,TRP-003633,DRV-00069,USR-00918,LOC-0051,LOC-0026,2024-05-15 15:54:27,2024-05-15 16:08:27,25.35,14,65016.06,1.0,65016.06,Completed,Cash,Failed
3814,TRP-003634,DRV-00213,USR-01844,LOC-0015,LOC-0009,2024-11-13 06:41:25,2024-11-13 08:36:25,7.76,115,97477.14,1.0,97477.14,Completed,Credit Card,Success
3815,TRP-003635,DRV-00255,USR-00143,LOC-0012,LOC-0017,2024-06-09 18:08:52,2024-06-09 18:46:52,39.77,38,71076.09,1.25,88845.11,Cancelled,Cash,Success
3816,TRP-003636,DRV-00373,USR-00098,LOC-0042,LOC-0006,2024-08-01 04:18:43,2024-08-01 05:27:43,32.3,69,19255.83,1.75,33697.7,Completed,Credit Card,Pending
3817,TRP-003637,DRV-00066,USR-01990,LOC-0029,LOC-0053,2024-04-16 07:47:52,2024-04-16 08:13:52,2.36,26,99618.72,1.0,99618.72,Cancelled,Credit Card,Failed
3818,TRP-003638,DRV-00205,USR-01662,LOC-0020,LOC-0037,2024-06-11 13:20:27,2024-06-11 15:15:27,18.21,115,116743.87,1.0,116743.87,Completed,Cash,Pending
3819,TRP-003639,DRV-00452,USR-01026,LOC-0033,LOC-0042,2024-07-04 10:23:29,2024-07-04 12:01:29,38.83,98,11826.55,1.75,20696.46,Completed,Credit Card,Success
3820,TRP-003640,DRV-00150,USR-00142,LOC-0055,LOC-0057,2024-10-27 02:35:40,2024-10-27 02:59:40,,24,34040.54,1.0,34040.54,Completed,GoPay,Success
3821,TRP-003641,DRV-00235,USR-00004,LOC-0048,LOC-0039,2024-10-10 19:08:06,2024-10-10 20:37:06,35.0,89,139733.8,0.8,279467.6,Completed,GoPay,Success
3822,TRP-003642,DRV-00084,USR-00246,LOC-0010,LOC-0019,2024-01-04 05:58:47,2024-01-04 06:13:47,16.18,15,,1.0,,Completed,Cash,Success
3823,TRP-003643,DRV-00233,USR-01415,LOC-0028,LOC-0040,2024-01-10 18:51:00,2024-01-10 20:22:00,34.69,91,33743.73,1.0,33743.73,Completed,Cash,Success
3824,TRP-003644,DRV-00096,USR-00034,LOC-0054,LOC-0041,2024-12-20 02:54:31,2024-12-20 03:25:31,31.18,31,117264.46,1.5,175896.69,Failed,GoPay,Success
3825,TRP-003645,DRV-00358,USR-01846,LOC-0032,LOC-0019,2024-05-02 20:16:04,2024-05-02 20:54:04,18.31,38,17328.67,1.5,25993.0,Completed,Cash,Success
3826,TRP-003645,DRV-00358,USR-01846,LOC-0032,LOC-0019,2024-05-02 20:16:04,2024-05-02 20:54:04,18.31,38,17328.67,1.5,25993.0,Completed,Cash,Success
3827,TRP-003646,DRV-00405,USR-01919,LOC-0022,LOC-0041,2024-03-28 23:56:04,2024-03-29 00:21:04,6.68,25,46913.0,1.0,46913.0,Completed,GoPay,Pending
3828,TRP-003647,DRV-00135,USR-01376,LOC-0036,LOC-0049,2024-05-07 17:09:33,2024-05-07 17:53:33,5.61,44,127532.84,1.0,127532.84,Completed,GoPay,Success
3829,TRP-003648,DRV-00237,USR-00446,LOC-0044,LOC-0049,2024-03-15 17:00:49,2024-03-15 18:40:49,25.81,100,96116.4,1.0,96116.4,Completed,Cash,Success
3830,TRP-003649,DRV-00396,USR-01046,LOC-0040,LOC-0001,2024-09-07 11:43:58,2024-09-07 12:50:58,30.95,67,111381.67,1.0,111381.67,Completed,Credit Card,Success
3831,TRP-003649,DRV-00396,USR-01046,LOC-0040,LOC-0001,2024-09-07 11:43:58,2024-09-07 12:50:58,30.95,67,111381.67,1.0,111381.67,Completed,Credit Card,Success
3832,TRP-003650,DRV-00462,USR-00351,LOC-0053,LOC-0009,2024-01-04 09:47:33,2024-01-04 11:27:33,7.19,100,109249.26,3.5,109249.26,Completed,Credit Card,Success
3833,TRP-003651,DRV-00248,USR-00391,LOC-0041,LOC-0002,2024-10-26 07:15:59,2024-10-26 08:52:59,39.59,97,82721.21,1.0,82721.21,Cancelled,GoPay,Success
3834,TRP-003652,DRV-00420,USR-01146,LOC-0057,LOC-0011,2024-02-13 15:14:59,2024-02-13 17:02:59,38.39,108,10513.87,1.75,18399.27,Completed,Credit Card,Success
3835,TRP-003653,DRV-00500,USR-00114,LOC-0052,LOC-0006,2024-12-04 22:59:40,2024-12-05 00:52:40,36.3,113,34665.78,1.0,34665.78,Completed,Cash,Failed
3836,TRP-003654,DRV-00340,USR-00620,LOC-0011,LOC-0013,2024-12-23 08:16:07,2024-12-23 09:56:07,30.03,100,17177.88,1.0,17177.88,Completed,GoPay,Success
3837,TRP-003655,DRV-00208,USR-00440,LOC-0012,LOC-0018,2024-11-23 19:42:55,2024-11-23 20:11:55,39.91,29,139276.15,1.0,139276.15,Cancelled ,Cash,Success
3838,TRP-003656,DRV-00051,USR-01955,LOC-0003,LOC-0006,2024-06-17 12:08:26,2024-06-17 13:40:26,3.36,92,,1.0,,Completed,Credit Card,Success
3839,TRP-003657,DRV-00017,USR-01032,LOC-0046,LOC-0053,2024-01-06 04:15:20,2024-01-06 05:12:20,11.4,57,34497.11,1.0,34497.11,Completed,Cash,Success
3840,TRP-003658,DRV-00091,USR-01404,LOC-0035,LOC-0042,2024-07-18 15:43:39,2024-07-18 16:07:39,15.13,24,102136.56,1.0,102136.56,Cancelled,Credit Card,Success
3841,TRP-003659,DRV-00177,USR-01349,LOC-0022,LOC-0054,2024-07-11 00:54:24,2024-07-11 01:23:24,22.54,29,77617.33,1.25,97021.66,Completed,GoPay,Success
3842,TRP-003660,DRV-00134,USR-00480,LOC-0041,LOC-0019,2024-09-14 16:18:51,2024-09-14 16:43:51,23.43,25,74839.71,2.5,187099.28,Completed,Credit Card,Success
3843,TRP-003660,DRV-00134,USR-00480,LOC-0041,LOC-0019,2024-09-14 16:18:51,2024-09-14 16:43:51,23.43,25,74839.71,2.5,187099.28,Completed,Credit Card,Success
3844,TRP-003661,DRV-00373,USR-00656,LOC-0018,LOC-0051,2024-09-02 09:19:30,2024-09-02 10:18:30,10.22,59,29618.61,1.25,37023.26,Completed,GoPay,Failed
3845,TRP-003662,DRV-00216,USR-00195,LOC-0054,LOC-0003,2024-08-04 19:00:09,2024-08-04 20:49:09,31.24,109,51598.97,1.0,51598.97,Failed,Credit Card,Success
3846,TRP-003663,DRV-00256,USR-01925,LOC-0019,LOC-0014,2024-03-30 22:28:03,2024-03-30 23:03:03,33.26,35,96626.7,2.0,193253.4,Completed,Credit Card,Success
3847,TRP-003664,DRV-00355,USR-00332,LOC-0023,LOC-0011,2024-05-17 16:32:51,2024-05-17 18:14:51,13.55,102,87969.35,1.75,153946.36,Completed,Cash,Success
3848,TRP-003665,DRV-00155,USR-01482,LOC-0033,LOC-0022,2024-09-14 01:10:50,2024-09-14 02:21:50,39.1,71,20632.17,1.0,20632.17,Completed,GoPay,Success
3849,TRP-003666,DRV-00127,USR-00215,LOC-0020,LOC-0025,2024-06-24 11:40:57,2024-06-24 12:13:57,17.67,33,61441.63,1.0,61441.63,Cancelled,Credit Card,Success
3850,TRP-003667,DRV-00356,USR-00211,LOC-0008,LOC-0029,2024-01-01 04:34:41,2024-01-01 05:52:41,5.47,78,12576.1,1.0,12576.1,Completed,GoPay,Success
3851,TRP-003668,DRV-00491,USR-00676,LOC-0003,LOC-0035,2024-05-20 06:34:01,2024-05-20 07:25:01,5.33,51,16859.53,1.25,21074.41,Completed,GoPay,Failed
3852,TRP-003669,DRV-00239,USR-01972,LOC-0004,LOC-0017,2024-08-31 09:45:37,2024-08-31 10:54:37,5.08,69,115423.99,1.0,115423.99,Completed,Cash,Success
3853,TRP-003670,DRV-00470,USR-01942,LOC-0001,LOC-0029,2024-03-22 11:24:08,2024-03-22 11:53:08,22.67,29,114785.46,1.25,143481.83,Completed,Cash,Success
3854,TRP-003671,DRV-00488,USR-00664,LOC-0042,LOC-0047,2024-08-17 20:44:36,2024-08-17 22:06:36,32.64,82,56251.17,1.5,84376.76,Completed,Cash,Success
3855,TRP-003672,DRV-00453,USR-01853,LOC-0026,LOC-0017,2024-04-18 06:43:42,2024-04-18 08:32:42,,109,19245.39,1.0,19245.39,Completed,GoPay,Success
3856,TRP-003673,DRV-00104,USR-00641,LOC-0001,LOC-0057,2024-11-18 14:04:58,2024-11-18 15:33:58,15.77,89,84862.23,1.5,127293.35,Completed,Credit Card,Success
3857,TRP-003674,DRV-00131,USR-01867,LOC-0053,LOC-0017,2024-04-16 12:57:35,2024-04-16 13:15:35,26.66,18,139742.14,1.0,139742.14,Completed,GoPay,Success
3858,TRP-003675,DRV-00392,USR-00846,LOC-0047,LOC-0001,2024-03-17 07:59:20,2024-03-17 08:28:20,1.56,29,115676.76,1.75,202434.33,Completed,GoPay,Success
3859,TRP-003676,DRV-00358,USR-01143,LOC-0007,LOC-0009,2024-02-25 07:01:18,2024-02-25 07:25:18,2.29,24,92654.25,1.75,162144.94,Cancelled,GoPay,Success
3860,TRP-003677,DRV-00251,USR-00482,LOC-0012,LOC-0046,2024-03-06 12:06:06,2024-03-06 13:32:06,5.79,-10,24479.15,1.0,24479.15,Completed,Credit Card,Pending
3861,TRP-003678,DRV-00328,USR-01588,LOC-0035,LOC-0027,2024-08-10 11:25:04,2024-08-10 11:48:04,11.9,23,0.0,1.0,0.0,Completed,Cash,Failed
3862,TRP-003679,DRV-00247,USR-00656,LOC-0042,LOC-0022,2024-06-10 05:47:07,2024-06-10 07:40:07,35.37,113,72903.2,1.75,127580.6,Completed,GoPay,Success
3863,TRP-003680,DRV-00158,USR-00353,LOC-0032,LOC-0009,2024-10-09 04:14:13,2024-10-09 06:06:13,1.45,112,21313.32,1.5,31969.98,Completed,Cash,Success
3864,TRP-003681,DRV-00271,USR-00524,LOC-0010,LOC-0022,2024-12-23 07:18:29,2024-12-23 09:16:29,32.18,118,99849.54,2.5,249623.85,Completed,GoPay,Failed
3865,TRP-003682,DRV-00074,USR-00971,LOC-0026,LOC-0044,2024-08-21 11:33:34,2024-08-21 11:43:34,14.85,10,60041.64,1.0,60041.64,Completed,Credit Card,Success
3866,TRP-003683,DRV-00480,USR-01219,LOC-0033,LOC-0055,2024-09-10 09:45:42,2024-09-10 11:23:42,7.79,98,94792.73,2.0,189585.46,Completed,Credit Card,Success
3867,TRP-003684,DRV-00035,USR-01315,LOC-0012,LOC-0010,2024-06-06 11:35:12,2024-06-06 13:04:12,23.05,89,22369.28,1.75,39146.24,Completed,Cash,Success
3868,TRP-003685,DRV-00173,USR-01805,LOC-0032,LOC-0056,2024-02-09 15:56:52,2024-02-09 17:47:52,6.66,111,79796.9,1.5,119695.35,Completed,Credit Card,Failed
3869,TRP-003686,DRV-00420,USR-01871,LOC-0020,LOC-0054,2024-08-06 18:25:48,2024-08-06 19:12:48,20.32,47,110170.27,1.75,192797.97,Completed,GoPay,Success
3870,TRP-003687,DRV-00016,USR-00603,LOC-0021,LOC-0031,2024-11-01 00:39:07,2024-11-01 01:39:07,23.76,0,33732.54,1.0,33732.54,Completed,Credit Card,Success
3871,TRP-003688,DRV-00305,USR-01913,LOC-0041,LOC-0045,2024-08-16 06:18:54,2024-08-16 07:56:54,24.09,98,97417.12,1.0,97417.12,Completed,Cash,Success
3872,TRP-003689,DRV-00407,USR-01322,LOC-0054,LOC-0040,2024-05-19 23:18:47,2024-05-20 00:47:47,39.21,89,77145.98,1.0,77145.98,Completed,Cash,Pending
3873,TRP-003690,DRV-00400,USR-01188,LOC-0001,LOC-0055,2024-08-13 10:17:13,2024-08-13 10:52:13,26.92,35,148382.93,1.0,148382.93,Completed,GoPay,Success
3874,TRP-003691,DRV-00493,USR-01476,LOC-0046,LOC-0025,2024-03-30 21:05:03,2024-03-30 22:29:03,3.61,84,86605.73,1.0,86605.73,Completed,Credit Card,Success
3875,TRP-003692,DRV-00140,USR-01317,LOC-0005,LOC-0041,2024-07-09 02:29:24,2024-07-09 04:07:24,8.99,98,135806.18,1.0,135806.18,Completed,Credit Card,Failed
3876,TRP-003693,DRV-00186,USR-01909,LOC-0046,LOC-0026,2024-07-14 10:23:22,2024-07-14 11:57:22,17.66,94,13715.07,1.5,20572.6,Completed,Credit Card,Pending
3877,TRP-003694,DRV-00186,USR-01181,LOC-0029,LOC-0045,2024-07-29 02:16:04,2024-07-29 03:24:04,37.36,68,90994.73,1.75,159240.78,Completed,Credit Card,Success
3878,TRP-003695,DRV-00499,USR-01666,LOC-0017,LOC-0044,2024-07-03 03:30:33,2024-07-03 04:54:33,33.05,84,103691.35,1.0,103691.35,Completed,GoPay,Success
3879,TRP-003696,DRV-00440,USR-01681,LOC-0018,LOC-0042,2024-01-23 09:09:17,2024-01-23 10:39:17,26.8,90,58938.74,1.0,58938.74,Completed,Cash,Success
3880,TRP-003697,DRV-00059,USR-01144,LOC-0057,LOC-0038,2024-12-08 08:28:39,2024-12-08 09:53:39,31.15,85,139229.92,1.0,139229.92,Completed,Credit Card,Failed
3881,TRP-003698,DRV-00424,USR-01144,LOC-0041,LOC-0014,2024-03-23 10:00:00,2024-03-23 10:33:00,15.81,33,27138.1,1.0,27138.1,Completed,Credit Card,Success
3882,TRP-003699,DRV-00302,USR-01084,LOC-0049,LOC-0013,2024-06-07 11:54:52,2024-06-07 13:33:52,6.52,99,,1.0,,Completed,Credit Card,Success
3883,TRP-003700,DRV-00133,USR-00156,LOC-0022,LOC-0027,2024-07-29 15:50:53,2024-07-29 17:27:53,6.32,97,111843.85,1.75,195726.74,Completed,GoPay,Success
3884,TRP-003701,DRV-00029,USR-01632,LOC-0049,LOC-0008,2024-10-04 00:12:27,2024-10-04 01:28:27,25.11,76,82998.06,1.75,145246.6,Completed,GoPay,Failed
3885,TRP-003702,DRV-00129,USR-00116,LOC-0033,LOC-0043,2024-06-10 06:54:21,2024-06-10 07:51:21,16.98,57,112646.96,1.0,112646.96,Completed,Credit Card,Success
3886,TRP-003703,DRV-00383,USR-00768,LOC-0014,LOC-0019,2024-02-15 15:18:14,2024-02-15 16:28:14,16.16,70,77254.73,1.75,135195.78,Completed,Cash,Success
3887,TRP-003704,DRV-00301,USR-01736,LOC-0034,LOC-0020,2024-05-26 02:39:25,2024-05-26 04:18:25,36.87,99,141103.55,1.0,141103.55,Completed,GoPay,Success
3888,TRP-003705,DRV-00063,USR-01255,LOC-0003,LOC-0007,2024-03-09 17:19:33,2024-03-09 18:39:33,2.1,80,34955.9,1.0,34955.9,Completed,Credit Card,Success
3889,TRP-003706,DRV-00085,USR-00117,LOC-0023,LOC-0026,2024-05-02 02:40:31,2024-05-02 03:07:31,7.67,27,133380.67,1.25,166725.84,COMPLETED,Credit Card,Success
3890,TRP-003707,DRV-00456,USR-01067,LOC-0034,LOC-0047,2024-07-23 19:07:10,2024-07-23 19:18:10,17.72,11,121792.58,2.0,243585.16,Completed,GoPay,Success
3891,TRP-003708,DRV-00227,USR-00310,LOC-0013,LOC-0023,2024-03-11 16:06:33,2024-03-11 17:27:33,29.97,81,24839.2,1.75,43468.6,Completed,Cash,Success
3892,TRP-003709,DRV-00401,USR-00965,LOC-0055,LOC-0029,2024-11-20 02:53:33,2024-11-20 03:05:33,11.49,12,19366.9,1.0,19366.9,Completed,Credit Card,Success
3893,TRP-003710,DRV-00227,USR-01391,LOC-0051,LOC-0047,2024-02-14 14:39:06,2024-02-14 14:54:06,15.44,15,,1.25,,Completed,GoPay,Success
3894,TRP-003711,DRV-00280,USR-01167,LOC-0036,LOC-0043,2024-08-22 03:59:23,2024-08-22 04:22:23,28.92,23,31745.05,1.0,31745.05,Failed,GoPay,Success
3895,TRP-003712,DRV-00465,USR-01405,LOC-0050,LOC-0013,2024-03-17 10:49:27,2024-03-17 11:42:27,24.89,53,,1.25,,Completed,Cash,Success
3896,TRP-003713,DRV-00300,USR-01059,LOC-0027,LOC-0036,2024-12-07 07:54:37,2024-12-07 08:29:37,3.32,35,72228.34,1.0,72228.34,Completed,Credit Card,Success
3897,TRP-003714,DRV-00387,USR-01323,LOC-0026,LOC-0041,2024-11-17 07:07:57,2024-11-17 08:10:57,22.45,63,65458.52,2.0,130917.04,Completed,Cash,Success
3898,TRP-003715,DRV-00468,USR-00448,LOC-0003,LOC-0017,2024-03-28 05:14:19,2024-03-28 06:07:19,2.99,53,143911.83,1.0,143911.83,Completed,GoPay,Success
3899,TRP-003716,DRV-00042,USR-00014,LOC-0027,LOC-0035,2024-09-09 10:32:42,2024-09-09 12:28:42,37.96,116,142539.34,1.0,142539.34,Completed,Cash,Success
3900,TRP-003717,DRV-00016,USR-01277,LOC-0019,LOC-0024,2024-11-20 09:41:24,2024-11-20 11:04:24,19.12,83,102750.31,1.0,102750.31,Completed,GoPay,Success
3901,TRP-003717,DRV-00016,USR-01277,LOC-0019,LOC-0024,2024-11-20 09:41:24,2024-11-20 11:04:24,19.12,83,102750.31,1.0,102750.31,Completed,GoPay,Success
3902,TRP-003718,DRV-00174,USR-00042,LOC-0009,LOC-0051,2024-06-28 14:58:47,2024-06-28 16:45:47,7.52,107,124886.31,1.75,218551.04,Completed,Cash,Pending
3903,TRP-003719,DRV-00359,USR-00333,LOC-0032,LOC-0013,2024-12-16 11:42:44,2024-12-16 12:36:44,22.89,54,121877.91,1.25,152347.39,Completed,Cash,Success
3904,TRP-003720,DRV-00087,USR-01356,LOC-0056,LOC-0014,2024-05-29 11:24:46,2024-05-29 11:55:46,,31,21539.23,1.5,32308.85,Completed,Credit Card,Success
3905,TRP-003721,DRV-00163,USR-01602,LOC-0049,LOC-0012,2024-05-10 17:41:40,2024-05-10 18:41:40,21.05,60,72459.77,1.25,90574.71,Completed,Credit Card,Success
3906,TRP-003722,DRV-00421,USR-01286,LOC-0039,LOC-0036,2024-02-27 03:19:45,2024-02-27 03:34:45,31.99,15,52719.21,1.0,52719.21,Cancelled,Credit Card,Success
3907,TRP-003723,DRV-00206,USR-01271,LOC-0022,LOC-0053,2024-09-06 17:18:46,2024-09-06 18:38:46,37.16,80,18453.02,1.0,18453.02,Completed,Credit Card,Success
3908,TRP-003724,DRV-00445,USR-00218,LOC-0049,LOC-0009,2024-05-17 23:07:12,2024-05-18 00:26:12,39.32,79,119656.5,1.5,179484.75,Completed,GoPay,Success
3909,TRP-003725,DRV-00332,USR-00838,LOC-0037,LOC-0033,2024-01-07 00:31:24,2024-01-07 02:10:24,6.01,99,57043.76,1.0,57043.76,Completed,Cash,Success
3910,TRP-003726,DRV-00055,USR-00624,LOC-0051,LOC-0006,2024-05-03 00:05:16,2024-05-03 01:51:16,19.34,106,,1.0,,Cancelled,GoPay,Success
3911,TRP-003726,DRV-00055,USR-00624,LOC-0051,LOC-0006,2024-05-03 00:05:16,2024-05-03 01:51:16,19.34,106,,1.0,,Cancelled,GoPay,Success
3912,TRP-003727,DRV-00153,USR-01700,LOC-0019,LOC-0048,2024-12-23 11:05:56,2024-12-23 12:17:56,30.01,72,67751.93,1.5,101627.89,Cancelled,Credit Card,Success
3913,TRP-003728,DRV-00213,USR-01909,LOC-0033,LOC-0007,2024-11-18 20:21:32,2024-11-18 21:48:32,12.93,87,104858.39,2.0,209716.78,Completed,Cash,Success
3914,TRP-003729,DRV-00162,USR-00748,LOC-0001,LOC-0024,2024-11-14 07:31:31,2024-11-14 08:27:31,39.51,56,,1.0,,Completed,Credit Card,Failed
3915,TRP-003730,DRV-00149,USR-00839,LOC-0026,LOC-0011,2024-08-19 18:09:33,2024-08-19 19:16:33,7.22,67,110737.62,1.0,110737.62,Completed,Cash,Success
3916,TRP-003731,DRV-00424,USR-00688,LOC-0043,LOC-0001,2024-01-19 15:16:27,2024-01-19 15:45:27,10.74,29,119973.45,1.25,149966.81,Completed,GoPay,Success
3917,TRP-003732,DRV-00451,USR-01049,LOC-0021,LOC-0041,2024-01-10 14:50:55,2024-01-10 15:34:55,2.62,44,27886.57,1.25,34858.21,COMPLETED,GoPay,Success
3918,TRP-003733,DRV-00057,USR-01632,LOC-0005,LOC-0017,2024-02-23 20:41:31,2024-02-23 21:40:31,37.95,59,44589.83,1.0,44589.83,Completed,Cash,Success
3919,TRP-003734,DRV-00351,USR-00491,LOC-0037,LOC-0053,2024-11-11 10:49:34,2024-11-11 11:10:34,8.13,21,135374.1,1.0,135374.1,Completed,GoPay,Success
3920,TRP-003735,DRV-00404,USR-01829,LOC-0045,LOC-0020,2024-09-28 09:57:29,2024-09-28 11:40:29,10.93,103,111413.47,0.5,194973.57,Cancelled,Credit Card,Success
3921,TRP-003736,DRV-00443,USR-00077,LOC-0015,LOC-0011,2024-06-08 03:55:20,2024-06-08 05:44:20,35.65,109,,1.75,,Completed,Credit Card,Success
3922,TRP-003737,DRV-00412,USR-00821,LOC-0015,LOC-0036,2024-08-12 01:09:09,2024-08-12 02:30:09,23.6,81,29722.46,1.0,29722.46,Failed,Cash,Success
3923,TRP-003738,DRV-00253,USR-01958,LOC-0042,LOC-0015,2024-05-06 15:10:18,2024-05-06 16:24:18,3.41,74,142925.07,2.0,285850.14,CANCELLED,GoPay,Success
3924,TRP-003739,DRV-00491,USR-01970,LOC-0011,LOC-0007,2024-05-10 01:00:28,2024-05-10 01:34:28,24.81,34,13470.51,2.0,26941.02,Failed,GoPay,Success
3925,TRP-003740,DRV-00064,USR-01587,LOC-0053,LOC-0029,2024-08-26 11:11:20,2024-08-26 13:08:20,30.43,117,109279.59,1.0,109279.59,Completed,GoPay,Pending
3926,TRP-003741,DRV-00398,USR-00441,LOC-0045,LOC-0001,2024-09-25 01:14:28,2024-09-25 01:36:28,33.75,22,22558.53,1.0,22558.53,Completed,Cash,Success
3927,TRP-003742,DRV-00224,USR-00241,LOC-0025,LOC-0038,2024-02-08 05:41:41,2024-02-08 07:37:41,28.69,116,116978.0,1.75,204711.5,Completed,Cash,Pending
3928,TRP-003742,DRV-00224,USR-00241,LOC-0025,LOC-0038,2024-02-08 05:41:41,2024-02-08 07:37:41,28.69,116,116978.0,1.75,204711.5,Completed,Cash,Pending
3929,TRP-003743,DRV-00167,USR-01449,LOC-0034,LOC-0041,2024-02-17 17:11:40,2024-02-17 19:09:40,6.04,118,122853.1,1.0,122853.1,Completed,GoPay,Success
3930,TRP-003744,DRV-00377,USR-00264,LOC-0033,LOC-0039,2024-04-22 18:12:55,2024-04-22 18:30:55,16.96,18,102604.7,1.25,128255.88,Completed,GoPay,Success
3931,TRP-003745,DRV-00225,USR-01250,LOC-0043,LOC-0001,2024-05-04 18:40:12,2024-05-04 20:24:12,12.73,104,134310.89,2.0,268621.78,Completed,Credit Card,Pending
3932,TRP-003746,DRV-00075,USR-01572,LOC-0020,LOC-0009,2024-06-13 20:21:48,2024-06-13 22:18:48,39.2,117,117592.06,1.0,117592.06,Cancelled,Cash,Success
3933,TRP-003747,DRV-00090,USR-01031,LOC-0052,LOC-0008,2024-06-04 10:43:30,2024-06-04 12:38:30,38.93,115,46607.23,1.5,69910.85,Completed,Credit Card,Success
3934,TRP-003748,DRV-00157,USR-00195,LOC-0001,LOC-0017,2024-01-28 06:24:58,2024-01-28 06:46:58,3.83,22,59893.12,1.5,89839.68,COMPLETED,GoPay,Success
3935,TRP-003749,DRV-00178,USR-00773,LOC-0001,LOC-0045,2024-11-21 14:47:23,2024-11-21 16:27:23,25.22,100,138844.55,2.0,277689.1,Completed,GoPay,Pending
3936,TRP-003750,DRV-00027,USR-00506,LOC-0024,LOC-0030,2024-02-01 18:51:00,2024-02-01 19:30:00,34.37,39,117068.49,1.0,117068.49,Cancelled,Cash,Success
3937,TRP-003751,DRV-00328,USR-01703,LOC-0051,LOC-0045,2024-07-05 12:27:16,2024-07-05 13:06:16,33.1,39,137980.42,1.0,137980.42,Cancelled,Credit Card,Success
3938,TRP-003752,DRV-00108,USR-00593,LOC-0047,LOC-0049,2024-06-06 05:53:07,2024-06-06 07:25:07,32.94,92,88681.6,1.0,88681.6,Completed,Credit Card,Success
3939,TRP-003753,DRV-00076,USR-00865,LOC-0042,LOC-0038,2024-07-01 23:53:26,2024-07-02 01:24:26,10.29,91,17382.52,2.0,34765.04,Completed,Credit Card,Failed
3940,TRP-003753,DRV-00076,USR-00865,LOC-0042,LOC-0038,2024-07-01 23:53:26,2024-07-02 01:24:26,10.29,91,17382.52,2.0,34765.04,Completed,Credit Card,Failed
3941,TRP-003754,DRV-00173,USR-01278,LOC-0012,LOC-0033,2024-08-03 03:13:21,2024-08-03 03:54:21,35.6,41,113031.18,1.0,113031.18,Completed,Credit Card,Success
3942,TRP-003755,DRV-00029,USR-01691,LOC-0025,LOC-0023,2024-02-05 13:28:19,2024-02-05 14:18:19,26.51,50,40339.98,1.0,40339.98,Completed,GoPay,Success
3943,TRP-003756,DRV-00474,USR-01260,LOC-0025,LOC-0056,2024-01-19 10:02:37,2024-01-19 10:54:37,6.86,52,14651.25,2.0,29302.5,Completed,GoPay,Failed
3944,TRP-003757,DRV-00047,USR-00727,LOC-0033,LOC-0026,2024-08-12 00:16:41,2024-08-12 01:02:41,35.19,46,95814.35,1.75,167675.11,failed,Cash,Failed
3945,TRP-003758,DRV-00215,USR-00203,LOC-0024,LOC-0017,2024-05-18 20:25:54,2024-05-18 22:05:54,21.24,100,,1.25,,Completed,GoPay,Failed
3946,TRP-003758,DRV-00215,USR-00203,LOC-0024,LOC-0017,2024-05-18 20:25:54,2024-05-18 22:05:54,21.24,100,,1.25,,Completed,GoPay,Failed
3947,TRP-003759,DRV-00216,USR-00415,LOC-0024,LOC-0030,2024-06-01 23:10:17,2024-06-02 00:37:17,5.1,87,66682.48,1.25,83353.1,Completed,Credit Card,Success
3948,TRP-003760,DRV-00462,USR-01958,LOC-0039,LOC-0034,2024-05-03 02:44:24,2024-05-03 03:20:24,30.88,36,124241.43,1.5,186362.14,Completed,GoPay,Success
3949,TRP-003761,DRV-00077,USR-00668,LOC-0052,LOC-0053,2024-02-11 10:21:50,2024-02-11 11:16:50,10.29,55,16139.6,1.5,24209.4,Completed,GoPay,Success
3950,TRP-003762,DRV-00151,USR-01435,LOC-0051,LOC-0031,2024-06-18 09:58:24,2024-06-18 11:24:24,4.42,86,25276.95,1.0,25276.95,Completed,GoPay,Success
3951,TRP-003763,DRV-00422,USR-00176,LOC-0010,LOC-0030,2024-02-13 08:14:43,2024-02-13 09:42:43,38.35,88,31251.41,1.0,31251.41,Completed,Credit Card,Success
3952,TRP-003764,DRV-00337,USR-01272,LOC-0052,LOC-0053,2024-06-23 22:15:05,2024-06-24 00:03:05,16.48,108,43870.21,1.0,43870.21,Completed,GoPay,Success
3953,TRP-003765,DRV-00015,USR-00070,LOC-0006,LOC-0054,2024-03-07 20:36:50,2024-03-07 21:54:50,2.79,78,58212.0,1.5,87318.0,Cancelled,Credit Card,Success
3954,TRP-003766,DRV-00048,USR-01154,LOC-0033,LOC-0038,2024-06-17 00:45:29,2024-06-17 02:05:29,10.59,80,52324.99,1.0,52324.99,Completed,Credit Card,Success
3955,TRP-003767,DRV-00450,USR-01244,LOC-0001,LOC-0005,2024-07-17 08:46:52,2024-07-17 10:06:52,24.81,80,142648.74,1.5,213973.11,Completed,Cash,Success
3956,TRP-003768,DRV-00309,USR-01100,LOC-0012,LOC-0057,2024-10-25 05:52:49,2024-10-25 06:22:49,13.82,30,58392.33,1.0,58392.33,Completed,GoPay,Success
3957,TRP-003769,DRV-00140,USR-00606,LOC-0018,LOC-0029,2024-10-03 10:42:39,2024-10-03 12:28:39,7.1,106,118378.32,1.0,118378.32,Cancelled,Cash,Success
3958,TRP-003770,DRV-00343,USR-01748,LOC-0040,LOC-0011,2024-11-16 17:46:42,2024-11-16 19:26:42,4.43,100,100008.27,1.0,100008.27,Failed,Credit Card,Success
3959,TRP-003771,DRV-00393,USR-01322,LOC-0030,LOC-0055,2024-03-07 20:04:44,2024-03-07 21:31:44,2.76,87,139143.31,2.5,347858.28,Completed,Cash,Failed
3960,TRP-003772,DRV-00225,USR-00770,LOC-0005,LOC-0004,2024-06-25 12:44:53,2024-06-25 13:11:53,31.86,27,75495.57,1.5,113243.36,Cancelled,Credit Card,Success
3961,TRP-003773,DRV-00189,USR-01359,LOC-0031,LOC-0050,2024-12-21 19:38:15,2024-12-21 21:25:15,,107,12434.6,1.0,12434.6,Completed,Credit Card,Success
3962,TRP-003774,DRV-00444,USR-00346,LOC-0022,LOC-0051,2024-01-26 05:52:25,2024-01-26 07:00:25,31.03,68,99310.75,1.0,99310.75,Completed,Cash,Success
3963,TRP-003775,DRV-00468,USR-01743,LOC-0016,LOC-0020,2024-04-27 23:02:29,2024-04-27 23:36:29,7.96,34,,1.0,,Completed,GoPay,Success
3964,TRP-003776,DRV-00148,USR-00020,LOC-0042,LOC-0002,2024-01-05 16:21:08,2024-01-05 17:05:08,14.86,44,51993.74,1.0,51993.74,Cancelled,GoPay,Success
3965,TRP-003777,DRV-00142,USR-01584,LOC-0016,LOC-0013,2024-04-11 21:35:56,2024-04-11 22:44:56,18.48,69,105625.15,1.0,105625.15,Cancelled,Credit Card,Success
3966,TRP-003778,DRV-00348,USR-00753,LOC-0037,LOC-0040,2024-04-29 08:35:58,2024-04-29 10:27:58,22.74,112,88243.14,1.5,132364.71,Failed,Cash,Success
3967,TRP-003779,DRV-00390,USR-01184,LOC-0017,LOC-0007,2024-04-02 08:56:37,2024-04-02 09:09:37,1.12,13,122085.7,1.25,152607.12,Cancelled,GoPay,Success
3968,TRP-003780,DRV-00344,USR-01744,LOC-0017,LOC-0049,2024-11-27 02:51:50,2024-11-27 04:43:50,36.25,112,127011.62,1.75,222270.33,Completed,Credit Card,Success
3969,TRP-003780,DRV-00344,USR-01744,LOC-0017,LOC-0049,2024-11-27 02:51:50,2024-11-27 04:43:50,36.25,112,127011.62,1.75,222270.33,Completed,Credit Card,Success
3970,TRP-003781,DRV-00341,USR-00058,LOC-0032,LOC-0028,2024-09-08 07:16:36,2024-09-08 07:44:36,11.91,28,112708.64,1.0,112708.64,Cancelled,Credit Card,Success
3971,TRP-003782,DRV-00247,USR-01650,LOC-0039,LOC-0051,2024-09-11 23:56:16,2024-09-12 00:45:16,39.63,49,51784.96,1.5,77677.44,Completed,Cash,Success
3972,TRP-003783,DRV-00180,USR-00557,LOC-0040,LOC-0019,2024-02-01 23:27:41,2024-02-02 00:19:41,20.98,52,52998.98,1.25,66248.73,Completed,GoPay,Success
3973,TRP-003784,DRV-00481,USR-00771,LOC-0033,LOC-0006,2024-01-30 00:59:17,2024-01-30 01:57:17,28.4,58,59224.9,1.75,103643.57,Completed,Credit Card,Success
3974,TRP-003785,DRV-00387,USR-01930,LOC-0002,LOC-0005,2024-04-27 08:33:59,2024-04-27 10:16:59,,103,146664.47,2.0,293328.94,Failed,GoPay,Success
3975,TRP-003786,DRV-00376,USR-01630,LOC-0039,LOC-0051,2024-04-02 05:31:53,2024-04-02 06:20:53,6.12,49,127977.12,1.0,127977.12,Completed,Credit Card,Success
3976,TRP-003787,DRV-00153,USR-01258,LOC-0040,LOC-0015,2024-10-14 05:46:24,2024-10-14 06:58:24,6.45,72,94177.7,1.5,141266.55,Completed,Credit Card,Success
3977,TRP-003788,DRV-00118,USR-01534,LOC-0056,LOC-0032,2024-05-23 18:30:28,2024-05-23 19:59:28,24.39,89,117126.33,1.0,117126.33,Completed,Credit Card,Pending
3978,TRP-003789,DRV-00190,USR-00036,LOC-0043,LOC-0056,2024-11-02 17:21:53,2024-11-02 18:12:53,19.34,51,93420.69,1.75,163486.21,Completed,Credit Card,Success
3979,TRP-003790,DRV-00341,USR-00220,LOC-0040,LOC-0017,2024-01-16 20:28:44,2024-01-16 21:22:44,11.94,54,148413.0,1.0,148413.0,Completed,GoPay,Success
3980,TRP-003791,DRV-00026,USR-00910,LOC-0025,LOC-0054,2024-07-30 13:25:14,2024-07-30 13:52:14,27.46,27,10206.3,1.0,10206.3,Cancelled,Cash,Success
3981,TRP-003792,DRV-00315,USR-00789,LOC-0010,LOC-0048,2024-06-24 00:14:52,2024-06-24 00:57:52,10.72,43,122090.54,1.0,122090.54,Cancelled,Credit Card,Success
3982,TRP-003793,DRV-00372,USR-00650,LOC-0048,LOC-0002,2024-04-17 09:21:21,2024-04-17 10:10:21,39.63,49,113818.91,1.0,113818.91,Completed,GoPay,Pending
3983,TRP-003793,DRV-00372,USR-00650,LOC-0048,LOC-0002,2024-04-17 09:21:21,2024-04-17 10:10:21,39.63,49,113818.91,1.0,113818.91,Completed,GoPay,Pending
3984,TRP-003794,DRV-00333,USR-00211,LOC-0004,LOC-0018,2024-02-04 06:08:03,2024-02-04 06:36:03,38.26,28,81386.28,2.0,162772.56,Cancelled,Credit Card,Success
3985,TRP-003795,DRV-00064,USR-00216,LOC-0040,LOC-0035,2024-07-13 22:51:39,2024-07-13 23:42:39,14.11,51,65261.02,1.0,65261.02,Completed,Credit Card,Success
3986,TRP-003796,DRV-00455,USR-00832,LOC-0001,LOC-0018,2024-01-18 16:08:13,2024-01-18 16:41:13,,33,84608.27,1.25,105760.34,Completed,GoPay,Success
3987,TRP-003797,DRV-00020,USR-01768,LOC-0001,LOC-0049,2024-10-13 03:57:00,2024-10-13 04:34:00,15.21,37,134869.36,2.0,269738.72,Completed,Credit Card,Success
3988,TRP-003798,DRV-00289,USR-00613,LOC-0029,LOC-0034,2024-09-13 20:00:31,2024-09-13 21:25:31,36.83,85,96922.9,1.0,96922.9,Completed,Credit Card,Success
3989,TRP-003799,DRV-00202,USR-01374,LOC-0041,LOC-0014,2024-03-12 13:04:38,2024-03-12 14:09:38,17.78,65,103337.11,1.5,155005.67,Completed,GoPay,Success
3990,TRP-003800,DRV-00267,USR-01308,LOC-0020,LOC-0034,2024-11-23 16:14:38,2024-11-23 17:04:38,4.36,50,70234.91,1.0,70234.91,Failed,GoPay,Success
3991,TRP-003801,DRV-00137,USR-01609,LOC-0008,LOC-0028,2024-07-26 23:12:53,2024-07-26 23:47:53,31.13,35,26825.29,1.0,26825.29,Completed,Credit Card,Success
3992,TRP-003802,DRV-00171,USR-00613,LOC-0018,LOC-0001,2024-03-06 15:01:23,2024-03-06 16:13:23,37.87,72,,1.0,,Cancelled,GoPay,Success
3993,TRP-003803,DRV-00244,USR-01249,LOC-0054,LOC-0001,2024-09-07 15:34:48,2024-09-07 16:17:48,26.31,43,63880.75,1.75,111791.31,Completed,GoPay,Success
3994,TRP-003804,DRV-00276,USR-00667,LOC-0044,LOC-0010,2024-08-24 10:00:06,2024-08-24 10:50:06,34.87,50,11001.11,1.25,13751.39,Completed,GoPay,Success
3995,TRP-003805,DRV-00416,USR-00829,LOC-0021,LOC-0042,2024-03-02 00:00:27,2024-03-02 00:19:27,29.86,19,76675.54,1.0,76675.54,Completed,GoPay,Success
3996,TRP-003806,DRV-00028,USR-00774,LOC-0020,LOC-0053,2024-10-05 08:32:05,2024-10-05 08:57:05,15.69,25,103314.95,1.0,103314.95,Completed,Cash,Success
3997,TRP-003806,DRV-00028,USR-00774,LOC-0020,LOC-0053,2024-10-05 08:32:05,2024-10-05 08:57:05,15.69,25,103314.95,1.0,103314.95,Completed,Cash,Success
3998,TRP-003807,DRV-00011,USR-00946,LOC-0030,LOC-0044,2024-02-21 16:39:35,2024-02-21 17:33:35,27.38,54,0.0,1.5,0.0,Completed,Cash,Success
3999,TRP-003808,DRV-00047,USR-00500,LOC-0024,LOC-0013,2024-10-31 04:14:01,2024-10-31 05:39:01,31.46,85,48132.01,1.75,84231.02,Completed,GoPay,Success
4000,TRP-003809,DRV-00239,USR-00706,LOC-0028,LOC-0054,2024-01-28 05:17:21,2024-01-28 05:51:21,17.84,34,37735.35,1.0,37735.35,Completed,Cash,Success
4001,TRP-003810,DRV-00031,USR-01944,LOC-0035,LOC-0037,2024-05-12 23:27:14,2024-05-13 00:20:14,20.26,53,43030.24,1.0,43030.24,Completed,GoPay,Success
4002,TRP-003811,DRV-00468,USR-00111,LOC-0047,LOC-0018,2024-05-22 21:34:02,2024-05-22 23:15:02,36.92,101,74751.87,1.75,130815.77,Completed,GoPay,Success
4003,TRP-003812,DRV-00438,USR-00687,LOC-0017,LOC-0010,2024-05-03 20:59:04,2024-05-03 22:49:04,9.54,110,21621.63,1.25,27027.04,Failed,Cash,Success
4004,TRP-003813,DRV-00288,USR-01342,LOC-0053,LOC-0032,2024-10-09 00:41:39,2024-10-09 01:10:39,22.06,29,73550.57,2.0,147101.14,Completed,Cash,Success
4005,TRP-003814,DRV-00490,USR-00473,LOC-0028,LOC-0027,2024-03-01 19:23:18,2024-03-01 20:13:18,9.86,50,62637.25,1.0,62637.25,Failed,GoPay,Success
4006,TRP-003815,DRV-00405,USR-01214,LOC-0056,LOC-0041,2024-11-22 15:55:50,2024-11-22 16:34:50,37.58,39,57373.56,1.5,86060.34,Completed,GoPay,Pending
4007,TRP-003816,DRV-00403,USR-00257,LOC-0011,LOC-0034,2024-02-09 08:00:16,2024-02-09 08:16:16,29.59,16,91072.24,1.25,113840.3,Completed,GoPay,Failed
4008,TRP-003817,DRV-00052,USR-01525,LOC-0015,LOC-0009,2024-12-12 18:11:12,2024-12-12 18:25:12,10.03,14,13066.49,1.0,13066.49,Completed,Cash,Success
4009,TRP-003818,DRV-00258,USR-00124,LOC-0031,LOC-0040,2024-04-06 18:00:17,2024-04-06 19:38:17,12.18,98,50898.77,1.5,76348.15,Completed,Credit Card,Success
4010,TRP-003819,DRV-00384,USR-01495,LOC-0044,LOC-0033,2024-12-24 11:41:43,2024-12-24 13:35:43,3.42,114,47529.39,1.0,47529.39,Completed,Credit Card,Failed
4011,TRP-003820,DRV-00091,USR-00995,LOC-0056,LOC-0014,2024-09-16 05:09:17,2024-09-16 07:00:17,39.39,111,120600.23,1.75,211050.4,Completed,Credit Card,Success
4012,TRP-003820,DRV-00091,USR-00995,LOC-0056,LOC-0014,2024-09-16 05:09:17,2024-09-16 07:00:17,39.39,111,120600.23,1.75,211050.4,Completed,Credit Card,Success
4013,TRP-003821,DRV-00054,USR-01841,LOC-0005,LOC-0042,2024-12-06 18:59:38,2024-12-06 20:03:38,19.98,64,120431.45,1.75,210755.04,Completed,GoPay,Success
4014,TRP-003822,DRV-00127,USR-00875,LOC-0024,LOC-0044,2024-03-22 17:00:38,2024-03-22 18:48:38,19.68,108,62154.03,1.0,62154.03,Completed,Credit Card,Success
4015,TRP-003823,DRV-00205,USR-00235,LOC-0033,LOC-0041,2024-04-24 08:49:53,2024-04-24 10:45:53,16.81,116,101625.36,5.0,101625.36,Completed,Cash,Pending
4016,TRP-003824,DRV-00241,USR-01911,LOC-0039,LOC-0010,2024-04-25 18:13:56,2024-04-25 18:46:56,,33,137847.63,1.75,241233.35,Completed,Cash,Success
4017,TRP-003825,DRV-00459,USR-00997,LOC-0008,LOC-0006,2024-04-18 09:06:49,2024-04-18 10:04:49,37.12,58,146856.38,1.0,146856.38,Completed,Cash,Success
4018,TRP-003826,DRV-00075,USR-01570,LOC-0029,LOC-0055,2024-10-03 05:00:12,2024-10-03 06:00:12,18.64,60,96833.6,2.0,193667.2,Completed,Credit Card,Success
4019,TRP-003827,DRV-00014,USR-00085,LOC-0039,LOC-0022,2024-04-13 07:21:25,2024-04-13 07:41:25,2.52,20,81121.31,2.0,162242.62,Completed,Credit Card,Success
4020,TRP-003828,DRV-00104,USR-00324,LOC-0023,LOC-0028,2024-11-16 08:46:55,2024-11-16 09:19:55,,33,34257.63,1.0,34257.63,Completed,Credit Card,Success
4021,TRP-003829,DRV-00468,USR-01620,LOC-0010,LOC-0041,2024-01-27 17:10:14,2024-01-27 18:11:14,5.82,61,116716.89,1.5,175075.33,Completed,Cash,Success
4022,TRP-003830,DRV-00029,USR-00968,LOC-0055,LOC-0043,2024-08-15 15:32:17,2024-08-15 17:31:17,13.91,119,109104.31,1.0,109104.31,Completed,Cash,Success
4023,TRP-003831,DRV-00437,USR-00947,LOC-0006,LOC-0022,2024-03-22 15:27:23,2024-03-22 17:14:23,3.36,107,78142.85,1.0,78142.85,Completed,Cash,Success
4024,TRP-003832,DRV-00377,USR-01109,LOC-0012,LOC-0031,2024-02-29 00:57:48,2024-02-29 01:51:48,23.01,54,68563.22,1.0,68563.22,Completed,Cash,Success
4025,TRP-003833,DRV-00335,USR-00513,LOC-0030,LOC-0048,2024-05-11 10:25:39,2024-05-11 12:09:39,15.67,104,127423.5,1.25,159279.38,Completed,Cash,Success
4026,TRP-003834,DRV-00480,USR-00376,LOC-0015,LOC-0019,2024-02-23 09:48:44,2024-02-23 11:27:44,22.34,99,18366.52,1.0,18366.52,Completed,GoPay,Pending
4027,TRP-003835,DRV-00080,USR-01456,LOC-0036,LOC-0027,2024-12-24 09:14:27,2024-12-24 10:32:27,20.24,78,92014.44,2.0,184028.88,Completed,Cash,Success
4028,TRP-003836,DRV-00307,USR-00577,LOC-0032,LOC-0023,2024-07-31 08:22:45,2024-07-31 09:19:45,25.17,57,144800.28,3.5,144800.28,Completed,GoPay,Success
4029,TRP-003837,DRV-00304,USR-00048,LOC-0045,LOC-0007,2024-07-09 00:36:53,2024-07-09 00:55:53,14.54,19,49643.57,1.0,49643.57,Completed,Credit Card,Success
4030,TRP-003838,DRV-00214,USR-01138,LOC-0011,LOC-0057,2024-06-17 00:54:25,2024-06-17 01:33:25,18.37,39,142234.05,1.0,142234.05,Completed,Credit Card,Failed
4031,TRP-003839,DRV-00075,USR-00591,LOC-0035,LOC-0041,2024-05-08 16:58:37,2024-05-08 17:56:37,28.98,58,55539.03,5.0,55539.03,Completed,Credit Card,Failed
4032,TRP-003840,DRV-00144,USR-00814,LOC-0027,LOC-0028,2024-01-24 00:41:48,2024-01-24 02:23:48,34.52,102,137142.05,1.5,205713.07,Completed,GoPay,Success
4033,TRP-003841,DRV-00452,USR-00045,LOC-0022,LOC-0011,2024-01-02 11:19:32,2024-01-02 12:19:32,11.44,60,13640.11,5.0,20460.17,Completed,GoPay,Success
4034,TRP-003842,DRV-00262,USR-01248,LOC-0007,LOC-0047,2024-09-11 07:57:10,2024-09-11 08:09:10,34.74,12,120140.73,1.0,120140.73,Completed,Credit Card,Success
4035,TRP-003843,DRV-00308,USR-01411,LOC-0038,LOC-0030,2024-01-01 17:46:19,2024-01-01 19:43:19,39.41,117,95865.04,1.0,95865.04,Completed,GoPay,Success
4036,TRP-003844,DRV-00330,USR-01495,LOC-0032,LOC-0022,2024-12-08 09:36:30,2024-12-08 10:03:30,13.36,27,69800.64,1.5,104700.96,Cancelled,Cash,Pending
4037,TRP-003845,DRV-00252,USR-01504,LOC-0022,LOC-0009,2024-05-10 15:04:40,2024-05-10 15:52:40,6.09,48,141812.16,1.0,141812.16,Cancelled,GoPay,Success
4038,TRP-003846,DRV-00472,USR-01916,LOC-0050,LOC-0020,2024-09-26 02:07:15,2024-09-26 03:31:15,12.46,84,147490.94,1.5,221236.41,Cancelled,GoPay,Success
4039,TRP-003847,DRV-00029,USR-00565,LOC-0039,LOC-0042,2024-05-10 15:31:10,2024-05-10 17:11:10,5.65,100,19250.68,1.0,19250.68,Cancelled,GoPay,Success
4040,TRP-003848,DRV-00317,USR-01609,LOC-0020,LOC-0030,2024-02-07 17:25:39,2024-02-07 18:00:39,20.25,35,92868.61,1.75,162520.07,Cancelled,Cash,Success
4041,TRP-003849,DRV-00242,USR-01469,LOC-0001,LOC-0014,2024-08-13 02:07:59,2024-08-13 02:51:59,20.31,44,40970.7,1.0,40970.7,Failed,Credit Card,Success
4042,TRP-003850,DRV-00254,USR-00635,LOC-0004,LOC-0005,2024-02-29 12:31:50,2024-02-29 13:49:50,16.81,78,45007.76,1.0,45007.76,Completed,Cash,Success
4043,TRP-003851,DRV-00072,USR-01743,LOC-0022,LOC-0025,2024-05-29 16:37:04,2024-05-29 18:14:04,17.4,97,35908.54,1.0,35908.54,Cancelled,Cash,Success
4044,TRP-003852,DRV-00453,USR-01971,LOC-0003,LOC-0026,2024-04-30 17:23:28,2024-04-30 18:36:28,32.6,73,16483.2,0.8,16483.2,Completed,Cash,Success
4045,TRP-003853,DRV-00329,USR-01092,LOC-0032,LOC-0039,2024-04-09 15:37:41,2024-04-09 16:11:41,35.29,34,30005.1,1.0,30005.1,Completed,GoPay,Success
4046,TRP-003854,DRV-00251,USR-00691,LOC-0018,LOC-0052,2024-11-14 06:15:59,2024-11-14 08:04:59,14.46,109,110039.11,1.0,110039.11,Completed,Cash,Success
4047,TRP-003855,DRV-00353,USR-01356,LOC-0015,LOC-0011,2024-12-27 04:13:33,2024-12-27 04:36:33,34.73,23,28181.74,1.5,42272.61,Completed,Cash,Success
4048,TRP-003856,DRV-00287,USR-01047,LOC-0009,LOC-0029,2024-04-13 13:44:27,2024-04-13 15:11:27,32.19,87,112497.93,1.5,168746.89,Cancelled,Credit Card,Success
4049,TRP-003857,DRV-00155,USR-00696,LOC-0035,LOC-0046,2024-10-10 00:06:29,2024-10-10 00:52:29,33.44,46,92178.36,1.5,138267.54,Completed,GoPay,Success
4050,TRP-003858,DRV-00020,USR-00682,LOC-0020,LOC-0045,2024-07-02 15:35:14,2024-07-02 15:57:14,31.95,22,91159.93,1.0,91159.93,Completed,Credit Card,Failed
4051,TRP-003859,DRV-00382,USR-01030,LOC-0002,LOC-0011,2024-09-12 21:54:29,2024-09-12 23:27:29,20.83,93,84349.95,1.0,84349.95,Completed,Credit Card,Success
4052,TRP-003860,DRV-00239,USR-00256,LOC-0056,LOC-0008,2024-08-03 04:03:08,2024-08-03 05:18:08,5.98,75,20857.79,1.0,20857.79,Failed,Cash,Success
4053,TRP-003861,DRV-00011,USR-00094,LOC-0049,LOC-0007,2024-08-21 00:46:28,2024-08-21 01:38:28,24.71,52,144350.93,2.0,288701.86,Completed,Credit Card,Pending
4054,TRP-003862,DRV-00104,USR-00805,LOC-0043,LOC-0018,2024-02-13 17:58:47,2024-02-13 18:44:47,3.35,46,34522.36,1.0,34522.36,Completed,GoPay,Success
4055,TRP-003863,DRV-00077,USR-01078,LOC-0033,LOC-0010,2024-11-06 08:51:51,2024-11-06 09:28:51,22.96,37,85479.53,1.0,85479.53,Completed,GoPay,Pending
4056,TRP-003864,DRV-00247,USR-00642,LOC-0042,LOC-0016,2024-01-13 22:43:32,2024-01-14 00:12:32,26.05,89,33178.07,2.5,82945.18,Completed,Credit Card,Success
4057,TRP-003865,DRV-00496,USR-01561,LOC-0039,LOC-0049,2024-11-17 04:20:48,2024-11-17 04:47:48,13.88,27,145048.05,1.75,253834.09,Completed,Credit Card,Success
4058,TRP-003866,DRV-00215,USR-01748,LOC-0054,LOC-0041,2024-08-04 20:13:54,2024-08-04 21:45:54,30.85,92,,1.0,,Completed,Credit Card,Failed
4059,TRP-003867,DRV-00215,USR-01196,LOC-0022,LOC-0021,2024-03-18 08:28:11,2024-03-18 09:56:11,6.3,88,22018.19,1.0,22018.19,Completed,Credit Card,Success
4060,TRP-003868,DRV-00276,USR-01229,LOC-0040,LOC-0004,2024-07-12 23:19:44,2024-07-12 23:35:44,31.97,16,78953.36,1.0,78953.36,completed,GoPay,Success
4061,TRP-003869,DRV-00180,USR-01904,LOC-0010,LOC-0014,2024-04-14 13:11:53,2024-04-14 14:48:53,33.19,97,52659.96,1.0,52659.96,Completed,GoPay,Success
4062,TRP-003870,DRV-00022,USR-00819,LOC-0020,LOC-0007,2024-08-18 17:43:05,2024-08-18 18:51:05,28.14,68,41527.55,1.0,41527.55,Completed,Cash,Failed
4063,TRP-003871,DRV-00481,USR-01085,LOC-0046,LOC-0017,2024-10-28 18:57:39,2024-10-28 19:42:39,15.57,45,99133.01,2.0,198266.02,Cancelled,Credit Card,Success
4064,TRP-003872,DRV-00483,USR-00353,LOC-0040,LOC-0039,2024-11-02 10:58:22,2024-11-02 11:34:22,8.26,36,112375.41,1.25,140469.26,Completed,Credit Card,Success
4065,TRP-003873,DRV-00338,USR-00829,LOC-0014,LOC-0026,2024-07-25 19:56:11,2024-07-25 21:35:11,13.73,99,82431.23,1.25,103039.04,Completed,GoPay,Success
4066,TRP-003874,DRV-00025,USR-00568,LOC-0024,LOC-0001,2024-12-09 22:41:46,2024-12-09 23:37:46,20.2,56,27877.99,1.0,27877.99,Completed,GoPay,Success
4067,TRP-003874,DRV-00025,USR-00568,LOC-0024,LOC-0001,2024-12-09 22:41:46,2024-12-09 23:37:46,20.2,56,27877.99,1.0,27877.99,Completed,GoPay,Success
4068,TRP-003875,DRV-00399,USR-00193,LOC-0018,LOC-0021,2024-03-03 02:02:01,2024-03-03 03:36:01,26.36,94,82226.45,2.5,205566.12,Cancelled,GoPay,Success
4069,TRP-003875,DRV-00399,USR-00193,LOC-0018,LOC-0021,2024-03-03 02:02:01,2024-03-03 03:36:01,26.36,94,82226.45,2.5,205566.12,Cancelled,GoPay,Success
4070,TRP-003876,DRV-00056,USR-00385,LOC-0014,LOC-0001,2024-12-10 13:35:00,2024-12-10 14:48:00,19.03,73,132651.49,1.5,198977.23,Completed,Credit Card,Success
4071,TRP-003877,DRV-00356,USR-01085,LOC-0009,LOC-0054,2024-11-17 13:33:07,2024-11-17 14:21:07,36.2,48,61933.95,1.25,77417.44,Completed,GoPay,Success
4072,TRP-003878,DRV-00080,USR-00710,LOC-0007,LOC-0050,2024-01-12 07:21:04,2024-01-12 08:39:04,24.32,78,71237.78,1.0,71237.78,Completed,Credit Card,Pending
4073,TRP-003879,DRV-00422,USR-01743,LOC-0018,LOC-0024,2024-03-19 19:58:27,2024-03-19 20:43:27,14.51,45,39029.95,1.75,68302.41,Completed,GoPay,Success
4074,TRP-003880,DRV-00237,USR-01508,LOC-0037,LOC-0049,2024-10-04 04:47:07,2024-10-04 05:32:07,8.21,45,137975.11,1.5,206962.66,Completed,GoPay,Success
4075,TRP-003881,DRV-00163,USR-00236,LOC-0040,LOC-0023,2024-06-09 03:50:25,2024-06-09 04:41:25,28.95,51,60023.65,1.5,90035.48,Failed,GoPay,Success
4076,TRP-003882,DRV-00480,USR-01738,LOC-0049,LOC-0026,2024-09-12 03:11:18,2024-09-12 04:41:18,29.57,90,,2.5,,Completed,Credit Card,Success
4077,TRP-003883,DRV-00016,USR-00362,LOC-0006,LOC-0028,2024-10-25 16:59:07,2024-10-25 18:21:07,29.03,82,76712.68,1.25,95890.85,Failed,GoPay,Pending
4078,TRP-003884,DRV-00242,USR-01238,LOC-0032,LOC-0007,2024-03-23 23:26:29,2024-03-23 23:39:29,31.53,13,121607.36,1.25,152009.2,Completed,Credit Card,Success
4079,TRP-003885,DRV-00098,USR-01602,LOC-0027,LOC-0016,2024-07-12 08:26:22,2024-07-12 09:24:22,33.3,58,77448.29,1.0,77448.29,Completed,Credit Card,Success
4080,TRP-003886,DRV-00146,USR-00556,LOC-0042,LOC-0030,2024-08-28 05:15:33,2024-08-28 06:17:33,34.75,62,85260.53,1.0,85260.53,Completed,GoPay,Success
4081,TRP-003887,DRV-00058,USR-00768,LOC-0010,LOC-0053,2024-01-06 01:59:06,2024-01-06 03:48:06,9.14,109,,1.0,,Failed,Credit Card,Success
4082,TRP-003888,DRV-00123,USR-01509,LOC-0026,LOC-0052,2024-06-13 20:37:56,2024-06-13 22:06:56,12.1,89,25786.21,1.5,38679.32,Cancelled,Cash,Success
4083,TRP-003889,DRV-00162,USR-01401,LOC-0046,LOC-0053,2024-11-29 01:47:26,2024-11-29 03:24:26,15.37,97,64719.84,1.75,113259.72,Failed,GoPay,Success
4084,TRP-003890,DRV-00361,USR-01290,LOC-0053,LOC-0002,2024-06-10 15:28:22,2024-06-10 16:47:22,39.15,79,41596.83,1.5,62395.25,Completed,Credit Card,Success
4085,TRP-003891,DRV-00024,USR-01764,LOC-0026,LOC-0031,2024-02-03 14:59:57,2024-02-03 15:54:57,4.41,55,32113.46,1.0,32113.46,failed,Credit Card,Success
4086,TRP-003892,DRV-00260,USR-00139,LOC-0013,LOC-0049,2024-03-08 20:42:02,2024-03-08 22:10:02,23.84,88,21117.36,1.75,36955.38,Cancelled,Credit Card,Failed
4087,TRP-003893,DRV-00072,USR-01008,LOC-0015,LOC-0019,2024-10-22 13:10:57,2024-10-22 14:06:57,24.49,56,145013.62,1.0,145013.62,Completed,Credit Card,Success
4088,TRP-003894,DRV-00269,USR-01627,LOC-0012,LOC-0019,2024-10-22 13:22:55,2024-10-22 14:12:55,32.1,50,137118.14,1.0,137118.14,Completed,GoPay,Success
4089,TRP-003895,DRV-00166,USR-00931,LOC-0041,LOC-0055,2024-05-14 09:47:26,2024-05-14 10:06:26,6.16,19,134362.3,1.5,201543.45,Completed,Cash,Success
4090,TRP-003896,DRV-00134,USR-01759,LOC-0006,LOC-0055,2024-01-25 01:31:59,2024-01-25 03:10:59,11.65,99,28358.13,1.25,35447.66,Completed,Credit Card,Success
4091,TRP-003897,DRV-00243,USR-00713,LOC-0045,LOC-0041,2024-07-12 05:45:55,2024-07-12 06:43:55,26.1,58,50287.71,1.0,50287.71,Completed,Credit Card,Success
4092,TRP-003898,DRV-00046,USR-01584,LOC-0045,LOC-0003,2024-04-30 14:56:59,2024-04-30 16:19:59,30.77,83,88546.1,1.0,88546.1,Completed,Cash,Success
4093,TRP-003899,DRV-00369,USR-01459,LOC-0008,LOC-0049,2024-05-24 08:13:09,2024-05-24 09:40:09,7.76,87,88727.05,1.0,88727.05,Completed,GoPay,Success
4094,TRP-003900,DRV-00344,USR-00598,LOC-0053,LOC-0006,2024-04-04 03:30:57,2024-04-04 04:07:57,2.25,37,25149.21,1.25,31436.51,Completed,GoPay,Success
4095,TRP-003901,DRV-00409,USR-00520,LOC-0052,LOC-0017,2024-11-02 16:35:50,2024-11-02 17:13:50,12.67,38,121002.14,1.5,181503.21,Completed,Credit Card,Success
4096,TRP-003902,DRV-00101,USR-01153,LOC-0002,LOC-0030,2024-03-16 19:21:46,2024-03-16 21:15:46,20.84,114,57086.0,1.0,57086.0,completed,Credit Card,Success
4097,TRP-003903,DRV-00246,USR-00282,LOC-0056,LOC-0020,2024-09-23 04:35:23,2024-09-23 04:59:23,24.92,24,141096.6,1.5,211644.9,Completed,GoPay,Success
4098,TRP-003904,DRV-00359,USR-00725,LOC-0027,LOC-0012,2024-06-30 21:09:53,2024-06-30 22:04:53,18.18,55,145945.38,1.25,182431.73,Completed,GoPay,Success
4099,TRP-003905,DRV-00162,USR-01841,LOC-0028,LOC-0045,2024-07-23 11:27:19,2024-07-23 12:02:19,18.61,35,130851.63,1.0,130851.63,Completed,Cash,Success
4100,TRP-003906,DRV-00226,USR-00475,LOC-0015,LOC-0046,2024-11-07 06:34:19,2024-11-07 07:27:19,3.08,53,25912.96,1.0,25912.96,Completed,GoPay,Success
4101,TRP-003907,DRV-00262,USR-00292,LOC-0013,LOC-0020,2024-04-09 18:55:35,2024-04-09 20:39:35,32.39,104,97088.22,1.0,97088.22,Completed,GoPay,Pending
4102,TRP-003908,DRV-00241,USR-01997,LOC-0010,LOC-0016,2024-11-08 13:56:37,2024-11-08 14:24:37,12.11,28,86537.42,2.5,216343.55,Completed,Cash,Success
4103,TRP-003909,DRV-00184,USR-00692,LOC-0017,LOC-0052,2024-12-20 22:19:03,2024-12-20 23:36:03,1.47,77,60060.1,1.5,90090.15,Cancelled,GoPay,Success
4104,TRP-003910,DRV-00408,USR-00408,LOC-0013,LOC-0055,2024-11-04 01:05:11,2024-11-04 02:48:11,6.47,103,22289.52,1.0,22289.52,Completed,Credit Card,Failed
4105,TRP-003911,DRV-00485,USR-01545,LOC-0052,LOC-0025,2024-03-07 17:41:32,2024-03-07 18:41:32,25.91,60,59153.46,1.0,59153.46,Completed,GoPay,Success
4106,TRP-003912,DRV-00325,USR-01722,LOC-0004,LOC-0021,2024-01-22 02:40:47,2024-01-22 03:13:47,33.04,33,33463.34,1.0,33463.34,Completed,GoPay,Success
4107,TRP-003913,DRV-00369,USR-01802,LOC-0024,LOC-0025,2024-03-28 22:23:30,2024-03-28 23:21:30,26.38,58,21145.7,2.0,42291.4,Completed,Cash,Success
4108,TRP-003914,DRV-00498,USR-00853,LOC-0001,LOC-0051,2024-03-20 06:53:24,2024-03-20 07:30:24,8.36,37,62734.68,1.5,94102.02,Completed,Cash,Success
4109,TRP-003915,DRV-00451,USR-00937,LOC-0050,LOC-0022,2024-01-18 10:45:30,2024-01-18 12:02:30,4.86,77,54879.07,1.0,54879.07,Cancelled,Cash,Pending
4110,TRP-003916,DRV-00294,USR-01081,LOC-0047,LOC-0027,2024-05-01 08:03:36,2024-05-01 09:47:36,11.59,104,21703.86,2.5,54259.65,Completed,Credit Card,Success
4111,TRP-003917,DRV-00093,USR-00666,LOC-0055,LOC-0014,2024-06-10 23:17:27,2024-06-11 01:08:27,29.43,111,128228.82,1.25,160286.03,Completed,Credit Card,Success
4112,TRP-003918,DRV-00441,USR-00092,LOC-0044,LOC-0038,2024-04-04 04:35:35,2024-04-04 05:10:35,26.46,35,115879.1,1.0,115879.1,Cancelled,Credit Card,Success
4113,TRP-003919,DRV-00165,USR-01153,LOC-0043,LOC-0046,2024-02-02 13:25:18,2024-02-02 14:26:18,,61,,1.0,,Completed,GoPay,Success
4114,TRP-003920,DRV-00325,USR-01111,LOC-0012,LOC-0032,2024-03-30 05:05:36,2024-03-30 05:43:36,20.09,38,93349.04,1.5,140023.56,Completed,Credit Card,Pending
4115,TRP-003921,DRV-00208,USR-00665,LOC-0031,LOC-0019,2024-09-06 07:16:27,2024-09-06 08:32:27,14.12,76,66612.52,1.0,66612.52,Cancelled,Credit Card,Success
4116,TRP-003922,DRV-00492,USR-01874,LOC-0013,LOC-0018,2024-10-20 02:53:37,2024-10-20 03:16:37,30.58,23,30578.05,1.0,30578.05,Failed,Credit Card,Success
4117,TRP-003923,DRV-00215,USR-00382,LOC-0057,LOC-0008,2024-02-07 11:05:56,2024-02-07 13:05:56,36.26,120,78498.45,1.25,98123.06,Completed,Credit Card,Success
4118,TRP-003924,DRV-00395,USR-00167,LOC-0033,LOC-0012,2024-06-03 05:13:18,2024-06-03 06:50:18,23.99,97,61010.74,0.8,61010.74,Failed,GoPay,Success
4119,TRP-003925,DRV-00070,USR-01835,LOC-0017,LOC-0042,2024-12-27 08:55:36,2024-12-27 09:42:36,16.73,47,39247.2,1.0,39247.2,Completed,GoPay,Success
4120,TRP-003925,DRV-00070,USR-01835,LOC-0017,LOC-0042,2024-12-27 08:55:36,2024-12-27 09:42:36,16.73,47,39247.2,1.0,39247.2,Completed,GoPay,Success
4121,TRP-003926,DRV-00103,USR-00466,LOC-0052,LOC-0039,2024-03-02 18:32:25,2024-03-02 20:21:25,3.82,109,31213.33,1.0,31213.33,Completed,Credit Card,Failed
4122,TRP-003927,DRV-00164,USR-00188,LOC-0021,LOC-0026,2024-03-20 12:13:48,2024-03-20 13:36:48,9.56,83,27388.19,1.0,27388.19,Completed,Credit Card,Success
4123,TRP-003928,DRV-00105,USR-01631,LOC-0020,LOC-0010,2024-03-06 22:03:46,2024-03-06 23:22:46,23.37,79,56857.71,2.0,113715.42,Completed,Credit Card,Success
4124,TRP-003929,DRV-00282,USR-00603,LOC-0027,LOC-0046,2024-09-16 00:10:07,2024-09-16 00:57:07,,47,117379.95,1.5,176069.92,Completed,Credit Card,Success
4125,TRP-003930,DRV-00158,USR-00504,LOC-0020,LOC-0031,2024-08-17 17:29:21,2024-08-17 18:40:21,15.45,71,51188.0,1.0,51188.0,Completed,GoPay,Success
4126,TRP-003931,DRV-00407,USR-00186,LOC-0010,LOC-0008,2024-10-30 19:09:39,2024-10-30 20:17:39,29.04,68,47894.58,1.0,47894.58,Completed,Cash,Success
4127,TRP-003932,DRV-00232,USR-00630,LOC-0038,LOC-0003,2024-08-26 05:50:11,2024-08-26 07:46:11,37.61,116,87010.27,1.0,87010.27,Completed,GoPay,Pending
4128,TRP-003933,DRV-00116,USR-00960,LOC-0021,LOC-0045,2024-01-29 05:34:37,2024-01-29 07:09:37,18.95,95,123513.25,1.0,123513.25,Failed,GoPay,Success
4129,TRP-003934,DRV-00293,USR-00807,LOC-0057,LOC-0053,2024-07-04 05:41:35,2024-07-04 06:24:35,26.94,43,130247.66,1.0,130247.66,Cancelled,GoPay,Success
4130,TRP-003935,DRV-00371,USR-00758,LOC-0023,LOC-0006,2024-05-10 21:58:29,2024-05-10 23:48:29,12.14,110,44645.55,2.0,89291.1,Completed,GoPay,Failed
4131,TRP-003936,DRV-00005,USR-00334,LOC-0036,LOC-0041,2024-04-29 02:06:18,2024-04-29 03:08:18,4.93,62,50306.69,1.0,50306.69,Completed,GoPay,Failed
4132,TRP-003937,DRV-00465,USR-01081,LOC-0010,LOC-0006,2024-05-15 11:29:53,2024-05-15 12:35:53,1.62,66,136705.69,1.25,170882.11,Completed,GoPay,Success
4133,TRP-003938,DRV-00151,USR-00452,LOC-0047,LOC-0027,2024-10-27 11:31:01,2024-10-27 13:17:01,12.69,106,49286.12,1.0,49286.12,Completed,Cash,Success
4134,TRP-003939,DRV-00400,USR-00417,LOC-0033,LOC-0050,2024-09-17 15:55:20,2024-09-17 17:37:20,39.83,102,127605.83,1.0,127605.83,Completed,GoPay,Success
4135,TRP-003940,DRV-00016,USR-00816,LOC-0049,LOC-0016,2024-10-05 12:21:07,2024-10-05 12:58:07,14.13,37,148374.47,1.25,185468.09,Cancelled,Credit Card,Success
4136,TRP-003941,DRV-00106,USR-01456,LOC-0054,LOC-0057,2024-06-18 03:22:49,2024-06-18 05:14:49,18.77,112,68512.29,1.0,68512.29,Completed,Credit Card,Success
4137,TRP-003941,DRV-00106,USR-01456,LOC-0054,LOC-0057,2024-06-18 03:22:49,2024-06-18 05:14:49,18.77,112,68512.29,1.0,68512.29,Completed,Credit Card,Success
4138,TRP-003942,DRV-00047,USR-01631,LOC-0050,LOC-0057,2024-04-18 02:25:31,2024-04-18 03:15:31,2.22,50,125310.0,1.0,125310.0,Completed,Cash,Success
4139,TRP-003943,DRV-00083,USR-00620,LOC-0010,LOC-0054,2024-04-27 20:42:38,2024-04-27 21:20:38,3.08,38,66006.97,1.25,82508.71,failed,Credit Card,Success
4140,TRP-003944,DRV-00089,USR-01397,LOC-0033,LOC-0019,2024-06-01 12:46:54,2024-06-01 13:21:54,,35,56269.31,1.0,56269.31,Completed,GoPay,Success
4141,TRP-003945,DRV-00360,USR-00008,LOC-0008,LOC-0054,2024-09-12 05:11:20,2024-09-12 07:04:20,4.59,113,90136.21,1.0,90136.21,Cancelled,Cash,Pending
4142,TRP-003946,DRV-00265,USR-01858,LOC-0034,LOC-0033,2024-02-20 11:29:42,2024-02-20 12:26:42,20.76,57,132498.44,1.0,132498.44,Completed,Credit Card,Success
4143,TRP-003947,DRV-00038,USR-00567,LOC-0007,LOC-0029,2024-07-18 18:21:22,2024-07-18 19:43:22,14.26,82,117394.55,1.0,117394.55,Cancelled,GoPay,Failed
4144,TRP-003948,DRV-00201,USR-00843,LOC-0031,LOC-0030,2024-02-15 07:46:41,2024-02-15 09:18:41,24.54,92,16269.24,1.0,16269.24,Completed,Credit Card,Success
4145,TRP-003949,DRV-00291,USR-00942,LOC-0002,LOC-0033,2024-09-04 07:20:53,2024-09-04 08:44:53,13.06,84,32013.69,1.0,32013.69,Cancelled,GoPay,Success
4146,TRP-003950,DRV-00367,USR-00816,LOC-0038,LOC-0052,2024-11-11 13:33:00,2024-11-11 15:04:00,22.93,91,121433.37,1.0,121433.37,Completed,Cash,Success
4147,TRP-003951,DRV-00003,USR-01337,LOC-0017,LOC-0016,2024-06-03 22:24:11,2024-06-03 23:27:11,21.68,63,88896.31,1.0,88896.31,Completed,GoPay,Success
4148,TRP-003952,DRV-00353,USR-01581,LOC-0008,LOC-0041,2024-11-19 11:55:41,2024-11-19 13:00:41,10.46,65,52856.07,1.25,66070.09,Completed,GoPay,Success
4149,TRP-003953,DRV-00479,USR-00485,LOC-0035,LOC-0053,2024-02-03 02:07:33,2024-02-03 02:38:33,12.05,31,54848.51,1.5,82272.76,Cancelled,Credit Card,Pending
4150,TRP-003954,DRV-00404,USR-00685,LOC-0006,LOC-0027,2024-01-21 06:30:24,2024-01-21 07:30:24,28.55,60,131088.4,1.25,163860.5,Completed,Credit Card,Success
4151,TRP-003955,DRV-00405,USR-00745,LOC-0009,LOC-0019,2024-07-21 01:32:40,2024-07-21 02:11:40,12.67,39,36892.18,1.25,46115.22,Completed,Cash,Success
4152,TRP-003956,DRV-00168,USR-00835,LOC-0038,LOC-0010,2024-04-17 04:40:24,2024-04-17 04:51:24,5.01,11,82382.72,2.5,205956.8,Completed,Credit Card,Success
4153,TRP-003957,DRV-00402,USR-00027,LOC-0045,LOC-0033,2024-10-12 19:35:46,2024-10-12 21:15:46,14.99,100,103037.4,2.0,206074.8,Completed,GoPay,Success
4154,TRP-003958,DRV-00260,USR-01319,LOC-0011,LOC-0022,2024-08-19 12:30:22,2024-08-19 13:59:22,13.91,89,56057.22,1.0,56057.22,Completed,Credit Card,Failed
4155,TRP-003959,DRV-00003,USR-00800,LOC-0031,LOC-0040,2024-04-20 13:41:19,2024-04-20 14:50:19,28.2,69,126272.53,1.25,157840.66,Completed,GoPay,Success
4156,TRP-003960,DRV-00268,USR-00383,LOC-0056,LOC-0045,2024-01-19 05:19:40,2024-01-19 07:03:40,,104,113450.38,1.0,113450.38,Cancelled,Credit Card,Success
4157,TRP-003961,DRV-00379,USR-01526,LOC-0040,LOC-0031,2024-10-16 07:11:59,2024-10-16 09:09:59,32.54,118,15314.22,1.0,15314.22,Completed,GoPay,Success
4158,TRP-003962,DRV-00247,USR-01422,LOC-0023,LOC-0011,2024-05-21 01:02:03,2024-05-21 01:44:03,19.89,42,18542.41,1.0,18542.41,Completed,Credit Card,Failed
4159,TRP-003963,DRV-00062,USR-01757,LOC-0009,LOC-0002,2024-08-01 17:10:32,2024-08-01 18:12:32,25.48,62,60642.47,1.75,106124.32,Completed,Credit Card,Success
4160,TRP-003964,DRV-00110,USR-01813,LOC-0018,LOC-0017,2024-02-16 16:25:54,2024-02-16 17:15:54,5.17,50,42227.42,1.0,42227.42,Completed,Credit Card,Success
4161,TRP-003965,DRV-00433,USR-01080,LOC-0012,LOC-0031,2024-01-03 03:10:03,2024-01-03 04:36:03,,86,78725.7,1.0,78725.7,Cancelled,Credit Card,Success
4162,TRP-003966,DRV-00236,USR-01211,LOC-0051,LOC-0024,2024-05-12 09:55:34,2024-05-12 10:25:34,23.39,30,23209.74,1.0,23209.74,Completed,Credit Card,Pending
4163,TRP-003967,DRV-00284,USR-01948,LOC-0009,LOC-0055,2024-05-17 12:19:10,2024-05-17 12:29:10,22.36,0,105049.57,1.0,105049.57,Completed,GoPay,Success
4164,TRP-003968,DRV-00099,USR-00290,LOC-0027,LOC-0006,2024-11-29 19:56:46,2024-11-29 20:29:46,10.89,33,37246.14,2.0,74492.28,Failed,Credit Card,Pending
4165,TRP-003969,DRV-00496,USR-00521,LOC-0031,LOC-0003,2024-06-21 05:01:34,2024-06-21 05:28:34,34.44,27,49425.59,1.0,49425.59,Completed,Credit Card,Success
4166,TRP-003970,DRV-00016,USR-00775,LOC-0031,LOC-0009,2024-07-17 04:28:43,2024-07-17 04:54:43,10.0,26,11107.73,1.0,11107.73,Completed,GoPay,Success
4167,TRP-003971,DRV-00467,USR-01986,LOC-0042,LOC-0045,2024-07-05 11:19:27,2024-07-05 12:59:27,19.71,100,109883.21,1.0,109883.21,Completed,Cash,Pending
4168,TRP-003972,DRV-00054,USR-01617,LOC-0013,LOC-0006,2024-09-19 03:46:27,2024-09-19 05:38:27,23.78,112,74231.75,1.25,92789.69,Completed,GoPay,Success
4169,TRP-003973,DRV-00154,USR-01196,LOC-0025,LOC-0046,2024-04-24 14:14:27,2024-04-24 16:10:27,16.2,116,53289.6,1.0,53289.6,Completed,Credit Card,Success
4170,TRP-003974,DRV-00436,USR-01822,LOC-0027,LOC-0008,2024-09-09 02:42:32,2024-09-09 03:54:32,7.57,72,117984.73,1.0,117984.73,Completed,Cash,Success
4171,TRP-003975,DRV-00111,USR-00594,LOC-0042,LOC-0021,2024-06-15 20:33:32,2024-06-15 21:21:32,21.77,48,136920.62,1.0,136920.62,Completed,GoPay,Success
4172,TRP-003976,DRV-00034,USR-00780,LOC-0001,LOC-0021,2024-11-28 18:28:53,2024-11-28 20:16:53,16.07,108,91617.69,1.25,114522.11,Completed,Cash,Failed
4173,TRP-003977,DRV-00188,USR-00535,LOC-0004,LOC-0051,2024-11-21 08:49:01,2024-11-21 09:41:01,20.42,52,14050.13,1.5,21075.19,Cancelled,GoPay,Success
4174,TRP-003978,DRV-00169,USR-00948,LOC-0006,LOC-0025,2024-08-14 08:21:03,2024-08-14 09:25:03,30.53,64,106549.45,1.25,133186.81,Cancelled,Credit Card,Success
4175,TRP-003979,DRV-00058,USR-01870,LOC-0018,LOC-0052,2024-12-09 20:35:02,2024-12-09 21:47:02,5.21,72,86218.27,1.0,86218.27,Failed,GoPay,Success
4176,TRP-003980,DRV-00412,USR-00264,LOC-0056,LOC-0038,2024-08-04 01:19:04,2024-08-04 03:10:04,21.19,111,142252.88,1.0,142252.88,Completed,Credit Card,Success
4177,TRP-003981,DRV-00060,USR-00160,LOC-0037,LOC-0009,2024-06-01 12:52:45,2024-06-01 13:28:45,9.02,36,116262.88,1.0,116262.88,CANCELLED,Cash,Failed
4178,TRP-003982,DRV-00198,USR-00456,LOC-0020,LOC-0035,2024-02-01 16:50:48,2024-02-01 18:10:48,17.26,80,91600.27,1.0,91600.27,Completed,Cash,Pending
4179,TRP-003983,DRV-00292,USR-00087,LOC-0045,LOC-0036,2024-08-03 01:00:28,2024-08-03 02:26:28,25.3,86,141599.51,1.0,141599.51,Completed,GoPay,Success
4180,TRP-003984,DRV-00336,USR-00782,LOC-0022,LOC-0028,2024-07-02 01:25:39,2024-07-02 02:56:39,15.59,91,92256.99,1.0,92256.99,Completed,GoPay,Success
4181,TRP-003985,DRV-00156,USR-00589,LOC-0027,LOC-0021,2024-11-05 02:36:19,2024-11-05 04:21:19,35.72,105,72989.55,1.0,72989.55,Completed,GoPay,Success
4182,TRP-003986,DRV-00279,USR-00624,LOC-0040,LOC-0044,2024-01-28 23:34:07,2024-01-29 00:35:07,39.72,61,60062.72,0.8,105109.76,Cancelled,Credit Card,Success
4183,TRP-003987,DRV-00330,USR-01380,LOC-0018,LOC-0040,2024-08-07 11:22:55,2024-08-07 13:06:55,20.9,104,118936.14,1.0,118936.14,Completed,GoPay,Success
4184,TRP-003988,DRV-00034,USR-01911,LOC-0021,LOC-0057,2024-10-09 04:47:21,2024-10-09 05:29:21,7.09,-5,21447.85,1.25,26809.81,Completed,Credit Card,Pending
4185,TRP-003989,DRV-00362,USR-01626,LOC-0023,LOC-0013,2024-04-13 17:11:48,2024-04-13 19:02:48,26.86,111,99199.92,1.0,99199.92,Cancelled,Cash,Success
4186,TRP-003990,DRV-00298,USR-00937,LOC-0041,LOC-0011,2024-07-29 01:08:23,2024-07-29 03:01:23,3.31,113,134769.55,1.0,134769.55,Completed,Cash,Success
4187,TRP-003991,DRV-00253,USR-01329,LOC-0002,LOC-0006,2024-09-28 21:05:05,2024-09-28 22:20:05,25.04,75,113502.54,1.5,170253.81,Cancelled,Credit Card,Failed
4188,TRP-003992,DRV-00076,USR-00544,LOC-0034,LOC-0037,2024-05-20 00:04:08,2024-05-20 00:42:08,,38,49668.34,1.25,62085.42,Completed,Credit Card,Success
4189,TRP-003993,DRV-00422,USR-01324,LOC-0028,LOC-0032,2024-03-18 09:52:51,2024-03-18 11:05:51,8.31,73,121136.52,1.0,121136.52,Completed,Cash,Success
4190,TRP-003994,DRV-00189,USR-00473,LOC-0042,LOC-0015,2024-06-12 02:12:43,2024-06-12 02:24:43,36.52,12,137120.83,1.75,239961.45,Completed,Credit Card,Success
4191,TRP-003995,DRV-00304,USR-01743,LOC-0018,LOC-0052,2024-11-09 07:32:03,2024-11-09 08:19:03,17.03,47,43870.67,1.0,43870.67,Completed,Cash,Failed
4192,TRP-003996,DRV-00079,USR-01004,LOC-0015,LOC-0023,2024-10-04 12:53:45,2024-10-04 14:19:45,26.32,86,55284.06,1.0,55284.06,Completed,GoPay,Success
4193,TRP-003997,DRV-00220,USR-01290,LOC-0032,LOC-0047,2024-11-29 01:50:54,2024-11-29 02:15:54,13.51,25,104032.41,1.0,104032.41,Completed,Credit Card,Success
4194,TRP-003998,DRV-00195,USR-01733,LOC-0036,LOC-0004,2024-10-27 09:14:44,2024-10-27 09:28:44,32.05,14,115053.93,2.0,230107.86,Completed,Cash,Success
4195,TRP-003999,DRV-00497,USR-00664,LOC-0021,LOC-0037,2024-05-12 06:20:39,2024-05-12 07:30:39,25.12,70,29478.38,1.0,29478.38,Completed,Cash,Pending
4196,TRP-004000,DRV-00453,USR-01673,LOC-0028,LOC-0041,2024-11-02 18:00:45,2024-11-02 19:06:45,18.86,66,90921.95,1.0,90921.95,Completed,Cash,Success
4197,TRP-004001,DRV-00389,USR-00358,LOC-0031,LOC-0057,2024-04-01 15:36:41,2024-04-01 16:34:41,23.57,58,102573.99,2.0,205147.98,Completed,Credit Card,Success
4198,TRP-004002,DRV-00202,USR-01726,LOC-0037,LOC-0050,2024-12-01 15:36:30,2024-12-01 16:21:30,18.47,45,44642.31,1.25,55802.89,Completed,GoPay,Success
4199,TRP-004003,DRV-00345,USR-00360,LOC-0031,LOC-0050,2024-07-18 15:55:42,2024-07-18 17:00:42,36.06,65,90571.65,1.25,113214.56,Completed,GoPay,Success
4200,TRP-004004,DRV-00213,USR-01513,LOC-0030,LOC-0006,2024-05-30 19:27:50,2024-05-30 19:46:50,10.61,19,141078.18,1.0,141078.18,Completed,GoPay,Success
4201,TRP-004005,DRV-00062,USR-00294,LOC-0029,LOC-0048,2024-09-30 12:12:17,2024-09-30 12:30:17,1.1,18,134810.13,1.5,202215.2,Completed,Credit Card,Success
4202,TRP-004006,DRV-00140,USR-00224,LOC-0023,LOC-0050,2024-05-30 05:12:44,2024-05-30 06:22:44,24.12,70,105466.07,1.25,131832.59,Completed,Cash,Success
4203,TRP-004007,DRV-00101,USR-00627,LOC-0025,LOC-0057,2024-09-09 13:41:04,2024-09-09 14:00:04,28.02,19,81622.73,1.0,81622.73,Completed,GoPay,Success
4204,TRP-004008,DRV-00351,USR-00605,LOC-0029,LOC-0018,2024-07-01 20:17:30,2024-07-01 20:36:30,18.85,19,90042.15,1.0,90042.15,Completed,Cash,Success
4205,TRP-004009,DRV-00211,USR-01094,LOC-0023,LOC-0050,2024-05-16 02:45:49,2024-05-16 03:03:49,34.87,18,41359.35,1.0,41359.35,Completed,Cash,Success
4206,TRP-004009,DRV-00211,USR-01094,LOC-0023,LOC-0050,2024-05-16 02:45:49,2024-05-16 03:03:49,34.87,18,41359.35,1.0,41359.35,Completed,Cash,Success
4207,TRP-004010,DRV-00429,USR-00393,LOC-0026,LOC-0042,2024-02-06 16:17:18,2024-02-06 18:01:18,37.59,104,93106.85,2.5,232767.12,Completed,Credit Card,Success
4208,TRP-004011,DRV-00357,USR-01061,LOC-0037,LOC-0005,2024-03-16 05:27:18,2024-03-16 07:14:18,1.17,107,142145.2,2.0,284290.4,Completed,GoPay,Success
4209,TRP-004012,DRV-00229,USR-00294,LOC-0052,LOC-0017,2024-07-23 19:26:22,2024-07-23 21:10:22,9.21,104,42880.08,2.0,85760.16,Cancelled,Credit Card,Success
4210,TRP-004013,DRV-00488,USR-00439,LOC-0046,LOC-0039,2024-08-31 04:44:50,2024-08-31 06:09:50,20.45,85,64675.68,1.0,64675.68,Completed,Credit Card,Success
4211,TRP-004014,DRV-00223,USR-01520,LOC-0030,LOC-0022,2024-02-19 04:49:07,2024-02-19 05:24:07,29.54,35,61403.4,1.5,92105.1,Completed,Cash,Success
4212,TRP-004015,DRV-00379,USR-00855,LOC-0005,LOC-0052,2024-03-16 05:14:55,2024-03-16 06:45:55,36.63,91,11277.77,1.0,11277.77,Completed,GoPay,Success
4213,TRP-004016,DRV-00067,USR-01685,LOC-0055,LOC-0008,2024-07-18 12:35:45,2024-07-18 13:44:45,5.14,69,102781.03,1.0,102781.03,Cancelled,Credit Card,Success
4214,TRP-004017,DRV-00061,USR-00442,LOC-0024,LOC-0015,2024-02-17 10:49:01,2024-02-17 12:42:01,28.8,113,36457.44,2.0,72914.88,Completed,Credit Card,Success
4215,TRP-004018,DRV-00068,USR-00574,LOC-0032,LOC-0008,2024-12-24 18:26:45,2024-12-24 18:43:45,33.69,17,127340.78,1.0,127340.78,Completed,GoPay,Success
4216,TRP-004019,DRV-00131,USR-00696,LOC-0012,LOC-0033,2024-11-14 16:37:17,2024-11-14 18:08:17,38.52,91,103387.4,1.0,103387.4,Completed,GoPay,Success
4217,TRP-004020,DRV-00046,USR-00457,LOC-0003,LOC-0054,2024-06-15 13:21:36,2024-06-15 14:24:36,19.87,63,29860.55,1.0,29860.55,Completed,Cash,Success
4218,TRP-004021,DRV-00426,USR-00537,LOC-0054,LOC-0043,2024-05-18 07:56:04,2024-05-18 09:30:04,13.14,94,127254.28,1.0,127254.28,Completed,Credit Card,Success
4219,TRP-004022,DRV-00357,USR-00199,LOC-0002,LOC-0034,2024-10-14 09:01:25,2024-10-14 10:48:25,31.4,107,133247.01,1.75,233182.27,Completed,Cash,Success
4220,TRP-004023,DRV-00056,USR-01822,LOC-0022,LOC-0056,2024-12-13 12:46:31,2024-12-13 14:27:31,14.41,101,43185.26,1.75,75574.21,Cancelled,Cash,Success
4221,TRP-004024,DRV-00073,USR-01347,LOC-0019,LOC-0004,2024-02-25 15:25:46,2024-02-25 17:21:46,9.3,116,26061.16,1.0,26061.16,Completed,Cash,Success
4222,TRP-004025,DRV-00172,USR-01965,LOC-0027,LOC-0051,2024-09-30 01:28:45,2024-09-30 02:48:45,1.14,80,63840.3,1.25,79800.38,Completed,Credit Card,Success
4223,TRP-004025,DRV-00172,USR-01965,LOC-0027,LOC-0051,2024-09-30 01:28:45,2024-09-30 02:48:45,1.14,80,63840.3,1.25,79800.38,Completed,Credit Card,Success
4224,TRP-004026,DRV-00488,USR-01471,LOC-0050,LOC-0043,2024-06-28 05:58:53,2024-06-28 06:29:53,19.4,31,126363.65,1.0,126363.65,Cancelled,Credit Card,Failed
4225,TRP-004027,DRV-00221,USR-00547,LOC-0008,LOC-0018,2024-08-21 09:38:45,2024-08-21 10:05:45,21.84,27,49412.43,1.0,49412.43,Completed,GoPay,Success
4226,TRP-004027,DRV-00221,USR-00547,LOC-0008,LOC-0018,2024-08-21 09:38:45,2024-08-21 10:05:45,21.84,27,49412.43,1.0,49412.43,Completed,GoPay,Success
4227,TRP-004028,DRV-00291,USR-00854,LOC-0042,LOC-0016,2024-12-26 08:00:32,2024-12-26 08:58:32,16.31,58,10164.45,1.0,10164.45,Completed,GoPay,Pending
4228,TRP-004029,DRV-00287,USR-00713,LOC-0023,LOC-0012,2024-10-16 08:51:33,2024-10-16 09:04:33,36.77,13,28145.49,1.25,35181.86,Completed,GoPay,Success
4229,TRP-004030,DRV-00401,USR-01330,LOC-0032,LOC-0037,2024-11-12 01:17:51,2024-11-12 02:20:51,19.63,63,64229.77,0.5,64229.77,Cancelled ,GoPay,Success
4230,TRP-004031,DRV-00478,USR-01057,LOC-0013,LOC-0024,2024-02-25 21:56:36,2024-02-25 23:36:36,12.85,100,120292.41,1.25,150365.51,Completed,Cash,Success
4231,TRP-004032,DRV-00297,USR-00210,LOC-0027,LOC-0021,2024-01-19 05:24:21,2024-01-19 06:46:21,6.35,82,82879.39,1.25,103599.24,Completed,Credit Card,Success
4232,TRP-004033,DRV-00001,USR-01491,LOC-0008,LOC-0011,2024-12-28 23:27:32,2024-12-29 00:53:32,37.14,86,69456.01,1.5,104184.01,Failed,Cash,Success
4233,TRP-004034,DRV-00429,USR-00282,LOC-0053,LOC-0020,2024-06-25 07:45:37,2024-06-25 09:04:37,31.0,79,31141.08,1.0,31141.08,Completed,Credit Card,Success
4234,TRP-004035,DRV-00245,USR-00002,LOC-0028,LOC-0044,2024-05-25 12:09:58,2024-05-25 13:58:58,39.37,109,41486.72,1.0,41486.72,Completed,GoPay,Success
4235,TRP-004036,DRV-00430,USR-00185,LOC-0017,LOC-0046,2024-11-20 00:05:53,2024-11-20 01:21:53,2.86,76,32990.6,2.5,82476.5,Completed,Credit Card,Success
4236,TRP-004037,DRV-00144,USR-00505,LOC-0035,LOC-0017,2024-03-13 13:59:37,2024-03-13 15:40:37,37.84,101,143494.36,1.75,251115.13,Completed,GoPay,Success
4237,TRP-004038,DRV-00081,USR-00523,LOC-0041,LOC-0046,2024-10-15 03:28:18,2024-10-15 04:24:18,7.45,56,61637.45,1.75,107865.54,Completed,Cash,Success
4238,TRP-004038,DRV-00081,USR-00523,LOC-0041,LOC-0046,2024-10-15 03:28:18,2024-10-15 04:24:18,7.45,56,61637.45,1.75,107865.54,Completed,Cash,Success
4239,TRP-004039,DRV-00447,USR-01741,LOC-0005,LOC-0033,2024-12-03 13:21:54,2024-12-03 13:49:54,26.63,28,0.0,1.25,0.0,Completed,Credit Card,Pending
4240,TRP-004040,DRV-00235,USR-01296,LOC-0028,LOC-0010,2024-04-01 02:13:57,2024-04-01 03:25:57,35.96,72,62366.88,1.0,62366.88,Completed,GoPay,Success
4241,TRP-004040,DRV-00235,USR-01296,LOC-0028,LOC-0010,2024-04-01 02:13:57,2024-04-01 03:25:57,35.96,72,62366.88,1.0,62366.88,Completed,GoPay,Success
4242,TRP-004041,DRV-00495,USR-00213,LOC-0049,LOC-0009,2024-01-12 02:49:15,2024-01-12 04:45:15,18.0,116,42922.11,1.5,64383.17,Completed,GoPay,Success
4243,TRP-004042,DRV-00354,USR-01981,LOC-0027,LOC-0018,2024-02-18 12:36:59,2024-02-18 13:02:59,16.16,26,44748.47,1.0,44748.47,Completed,Credit Card,Success
4244,TRP-004043,DRV-00381,USR-00605,LOC-0049,LOC-0038,2024-09-06 04:29:53,2024-09-06 06:29:53,39.13,120,39430.23,1.5,59145.35,Completed,Credit Card,Success
4245,TRP-004044,DRV-00281,USR-00097,LOC-0025,LOC-0026,2024-07-15 16:06:57,2024-07-15 17:39:57,15.74,93,,1.25,,Completed,Credit Card,Success
4246,TRP-004045,DRV-00116,USR-00400,LOC-0035,LOC-0037,2024-04-14 12:55:12,2024-04-14 13:14:12,31.03,19,147042.56,1.25,183803.2,Completed,Cash,Success
4247,TRP-004046,DRV-00028,USR-00447,LOC-0021,LOC-0029,2024-09-29 09:59:08,2024-09-29 10:32:08,35.69,33,105144.67,1.0,105144.67,Completed,Cash,Success
4248,TRP-004047,DRV-00475,USR-00572,LOC-0043,LOC-0027,2024-06-26 07:40:06,2024-06-26 08:29:06,18.74,49,17660.07,1.0,17660.07,Completed,Cash,Pending
4249,TRP-004048,DRV-00333,USR-01690,LOC-0026,LOC-0009,2024-10-14 09:06:05,2024-10-14 10:53:05,12.86,107,131533.01,1.0,131533.01,Completed,Cash,Success
4250,TRP-004049,DRV-00404,USR-00544,LOC-0057,LOC-0033,2024-03-19 11:42:16,2024-03-19 13:34:16,30.52,112,148007.26,1.0,148007.26,Cancelled,GoPay,Success
4251,TRP-004050,DRV-00297,USR-01200,LOC-0028,LOC-0016,2024-04-08 09:59:02,2024-04-08 11:33:02,35.55,94,126551.18,1.0,126551.18,Completed,Credit Card,Failed
4252,TRP-004051,DRV-00315,USR-01816,LOC-0032,LOC-0036,2024-11-06 13:11:31,2024-11-06 13:47:31,31.13,36,97680.52,2.0,195361.04,Completed,Credit Card,Success
4253,TRP-004052,DRV-00347,USR-01199,LOC-0035,LOC-0040,2024-12-02 14:03:41,2024-12-02 15:44:41,31.77,101,147380.36,1.5,221070.54,Completed,Cash,Failed
4254,TRP-004053,DRV-00473,USR-00431,LOC-0030,LOC-0006,2024-12-18 21:59:39,2024-12-18 23:17:39,3.94,78,104654.02,2.5,261635.05,Completed,Cash,Failed
4255,TRP-004054,DRV-00389,USR-01220,LOC-0042,LOC-0031,2024-05-18 02:09:14,2024-05-18 03:15:14,10.81,66,55818.76,1.0,55818.76,Completed,Cash,Success
4256,TRP-004055,DRV-00234,USR-01168,LOC-0007,LOC-0019,2024-09-25 16:37:12,2024-09-25 18:13:12,39.71,96,11831.36,1.75,20704.88,Completed,Cash,Success
4257,TRP-004056,DRV-00092,USR-01024,LOC-0009,LOC-0004,2024-11-22 14:19:03,2024-11-22 14:46:03,23.32,27,60278.26,1.0,60278.26,Completed,Credit Card,Success
4258,TRP-004057,DRV-00232,USR-00745,LOC-0032,LOC-0011,2024-03-24 20:45:47,2024-03-24 21:01:47,22.67,16,65102.43,1.25,81378.04,Failed,Cash,Failed
4259,TRP-004058,DRV-00128,USR-00583,LOC-0009,LOC-0045,2024-03-31 08:50:44,2024-03-31 10:04:44,6.74,74,86363.23,1.0,86363.23,Completed,Credit Card,Success
4260,TRP-004059,DRV-00271,USR-00968,LOC-0018,LOC-0043,2024-02-29 13:26:56,2024-02-29 14:57:56,38.87,91,137941.34,1.0,137941.34,Completed,GoPay,Success
4261,TRP-004059,DRV-00271,USR-00968,LOC-0018,LOC-0043,2024-02-29 13:26:56,2024-02-29 14:57:56,38.87,91,137941.34,1.0,137941.34,Completed,GoPay,Success
4262,TRP-004060,DRV-00257,USR-01576,LOC-0017,LOC-0039,2024-09-23 06:02:16,2024-09-23 07:38:16,32.39,96,92586.93,1.0,92586.93,Completed,Cash,Success
4263,TRP-004061,DRV-00076,USR-00372,LOC-0008,LOC-0055,2024-06-07 15:58:03,2024-06-07 17:57:03,36.05,119,148256.39,1.0,148256.39,Completed,Credit Card,Pending
4264,TRP-004062,DRV-00313,USR-00760,LOC-0014,LOC-0032,2024-11-28 08:21:05,2024-11-28 09:25:05,20.97,64,132233.27,1.25,165291.59,Completed,Credit Card,Success
4265,TRP-004063,DRV-00381,USR-00588,LOC-0030,LOC-0002,2024-04-04 07:59:05,2024-04-04 08:41:05,25.54,42,148320.05,1.25,185400.06,Completed,GoPay,Success
4266,TRP-004064,DRV-00493,USR-01033,LOC-0011,LOC-0006,2024-06-25 14:07:29,2024-06-25 14:49:29,31.45,42,96694.91,1.0,96694.91,Completed,Cash,Success
4267,TRP-004065,DRV-00381,USR-01793,LOC-0054,LOC-0002,2024-01-24 04:58:17,2024-01-24 05:17:17,1.53,19,,1.0,,Completed,GoPay,Pending
4268,TRP-004066,DRV-00188,USR-00059,LOC-0055,LOC-0049,2024-12-06 22:18:22,2024-12-06 23:02:22,16.74,44,20012.18,1.0,20012.18,Completed,Cash,Success
4269,TRP-004067,DRV-00157,USR-00698,LOC-0003,LOC-0027,2024-07-12 20:18:07,2024-07-12 22:15:07,17.87,117,143639.48,2.5,359098.7,Completed,GoPay,Pending
4270,TRP-004068,DRV-00313,USR-01138,LOC-0050,LOC-0041,2024-09-29 18:53:32,2024-09-29 20:19:32,27.98,86,149021.92,1.0,149021.92,Completed,Cash,Failed
4271,TRP-004068,DRV-00313,USR-01138,LOC-0050,LOC-0041,2024-09-29 18:53:32,2024-09-29 20:19:32,27.98,86,149021.92,1.0,149021.92,Completed,Cash,Failed
4272,TRP-004069,DRV-00139,USR-01574,LOC-0023,LOC-0001,2024-04-11 14:11:36,2024-04-11 15:19:36,10.87,0,48517.4,1.75,84905.45,Cancelled,GoPay,Success
4273,TRP-004070,DRV-00338,USR-00430,LOC-0027,LOC-0046,2024-05-03 05:43:14,2024-05-03 07:32:14,32.05,109,91237.52,1.25,114046.9,Failed,GoPay,Pending
4274,TRP-004071,DRV-00144,USR-00960,LOC-0008,LOC-0001,2024-07-02 12:14:28,2024-07-02 14:12:28,26.3,118,108922.15,1.5,163383.22,Cancelled,Cash,Success
4275,TRP-004072,DRV-00086,USR-01011,LOC-0044,LOC-0036,2024-08-22 03:23:33,2024-08-22 03:56:33,27.82,33,92746.12,2.5,231865.3,Completed,Cash,Success
4276,TRP-004072,DRV-00086,USR-01011,LOC-0044,LOC-0036,2024-08-22 03:23:33,2024-08-22 03:56:33,27.82,33,92746.12,2.5,231865.3,Completed,Cash,Success
4277,TRP-004073,DRV-00457,USR-00204,LOC-0042,LOC-0053,2024-01-17 23:27:23,2024-01-18 01:08:23,30.59,101,81712.26,1.5,122568.39,Cancelled,Cash,Success
4278,TRP-004074,DRV-00230,USR-01312,LOC-0033,LOC-0036,2024-11-07 08:01:58,2024-11-07 09:48:58,21.36,107,54836.86,1.0,54836.86,Completed,Credit Card,Success
4279,TRP-004075,DRV-00482,USR-01938,LOC-0021,LOC-0053,2024-01-10 15:01:32,2024-01-10 16:36:32,36.42,95,0.0,1.0,0.0,Completed,Cash,Success
4280,TRP-004076,DRV-00303,USR-01937,LOC-0012,LOC-0043,2024-09-03 15:24:14,2024-09-03 16:43:14,7.43,79,83464.58,1.0,83464.58,Completed,Cash,Success
4281,TRP-004077,DRV-00370,USR-01081,LOC-0043,LOC-0026,2024-05-10 04:41:14,2024-05-10 04:56:14,8.94,15,15028.44,1.25,18785.55,Cancelled,Cash,Success
4282,TRP-004078,DRV-00393,USR-01306,LOC-0054,LOC-0006,2024-04-29 03:21:13,2024-04-29 04:49:13,1.9,88,66365.9,1.75,116140.32,Completed,Credit Card,Success
4283,TRP-004079,DRV-00364,USR-01009,LOC-0038,LOC-0042,2024-08-13 23:38:01,2024-08-14 00:21:01,14.77,43,18124.21,1.0,18124.21,Completed,Credit Card,Success
4284,TRP-004080,DRV-00344,USR-00795,LOC-0030,LOC-0041,2024-09-09 12:15:10,2024-09-09 13:04:10,7.24,49,11600.54,1.25,14500.68,Completed,Credit Card,Failed
4285,TRP-004081,DRV-00341,USR-00494,LOC-0044,LOC-0032,2024-03-30 09:42:11,2024-03-30 10:11:11,39.58,29,89131.86,1.5,133697.79,Completed,GoPay,Success
4286,TRP-004082,DRV-00204,USR-01536,LOC-0047,LOC-0051,2024-04-05 22:30:54,2024-04-05 23:21:54,13.87,51,12414.96,1.0,12414.96,Cancelled,Cash,Pending
4287,TRP-004083,DRV-00237,USR-01947,LOC-0002,LOC-0023,2024-07-01 11:54:47,2024-07-01 13:24:47,5.3,90,119109.74,2.0,238219.48,Cancelled,Cash,Success
4288,TRP-004084,DRV-00109,USR-00380,LOC-0048,LOC-0005,2024-10-22 02:38:20,2024-10-22 04:22:20,15.8,-5,50148.24,1.0,50148.24,Failed,Cash,Success
4289,TRP-004085,DRV-00055,USR-01898,LOC-0045,LOC-0054,2024-08-12 00:10:55,2024-08-12 02:06:55,11.92,116,34311.24,1.0,34311.24,Completed,GoPay,Success
4290,TRP-004086,DRV-00271,USR-00291,LOC-0053,LOC-0048,2024-09-12 13:22:46,2024-09-12 14:40:46,6.42,78,125828.96,1.25,157286.2,Completed,Cash,Success
4291,TRP-004087,DRV-00384,USR-01697,LOC-0012,LOC-0033,2024-06-16 09:10:04,2024-06-16 10:23:04,,73,149864.51,1.0,149864.51,Failed,Credit Card,Success
4292,TRP-004088,DRV-00015,USR-01985,LOC-0034,LOC-0049,2024-07-20 13:40:07,2024-07-20 14:38:07,26.19,58,28057.85,1.75,49101.24,Completed,Credit Card,Success
4293,TRP-004089,DRV-00090,USR-00640,LOC-0020,LOC-0036,2024-12-10 18:12:17,2024-12-10 20:02:17,14.54,110,38488.75,1.0,38488.75,Cancelled,Cash,Success
4294,TRP-004090,DRV-00336,USR-00180,LOC-0038,LOC-0009,2024-12-26 19:59:41,2024-12-26 20:10:41,3.96,11,46446.04,1.75,81280.57,Cancelled,GoPay,Success
4295,TRP-004091,DRV-00274,USR-01213,LOC-0002,LOC-0033,2024-09-29 15:29:56,2024-09-29 16:48:56,8.42,79,53909.08,1.0,53909.08,Completed,GoPay,Success
4296,TRP-004092,DRV-00337,USR-01716,LOC-0008,LOC-0014,2024-03-13 11:52:21,2024-03-13 12:03:21,13.99,11,55385.22,1.5,83077.83,Completed,Credit Card,Success
4297,TRP-004093,DRV-00098,USR-00836,LOC-0038,LOC-0014,2024-08-06 12:48:37,2024-08-06 12:58:37,33.57,10,25844.55,1.5,38766.82,Completed,GoPay,Success
4298,TRP-004093,DRV-00098,USR-00836,LOC-0038,LOC-0014,2024-08-06 12:48:37,2024-08-06 12:58:37,33.57,10,25844.55,1.5,38766.82,Completed,GoPay,Success
4299,TRP-004094,DRV-00208,USR-00941,LOC-0047,LOC-0052,2024-09-26 11:38:47,2024-09-26 12:17:47,9.23,39,81894.79,1.75,143315.88,Completed,Cash,Success
4300,TRP-004095,DRV-00186,USR-00817,LOC-0022,LOC-0004,2024-02-24 02:30:21,2024-02-24 04:16:21,17.54,106,21427.48,1.0,21427.48,Completed,Cash,Success
4301,TRP-004096,DRV-00035,USR-00092,LOC-0043,LOC-0033,2024-11-01 20:11:47,2024-11-01 20:46:47,19.79,35,18724.5,1.0,18724.5,Completed,Credit Card,Success
4302,TRP-004097,DRV-00221,USR-01727,LOC-0048,LOC-0020,2024-09-15 15:36:44,2024-09-15 16:52:44,22.34,76,111856.81,2.5,279642.03,Completed,Cash,Success
4303,TRP-004098,DRV-00183,USR-01460,LOC-0049,LOC-0039,2024-11-06 16:28:22,2024-11-06 17:27:22,8.62,59,68223.01,1.5,102334.51,Completed,Credit Card,Success
4304,TRP-004099,DRV-00292,USR-00563,LOC-0052,LOC-0021,2024-02-21 00:28:33,2024-02-21 01:42:33,35.34,74,114795.33,1.0,114795.33,Completed,GoPay,Success
4305,TRP-004100,DRV-00103,USR-00566,LOC-0052,LOC-0037,2024-09-25 10:19:40,2024-09-25 12:06:40,13.68,107,82526.92,1.0,82526.92,Completed,Cash,Success
4306,TRP-004101,DRV-00362,USR-00045,LOC-0015,LOC-0010,2024-09-25 05:37:02,2024-09-25 07:36:02,12.28,119,65508.49,1.0,65508.49,Cancelled,GoPay,Success
4307,TRP-004102,DRV-00152,USR-00161,LOC-0033,LOC-0031,2024-03-21 19:58:37,2024-03-21 21:53:37,12.53,115,128924.73,1.0,128924.73,Completed,Credit Card,Success
4308,TRP-004103,DRV-00036,USR-00979,LOC-0054,LOC-0007,2024-09-18 08:01:52,2024-09-18 08:25:52,3.91,24,45897.55,1.0,45897.55,Completed,Credit Card,Success
4309,TRP-004104,DRV-00382,USR-01343,LOC-0056,LOC-0015,2024-10-06 23:24:45,2024-10-07 00:12:45,16.59,48,37513.1,1.5,56269.65,Cancelled,GoPay,Success
4310,TRP-004105,DRV-00114,USR-00892,LOC-0038,LOC-0039,2024-06-15 00:24:37,2024-06-15 01:51:37,5.76,87,71756.63,1.0,71756.63,Completed,GoPay,Failed
4311,TRP-004106,DRV-00440,USR-00633,LOC-0001,LOC-0011,2024-07-16 16:33:44,2024-07-16 17:01:44,10.52,28,66416.8,0.5,66416.8,Completed,Cash,Pending
4312,TRP-004107,DRV-00094,USR-00657,LOC-0016,LOC-0037,2024-01-28 07:20:49,2024-01-28 07:51:49,27.66,31,11250.07,1.0,11250.07,Completed,Credit Card,Success
4313,TRP-004108,DRV-00173,USR-00533,LOC-0057,LOC-0023,2024-05-05 08:46:46,2024-05-05 10:35:46,7.52,109,19438.1,1.0,19438.1,Completed,GoPay,Success
4314,TRP-004109,DRV-00033,USR-01050,LOC-0015,LOC-0012,2024-08-18 10:32:56,2024-08-18 11:24:56,39.99,52,14883.18,1.25,18603.97,Cancelled,Credit Card,Success
4315,TRP-004110,DRV-00440,USR-01426,LOC-0031,LOC-0027,2024-02-04 01:08:31,2024-02-04 02:35:31,29.88,87,134974.63,1.5,202461.95,Completed,GoPay,Success
4316,TRP-004111,DRV-00138,USR-00447,LOC-0021,LOC-0048,2024-01-08 10:56:28,2024-01-08 12:47:28,11.07,111,25534.93,1.75,44686.13,Failed,Cash,Success
4317,TRP-004112,DRV-00317,USR-01304,LOC-0016,LOC-0019,2024-06-29 18:10:47,2024-06-29 18:48:47,36.62,38,78197.53,1.0,78197.53,Cancelled,Cash,Success
4318,TRP-004112,DRV-00317,USR-01304,LOC-0016,LOC-0019,2024-06-29 18:10:47,2024-06-29 18:48:47,36.62,38,78197.53,1.0,78197.53,Cancelled,Cash,Success
4319,TRP-004113,DRV-00030,USR-00793,LOC-0016,LOC-0042,2024-04-29 01:18:14,2024-04-29 01:48:14,28.74,30,86741.47,1.75,151797.57,Completed,GoPay,Success
4320,TRP-004114,DRV-00143,USR-01051,LOC-0039,LOC-0054,2024-02-05 09:33:44,2024-02-05 10:53:44,6.36,80,52034.6,2.0,104069.2,Failed,GoPay,Success
4321,TRP-004115,DRV-00365,USR-01226,LOC-0039,LOC-0027,2024-09-02 14:05:07,2024-09-02 15:37:07,26.68,92,58279.15,1.0,58279.15,Completed,GoPay,Success
4322,TRP-004116,DRV-00085,USR-00303,LOC-0030,LOC-0039,2024-09-28 12:16:46,2024-09-28 12:52:46,15.1,36,30039.28,1.0,30039.28,Completed,Cash,Success
4323,TRP-004117,DRV-00118,USR-01038,LOC-0039,LOC-0014,2024-09-02 11:16:11,2024-09-02 12:39:11,,83,22850.58,2.0,45701.16,Cancelled,Credit Card,Success
4324,TRP-004118,DRV-00021,USR-00742,LOC-0042,LOC-0010,2024-01-07 01:31:25,2024-01-07 02:34:25,8.55,63,79351.84,1.25,99189.8,Completed,Cash,Success
4325,TRP-004119,DRV-00091,USR-00123,LOC-0030,LOC-0019,2024-11-29 13:43:24,2024-11-29 14:31:24,19.82,48,129856.27,1.5,194784.4,Completed,Cash,Success
4326,TRP-004120,DRV-00062,USR-01186,LOC-0035,LOC-0046,2024-09-30 15:03:20,2024-09-30 16:42:20,6.25,99,99288.65,2.0,198577.3,Failed,Credit Card,Success
4327,TRP-004121,DRV-00283,USR-00977,LOC-0010,LOC-0052,2024-11-06 06:59:12,2024-11-06 07:57:12,5.1,58,128970.4,1.0,128970.4,Completed,Cash,Success
4328,TRP-004122,DRV-00473,USR-01492,LOC-0008,LOC-0006,2024-07-19 07:03:43,2024-07-19 07:50:43,30.17,47,79836.25,1.0,79836.25,Completed,Cash,Success
4329,TRP-004123,DRV-00001,USR-00367,LOC-0045,LOC-0029,2024-06-15 21:34:33,2024-06-15 23:27:33,37.69,113,44393.01,3.5,66589.51,Completed,GoPay,Success
4330,TRP-004124,DRV-00302,USR-00205,LOC-0013,LOC-0018,2024-09-14 06:40:17,2024-09-14 07:16:17,29.39,36,53898.53,2.0,107797.06,Completed,Cash,Success
4331,TRP-004125,DRV-00201,USR-01649,LOC-0019,LOC-0024,2024-11-15 00:55:20,2024-11-15 01:12:20,18.14,17,79268.67,1.0,79268.67,Completed,GoPay,Success
4332,TRP-004126,DRV-00047,USR-00812,LOC-0031,LOC-0019,2024-11-11 15:34:33,2024-11-11 17:34:33,12.95,120,0.0,1.0,0.0,Completed,GoPay,Success
4333,TRP-004127,DRV-00355,USR-01721,LOC-0034,LOC-0048,2024-02-04 17:40:19,2024-02-04 19:17:19,8.89,97,139072.32,1.0,139072.32,Completed,Cash,Success
4334,TRP-004128,DRV-00170,USR-01823,LOC-0057,LOC-0013,2024-07-30 16:48:06,2024-07-30 18:38:06,28.3,110,105144.18,1.75,184002.32,Completed,Credit Card,Success
4335,TRP-004129,DRV-00068,USR-01743,LOC-0001,LOC-0037,2024-08-21 19:07:22,2024-08-21 20:07:22,23.32,60,81082.39,1.5,121623.58,Cancelled,Cash,Success
4336,TRP-004130,DRV-00378,USR-00611,LOC-0027,LOC-0001,2024-05-09 13:08:44,2024-05-09 14:27:44,29.28,79,137133.57,1.0,137133.57,Cancelled,Cash,Success
4337,TRP-004131,DRV-00315,USR-01573,LOC-0006,LOC-0011,2024-12-07 00:50:31,2024-12-07 01:45:31,31.94,55,44952.05,1.0,44952.05,Completed,Cash,Success
4338,TRP-004132,DRV-00296,USR-01422,LOC-0010,LOC-0047,2024-09-23 06:00:16,2024-09-23 06:17:16,30.91,17,98098.08,1.0,98098.08,Completed,GoPay,Success
4339,TRP-004133,DRV-00383,USR-00187,LOC-0041,LOC-0054,2024-04-07 19:17:00,2024-04-07 20:13:00,27.93,56,142209.48,1.0,142209.48,Completed,Credit Card,Success
4340,TRP-004134,DRV-00140,USR-00119,LOC-0032,LOC-0025,2024-06-06 10:44:48,2024-06-06 11:57:48,10.74,73,138442.11,1.0,138442.11,Completed,GoPay,Success
4341,TRP-004134,DRV-00140,USR-00119,LOC-0032,LOC-0025,2024-06-06 10:44:48,2024-06-06 11:57:48,10.74,73,138442.11,1.0,138442.11,Completed,GoPay,Success
4342,TRP-004135,DRV-00218,USR-01745,LOC-0048,LOC-0013,2024-01-25 05:10:18,2024-01-25 05:42:18,15.09,32,123889.8,2.0,247779.6,Cancelled,Credit Card,Pending
4343,TRP-004136,DRV-00266,USR-01292,LOC-0015,LOC-0054,2024-04-20 23:07:45,2024-04-21 00:49:45,17.94,102,69348.44,1.0,69348.44,Completed,Credit Card,Success
4344,TRP-004137,DRV-00211,USR-00621,LOC-0019,LOC-0014,2024-03-30 14:36:49,2024-03-30 14:57:49,,21,53878.24,1.0,53878.24,Completed,GoPay,Success
4345,TRP-004138,DRV-00038,USR-01266,LOC-0035,LOC-0047,2024-02-10 20:08:37,2024-02-10 21:51:37,3.12,103,136379.13,1.0,136379.13,Completed,Credit Card,Success
4346,TRP-004139,DRV-00394,USR-00026,LOC-0028,LOC-0032,2024-10-07 17:44:32,2024-10-07 19:28:32,27.53,104,126721.56,1.25,158401.95,Completed,Cash,Success
4347,TRP-004140,DRV-00204,USR-00630,LOC-0036,LOC-0035,2024-11-25 09:10:59,2024-11-25 11:01:59,19.44,111,106474.28,1.25,133092.85,Completed,Credit Card,Success
4348,TRP-004141,DRV-00252,USR-01758,LOC-0027,LOC-0044,2024-01-14 07:43:33,2024-01-14 09:15:33,32.77,92,48251.88,1.0,48251.88,Completed,Cash,Success
4349,TRP-004142,DRV-00005,USR-00166,LOC-0032,LOC-0018,2024-07-31 16:58:38,2024-07-31 18:23:38,3.24,85,93117.05,1.0,93117.05,Completed,GoPay,Success
4350,TRP-004143,DRV-00219,USR-01685,LOC-0054,LOC-0042,2024-09-12 15:31:16,2024-09-12 16:37:16,28.46,66,22134.45,1.0,22134.45,Completed,Cash,Success
4351,TRP-004144,DRV-00383,USR-00291,LOC-0008,LOC-0019,2024-12-26 10:43:34,2024-12-26 11:56:34,29.6,73,129374.38,2.5,323435.95,Completed,Credit Card,Success
4352,TRP-004145,DRV-00037,USR-01982,LOC-0031,LOC-0004,2024-09-17 01:01:32,2024-09-17 01:55:32,38.46,54,16748.04,2.0,33496.08,Completed,Credit Card,Success
4353,TRP-004146,DRV-00444,USR-01070,LOC-0029,LOC-0038,2024-06-24 13:24:20,2024-06-24 13:40:20,15.33,16,140609.17,1.0,140609.17,Completed,Cash,Success
4354,TRP-004147,DRV-00240,USR-01829,LOC-0025,LOC-0055,2024-02-23 12:04:01,2024-02-23 12:31:01,7.55,27,46419.12,1.75,81233.46,failed,GoPay,Success
4355,TRP-004148,DRV-00395,USR-00449,LOC-0040,LOC-0057,2024-10-10 21:59:30,2024-10-10 22:50:30,36.22,51,45953.44,1.5,68930.16,Completed,Cash,Success
4356,TRP-004149,DRV-00451,USR-01981,LOC-0036,LOC-0050,2024-05-09 17:56:28,2024-05-09 19:29:28,13.22,93,70319.44,1.25,87899.3,Failed,GoPay,Success
4357,TRP-004150,DRV-00115,USR-00757,LOC-0026,LOC-0030,2024-10-13 15:32:50,2024-10-13 16:36:50,5.51,64,58408.18,1.0,58408.18,Completed,Credit Card,Success
4358,TRP-004151,DRV-00343,USR-01086,LOC-0008,LOC-0030,2024-10-25 12:31:51,2024-10-25 13:12:51,5.75,41,136521.43,1.0,136521.43,Cancelled,GoPay,Success
4359,TRP-004152,DRV-00346,USR-00943,LOC-0051,LOC-0007,2024-09-17 00:48:14,2024-09-17 01:29:14,30.77,41,40070.15,1.0,40070.15,Completed,GoPay,Success
4360,TRP-004152,DRV-00346,USR-00943,LOC-0051,LOC-0007,2024-09-17 00:48:14,2024-09-17 01:29:14,30.77,41,40070.15,1.0,40070.15,Completed,GoPay,Success
4361,TRP-004153,DRV-00176,USR-00075,LOC-0045,LOC-0051,2024-04-13 07:01:31,2024-04-13 08:24:31,4.37,83,44915.66,1.0,44915.66,Completed,Credit Card,Pending
4362,TRP-004154,DRV-00077,USR-01926,LOC-0018,LOC-0054,2024-08-31 12:58:06,2024-08-31 14:49:06,35.67,111,135881.11,1.0,135881.11,Cancelled,Credit Card,Failed
4363,TRP-004154,DRV-00077,USR-01926,LOC-0018,LOC-0054,2024-08-31 12:58:06,2024-08-31 14:49:06,35.67,111,135881.11,1.0,135881.11,Cancelled,Credit Card,Failed
4364,TRP-004155,DRV-00065,USR-00130,LOC-0049,LOC-0042,2024-10-18 13:52:22,2024-10-18 14:16:22,31.99,24,103575.72,1.0,103575.72,Completed,Credit Card,Success
4365,TRP-004156,DRV-00456,USR-01910,LOC-0017,LOC-0034,2024-07-03 00:27:44,2024-07-03 01:18:44,15.22,51,43524.25,1.0,43524.25,Completed,Credit Card,Failed
4366,TRP-004157,DRV-00431,USR-00896,LOC-0028,LOC-0056,2024-04-26 18:37:36,2024-04-26 19:09:36,23.27,32,73923.6,1.75,129366.3,Completed,GoPay,Success
4367,TRP-004158,DRV-00306,USR-01426,LOC-0052,LOC-0028,2024-11-27 11:17:27,2024-11-27 12:28:27,19.19,71,40736.62,2.0,81473.24,Completed,GoPay,Success
4368,TRP-004159,DRV-00304,USR-00124,LOC-0010,LOC-0020,2024-07-07 03:28:36,2024-07-07 05:28:36,15.4,120,76807.77,1.75,134413.6,Completed,Credit Card,Success
4369,TRP-004160,DRV-00162,USR-01727,LOC-0003,LOC-0007,2024-09-09 04:41:44,2024-09-09 05:25:44,29.92,44,98839.66,1.0,98839.66,Cancelled,Credit Card,Success
4370,TRP-004161,DRV-00045,USR-00918,LOC-0004,LOC-0029,2024-07-11 08:22:37,2024-07-11 10:13:37,22.67,111,148547.98,1.0,148547.98,Cancelled,GoPay,Success
4371,TRP-004162,DRV-00400,USR-01059,LOC-0025,LOC-0016,2024-10-03 20:02:46,2024-10-03 20:18:46,21.84,16,,1.75,,Failed,Credit Card,Success
4372,TRP-004163,DRV-00004,USR-00552,LOC-0004,LOC-0018,2024-11-29 08:57:20,2024-11-29 10:19:20,6.58,82,131420.46,1.0,131420.46,Cancelled,Credit Card,Success
4373,TRP-004164,DRV-00130,USR-00092,LOC-0025,LOC-0017,2024-05-28 18:50:22,2024-05-28 19:20:22,,30,87636.56,1.5,131454.84,Completed,GoPay,Success
4374,TRP-004165,DRV-00025,USR-00945,LOC-0029,LOC-0025,2024-06-21 15:38:31,2024-06-21 16:44:31,26.93,66,85583.92,2.5,213959.8,Completed,Credit Card,Success
4375,TRP-004166,DRV-00316,USR-01330,LOC-0014,LOC-0039,2024-08-01 10:16:20,2024-08-01 11:30:20,32.04,74,107600.96,1.75,188301.68,Failed,Credit Card,Success
4376,TRP-004167,DRV-00206,USR-01692,LOC-0043,LOC-0012,2024-05-05 23:26:11,2024-05-06 00:22:11,28.69,56,17852.94,1.5,26779.41,Cancelled,GoPay,Pending
4377,TRP-004168,DRV-00498,USR-01938,LOC-0030,LOC-0051,2024-03-28 07:08:21,2024-03-28 08:13:21,2.08,65,24754.15,1.0,24754.15,Completed,Cash,Pending
4378,TRP-004169,DRV-00027,USR-00054,LOC-0053,LOC-0057,2024-08-08 03:15:49,2024-08-08 04:20:49,8.55,65,83673.11,1.5,125509.67,Completed,Credit Card,Success
4379,TRP-004170,DRV-00232,USR-00447,LOC-0052,LOC-0021,2024-01-20 13:56:35,2024-01-20 14:17:35,2.27,21,39331.59,1.0,39331.59,Completed,Credit Card,Success
4380,TRP-004171,DRV-00063,USR-01975,LOC-0053,LOC-0036,2024-08-27 21:43:03,2024-08-27 22:13:03,10.31,30,84590.57,1.0,84590.57,Failed,Cash,Success
4381,TRP-004172,DRV-00185,USR-00582,LOC-0036,LOC-0050,2024-08-13 04:33:03,2024-08-13 05:28:03,25.07,55,71619.18,1.0,71619.18,Completed,Cash,Success
4382,TRP-004173,DRV-00036,USR-01299,LOC-0057,LOC-0042,2024-02-10 01:18:09,2024-02-10 03:00:09,38.0,102,86036.7,1.25,107545.88,Completed,Cash,Success
4383,TRP-004173,DRV-00036,USR-01299,LOC-0057,LOC-0042,2024-02-10 01:18:09,2024-02-10 03:00:09,38.0,102,86036.7,1.25,107545.88,Completed,Cash,Success
4384,TRP-004174,DRV-00081,USR-00588,LOC-0002,LOC-0035,2024-11-18 18:30:02,2024-11-18 19:02:02,20.42,32,63506.44,1.25,79383.05,Completed,Cash,Success
4385,TRP-004175,DRV-00488,USR-01486,LOC-0052,LOC-0006,2024-11-30 10:55:39,2024-11-30 12:38:39,9.82,103,16574.63,1.0,16574.63,Completed,Cash,Failed
4386,TRP-004175,DRV-00488,USR-01486,LOC-0052,LOC-0006,2024-11-30 10:55:39,2024-11-30 12:38:39,9.82,103,16574.63,1.0,16574.63,Completed,Cash,Failed
4387,TRP-004176,DRV-00370,USR-01255,LOC-0007,LOC-0027,2024-04-22 22:23:34,2024-04-22 23:21:34,3.91,58,96354.58,2.5,240886.45,Completed,Credit Card,Success
4388,TRP-004177,DRV-00412,USR-01945,LOC-0048,LOC-0037,2024-04-23 05:42:41,2024-04-23 06:35:41,31.08,53,124467.14,1.25,155583.92,Completed,GoPay,Pending
4389,TRP-004178,DRV-00130,USR-00247,LOC-0042,LOC-0009,2024-06-18 02:51:24,2024-06-18 03:29:24,7.33,38,118622.97,1.0,118622.97,Completed,Credit Card,Pending
4390,TRP-004179,DRV-00105,USR-01832,LOC-0024,LOC-0056,2024-08-31 14:45:52,2024-08-31 16:25:52,38.91,100,105353.65,1.0,105353.65,Completed,Credit Card,Success
4391,TRP-004180,DRV-00401,USR-01986,LOC-0003,LOC-0051,2024-12-08 15:28:59,2024-12-08 16:50:59,30.34,82,148963.77,1.75,260686.6,Completed,Credit Card,Success
4392,TRP-004181,DRV-00232,USR-00883,LOC-0020,LOC-0011,2024-04-25 12:30:32,2024-04-25 14:16:32,23.95,106,,1.0,,Completed,Credit Card,Success
4393,TRP-004182,DRV-00487,USR-01818,LOC-0031,LOC-0003,2024-10-23 17:27:39,2024-10-23 18:30:39,24.28,63,15420.26,1.25,19275.33,Completed,GoPay,Success
4394,TRP-004183,DRV-00267,USR-00325,LOC-0004,LOC-0051,2024-09-25 23:11:42,2024-09-26 00:45:42,27.05,94,50924.35,2.0,101848.7,Cancelled,GoPay,Success
4395,TRP-004184,DRV-00420,USR-01546,LOC-0034,LOC-0001,2024-04-09 10:06:02,2024-04-09 10:47:02,25.22,41,115135.91,1.5,172703.86,Completed,Credit Card,Success
4396,TRP-004185,DRV-00216,USR-00553,LOC-0041,LOC-0046,2024-03-22 07:32:10,2024-03-22 09:12:10,3.0,100,79607.8,2.0,159215.6,Cancelled,Credit Card,Success
4397,TRP-004185,DRV-00216,USR-00553,LOC-0041,LOC-0046,2024-03-22 07:32:10,2024-03-22 09:12:10,3.0,100,79607.8,2.0,159215.6,Cancelled,Credit Card,Success
4398,TRP-004186,DRV-00399,USR-01254,LOC-0049,LOC-0035,2024-10-15 11:21:19,2024-10-15 12:36:19,30.84,75,141943.21,1.0,141943.21,Completed,Cash,Success
4399,TRP-004187,DRV-00365,USR-00743,LOC-0035,LOC-0047,2024-03-25 05:25:27,2024-03-25 06:37:27,22.47,72,53460.14,2.0,106920.28,Completed,GoPay,Success
4400,TRP-004188,DRV-00413,USR-01398,LOC-0023,LOC-0024,2024-01-07 19:49:23,2024-01-07 21:01:23,19.36,72,85558.52,1.0,85558.52,Completed,Cash,Success
4401,TRP-004189,DRV-00314,USR-01499,LOC-0046,LOC-0051,2024-12-17 13:06:10,2024-12-17 14:23:10,35.82,77,39969.32,2.5,99923.3,Cancelled,GoPay,Success
4402,TRP-004190,DRV-00230,USR-00455,LOC-0001,LOC-0049,2024-09-16 20:17:29,2024-09-16 21:56:29,18.46,99,71870.01,2.5,179675.02,COMPLETED,Credit Card,Success
4403,TRP-004191,DRV-00481,USR-01199,LOC-0039,LOC-0025,2024-03-01 15:45:29,2024-03-01 16:04:29,37.04,19,122250.07,1.0,122250.07,Completed,Credit Card,Failed
4404,TRP-004192,DRV-00483,USR-00327,LOC-0041,LOC-0040,2024-02-29 07:40:37,2024-02-29 08:56:37,27.94,76,52942.66,1.0,52942.66,Completed,GoPay,Success
4405,TRP-004193,DRV-00390,USR-00537,LOC-0007,LOC-0040,2024-06-29 06:52:08,2024-06-29 07:27:08,14.0,35,72415.49,1.0,72415.49,Cancelled,GoPay,Failed
4406,TRP-004194,DRV-00063,USR-00324,LOC-0007,LOC-0046,2024-05-08 00:36:41,2024-05-08 01:20:41,32.52,44,137948.4,1.25,172435.5,Cancelled,Credit Card,Success
4407,TRP-004195,DRV-00005,USR-01387,LOC-0025,LOC-0007,2024-04-14 06:07:15,2024-04-14 06:44:15,,37,117660.77,1.25,147075.96,Completed,GoPay,Pending
4408,TRP-004195,DRV-00005,USR-01387,LOC-0025,LOC-0007,2024-04-14 06:07:15,2024-04-14 06:44:15,,37,117660.77,1.25,147075.96,Completed,GoPay,Pending
4409,TRP-004196,DRV-00096,USR-01576,LOC-0057,LOC-0019,2024-09-21 08:54:14,2024-09-21 10:26:14,34.92,92,68745.11,1.0,68745.11,Completed,GoPay,Success
4410,TRP-004197,DRV-00481,USR-00179,LOC-0019,LOC-0024,2024-11-11 23:43:26,2024-11-12 01:34:26,30.96,111,112188.71,1.0,112188.71,Completed,Cash,Success
4411,TRP-004198,DRV-00414,USR-01701,LOC-0015,LOC-0021,2024-12-09 15:16:33,2024-12-09 17:13:33,11.41,117,74300.36,1.25,92875.45,Completed,GoPay,Success
4412,TRP-004199,DRV-00366,USR-00601,LOC-0054,LOC-0021,2024-03-18 17:14:33,2024-03-18 18:23:33,33.39,69,127129.76,1.0,127129.76,Cancelled,Credit Card,Success
4413,TRP-004200,DRV-00211,USR-00174,LOC-0037,LOC-0044,2024-02-19 14:43:23,2024-02-19 16:00:23,36.78,77,33706.75,1.25,42133.44,Cancelled,Credit Card,Success
4414,TRP-004201,DRV-00400,USR-01158,LOC-0041,LOC-0029,2024-04-28 10:05:45,2024-04-28 11:42:45,32.39,97,27204.98,1.75,47608.71,Completed,Cash,Success
4415,TRP-004202,DRV-00437,USR-00508,LOC-0005,LOC-0057,2024-08-01 09:19:29,2024-08-01 10:16:29,19.83,57,116891.65,1.0,116891.65,Completed,Cash,Success
4416,TRP-004203,DRV-00131,USR-01910,LOC-0013,LOC-0041,2024-06-28 11:39:14,2024-06-28 13:25:14,33.74,106,31899.25,1.0,31899.25,Completed,GoPay,Success
4417,TRP-004204,DRV-00494,USR-01455,LOC-0020,LOC-0011,2024-01-18 04:16:13,2024-01-18 05:30:13,29.25,74,127628.29,2.5,319070.72,Cancelled,Credit Card,Success
4418,TRP-004205,DRV-00144,USR-01005,LOC-0029,LOC-0008,2024-07-17 11:41:20,2024-07-17 12:46:20,28.25,65,41728.46,1.0,41728.46,Completed,Credit Card,Success
4419,TRP-004206,DRV-00344,USR-00085,LOC-0006,LOC-0031,2024-04-16 11:05:41,2024-04-16 12:32:41,27.0,87,74701.73,1.0,74701.73,Completed,Cash,Success
4420,TRP-004207,DRV-00175,USR-00038,LOC-0034,LOC-0008,2024-09-20 22:10:03,2024-09-20 23:51:03,16.55,101,87355.54,1.25,109194.42,Completed,Credit Card,Success
4421,TRP-004208,DRV-00398,USR-01428,LOC-0009,LOC-0025,2024-02-25 22:06:14,2024-02-25 23:43:14,18.94,97,51088.96,1.0,51088.96,Failed,Cash,Success
4422,TRP-004209,DRV-00470,USR-01388,LOC-0005,LOC-0025,2024-11-07 13:09:20,2024-11-07 14:17:20,30.68,68,99917.62,1.0,99917.62,Completed,GoPay,Success
4423,TRP-004209,DRV-00470,USR-01388,LOC-0005,LOC-0025,2024-11-07 13:09:20,2024-11-07 14:17:20,30.68,68,99917.62,1.0,99917.62,Completed,GoPay,Success
4424,TRP-004210,DRV-00449,USR-00389,LOC-0033,LOC-0011,2024-08-12 19:59:17,2024-08-12 21:03:17,9.11,64,62415.46,1.5,93623.19,COMPLETED,GoPay,Success
4425,TRP-004211,DRV-00073,USR-01822,LOC-0041,LOC-0017,2024-11-05 20:16:41,2024-11-05 20:58:41,32.29,42,128781.84,1.5,193172.76,Cancelled,GoPay,Success
4426,TRP-004212,DRV-00388,USR-01487,LOC-0002,LOC-0032,2024-04-16 15:35:12,2024-04-16 15:56:12,9.4,21,92226.3,1.0,92226.3,Completed,Cash,Success
4427,TRP-004213,DRV-00079,USR-01212,LOC-0028,LOC-0007,2024-01-28 21:16:32,2024-01-28 23:03:32,26.99,107,26687.66,1.5,40031.49,Completed,GoPay,Failed
4428,TRP-004214,DRV-00067,USR-01466,LOC-0053,LOC-0049,2024-12-22 18:44:42,2024-12-22 20:43:42,36.79,119,48919.25,2.5,122298.12,Completed,Cash,Failed
4429,TRP-004215,DRV-00489,USR-00781,LOC-0011,LOC-0008,2024-06-27 19:44:01,2024-06-27 21:21:01,36.13,97,68635.83,1.0,68635.83,Failed,GoPay,Success
4430,TRP-004216,DRV-00429,USR-01022,LOC-0032,LOC-0048,2024-10-29 07:18:55,2024-10-29 07:52:55,32.74,34,90588.2,1.0,90588.2,Failed,GoPay,Success
4431,TRP-004217,DRV-00353,USR-01248,LOC-0025,LOC-0040,2024-11-14 07:58:29,2024-11-14 09:49:29,22.5,111,24418.43,1.75,42732.25,Completed,GoPay,Success
4432,TRP-004218,DRV-00216,USR-00221,LOC-0020,LOC-0018,2024-03-27 09:24:56,2024-03-27 11:21:56,21.4,117,11227.28,1.0,11227.28,Completed,Credit Card,Success
4433,TRP-004219,DRV-00432,USR-00590,LOC-0055,LOC-0045,2024-06-07 21:59:12,2024-06-07 23:02:12,14.72,63,50087.6,1.0,50087.6,Cancelled,Credit Card,Pending
4434,TRP-004220,DRV-00201,USR-00413,LOC-0045,LOC-0006,2024-05-18 19:00:34,2024-05-18 19:30:34,25.98,30,23725.98,1.0,23725.98,Completed,Cash,Success
4435,TRP-004221,DRV-00290,USR-00541,LOC-0018,LOC-0026,2024-08-25 18:12:46,2024-08-25 19:24:46,22.21,72,61782.9,1.0,61782.9,Completed,Cash,Success
4436,TRP-004222,DRV-00193,USR-01322,LOC-0036,LOC-0010,2024-08-08 23:18:45,2024-08-09 00:19:45,22.87,61,131233.13,1.25,164041.41,Completed,GoPay,Pending
4437,TRP-004223,DRV-00279,USR-00316,LOC-0057,LOC-0008,2024-05-15 14:37:19,2024-05-15 15:37:19,33.1,60,54972.51,1.0,54972.51,Completed,GoPay,Success
4438,TRP-004224,DRV-00120,USR-00810,LOC-0016,LOC-0006,2024-09-19 05:29:57,2024-09-19 06:42:57,18.34,73,35281.03,1.75,61741.8,Completed,Credit Card,Success
4439,TRP-004225,DRV-00276,USR-00987,LOC-0004,LOC-0006,2024-04-10 20:33:51,2024-04-10 21:29:51,1.33,56,67320.33,1.75,117810.58,Completed,GoPay,Success
4440,TRP-004226,DRV-00357,USR-00896,LOC-0028,LOC-0026,2024-04-08 20:43:06,2024-04-08 22:22:06,3.66,99,132151.41,2.0,264302.82,Completed,Credit Card,Success
4441,TRP-004227,DRV-00137,USR-01903,LOC-0043,LOC-0014,2024-12-24 09:59:51,2024-12-24 11:15:51,,76,20662.67,1.0,20662.67,Completed,Credit Card,Success
4442,TRP-004228,DRV-00365,USR-00680,LOC-0015,LOC-0010,2024-09-10 13:22:11,2024-09-10 13:52:11,32.64,30,145597.56,1.75,254795.73,Completed,GoPay,Success
4443,TRP-004229,DRV-00221,USR-01854,LOC-0013,LOC-0056,2024-02-03 00:40:12,2024-02-03 02:14:12,9.03,94,113248.24,1.0,113248.24,Completed,Cash,Success
4444,TRP-004230,DRV-00410,USR-01823,LOC-0015,LOC-0010,2024-06-30 13:42:15,2024-06-30 15:20:15,5.9,98,107498.21,1.0,107498.21,Completed,Credit Card,Success
4445,TRP-004231,DRV-00350,USR-00729,LOC-0023,LOC-0010,2024-01-16 06:18:33,2024-01-16 07:36:33,16.36,78,,1.0,,Completed,Cash,Success
4446,TRP-004232,DRV-00141,USR-00946,LOC-0046,LOC-0051,2024-11-10 23:32:35,2024-11-11 00:26:35,18.56,54,88542.24,1.0,88542.24,Completed,Credit Card,Success
4447,TRP-004233,DRV-00460,USR-01125,LOC-0028,LOC-0037,2024-09-17 04:58:48,2024-09-17 06:38:48,17.7,100,140581.84,1.75,246018.22,Completed,Credit Card,Success
4448,TRP-004234,DRV-00060,USR-01844,LOC-0036,LOC-0024,2024-02-07 12:22:31,2024-02-07 13:20:31,20.9,58,97737.32,1.0,97737.32,Completed,GoPay,Pending
4449,TRP-004235,DRV-00010,USR-01104,LOC-0045,LOC-0036,2024-03-13 10:24:34,2024-03-13 11:23:34,30.35,59,29884.52,2.5,74711.3,Completed,Credit Card,Failed
4450,TRP-004236,DRV-00423,USR-01086,LOC-0044,LOC-0004,2024-09-03 07:55:06,2024-09-03 09:36:06,10.99,101,77069.72,1.0,77069.72,Completed,Cash,Pending
4451,TRP-004237,DRV-00207,USR-00410,LOC-0019,LOC-0013,2024-01-25 15:52:35,2024-01-25 16:49:35,8.0,57,125290.86,1.25,156613.58,Completed,Credit Card,Success
4452,TRP-004238,DRV-00494,USR-00344,LOC-0035,LOC-0006,2024-11-30 23:57:04,2024-12-01 00:57:04,18.76,60,101149.89,1.0,101149.89,Completed,Credit Card,Pending
4453,TRP-004239,DRV-00120,USR-01450,LOC-0017,LOC-0019,2024-12-28 11:49:54,2024-12-28 13:18:54,37.65,89,18675.99,1.0,18675.99,Completed,GoPay,Pending
4454,TRP-004240,DRV-00107,USR-01015,LOC-0032,LOC-0041,2024-08-11 19:30:44,2024-08-11 21:10:44,21.81,100,144859.62,1.25,181074.52,Completed,Cash,Success
4455,TRP-004241,DRV-00240,USR-00893,LOC-0035,LOC-0040,2024-07-01 12:28:50,2024-07-01 13:53:50,34.71,85,89862.62,0.5,89862.62,Completed,GoPay,Pending
4456,TRP-004242,DRV-00292,USR-01501,LOC-0045,LOC-0025,2024-08-19 16:58:31,2024-08-19 18:51:31,9.08,113,59458.62,1.0,59458.62,Completed,GoPay,Success
4457,TRP-004243,DRV-00087,USR-00480,LOC-0025,LOC-0028,2024-03-07 18:58:51,2024-03-07 20:00:51,28.8,62,142638.02,1.0,142638.02,Completed,GoPay,Pending
4458,TRP-004244,DRV-00271,USR-00978,LOC-0009,LOC-0057,2024-05-31 19:12:20,2024-05-31 19:39:20,30.02,27,75248.59,1.0,75248.59,Completed,GoPay,Success
4459,TRP-004245,DRV-00311,USR-00639,LOC-0030,LOC-0025,2024-08-21 00:58:04,2024-08-21 02:32:04,36.92,94,128164.83,1.0,128164.83,Completed,Cash,Success
4460,TRP-004246,DRV-00271,USR-00084,LOC-0015,LOC-0039,2024-10-15 01:18:12,2024-10-15 03:09:12,2.36,111,88560.65,1.5,132840.97,Completed,Cash,Success
4461,TRP-004247,DRV-00051,USR-00301,LOC-0017,LOC-0021,2024-08-13 16:07:02,2024-08-13 17:18:02,19.84,71,79592.29,1.5,119388.43,Completed,Credit Card,Success
4462,TRP-004248,DRV-00122,USR-01834,LOC-0001,LOC-0021,2024-12-13 08:43:26,2024-12-13 09:30:26,10.52,47,124937.88,1.0,124937.88,Completed,Cash,Success
4463,TRP-004249,DRV-00053,USR-01334,LOC-0051,LOC-0035,2024-05-25 08:58:34,2024-05-25 09:45:34,39.32,47,120552.7,1.0,120552.7,Completed,Credit Card,Success
4464,TRP-004250,DRV-00398,USR-01712,LOC-0041,LOC-0043,2024-05-09 11:11:16,2024-05-09 11:44:16,4.46,33,94534.56,1.0,94534.56,Completed,Credit Card,Success
4465,TRP-004251,DRV-00040,USR-00220,LOC-0049,LOC-0019,2024-03-16 08:05:12,2024-03-16 08:37:12,30.6,32,54460.64,2.5,136151.6,Completed,GoPay,Pending
4466,TRP-004252,DRV-00153,USR-00158,LOC-0048,LOC-0023,2024-11-14 09:15:35,2024-11-14 10:57:35,2.86,102,66218.5,1.5,99327.75,Completed,Cash,Pending
4467,TRP-004253,DRV-00394,USR-00752,LOC-0022,LOC-0019,2024-02-24 18:20:51,2024-02-24 18:50:51,27.9,30,43683.8,1.25,54604.75,Completed,Credit Card,Success
4468,TRP-004254,DRV-00179,USR-01565,LOC-0009,LOC-0025,2024-07-15 13:31:20,2024-07-15 14:53:20,9.69,82,145626.0,1.0,145626.0,Completed,GoPay,Success
4469,TRP-004255,DRV-00127,USR-01161,LOC-0021,LOC-0056,2024-12-26 20:56:08,2024-12-26 21:20:08,5.25,24,76344.06,1.0,76344.06,Cancelled,Credit Card,Success
4470,TRP-004256,DRV-00157,USR-00265,LOC-0016,LOC-0036,2024-08-25 10:35:10,2024-08-25 12:02:10,10.14,87,99876.16,2.5,249690.4,Completed,Credit Card,Success
4471,TRP-004256,DRV-00157,USR-00265,LOC-0016,LOC-0036,2024-08-25 10:35:10,2024-08-25 12:02:10,10.14,87,99876.16,2.5,249690.4,Completed,Credit Card,Success
4472,TRP-004257,DRV-00326,USR-00260,LOC-0048,LOC-0047,2024-01-09 06:31:20,2024-01-09 07:57:20,31.97,86,32991.22,1.0,32991.22,Completed,Credit Card,Success
4473,TRP-004258,DRV-00403,USR-00224,LOC-0045,LOC-0017,2024-03-03 15:54:22,2024-03-03 16:42:22,16.79,48,71002.95,1.0,71002.95,Completed,Credit Card,Failed
4474,TRP-004259,DRV-00412,USR-00152,LOC-0039,LOC-0005,2024-02-17 18:15:22,2024-02-17 18:38:22,31.4,23,91226.05,1.25,114032.56,Cancelled,Cash,Failed
4475,TRP-004260,DRV-00130,USR-01342,LOC-0028,LOC-0026,2024-01-07 07:00:56,2024-01-07 07:39:56,21.31,39,89528.03,1.0,89528.03,Cancelled,Cash,Success
4476,TRP-004261,DRV-00230,USR-01243,LOC-0010,LOC-0007,2024-10-25 23:50:47,2024-10-26 01:49:47,23.32,119,40930.76,1.0,40930.76,Completed,Cash,Success
4477,TRP-004262,DRV-00141,USR-01091,LOC-0056,LOC-0041,2024-12-01 07:38:42,2024-12-01 09:07:42,29.2,89,19350.48,2.0,38700.96,Completed,GoPay,Success
4478,TRP-004263,DRV-00448,USR-01553,LOC-0005,LOC-0054,2024-01-10 10:13:42,2024-01-10 11:18:42,6.86,65,21899.1,1.0,21899.1,Completed,Credit Card,Success
4479,TRP-004264,DRV-00012,USR-01107,LOC-0045,LOC-0055,2024-07-13 13:06:42,2024-07-13 15:01:42,7.14,115,10915.2,1.0,10915.2,Completed,Cash,Success
4480,TRP-004265,DRV-00329,USR-00114,LOC-0054,LOC-0036,2024-05-22 05:03:46,2024-05-22 06:04:46,35.33,61,45288.12,2.0,90576.24,Completed,Credit Card,Failed
4481,TRP-004266,DRV-00282,USR-00738,LOC-0007,LOC-0017,2024-12-09 11:12:06,2024-12-09 12:22:06,39.1,70,130745.98,1.0,130745.98,Completed,Cash,Success
4482,TRP-004267,DRV-00483,USR-01504,LOC-0056,LOC-0019,2024-05-15 13:19:22,2024-05-15 14:46:22,33.67,87,89623.49,1.75,156841.11,Completed,Cash,Success
4483,TRP-004268,DRV-00389,USR-00915,LOC-0054,LOC-0027,2024-01-03 05:48:12,2024-01-03 06:40:12,,52,87423.76,1.25,109279.7,Completed,GoPay,Failed
4484,TRP-004269,DRV-00190,USR-01338,LOC-0051,LOC-0035,2024-10-24 18:26:21,2024-10-24 20:17:21,26.56,111,66486.71,1.75,116351.74,Failed,Cash,Success
4485,TRP-004270,DRV-00321,USR-01088,LOC-0031,LOC-0040,2024-07-24 11:38:33,2024-07-24 12:53:33,39.51,75,100543.15,1.0,100543.15,Completed,Credit Card,Success
4486,TRP-004270,DRV-00321,USR-01088,LOC-0031,LOC-0040,2024-07-24 11:38:33,2024-07-24 12:53:33,39.51,75,100543.15,1.0,100543.15,Completed,Credit Card,Success
4487,TRP-004271,DRV-00182,USR-01034,LOC-0007,LOC-0021,2024-09-14 05:33:07,2024-09-14 06:41:07,23.55,68,105269.81,1.0,105269.81,Completed,Cash,Success
4488,TRP-004272,DRV-00032,USR-01583,LOC-0009,LOC-0035,2024-08-17 03:15:11,2024-08-17 03:37:11,30.17,22,45958.64,1.5,68937.96,Completed,GoPay,Success
4489,TRP-004273,DRV-00154,USR-01833,LOC-0052,LOC-0003,2024-10-04 19:35:24,2024-10-04 20:22:24,1.69,47,118118.63,0.8,118118.63,Completed,Cash,Success
4490,TRP-004274,DRV-00395,USR-00414,LOC-0035,LOC-0037,2024-05-23 05:05:16,2024-05-23 06:06:16,31.15,61,106484.85,1.0,106484.85,Completed,Cash,Success
4491,TRP-004275,DRV-00386,USR-01242,LOC-0022,LOC-0035,2024-01-16 05:31:30,2024-01-16 05:42:30,1.47,11,131411.49,1.25,164264.36,Completed,GoPay,Success
4492,TRP-004276,DRV-00060,USR-00169,LOC-0028,LOC-0057,2024-09-14 02:12:37,2024-09-14 02:47:37,25.22,35,96884.8,1.0,96884.8,Completed,Credit Card,Success
4493,TRP-004277,DRV-00027,USR-00615,LOC-0053,LOC-0012,2024-05-15 21:10:33,2024-05-15 22:51:33,,101,101542.26,1.25,126927.82,Completed,Credit Card,Success
4494,TRP-004278,DRV-00420,USR-01314,LOC-0008,LOC-0021,2024-05-05 16:38:08,2024-05-05 17:01:08,21.64,23,40571.96,1.0,40571.96,Cancelled,Credit Card,Success
4495,TRP-004279,DRV-00151,USR-01796,LOC-0036,LOC-0010,2024-01-22 09:15:14,2024-01-22 09:47:14,11.93,32,40536.99,1.0,40536.99,Completed,Credit Card,Success
4496,TRP-004280,DRV-00391,USR-00902,LOC-0054,LOC-0005,2024-06-28 03:12:44,2024-06-28 04:31:44,12.9,79,82957.09,1.75,145174.91,Completed,Credit Card,Success
4497,TRP-004281,DRV-00275,USR-01214,LOC-0026,LOC-0005,2024-01-23 00:54:22,2024-01-23 01:46:22,8.33,52,69654.3,1.0,69654.3,Completed,Cash,Success
4498,TRP-004281,DRV-00275,USR-01214,LOC-0026,LOC-0005,2024-01-23 00:54:22,2024-01-23 01:46:22,8.33,52,69654.3,1.0,69654.3,Completed,Cash,Success
4499,TRP-004282,DRV-00177,USR-00100,LOC-0020,LOC-0051,2024-04-02 06:30:35,2024-04-02 08:13:35,9.69,103,61244.76,1.25,76555.95,Cancelled,Credit Card,Success
4500,TRP-004283,DRV-00128,USR-01962,LOC-0014,LOC-0051,2024-12-03 07:50:45,2024-12-03 08:48:45,20.68,-5,114430.34,1.25,143037.92,Completed,Credit Card,Pending
4501,TRP-004284,DRV-00406,USR-00167,LOC-0043,LOC-0048,2024-04-05 14:23:01,2024-04-05 15:16:01,29.34,53,144968.67,1.0,144968.67,Completed,GoPay,Success
4502,TRP-004285,DRV-00498,USR-01714,LOC-0006,LOC-0046,2024-06-07 02:52:32,2024-06-07 03:06:32,20.81,14,75248.2,1.0,75248.2,Completed,GoPay,Success
4503,TRP-004286,DRV-00364,USR-00285,LOC-0049,LOC-0044,2024-06-05 04:34:06,2024-06-05 05:41:06,23.65,67,129087.82,1.0,129087.82,Cancelled,Credit Card,Success
4504,TRP-004287,DRV-00341,USR-00639,LOC-0049,LOC-0035,2024-11-28 12:46:05,2024-11-28 14:21:05,33.22,95,77968.23,1.0,77968.23,Completed,GoPay,Success
4505,TRP-004288,DRV-00113,USR-01464,LOC-0032,LOC-0051,2024-01-14 03:47:13,2024-01-14 05:27:13,36.12,100,143046.26,1.0,143046.26,Completed,Cash,Pending
4506,TRP-004289,DRV-00463,USR-01800,LOC-0034,LOC-0046,2024-10-10 06:12:13,2024-10-10 07:49:13,16.22,97,134328.3,1.0,134328.3,Completed,Cash,Pending
4507,TRP-004290,DRV-00295,USR-01140,LOC-0036,LOC-0021,2024-02-09 00:24:44,2024-02-09 00:34:44,38.71,10,0.0,1.0,0.0,Completed,Credit Card,Success
4508,TRP-004291,DRV-00036,USR-01250,LOC-0007,LOC-0042,2024-07-03 07:19:29,2024-07-03 08:15:29,23.57,56,30774.03,1.0,30774.03,Cancelled,GoPay,Success
4509,TRP-004292,DRV-00244,USR-00837,LOC-0054,LOC-0027,2024-04-30 17:35:24,2024-04-30 19:13:24,2.47,98,72207.01,1.0,72207.01,Failed,Credit Card,Success
4510,TRP-004293,DRV-00366,USR-01090,LOC-0011,LOC-0034,2024-05-04 06:34:41,2024-05-04 08:07:41,25.03,93,24392.14,1.0,24392.14,Completed,Cash,Success
4511,TRP-004294,DRV-00175,USR-00050,LOC-0039,LOC-0052,2024-04-22 21:37:50,2024-04-22 22:03:50,28.16,26,63954.54,1.25,79943.18,Completed,Cash,Success
4512,TRP-004295,DRV-00122,USR-00067,LOC-0054,LOC-0044,2024-01-11 19:20:22,2024-01-11 20:18:22,5.68,58,73811.13,1.0,73811.13,Completed,Cash,Success
4513,TRP-004296,DRV-00104,USR-00800,LOC-0047,LOC-0046,2024-07-17 03:35:02,2024-07-17 04:47:02,9.69,72,123920.13,1.5,185880.2,Completed,Cash,Success
4514,TRP-004297,DRV-00451,USR-00585,LOC-0012,LOC-0009,2024-07-10 11:36:45,2024-07-10 12:20:45,30.88,-10,136649.83,1.75,239137.2,Completed,Cash,Success
4515,TRP-004298,DRV-00232,USR-00626,LOC-0018,LOC-0035,2024-07-13 06:43:47,2024-07-13 07:00:47,5.36,17,35106.25,1.0,35106.25,CANCELLED,Credit Card,Success
4516,TRP-004299,DRV-00452,USR-01977,LOC-0057,LOC-0051,2024-04-25 19:20:04,2024-04-25 19:47:04,11.58,27,105318.51,1.0,105318.51,Completed,Credit Card,Failed
4517,TRP-004300,DRV-00004,USR-01596,LOC-0004,LOC-0019,2024-09-11 00:52:13,2024-09-11 01:05:13,16.9,13,130165.95,1.5,195248.92,Completed,Credit Card,Success
4518,TRP-004301,DRV-00174,USR-01642,LOC-0025,LOC-0008,2024-04-08 00:38:54,2024-04-08 00:50:54,33.48,12,36443.34,1.0,36443.34,Completed,GoPay,Success
4519,TRP-004302,DRV-00303,USR-01802,LOC-0031,LOC-0055,2024-04-25 04:44:31,2024-04-25 06:02:31,32.03,78,146268.22,1.0,146268.22,Completed,GoPay,Success
4520,TRP-004303,DRV-00491,USR-01991,LOC-0014,LOC-0042,2024-04-10 17:36:59,2024-04-10 17:56:59,8.24,20,,1.0,,Completed,Cash,Success
4521,TRP-004304,DRV-00345,USR-01226,LOC-0025,LOC-0022,2024-06-23 16:04:47,2024-06-23 17:39:47,9.54,95,72669.54,0.5,181673.85,Completed,Cash,Success
4522,TRP-004305,DRV-00195,USR-00747,LOC-0029,LOC-0036,2024-04-16 02:47:14,2024-04-16 03:46:14,16.3,59,114522.62,1.0,114522.62,Completed,GoPay,Success
4523,TRP-004306,DRV-00476,USR-00464,LOC-0037,LOC-0056,2024-06-23 11:03:13,2024-06-23 12:21:13,15.32,78,44730.87,1.0,44730.87,Completed,GoPay,Success
4524,TRP-004307,DRV-00363,USR-00672,LOC-0003,LOC-0009,2024-08-23 15:44:50,2024-08-23 16:24:50,8.63,40,117779.41,1.0,117779.41,Completed,Cash,Success
4525,TRP-004308,DRV-00316,USR-00657,LOC-0028,LOC-0045,2024-07-19 10:01:43,2024-07-19 10:55:43,36.87,54,48145.68,1.0,48145.68,Completed,GoPay,Success
4526,TRP-004309,DRV-00496,USR-00454,LOC-0046,LOC-0027,2024-05-27 19:39:07,2024-05-27 19:58:07,34.69,19,20582.69,1.0,20582.69,Completed,Credit Card,Success
4527,TRP-004310,DRV-00323,USR-01217,LOC-0030,LOC-0054,2024-05-16 11:18:03,2024-05-16 12:53:03,31.2,95,96198.3,1.0,96198.3,Cancelled,GoPay,Success
4528,TRP-004311,DRV-00476,USR-01145,LOC-0038,LOC-0015,2024-10-07 08:13:18,2024-10-07 10:11:18,2.7,118,31869.13,1.0,31869.13,Completed,Credit Card,Success
4529,TRP-004312,DRV-00173,USR-00835,LOC-0016,LOC-0019,2024-07-01 02:36:35,2024-07-01 04:06:35,25.86,90,43373.74,1.0,43373.74,Failed,GoPay,Success
4530,TRP-004313,DRV-00080,USR-00316,LOC-0010,LOC-0030,2024-10-30 01:00:39,2024-10-30 01:44:39,26.98,44,107920.41,1.0,107920.41,Completed,Credit Card,Success
4531,TRP-004314,DRV-00341,USR-01139,LOC-0050,LOC-0015,2024-03-06 14:52:32,2024-03-06 15:47:32,28.56,55,22684.8,1.0,22684.8,Completed,Credit Card,Success
4532,TRP-004315,DRV-00446,USR-00515,LOC-0010,LOC-0018,2024-01-05 03:37:43,2024-01-05 05:31:43,2.32,114,107524.6,1.75,188168.05,Completed,GoPay,Success
4533,TRP-004316,DRV-00205,USR-00975,LOC-0003,LOC-0030,2024-06-14 13:12:39,2024-06-14 13:42:39,29.63,30,112135.86,1.0,112135.86,Cancelled,Credit Card,Success
4534,TRP-004316,DRV-00205,USR-00975,LOC-0003,LOC-0030,2024-06-14 13:12:39,2024-06-14 13:42:39,29.63,30,112135.86,1.0,112135.86,Cancelled,Credit Card,Success
4535,TRP-004317,DRV-00324,USR-00605,LOC-0032,LOC-0055,2024-10-23 08:58:05,2024-10-23 10:04:05,38.0,66,107628.93,1.0,107628.93,Completed,Cash,Success
4536,TRP-004318,DRV-00062,USR-00889,LOC-0018,LOC-0041,2024-01-20 06:03:46,2024-01-20 06:29:46,38.29,26,52741.7,1.75,92297.97,Completed,Credit Card,Failed
4537,TRP-004319,DRV-00205,USR-00441,LOC-0004,LOC-0030,2024-03-04 19:58:51,2024-03-04 21:39:51,22.15,101,28099.18,1.5,42148.77,Completed,Cash,Success
4538,TRP-004320,DRV-00405,USR-00459,LOC-0016,LOC-0037,2024-05-27 07:19:50,2024-05-27 09:05:50,3.33,106,89617.78,1.5,134426.67,Completed,Cash,Pending
4539,TRP-004321,DRV-00412,USR-01332,LOC-0053,LOC-0016,2024-08-28 07:41:46,2024-08-28 08:42:46,35.02,61,37366.54,2.0,74733.08,Cancelled,Credit Card,Success
4540,TRP-004321,DRV-00412,USR-01332,LOC-0053,LOC-0016,2024-08-28 07:41:46,2024-08-28 08:42:46,35.02,61,37366.54,2.0,74733.08,Cancelled,Credit Card,Success
4541,TRP-004322,DRV-00413,USR-00590,LOC-0006,LOC-0022,2024-10-22 18:07:05,2024-10-22 19:46:05,25.21,99,46212.16,1.0,46212.16,Completed,Credit Card,Success
4542,TRP-004323,DRV-00199,USR-01173,LOC-0043,LOC-0019,2024-10-23 15:44:48,2024-10-23 16:59:48,15.14,75,69644.76,1.25,87055.95,Completed,Credit Card,Success
4543,TRP-004324,DRV-00151,USR-00121,LOC-0053,LOC-0013,2024-03-24 14:13:16,2024-03-24 15:47:16,29.14,94,59651.35,1.0,59651.35,Completed,Cash,Success
4544,TRP-004325,DRV-00308,USR-00751,LOC-0030,LOC-0009,2024-09-05 08:57:33,2024-09-05 10:34:33,7.2,97,24032.81,2.5,60082.03,Completed,Cash,Success
4545,TRP-004326,DRV-00410,USR-01913,LOC-0005,LOC-0040,2024-07-12 00:29:00,2024-07-12 01:28:00,18.76,59,132594.12,1.5,198891.18,Completed,Credit Card,Success
4546,TRP-004327,DRV-00441,USR-00037,LOC-0045,LOC-0010,2024-11-23 07:54:35,2024-11-23 08:09:35,16.46,15,57090.31,1.0,57090.31,Cancelled,GoPay,Success
4547,TRP-004328,DRV-00104,USR-01215,LOC-0051,LOC-0025,2024-04-06 09:56:42,2024-04-06 11:17:42,13.7,81,70236.98,1.0,70236.98,Completed,Cash,Success
4548,TRP-004329,DRV-00404,USR-01321,LOC-0007,LOC-0032,2024-01-20 02:20:17,2024-01-20 04:10:17,38.17,110,84455.01,1.0,84455.01,Completed,GoPay,Pending
4549,TRP-004330,DRV-00072,USR-00541,LOC-0030,LOC-0046,2024-09-27 02:04:12,2024-09-27 03:00:12,1.8,56,120487.35,1.0,120487.35,Completed,Credit Card,Success
4550,TRP-004331,DRV-00243,USR-00725,LOC-0017,LOC-0010,2024-09-10 03:23:40,2024-09-10 04:39:40,35.18,76,13718.74,1.0,13718.74,Completed,GoPay,Success
4551,TRP-004332,DRV-00290,USR-00134,LOC-0031,LOC-0013,2024-12-03 21:04:42,2024-12-03 22:48:42,31.97,104,13069.6,1.0,13069.6,Completed,Cash,Success
4552,TRP-004333,DRV-00136,USR-01994,LOC-0014,LOC-0010,2024-01-30 12:07:43,2024-01-30 13:02:43,38.94,55,126800.4,1.0,126800.4,Cancelled,Credit Card,Success
4553,TRP-004334,DRV-00123,USR-01822,LOC-0029,LOC-0003,2024-07-06 23:58:01,2024-07-07 00:34:01,12.0,36,55287.34,1.5,82931.01,Completed,Cash,Success
4554,TRP-004335,DRV-00303,USR-00450,LOC-0029,LOC-0023,2024-06-22 16:58:39,2024-06-22 18:49:39,23.04,111,78864.58,1.0,78864.58,Completed,Cash,Success
4555,TRP-004336,DRV-00277,USR-00596,LOC-0026,LOC-0029,2024-10-09 04:24:43,2024-10-09 06:24:43,33.7,120,98641.36,2.5,246603.4,Cancelled,GoPay,Success
4556,TRP-004337,DRV-00473,USR-01730,LOC-0055,LOC-0006,2024-03-23 06:58:24,2024-03-23 08:36:24,34.85,98,16185.61,1.5,24278.42,Completed,Credit Card,Failed
4557,TRP-004338,DRV-00163,USR-01814,LOC-0051,LOC-0012,2024-10-04 20:34:14,2024-10-04 21:01:14,23.2,27,15238.79,2.5,38096.98,Completed,Credit Card,Success
4558,TRP-004339,DRV-00334,USR-00160,LOC-0009,LOC-0054,2024-04-22 13:30:19,2024-04-22 15:14:19,22.36,104,70620.52,1.75,123585.91,Completed,GoPay,Success
4559,TRP-004340,DRV-00304,USR-00325,LOC-0047,LOC-0001,2024-10-06 03:27:15,2024-10-06 04:15:15,32.67,48,66493.85,1.0,66493.85,Completed,GoPay,Success
4560,TRP-004341,DRV-00246,USR-00079,LOC-0023,LOC-0055,2024-07-08 21:00:21,2024-07-08 22:11:21,36.22,71,144705.42,2.5,361763.55,Completed,GoPay,Success
4561,TRP-004341,DRV-00246,USR-00079,LOC-0023,LOC-0055,2024-07-08 21:00:21,2024-07-08 22:11:21,36.22,71,144705.42,2.5,361763.55,Completed,GoPay,Success
4562,TRP-004342,DRV-00077,USR-01500,LOC-0033,LOC-0055,2024-12-07 11:35:34,2024-12-07 12:53:34,27.82,78,46450.15,1.0,46450.15,Completed,Cash,Success
4563,TRP-004343,DRV-00435,USR-01527,LOC-0031,LOC-0004,2024-07-02 22:47:44,2024-07-03 00:42:44,28.74,115,118971.89,1.0,118971.89,Completed,Cash,Success
4564,TRP-004344,DRV-00230,USR-01149,LOC-0015,LOC-0046,2024-07-18 12:34:33,2024-07-18 13:51:33,17.31,77,113132.38,2.0,226264.76,Completed,Credit Card,Success
4565,TRP-004345,DRV-00291,USR-00942,LOC-0022,LOC-0015,2024-10-06 00:45:47,2024-10-06 01:26:47,24.87,41,102987.21,1.0,102987.21,Completed,GoPay,Success
4566,TRP-004346,DRV-00379,USR-00899,LOC-0045,LOC-0028,2024-10-17 22:59:00,2024-10-18 00:22:00,24.73,83,72124.6,1.0,72124.6,Completed,Credit Card,Success
4567,TRP-004347,DRV-00481,USR-00034,LOC-0056,LOC-0022,2024-05-23 04:31:36,2024-05-23 05:26:36,35.84,55,148893.66,1.0,148893.66,Completed,Cash,Failed
4568,TRP-004348,DRV-00134,USR-00989,LOC-0037,LOC-0055,2024-02-18 15:35:45,2024-02-18 16:53:45,29.26,78,77412.43,1.25,96765.54,Failed,Credit Card,Success
4569,TRP-004349,DRV-00274,USR-00683,LOC-0015,LOC-0054,2024-03-20 23:21:18,2024-03-21 00:48:18,25.74,87,106807.56,2.0,213615.12,Completed,Credit Card,Success
4570,TRP-004350,DRV-00339,USR-01324,LOC-0009,LOC-0022,2024-12-15 07:10:04,2024-12-15 08:10:04,35.93,60,18418.92,1.0,18418.92,Completed,GoPay,Success
4571,TRP-004351,DRV-00384,USR-00099,LOC-0001,LOC-0054,2024-08-28 04:39:51,2024-08-28 05:00:51,3.07,21,20317.3,1.0,20317.3,Completed,Credit Card,Success
4572,TRP-004352,DRV-00487,USR-01597,LOC-0011,LOC-0013,2024-06-06 12:54:00,2024-06-06 14:44:00,25.22,110,49831.23,1.0,49831.23,Completed,Credit Card,Success
4573,TRP-004353,DRV-00242,USR-00025,LOC-0027,LOC-0003,2024-09-02 10:06:03,2024-09-02 11:19:03,20.51,73,61255.15,1.0,61255.15,Completed,GoPay,Success
4574,TRP-004354,DRV-00042,USR-01844,LOC-0022,LOC-0034,2024-07-18 14:01:18,2024-07-18 15:11:18,10.1,70,48651.57,1.25,60814.46,Completed,GoPay,Success
4575,TRP-004355,DRV-00018,USR-01135,LOC-0041,LOC-0045,2024-02-05 12:11:33,2024-02-05 12:44:33,27.63,33,137027.05,1.5,205540.57,Completed,Credit Card,Success
4576,TRP-004356,DRV-00263,USR-00551,LOC-0049,LOC-0004,2024-10-29 13:48:31,2024-10-29 14:10:31,32.74,22,79377.68,1.75,138910.94,Completed,Credit Card,Success
4577,TRP-004357,DRV-00282,USR-01703,LOC-0049,LOC-0038,2024-12-05 08:56:27,2024-12-05 09:11:27,21.75,15,126955.04,2.5,317387.6,Completed,Credit Card,Success
4578,TRP-004358,DRV-00281,USR-00087,LOC-0045,LOC-0018,2024-08-12 10:39:45,2024-08-12 12:17:45,38.4,98,93410.22,1.25,116762.77,Completed,GoPay,Success
4579,TRP-004359,DRV-00153,USR-01534,LOC-0018,LOC-0015,2024-09-01 12:16:24,2024-09-01 13:51:24,38.92,95,147023.11,1.25,183778.89,Completed,GoPay,Success
4580,TRP-004360,DRV-00181,USR-00842,LOC-0042,LOC-0047,2024-04-30 09:15:21,2024-04-30 10:47:21,37.32,92,103633.41,1.0,103633.41,Completed,Cash,Success
4581,TRP-004361,DRV-00480,USR-01926,LOC-0044,LOC-0037,2024-03-13 09:51:08,2024-03-13 11:39:08,12.16,108,29128.81,1.0,29128.81,Completed,Credit Card,Success
4582,TRP-004362,DRV-00047,USR-00385,LOC-0047,LOC-0031,2024-12-01 14:51:43,2024-12-01 16:12:43,2.47,81,79180.78,1.0,79180.78,Completed,Cash,Success
4583,TRP-004363,DRV-00165,USR-01632,LOC-0040,LOC-0015,2024-01-10 18:12:08,2024-01-10 19:03:08,1.32,51,95604.06,1.25,119505.07,Completed,Credit Card,Success
4584,TRP-004364,DRV-00259,USR-00962,LOC-0027,LOC-0017,2024-01-08 14:09:31,2024-01-08 15:56:31,33.59,107,115690.94,1.0,115690.94,Completed,Cash,Success
4585,TRP-004365,DRV-00041,USR-01577,LOC-0042,LOC-0019,2024-01-28 00:26:01,2024-01-28 01:19:01,34.88,53,61172.29,1.5,91758.43,Completed,GoPay,Pending
4586,TRP-004366,DRV-00191,USR-01703,LOC-0042,LOC-0045,2024-07-13 09:17:17,2024-07-13 11:14:17,18.63,117,63573.47,1.0,63573.47,Completed,Credit Card,Success
4587,TRP-004367,DRV-00225,USR-01074,LOC-0028,LOC-0014,2024-01-15 07:25:19,2024-01-15 08:32:19,3.37,67,98047.38,1.0,98047.38,Completed,Credit Card,Success
4588,TRP-004368,DRV-00128,USR-01357,LOC-0046,LOC-0050,2024-02-22 01:41:19,2024-02-22 02:20:19,4.85,39,52810.75,2.0,105621.5,completed,Cash,Failed
4589,TRP-004369,DRV-00049,USR-01481,LOC-0019,LOC-0057,2024-06-11 07:48:30,2024-06-11 08:03:30,5.38,15,96720.7,1.0,96720.7,Completed,Cash,Success
4590,TRP-004370,DRV-00455,USR-01620,LOC-0014,LOC-0054,2024-12-15 22:37:28,2024-12-15 22:56:28,32.49,19,61744.65,1.0,61744.65,failed,Credit Card,Success
4591,TRP-004371,DRV-00415,USR-01941,LOC-0057,LOC-0047,2024-02-27 09:51:27,2024-02-27 10:52:27,33.76,61,24748.3,1.0,24748.3,Completed,Credit Card,Success
4592,TRP-004372,DRV-00280,USR-00609,LOC-0007,LOC-0003,2024-10-29 21:01:45,2024-10-29 22:56:45,7.88,115,14198.73,1.0,14198.73,Completed,Credit Card,Success
4593,TRP-004373,DRV-00328,USR-01446,LOC-0050,LOC-0001,2024-08-29 19:28:29,2024-08-29 20:30:29,36.97,62,71776.09,1.0,71776.09,Completed,Credit Card,Failed
4594,TRP-004374,DRV-00160,USR-01609,LOC-0013,LOC-0016,2024-10-01 21:50:02,2024-10-01 22:01:02,25.84,11,64312.97,1.0,64312.97,Completed,Cash,Success
4595,TRP-004375,DRV-00489,USR-01749,LOC-0013,LOC-0048,2024-09-03 06:23:59,2024-09-03 07:09:59,17.53,46,54294.94,1.5,81442.41,Completed,Credit Card,Success
4596,TRP-004376,DRV-00231,USR-00906,LOC-0016,LOC-0031,2024-11-19 06:37:39,2024-11-19 07:42:39,16.82,65,69993.52,1.0,69993.52,Completed,Cash,Success
4597,TRP-004377,DRV-00468,USR-00812,LOC-0003,LOC-0035,2024-10-30 05:17:24,2024-10-30 06:19:24,2.72,62,52851.88,1.25,66064.85,Completed,Credit Card,Success
4598,TRP-004378,DRV-00202,USR-01113,LOC-0054,LOC-0048,2024-09-29 22:35:12,2024-09-30 00:02:12,12.57,87,63481.78,1.0,63481.78,Completed,GoPay,Success
4599,TRP-004379,DRV-00016,USR-01314,LOC-0014,LOC-0051,2024-09-12 18:56:07,2024-09-12 19:19:07,37.17,23,95685.8,1.0,95685.8,Completed,GoPay,Success
4600,TRP-004380,DRV-00292,USR-01368,LOC-0034,LOC-0037,2024-10-25 00:55:45,2024-10-25 01:07:45,37.37,12,92006.55,1.0,92006.55,Completed,GoPay,Success
4601,TRP-004381,DRV-00139,USR-01810,LOC-0001,LOC-0019,2024-12-08 12:24:42,2024-12-08 13:07:42,11.56,43,51099.44,1.75,89424.02,Cancelled,GoPay,Success
4602,TRP-004382,DRV-00411,USR-00927,LOC-0056,LOC-0037,2024-10-28 23:16:25,2024-10-29 00:56:25,14.77,100,23719.7,1.0,23719.7,Completed,Cash,Success
4603,TRP-004383,DRV-00385,USR-00746,LOC-0031,LOC-0032,2024-07-14 15:30:07,2024-07-14 16:56:07,30.26,86,119413.14,1.0,119413.14,Cancelled,GoPay,Success
4604,TRP-004384,DRV-00417,USR-01667,LOC-0007,LOC-0001,2024-01-24 10:29:04,2024-01-24 12:21:04,23.44,112,94563.01,1.0,94563.01,Completed,Credit Card,Pending
4605,TRP-004385,DRV-00434,USR-00347,LOC-0049,LOC-0003,2024-02-01 08:10:31,2024-02-01 08:31:31,28.34,21,48212.12,1.0,48212.12,Completed,Credit Card,Success
4606,TRP-004386,DRV-00016,USR-00832,LOC-0004,LOC-0001,2024-03-30 18:39:10,2024-03-30 18:49:10,30.23,10,84361.21,1.25,105451.51,Completed,GoPay,Success
4607,TRP-004387,DRV-00472,USR-01520,LOC-0009,LOC-0012,2024-09-07 19:17:57,2024-09-07 19:44:57,17.44,27,148470.4,1.0,148470.4,Completed,Credit Card,Success
4608,TRP-004388,DRV-00152,USR-01227,LOC-0047,LOC-0048,2024-01-15 09:21:21,2024-01-15 10:06:21,13.71,45,0.0,1.5,0.0,Completed,GoPay,Success
4609,TRP-004389,DRV-00261,USR-00362,LOC-0048,LOC-0036,2024-04-30 02:09:19,2024-04-30 02:47:19,32.76,38,56188.31,2.5,140470.77,failed,Credit Card,Success
4610,TRP-004390,DRV-00487,USR-00199,LOC-0005,LOC-0031,2024-10-08 22:30:24,2024-10-08 23:19:24,13.97,49,71141.23,1.25,88926.54,Completed,GoPay,Success
4611,TRP-004391,DRV-00388,USR-01103,LOC-0009,LOC-0023,2024-04-28 20:49:37,2024-04-28 21:07:37,9.72,18,133490.14,2.0,266980.28,Cancelled,GoPay,Success
4612,TRP-004392,DRV-00105,USR-01955,LOC-0039,LOC-0046,2024-03-28 19:24:05,2024-03-28 20:52:05,34.27,88,,1.0,,Completed,Cash,Success
4613,TRP-004393,DRV-00042,USR-00504,LOC-0052,LOC-0033,2024-10-30 17:20:35,2024-10-30 18:23:35,19.72,63,27654.62,1.0,27654.62,Cancelled,Cash,Pending
4614,TRP-004394,DRV-00161,USR-01291,LOC-0006,LOC-0032,2024-09-30 20:05:11,2024-09-30 20:24:11,31.68,19,60698.75,0.5,151746.88,Cancelled,GoPay,Success
4615,TRP-004395,DRV-00488,USR-00498,LOC-0044,LOC-0019,2024-10-07 08:21:09,2024-10-07 08:31:09,37.56,10,67178.06,1.0,67178.06,Completed,GoPay,Success
4616,TRP-004396,DRV-00170,USR-01637,LOC-0010,LOC-0056,2024-09-24 08:47:18,2024-09-24 09:03:18,21.26,16,69221.39,1.5,103832.08,Completed,Credit Card,Success
4617,TRP-004396,DRV-00170,USR-01637,LOC-0010,LOC-0056,2024-09-24 08:47:18,2024-09-24 09:03:18,21.26,16,69221.39,1.5,103832.08,Completed,Credit Card,Success
4618,TRP-004397,DRV-00041,USR-01457,LOC-0054,LOC-0009,2024-04-21 19:54:58,2024-04-21 21:36:58,1.56,102,36537.44,1.0,36537.44,Completed,Credit Card,Success
4619,TRP-004398,DRV-00183,USR-01470,LOC-0023,LOC-0052,2024-11-10 19:23:09,2024-11-10 20:53:09,7.22,90,127800.52,1.5,191700.78,Completed,Credit Card,Success
4620,TRP-004399,DRV-00117,USR-00494,LOC-0056,LOC-0022,2024-07-19 18:18:58,2024-07-19 20:00:58,17.35,102,66290.02,1.75,116007.54,Completed,Credit Card,Success
4621,TRP-004399,DRV-00117,USR-00494,LOC-0056,LOC-0022,2024-07-19 18:18:58,2024-07-19 20:00:58,17.35,102,66290.02,1.75,116007.54,Completed,Credit Card,Success
4622,TRP-004400,DRV-00025,USR-00161,LOC-0026,LOC-0044,2024-03-20 19:11:46,2024-03-20 19:39:46,25.29,28,10161.48,1.0,10161.48,Completed,GoPay,Success
4623,TRP-004400,DRV-00025,USR-00161,LOC-0026,LOC-0044,2024-03-20 19:11:46,2024-03-20 19:39:46,25.29,28,10161.48,1.0,10161.48,Completed,GoPay,Success
4624,TRP-004401,DRV-00100,USR-00390,LOC-0008,LOC-0013,2024-05-22 20:42:17,2024-05-22 21:45:17,28.13,63,64887.99,2.0,129775.98,Cancelled,GoPay,Success
4625,TRP-004402,DRV-00435,USR-01335,LOC-0019,LOC-0045,2024-02-18 21:15:02,2024-02-18 21:38:02,36.71,23,125784.71,1.0,125784.71,Completed,GoPay,Success
4626,TRP-004403,DRV-00432,USR-00376,LOC-0030,LOC-0032,2024-05-25 23:59:22,2024-05-26 00:54:22,29.22,55,60283.26,1.25,75354.07,Completed,Cash,Success
4627,TRP-004404,DRV-00293,USR-00663,LOC-0031,LOC-0025,2024-03-08 05:31:03,2024-03-08 06:19:03,33.09,48,34852.97,1.5,52279.46,Completed,Cash,Success
4628,TRP-004405,DRV-00021,USR-00334,LOC-0028,LOC-0009,2024-04-14 08:08:41,2024-04-14 08:58:41,22.18,50,27962.22,2.5,69905.55,Cancelled,GoPay,Success
4629,TRP-004406,DRV-00497,USR-00880,LOC-0006,LOC-0044,2024-01-08 21:19:18,2024-01-08 22:35:18,16.91,76,,1.0,,Completed,Cash,Success
4630,TRP-004407,DRV-00017,USR-01741,LOC-0024,LOC-0022,2024-05-27 13:54:54,2024-05-27 15:28:54,6.93,94,72775.12,1.0,72775.12,Completed,GoPay,Success
4631,TRP-004408,DRV-00321,USR-00245,LOC-0022,LOC-0025,2024-09-01 15:38:08,2024-09-01 17:21:08,28.17,103,36482.94,2.0,72965.88,Completed,Cash,Success
4632,TRP-004409,DRV-00419,USR-00351,LOC-0032,LOC-0049,2024-06-16 03:21:15,2024-06-16 04:26:15,37.76,65,27165.75,1.25,33957.19,Completed,Cash,Success
4633,TRP-004410,DRV-00002,USR-01822,LOC-0018,LOC-0047,2024-12-27 18:40:01,2024-12-27 19:54:01,36.88,74,18012.61,1.75,31522.07,Failed,Cash,Pending
4634,TRP-004411,DRV-00141,USR-01773,LOC-0041,LOC-0044,2024-05-16 06:06:36,2024-05-16 07:40:36,11.71,94,60126.26,1.0,60126.26,Cancelled,GoPay,Pending
4635,TRP-004412,DRV-00453,USR-01142,LOC-0041,LOC-0004,2024-09-05 14:51:10,2024-09-05 16:49:10,29.21,118,17782.38,1.5,26673.57,Completed,Credit Card,Success
4636,TRP-004413,DRV-00437,USR-01749,LOC-0014,LOC-0002,2024-07-03 09:51:51,2024-07-03 10:02:51,28.39,11,16076.39,1.0,16076.39,Completed,Credit Card,Success
4637,TRP-004414,DRV-00242,USR-01919,LOC-0042,LOC-0051,2024-06-09 06:42:10,2024-06-09 08:29:10,39.89,107,80211.91,1.0,80211.91,Completed,Credit Card,Success
4638,TRP-004415,DRV-00226,USR-00514,LOC-0027,LOC-0049,2024-01-24 02:17:43,2024-01-24 02:37:43,26.94,20,99787.19,1.25,124733.99,Cancelled,Credit Card,Failed
4639,TRP-004416,DRV-00181,USR-00214,LOC-0017,LOC-0027,2024-01-08 19:14:41,2024-01-08 19:30:41,39.97,16,54117.16,1.0,54117.16,Completed,Cash,Success
4640,TRP-004417,DRV-00035,USR-01487,LOC-0037,LOC-0024,2024-10-09 21:46:15,2024-10-09 23:38:15,28.79,112,46054.17,1.0,46054.17,Completed,Cash,Pending
4641,TRP-004418,DRV-00115,USR-01478,LOC-0004,LOC-0022,2024-11-01 09:53:52,2024-11-01 11:09:52,29.71,76,130486.62,1.5,195729.93,Completed,Cash,Success
4642,TRP-004419,DRV-00337,USR-00913,LOC-0023,LOC-0021,2024-08-30 03:08:58,2024-08-30 04:59:58,22.35,111,118937.03,2.0,237874.06,Cancelled,Cash,Success
4643,TRP-004420,DRV-00432,USR-01839,LOC-0035,LOC-0029,2024-09-06 01:53:04,2024-09-06 03:49:04,8.52,116,64505.48,1.5,96758.22,Completed,Cash,Success
4644,TRP-004421,DRV-00405,USR-01205,LOC-0008,LOC-0006,2024-06-11 20:46:47,2024-06-11 21:44:47,5.09,58,43712.25,1.0,43712.25,Completed,Cash,Success
4645,TRP-004422,DRV-00226,USR-00095,LOC-0031,LOC-0007,2024-09-04 03:41:08,2024-09-04 05:26:08,2.75,105,99404.59,1.5,149106.89,Completed,GoPay,Success
4646,TRP-004422,DRV-00226,USR-00095,LOC-0031,LOC-0007,2024-09-04 03:41:08,2024-09-04 05:26:08,2.75,105,99404.59,1.5,149106.89,Completed,GoPay,Success
4647,TRP-004423,DRV-00435,USR-01045,LOC-0027,LOC-0012,2024-08-01 01:50:04,2024-08-01 03:14:04,22.84,84,129124.78,1.25,161405.98,Completed,Credit Card,Success
4648,TRP-004424,DRV-00439,USR-01362,LOC-0041,LOC-0039,2024-03-21 18:49:09,2024-03-21 19:08:09,27.5,19,33858.09,1.75,59251.66,Completed,GoPay,Failed
4649,TRP-004425,DRV-00214,USR-00460,LOC-0014,LOC-0056,2024-09-28 14:19:10,2024-09-28 15:02:10,14.11,43,114728.94,1.0,114728.94,Completed,GoPay,Success
4650,TRP-004425,DRV-00214,USR-00460,LOC-0014,LOC-0056,2024-09-28 14:19:10,2024-09-28 15:02:10,14.11,43,114728.94,1.0,114728.94,Completed,GoPay,Success
4651,TRP-004426,DRV-00480,USR-01794,LOC-0015,LOC-0004,2024-10-17 09:57:36,2024-10-17 11:34:36,14.92,97,119365.39,1.0,119365.39,Cancelled ,Credit Card,Success
4652,TRP-004427,DRV-00140,USR-01967,LOC-0048,LOC-0051,2024-01-14 22:44:51,2024-01-14 23:36:51,30.75,52,119086.23,2.0,238172.46,COMPLETED,Credit Card,Success
4653,TRP-004428,DRV-00106,USR-00187,LOC-0052,LOC-0043,2024-04-06 23:01:14,2024-04-06 23:45:14,5.21,44,23753.65,1.0,23753.65,Failed,Credit Card,Success
4654,TRP-004429,DRV-00394,USR-01703,LOC-0052,LOC-0001,2024-07-23 01:09:26,2024-07-23 01:31:26,2.98,22,32406.18,1.0,32406.18,COMPLETED,Credit Card,Success
4655,TRP-004429,DRV-00394,USR-01703,LOC-0052,LOC-0001,2024-07-23 01:09:26,2024-07-23 01:31:26,2.98,22,32406.18,1.0,32406.18,COMPLETED,Credit Card,Success
4656,TRP-004430,DRV-00314,USR-00018,LOC-0025,LOC-0056,2024-04-23 22:44:05,2024-04-23 23:51:05,9.08,67,94582.79,1.0,94582.79,Completed,GoPay,Success
4657,TRP-004431,DRV-00022,USR-01572,LOC-0030,LOC-0011,2024-10-06 14:31:46,2024-10-06 15:11:46,35.76,40,149136.51,1.5,223704.77,Completed,Credit Card,Success
4658,TRP-004432,DRV-00262,USR-01311,LOC-0050,LOC-0018,2024-03-15 09:42:27,2024-03-15 10:27:27,25.72,45,145435.98,1.0,145435.98,Completed,GoPay,Success
4659,TRP-004433,DRV-00040,USR-00123,LOC-0038,LOC-0051,2024-07-19 01:26:43,2024-07-19 03:13:43,39.98,107,136673.62,1.5,205010.43,Completed,Cash,Success
4660,TRP-004434,DRV-00157,USR-00088,LOC-0025,LOC-0057,2024-03-26 03:52:43,2024-03-26 04:18:43,14.56,26,104573.31,1.25,130716.64,Completed,GoPay,Success
4661,TRP-004435,DRV-00361,USR-01177,LOC-0022,LOC-0054,2024-07-21 03:47:29,2024-07-21 04:06:29,28.22,19,54563.51,1.25,68204.39,Completed,GoPay,Pending
4662,TRP-004436,DRV-00008,USR-01803,LOC-0008,LOC-0056,2024-06-03 20:46:33,2024-06-03 22:34:33,32.04,108,61048.14,1.0,61048.14,Completed,Credit Card,Success
4663,TRP-004437,DRV-00209,USR-01328,LOC-0047,LOC-0006,2024-08-08 14:23:52,2024-08-08 15:33:52,9.48,70,25612.21,3.5,32015.26,Completed,GoPay,Success
4664,TRP-004438,DRV-00382,USR-01874,LOC-0036,LOC-0022,2024-07-14 21:02:21,2024-07-14 22:04:21,11.12,62,106122.03,1.0,106122.03,Completed,GoPay,Success
4665,TRP-004439,DRV-00339,USR-00121,LOC-0008,LOC-0029,2024-06-03 19:19:58,2024-06-03 20:00:58,9.43,41,23470.73,1.25,29338.41,Completed,Cash,Success
4666,TRP-004440,DRV-00104,USR-00762,LOC-0035,LOC-0032,2024-04-29 16:27:21,2024-04-29 18:00:21,11.48,93,57604.48,1.0,57604.48,Completed,GoPay,Success
4667,TRP-004441,DRV-00400,USR-01150,LOC-0055,LOC-0041,2024-09-20 22:26:57,2024-09-20 23:54:57,33.77,88,115702.05,1.25,144627.56,Completed,Credit Card,Success
4668,TRP-004442,DRV-00128,USR-01000,LOC-0004,LOC-0038,2024-09-03 22:57:07,2024-09-03 23:41:07,19.17,44,134673.5,1.0,134673.5,Completed,GoPay,Failed
4669,TRP-004443,DRV-00411,USR-00456,LOC-0023,LOC-0021,2024-09-06 07:37:37,2024-09-06 08:00:37,38.71,23,63426.39,1.5,95139.58,Completed,GoPay,Pending
4670,TRP-004444,DRV-00322,USR-00881,LOC-0029,LOC-0043,2024-03-04 05:40:06,2024-03-04 06:29:06,25.73,49,50554.02,1.0,50554.02,Cancelled,GoPay,Success
4671,TRP-004445,DRV-00256,USR-01628,LOC-0020,LOC-0044,2024-11-25 15:33:52,2024-11-25 16:01:52,20.78,28,126404.1,1.0,126404.1,Failed,GoPay,Success
4672,TRP-004446,DRV-00415,USR-01246,LOC-0028,LOC-0043,2024-08-30 02:05:01,2024-08-30 03:18:01,37.22,0,73942.22,1.5,110913.33,Completed,Cash,Success
4673,TRP-004447,DRV-00011,USR-00045,LOC-0010,LOC-0021,2024-03-17 03:24:03,2024-03-17 03:42:03,38.68,18,87873.41,1.0,87873.41,Completed,Credit Card,Success
4674,TRP-004448,DRV-00446,USR-01771,LOC-0040,LOC-0049,2024-04-21 04:43:58,2024-04-21 05:50:58,1.48,67,88710.36,1.25,110887.95,Completed,GoPay,Success
4675,TRP-004449,DRV-00344,USR-01772,LOC-0051,LOC-0044,2024-10-22 20:22:51,2024-10-22 21:27:51,20.99,65,144423.9,1.0,144423.9,Completed,Credit Card,Pending
4676,TRP-004450,DRV-00400,USR-01840,LOC-0015,LOC-0057,2024-03-20 00:33:33,2024-03-20 02:03:33,29.16,90,75149.73,1.0,75149.73,Completed,GoPay,Success
4677,TRP-004451,DRV-00417,USR-01264,LOC-0033,LOC-0029,2024-02-28 11:57:24,2024-02-28 12:50:24,17.05,53,129893.5,1.75,227313.62,Cancelled,Credit Card,Success
4678,TRP-004451,DRV-00417,USR-01264,LOC-0033,LOC-0029,2024-02-28 11:57:24,2024-02-28 12:50:24,17.05,53,129893.5,1.75,227313.62,Cancelled,Credit Card,Success
4679,TRP-004452,DRV-00162,USR-00431,LOC-0032,LOC-0012,2024-07-14 15:22:47,2024-07-14 16:19:47,21.53,57,89558.11,1.25,111947.64,Cancelled,Cash,Success
4680,TRP-004453,DRV-00474,USR-00098,LOC-0025,LOC-0005,2024-04-04 01:23:26,2024-04-04 02:55:26,21.61,-10,118849.52,2.0,237699.04,Completed,GoPay,Success
4681,TRP-004454,DRV-00363,USR-00108,LOC-0019,LOC-0004,2024-04-22 23:10:27,2024-04-23 00:23:27,24.67,73,113411.3,1.0,113411.3,Completed,GoPay,Success
4682,TRP-004455,DRV-00253,USR-00654,LOC-0048,LOC-0029,2024-12-19 17:33:05,2024-12-19 18:15:05,36.02,42,61795.06,1.0,61795.06,Completed,Credit Card,Success
4683,TRP-004456,DRV-00498,USR-00676,LOC-0014,LOC-0002,2024-03-28 09:34:46,2024-03-28 11:02:46,25.72,88,24246.99,1.0,24246.99,Cancelled,Cash,Success
4684,TRP-004457,DRV-00188,USR-00549,LOC-0014,LOC-0013,2024-06-13 15:04:33,2024-06-13 16:04:33,14.82,60,128629.16,2.5,321572.9,Completed,Credit Card,Success
4685,TRP-004458,DRV-00088,USR-00641,LOC-0044,LOC-0028,2024-08-02 07:26:56,2024-08-02 08:19:56,18.43,53,84921.75,1.0,84921.75,Completed,Credit Card,Success
4686,TRP-004459,DRV-00357,USR-00670,LOC-0053,LOC-0010,2024-07-14 16:41:05,2024-07-14 18:18:05,35.12,97,45899.8,1.5,68849.7,Completed,Cash,Success
4687,TRP-004460,DRV-00277,USR-00776,LOC-0041,LOC-0029,2024-04-05 05:56:25,2024-04-05 07:12:25,35.15,76,118667.76,1.25,148334.7,Completed,Cash,Success
4688,TRP-004461,DRV-00108,USR-00431,LOC-0053,LOC-0007,2024-11-21 15:40:48,2024-11-21 16:07:48,24.89,27,0.0,1.0,0.0,Cancelled,Credit Card,Success
4689,TRP-004462,DRV-00182,USR-00296,LOC-0053,LOC-0014,2024-12-26 21:44:17,2024-12-26 22:31:17,32.51,47,19491.73,1.0,19491.73,Completed,Cash,Success
4690,TRP-004463,DRV-00426,USR-00810,LOC-0012,LOC-0019,2024-10-16 05:34:05,2024-10-16 06:12:05,28.38,38,26610.91,1.75,46569.09,Completed,GoPay,Success
4691,TRP-004464,DRV-00385,USR-00571,LOC-0007,LOC-0011,2024-11-01 22:52:24,2024-11-02 00:06:24,2.04,74,145056.59,1.0,145056.59,Completed,GoPay,Success
4692,TRP-004465,DRV-00009,USR-01906,LOC-0018,LOC-0007,2024-02-04 06:43:54,2024-02-04 07:31:54,13.42,-5,148240.07,1.5,222360.11,CANCELLED,Cash,Success
4693,TRP-004466,DRV-00095,USR-00526,LOC-0028,LOC-0055,2024-09-11 06:25:28,2024-09-11 07:20:28,8.72,55,10473.07,1.5,15709.6,Completed,GoPay,Success
4694,TRP-004467,DRV-00051,USR-00530,LOC-0036,LOC-0037,2024-08-13 11:54:40,2024-08-13 13:00:40,25.58,66,61111.83,1.75,106945.7,Completed,Credit Card,Success
4695,TRP-004468,DRV-00462,USR-01213,LOC-0046,LOC-0040,2024-08-24 23:27:34,2024-08-24 23:38:34,36.29,11,113268.96,2.0,226537.92,Completed,Credit Card,Success
4696,TRP-004469,DRV-00392,USR-01040,LOC-0029,LOC-0025,2024-11-12 17:09:20,2024-11-12 18:44:20,19.75,95,56043.6,2.5,140109.0,Completed,Credit Card,Success
4697,TRP-004470,DRV-00196,USR-01966,LOC-0036,LOC-0021,2024-02-01 09:34:57,2024-02-01 11:00:57,35.53,86,109602.37,1.0,109602.37,Completed,Cash,Success
4698,TRP-004471,DRV-00270,USR-00839,LOC-0002,LOC-0029,2024-07-02 15:30:04,2024-07-02 16:47:04,11.6,77,92292.51,1.0,92292.51,Completed,GoPay,Success
4699,TRP-004472,DRV-00012,USR-01322,LOC-0025,LOC-0040,2024-08-05 03:13:14,2024-08-05 05:03:14,6.86,110,93975.29,1.25,117469.11,Completed,Cash,Success
4700,TRP-004473,DRV-00055,USR-01747,LOC-0023,LOC-0039,2024-09-20 22:03:18,2024-09-20 22:56:18,4.83,-10,129006.61,1.0,129006.61,Completed,GoPay,Success
4701,TRP-004474,DRV-00115,USR-00627,LOC-0056,LOC-0033,2024-06-13 14:04:56,2024-06-13 14:38:56,11.34,34,22079.66,1.5,33119.49,Cancelled,GoPay,Success
4702,TRP-004475,DRV-00382,USR-01267,LOC-0001,LOC-0052,2024-06-29 16:50:35,2024-06-29 17:08:35,10.53,18,88493.78,1.0,88493.78,Completed,Cash,Success
4703,TRP-004476,DRV-00407,USR-01595,LOC-0057,LOC-0036,2024-07-16 23:38:11,2024-07-17 01:07:11,31.13,89,111944.82,1.25,139931.03,Completed,Cash,Success
4704,TRP-004477,DRV-00430,USR-00291,LOC-0014,LOC-0049,2024-09-04 08:36:18,2024-09-04 09:51:18,27.46,-5,,1.0,,Completed,Credit Card,Success
4705,TRP-004478,DRV-00019,USR-00448,LOC-0014,LOC-0011,2024-10-13 01:11:25,2024-10-13 02:54:25,27.61,103,144176.45,1.0,144176.45,Completed,Credit Card,Success
4706,TRP-004479,DRV-00209,USR-01767,LOC-0031,LOC-0044,2024-02-16 16:32:29,2024-02-16 17:12:29,23.49,40,135336.9,1.25,169171.12,Cancelled,GoPay,Success
4707,TRP-004480,DRV-00150,USR-00306,LOC-0006,LOC-0055,2024-02-20 21:17:25,2024-02-20 22:12:25,21.1,55,75372.57,1.0,75372.57,Cancelled,GoPay,Success
4708,TRP-004481,DRV-00060,USR-01132,LOC-0057,LOC-0024,2024-04-24 20:07:50,2024-04-24 21:25:50,2.92,-10,61212.0,1.0,61212.0,Cancelled,Credit Card,Pending
4709,TRP-004482,DRV-00131,USR-00256,LOC-0002,LOC-0031,2024-12-13 06:26:51,2024-12-13 08:26:51,9.72,120,120112.72,1.0,120112.72,Cancelled,GoPay,Success
4710,TRP-004483,DRV-00445,USR-01342,LOC-0052,LOC-0017,2024-11-21 20:25:57,2024-11-21 21:12:57,29.97,47,81780.37,1.0,81780.37,Completed,Cash,Success
4711,TRP-004484,DRV-00056,USR-01031,LOC-0056,LOC-0035,2024-10-22 08:23:02,2024-10-22 08:34:02,33.37,11,83310.17,2.0,166620.34,Completed,Credit Card,Success
4712,TRP-004485,DRV-00152,USR-01169,LOC-0019,LOC-0020,2024-02-06 12:40:30,2024-02-06 12:59:30,5.61,19,115212.7,1.0,115212.7,Completed,Cash,Success
4713,TRP-004486,DRV-00368,USR-00622,LOC-0037,LOC-0025,2024-05-05 04:35:17,2024-05-05 05:18:17,15.56,43,17521.11,1.75,30661.94,Completed,Credit Card,Success
4714,TRP-004487,DRV-00401,USR-01398,LOC-0043,LOC-0036,2024-01-26 13:58:49,2024-01-26 14:47:49,,49,79473.98,1.0,79473.98,Completed,Credit Card,Success
4715,TRP-004487,DRV-00401,USR-01398,LOC-0043,LOC-0036,2024-01-26 13:58:49,2024-01-26 14:47:49,,49,79473.98,1.0,79473.98,Completed,Credit Card,Success
4716,TRP-004488,DRV-00348,USR-00235,LOC-0015,LOC-0054,2024-04-04 11:10:40,2024-04-04 13:08:40,6.2,118,82955.06,1.25,103693.82,Completed,Credit Card,Success
4717,TRP-004489,DRV-00438,USR-00870,LOC-0045,LOC-0032,2024-01-28 11:14:03,2024-01-28 12:43:03,35.28,89,94684.22,1.25,118355.27,Cancelled,Cash,Success
4718,TRP-004489,DRV-00438,USR-00870,LOC-0045,LOC-0032,2024-01-28 11:14:03,2024-01-28 12:43:03,35.28,89,94684.22,1.25,118355.27,Cancelled,Cash,Success
4719,TRP-004490,DRV-00279,USR-01014,LOC-0021,LOC-0014,2024-09-20 01:56:19,2024-09-20 02:52:19,33.78,56,62989.89,1.0,62989.89,Completed,Cash,Success
4720,TRP-004491,DRV-00378,USR-01162,LOC-0022,LOC-0032,2024-04-21 16:20:02,2024-04-21 16:34:02,30.54,14,72700.66,1.0,72700.66,Completed,GoPay,Success
4721,TRP-004491,DRV-00378,USR-01162,LOC-0022,LOC-0032,2024-04-21 16:20:02,2024-04-21 16:34:02,30.54,14,72700.66,1.0,72700.66,Completed,GoPay,Success
4722,TRP-004492,DRV-00066,USR-01821,LOC-0051,LOC-0054,2024-04-09 04:13:52,2024-04-09 06:06:52,16.37,113,50528.75,1.0,50528.75,Cancelled,Credit Card,Success
4723,TRP-004493,DRV-00299,USR-00808,LOC-0052,LOC-0032,2024-10-16 07:55:27,2024-10-16 09:47:27,6.21,112,82662.15,1.0,82662.15,Completed,Credit Card,Pending
4724,TRP-004494,DRV-00199,USR-00344,LOC-0014,LOC-0039,2024-02-22 22:13:06,2024-02-22 23:16:06,14.8,63,130401.08,1.5,195601.62,Completed,Cash,Pending
4725,TRP-004495,DRV-00306,USR-00682,LOC-0053,LOC-0056,2024-12-03 07:31:17,2024-12-03 07:46:17,39.15,15,104213.47,1.25,130266.84,Cancelled,Credit Card,Success
4726,TRP-004496,DRV-00358,USR-01708,LOC-0032,LOC-0041,2024-09-18 17:14:10,2024-09-18 18:06:10,37.26,52,82848.18,1.0,82848.18,Completed,Cash,Pending
4727,TRP-004497,DRV-00133,USR-01851,LOC-0017,LOC-0011,2024-09-09 07:25:59,2024-09-09 08:56:59,11.05,91,87884.7,1.25,109855.88,Completed,GoPay,Success
4728,TRP-004498,DRV-00493,USR-00388,LOC-0057,LOC-0052,2024-11-02 08:59:49,2024-11-02 09:09:49,,10,114771.05,1.25,143463.81,Completed,Credit Card,Success
4729,TRP-004499,DRV-00447,USR-00321,LOC-0023,LOC-0053,2024-01-12 11:00:01,2024-01-12 12:59:01,14.71,119,140300.02,1.25,175375.02,Completed,Credit Card,Success
4730,TRP-004500,DRV-00220,USR-00480,LOC-0029,LOC-0055,2024-06-02 16:31:13,2024-06-02 16:45:13,36.82,14,75610.84,1.5,113416.26,Completed,Credit Card,Success
4731,TRP-004501,DRV-00270,USR-00756,LOC-0009,LOC-0042,2024-03-30 17:13:01,2024-03-30 18:34:01,11.73,81,62685.07,1.0,62685.07,Cancelled,Credit Card,Success
4732,TRP-004502,DRV-00118,USR-00040,LOC-0045,LOC-0049,2024-01-27 17:25:01,2024-01-27 19:16:01,1.17,111,55722.22,1.25,69652.77,Completed,Credit Card,Success
4733,TRP-004503,DRV-00459,USR-01645,LOC-0042,LOC-0028,2024-06-27 14:30:26,2024-06-27 15:42:26,31.61,72,72733.85,1.5,109100.78,Completed,GoPay,Success
4734,TRP-004504,DRV-00370,USR-01516,LOC-0016,LOC-0023,2024-10-11 02:14:42,2024-10-11 03:08:42,23.25,54,43955.81,1.5,65933.71,Completed,Cash,Success
4735,TRP-004505,DRV-00308,USR-01207,LOC-0008,LOC-0011,2024-01-15 11:59:29,2024-01-15 13:55:29,16.59,116,20676.74,1.0,20676.74,Cancelled,Credit Card,Success
4736,TRP-004506,DRV-00371,USR-00307,LOC-0013,LOC-0057,2024-11-30 04:44:29,2024-11-30 05:38:29,15.73,54,136558.25,2.5,341395.62,Completed,Cash,Failed
4737,TRP-004507,DRV-00183,USR-01053,LOC-0023,LOC-0035,2024-10-18 22:50:07,2024-10-19 00:07:07,30.74,77,48449.24,1.0,48449.24,Completed,Credit Card,Success
4738,TRP-004507,DRV-00183,USR-01053,LOC-0023,LOC-0035,2024-10-18 22:50:07,2024-10-19 00:07:07,30.74,77,48449.24,1.0,48449.24,Completed,Credit Card,Success
4739,TRP-004508,DRV-00396,USR-01030,LOC-0008,LOC-0013,2024-05-07 13:02:51,2024-05-07 14:26:51,14.79,84,33886.03,1.0,33886.03,Completed,Cash,Success
4740,TRP-004509,DRV-00474,USR-00068,LOC-0033,LOC-0003,2024-04-09 13:30:07,2024-04-09 15:28:07,23.75,118,114361.11,1.25,142951.39,Completed,GoPay,Success
4741,TRP-004510,DRV-00215,USR-01474,LOC-0047,LOC-0037,2024-02-22 07:00:06,2024-02-22 07:37:06,36.4,37,32611.31,1.0,32611.31,Cancelled,Cash,Success
4742,TRP-004511,DRV-00282,USR-01981,LOC-0013,LOC-0002,2024-11-04 08:46:20,2024-11-04 09:38:20,10.01,52,125558.71,1.0,125558.71,Completed,GoPay,Success
4743,TRP-004512,DRV-00393,USR-01940,LOC-0028,LOC-0052,2024-04-18 09:10:34,2024-04-18 10:44:34,17.85,94,53763.79,1.5,80645.68,Completed,GoPay,Success
4744,TRP-004513,DRV-00061,USR-01956,LOC-0007,LOC-0038,2024-02-23 16:50:49,2024-02-23 18:22:49,25.89,92,115395.32,1.0,115395.32,Completed,Credit Card,Success
4745,TRP-004514,DRV-00081,USR-00974,LOC-0043,LOC-0007,2024-12-25 02:43:28,2024-12-25 04:06:28,,83,114638.23,1.75,200616.9,Completed,GoPay,Success
4746,TRP-004515,DRV-00011,USR-01792,LOC-0021,LOC-0057,2024-04-06 05:11:27,2024-04-06 06:45:27,8.55,94,74022.47,1.25,92528.09,Completed,GoPay,Success
4747,TRP-004516,DRV-00042,USR-00829,LOC-0028,LOC-0017,2024-09-23 16:19:06,2024-09-23 17:01:06,29.58,42,127664.88,1.5,191497.32,Completed,Credit Card,Success
4748,TRP-004517,DRV-00088,USR-01648,LOC-0022,LOC-0033,2024-05-22 19:16:47,2024-05-22 20:53:47,20.98,97,63202.93,1.0,63202.93,failed,GoPay,Success
4749,TRP-004518,DRV-00005,USR-00036,LOC-0031,LOC-0053,2024-09-21 02:15:28,2024-09-21 02:46:28,4.78,31,129417.49,1.5,194126.24,CANCELLED,GoPay,Success
4750,TRP-004519,DRV-00430,USR-00587,LOC-0009,LOC-0041,2024-12-14 01:13:04,2024-12-14 01:57:04,26.98,44,42627.56,1.0,42627.56,Completed,Cash,Success
4751,TRP-004520,DRV-00241,USR-01494,LOC-0050,LOC-0032,2024-09-15 10:24:53,2024-09-15 12:17:53,,113,70882.07,1.25,88602.59,Failed,Credit Card,Success
4752,TRP-004521,DRV-00232,USR-01854,LOC-0028,LOC-0009,2024-08-21 18:54:09,2024-08-21 19:31:09,4.25,37,138966.61,1.25,173708.26,Completed,Cash,Pending
4753,TRP-004522,DRV-00151,USR-00220,LOC-0028,LOC-0012,2024-01-15 07:51:12,2024-01-15 08:32:12,5.38,41,129755.24,1.0,129755.24,Cancelled,GoPay,Success
4754,TRP-004522,DRV-00151,USR-00220,LOC-0028,LOC-0012,2024-01-15 07:51:12,2024-01-15 08:32:12,5.38,41,129755.24,1.0,129755.24,Cancelled,GoPay,Success
4755,TRP-004523,DRV-00350,USR-00056,LOC-0016,LOC-0023,2024-02-05 22:43:12,2024-02-06 00:30:12,21.15,107,,2.5,,Completed,GoPay,Success
4756,TRP-004524,DRV-00125,USR-00298,LOC-0053,LOC-0036,2024-09-02 23:34:25,2024-09-03 01:04:25,27.01,90,11538.27,1.0,11538.27,Completed,GoPay,Success
4757,TRP-004525,DRV-00075,USR-00596,LOC-0011,LOC-0044,2024-10-28 20:16:56,2024-10-28 20:42:56,26.18,26,34494.46,1.0,34494.46,Completed,GoPay,Success
4758,TRP-004526,DRV-00151,USR-01258,LOC-0042,LOC-0002,2024-09-05 07:16:37,2024-09-05 08:07:37,34.58,51,110750.45,1.75,193813.29,Completed,GoPay,Success
4759,TRP-004527,DRV-00173,USR-01338,LOC-0024,LOC-0040,2024-11-07 01:24:11,2024-11-07 01:50:11,22.33,26,25187.48,1.0,25187.48,Completed,Credit Card,Success
4760,TRP-004528,DRV-00122,USR-00402,LOC-0026,LOC-0025,2024-05-11 20:17:03,2024-05-11 20:45:03,27.12,28,43528.18,1.75,76174.32,Completed,GoPay,Success
4761,TRP-004529,DRV-00081,USR-00757,LOC-0041,LOC-0022,2024-06-13 12:18:10,2024-06-13 14:05:10,28.21,107,144453.23,2.5,361133.08,Completed,GoPay,Success
4762,TRP-004530,DRV-00391,USR-01867,LOC-0010,LOC-0045,2024-06-05 13:07:45,2024-06-05 13:34:45,9.44,27,121741.55,1.25,152176.94,Completed,Credit Card,Pending
4763,TRP-004531,DRV-00393,USR-01229,LOC-0050,LOC-0005,2024-02-25 08:24:54,2024-02-25 10:17:54,11.27,113,10805.49,1.5,16208.24,Completed,GoPay,Success
4764,TRP-004532,DRV-00362,USR-01615,LOC-0010,LOC-0006,2024-04-12 13:14:22,2024-04-12 13:35:22,34.51,21,24464.59,1.5,36696.89,Completed,Cash,Success
4765,TRP-004532,DRV-00362,USR-01615,LOC-0010,LOC-0006,2024-04-12 13:14:22,2024-04-12 13:35:22,34.51,21,24464.59,1.5,36696.89,Completed,Cash,Success
4766,TRP-004533,DRV-00438,USR-01410,LOC-0036,LOC-0037,2024-10-06 19:53:37,2024-10-06 20:57:37,8.6,64,103499.87,1.0,103499.87,Completed,GoPay,Success
4767,TRP-004534,DRV-00337,USR-00234,LOC-0001,LOC-0009,2024-04-04 12:48:03,2024-04-04 14:47:03,36.64,119,22172.84,2.5,55432.1,Cancelled,Credit Card,Success
4768,TRP-004535,DRV-00049,USR-00398,LOC-0040,LOC-0027,2024-01-29 00:09:33,2024-01-29 00:29:33,3.09,20,144865.63,1.5,217298.45,Completed,Cash,Success
4769,TRP-004536,DRV-00142,USR-01499,LOC-0050,LOC-0046,2024-09-27 10:23:49,2024-09-27 11:41:49,26.1,78,54352.97,1.75,95117.7,Completed,GoPay,Success
4770,TRP-004537,DRV-00067,USR-01947,LOC-0051,LOC-0002,2024-10-18 10:36:43,2024-10-18 11:43:43,20.01,67,35096.69,1.5,52645.04,Completed,Cash,Success
4771,TRP-004538,DRV-00390,USR-00827,LOC-0015,LOC-0052,2024-07-29 21:11:35,2024-07-29 22:30:35,9.95,79,86486.78,2.0,172973.56,Completed,GoPay,Success
4772,TRP-004539,DRV-00356,USR-00331,LOC-0024,LOC-0052,2024-02-29 21:20:21,2024-02-29 22:41:21,11.46,81,25742.19,1.5,38613.28,Completed,Cash,Success
4773,TRP-004540,DRV-00231,USR-00353,LOC-0041,LOC-0055,2024-03-18 05:21:35,2024-03-18 06:44:35,1.73,83,115504.31,1.0,115504.31,Completed,Credit Card,Pending
4774,TRP-004541,DRV-00123,USR-01365,LOC-0049,LOC-0006,2024-09-09 10:30:06,2024-09-09 10:51:06,9.1,21,73393.68,1.0,73393.68,Completed,GoPay,Pending
4775,TRP-004542,DRV-00442,USR-01235,LOC-0040,LOC-0044,2024-08-03 19:45:19,2024-08-03 21:17:19,11.41,92,33184.01,2.0,66368.02,Completed,Credit Card,Success
4776,TRP-004543,DRV-00083,USR-01439,LOC-0031,LOC-0048,2024-03-26 05:36:49,2024-03-26 05:46:49,14.53,10,25438.45,1.75,44517.29,Completed,GoPay,Success
4777,TRP-004544,DRV-00222,USR-00916,LOC-0052,LOC-0028,2024-09-15 12:22:27,2024-09-15 13:38:27,19.72,76,124256.93,1.0,124256.93,Completed,GoPay,Success
4778,TRP-004545,DRV-00408,USR-01705,LOC-0055,LOC-0028,2024-03-18 10:19:12,2024-03-18 11:13:12,22.68,54,103085.56,1.5,154628.34,Completed,GoPay,Success
4779,TRP-004546,DRV-00273,USR-00287,LOC-0053,LOC-0039,2024-09-05 11:57:06,2024-09-05 12:28:06,17.47,31,141966.71,2.5,354916.77,Completed,Credit Card,Success
4780,TRP-004547,DRV-00210,USR-01323,LOC-0040,LOC-0008,2024-10-24 09:38:06,2024-10-24 10:47:06,35.95,69,131415.93,1.0,131415.93,Completed,GoPay,Success
4781,TRP-004548,DRV-00478,USR-01574,LOC-0033,LOC-0057,2024-08-13 21:01:33,2024-08-13 22:45:33,26.59,104,17927.66,1.75,31373.4,Failed,Cash,Success
4782,TRP-004549,DRV-00147,USR-01906,LOC-0027,LOC-0039,2024-09-14 09:18:08,2024-09-14 11:07:08,14.37,109,99230.34,1.75,173653.1,Completed,Credit Card,Success
4783,TRP-004550,DRV-00283,USR-00916,LOC-0052,LOC-0010,2024-07-14 14:10:35,2024-07-14 15:50:35,30.27,100,46382.13,1.75,81168.73,Completed,Credit Card,Success
4784,TRP-004551,DRV-00257,USR-00865,LOC-0001,LOC-0033,2024-11-10 11:35:10,2024-11-10 12:48:10,26.16,73,125253.63,1.0,125253.63,Failed,GoPay,Success
4785,TRP-004552,DRV-00359,USR-00026,LOC-0033,LOC-0045,2024-05-19 20:02:36,2024-05-19 21:18:36,2.06,76,103556.5,1.0,103556.5,Completed,Cash,Success
4786,TRP-004553,DRV-00193,USR-01280,LOC-0012,LOC-0022,2024-08-27 07:49:40,2024-08-27 08:55:40,17.24,66,27946.14,1.0,27946.14,CANCELLED,Cash,Success
4787,TRP-004554,DRV-00124,USR-00966,LOC-0008,LOC-0004,2024-01-11 22:48:30,2024-01-12 00:46:30,10.01,118,120042.7,1.0,120042.7,Completed,GoPay,Success
4788,TRP-004555,DRV-00173,USR-01033,LOC-0027,LOC-0052,2024-08-19 21:06:54,2024-08-19 21:18:54,39.95,12,133164.97,1.0,133164.97,Completed,GoPay,Success
4789,TRP-004555,DRV-00173,USR-01033,LOC-0027,LOC-0052,2024-08-19 21:06:54,2024-08-19 21:18:54,39.95,12,133164.97,1.0,133164.97,Completed,GoPay,Success
4790,TRP-004556,DRV-00488,USR-00779,LOC-0048,LOC-0016,2024-07-04 09:45:48,2024-07-04 10:02:48,,17,148467.49,1.0,148467.49,Completed,Credit Card,Success
4791,TRP-004557,DRV-00124,USR-00180,LOC-0020,LOC-0018,2024-09-21 15:58:14,2024-09-21 17:02:14,,64,149904.86,2.0,299809.72,Cancelled,GoPay,Success
4792,TRP-004558,DRV-00347,USR-01684,LOC-0001,LOC-0042,2024-06-09 11:11:41,2024-06-09 12:05:41,25.17,54,41382.48,1.0,41382.48,Completed,Cash,Success
4793,TRP-004559,DRV-00047,USR-00060,LOC-0032,LOC-0042,2024-01-05 22:00:36,2024-01-05 23:44:36,34.28,104,145486.14,1.0,145486.14,Completed,Cash,Success
4794,TRP-004560,DRV-00392,USR-00636,LOC-0034,LOC-0017,2024-02-03 00:52:11,2024-02-03 02:13:11,12.46,81,80571.94,2.0,161143.88,Cancelled,Cash,Success
4795,TRP-004561,DRV-00112,USR-00720,LOC-0014,LOC-0045,2024-06-10 16:28:51,2024-06-10 18:14:51,38.51,106,121651.27,1.0,121651.27,Completed,Credit Card,Success
4796,TRP-004562,DRV-00293,USR-00159,LOC-0006,LOC-0002,2024-06-24 06:48:57,2024-06-24 08:26:57,7.5,98,120398.74,1.5,180598.11,Completed,GoPay,Success
4797,TRP-004563,DRV-00215,USR-00755,LOC-0034,LOC-0050,2024-06-16 07:48:55,2024-06-16 09:23:55,25.35,95,54806.19,2.0,109612.38,Completed,Cash,Success
4798,TRP-004564,DRV-00297,USR-00928,LOC-0028,LOC-0026,2024-11-10 10:02:20,2024-11-10 10:47:20,30.29,45,124743.98,1.75,218301.96,Completed,Credit Card,Success
4799,TRP-004565,DRV-00143,USR-00813,LOC-0010,LOC-0039,2024-05-22 09:19:29,2024-05-22 10:53:29,34.31,94,63440.93,1.0,63440.93,Completed,GoPay,Success
4800,TRP-004566,DRV-00228,USR-01650,LOC-0031,LOC-0048,2024-05-29 15:19:25,2024-05-29 15:44:25,36.65,-10,,2.0,,Completed,GoPay,Success
4801,TRP-004567,DRV-00245,USR-00437,LOC-0028,LOC-0002,2024-05-23 03:14:52,2024-05-23 03:34:52,18.34,20,42778.74,1.0,42778.74,Completed,Credit Card,Pending
4802,TRP-004568,DRV-00065,USR-00610,LOC-0026,LOC-0005,2024-10-03 23:03:52,2024-10-03 23:34:52,30.13,31,57972.98,1.25,72466.23,Completed,Credit Card,Success
4803,TRP-004569,DRV-00414,USR-00359,LOC-0055,LOC-0024,2024-05-28 16:16:39,2024-05-28 16:30:39,8.47,14,23598.66,1.25,29498.33,Completed,GoPay,Success
4804,TRP-004570,DRV-00169,USR-01318,LOC-0002,LOC-0019,2024-07-22 10:39:30,2024-07-22 11:35:30,12.99,56,77109.47,1.75,134941.57,Completed,GoPay,Success
4805,TRP-004571,DRV-00143,USR-00826,LOC-0025,LOC-0018,2024-03-11 08:23:51,2024-03-11 09:12:51,22.95,49,149437.01,1.0,149437.01,Cancelled,Cash,Success
4806,TRP-004572,DRV-00230,USR-00625,LOC-0032,LOC-0042,2024-02-11 03:49:28,2024-02-11 05:36:28,15.25,107,48474.65,1.25,60593.31,Completed,Credit Card,Success
4807,TRP-004573,DRV-00206,USR-00148,LOC-0018,LOC-0033,2024-01-06 19:26:08,2024-01-06 19:57:08,33.98,31,95327.31,1.25,119159.14,Completed,GoPay,Success
4808,TRP-004574,DRV-00367,USR-01611,LOC-0051,LOC-0047,2024-11-21 19:30:46,2024-11-21 20:50:46,37.93,80,96265.0,1.0,96265.0,Completed,GoPay,Success
4809,TRP-004574,DRV-00367,USR-01611,LOC-0051,LOC-0047,2024-11-21 19:30:46,2024-11-21 20:50:46,37.93,80,96265.0,1.0,96265.0,Completed,GoPay,Success
4810,TRP-004575,DRV-00371,USR-00287,LOC-0004,LOC-0011,2024-08-12 17:03:05,2024-08-12 18:17:05,23.83,74,59071.96,1.5,88607.94,Cancelled,GoPay,Success
4811,TRP-004576,DRV-00146,USR-00088,LOC-0017,LOC-0031,2024-03-05 02:07:37,2024-03-05 02:28:37,3.83,21,45350.88,1.25,56688.6,Completed,Cash,Success
4812,TRP-004577,DRV-00317,USR-00789,LOC-0041,LOC-0013,2024-01-25 13:14:55,2024-01-25 14:20:55,27.31,66,133034.06,1.0,133034.06,Completed,Cash,Success
4813,TRP-004577,DRV-00317,USR-00789,LOC-0041,LOC-0013,2024-01-25 13:14:55,2024-01-25 14:20:55,27.31,66,133034.06,1.0,133034.06,Completed,Cash,Success
4814,TRP-004578,DRV-00399,USR-00005,LOC-0037,LOC-0055,2024-07-18 14:03:21,2024-07-18 15:02:21,18.59,59,0.0,1.0,0.0,Failed,GoPay,Success
4815,TRP-004579,DRV-00332,USR-01475,LOC-0006,LOC-0039,2024-11-11 04:18:22,2024-11-11 05:51:22,9.23,93,,2.5,,Cancelled,GoPay,Success
4816,TRP-004580,DRV-00192,USR-00208,LOC-0037,LOC-0032,2024-05-07 05:43:52,2024-05-07 06:19:52,24.52,36,,1.25,,Failed,Cash,Success
4817,TRP-004581,DRV-00428,USR-01171,LOC-0004,LOC-0017,2024-05-12 13:45:43,2024-05-12 14:58:43,31.06,73,91545.61,1.0,91545.61,Completed,Cash,Success
4818,TRP-004582,DRV-00399,USR-01519,LOC-0034,LOC-0031,2024-02-19 13:46:27,2024-02-19 14:58:27,17.29,72,0.0,1.25,0.0,Completed,Cash,Success
4819,TRP-004583,DRV-00196,USR-01370,LOC-0024,LOC-0011,2024-05-26 16:49:56,2024-05-26 18:00:56,20.07,71,74241.93,2.5,185604.82,Completed,GoPay,Success
4820,TRP-004584,DRV-00259,USR-00817,LOC-0045,LOC-0017,2024-07-12 17:51:03,2024-07-12 19:21:03,24.57,90,38066.63,1.0,38066.63,Completed,Credit Card,Success
4821,TRP-004585,DRV-00132,USR-01109,LOC-0007,LOC-0055,2024-05-06 22:31:04,2024-05-07 00:23:04,37.61,112,49015.08,1.0,49015.08,Cancelled,Credit Card,Success
4822,TRP-004586,DRV-00432,USR-00596,LOC-0046,LOC-0033,2024-10-27 01:38:14,2024-10-27 03:07:14,18.15,89,20284.79,1.5,30427.19,Completed,GoPay,Success
4823,TRP-004587,DRV-00474,USR-01865,LOC-0052,LOC-0008,2024-11-21 06:41:42,2024-11-21 08:01:42,34.35,80,141606.65,3.5,212409.97,Completed,Cash,Success
4824,TRP-004588,DRV-00049,USR-01416,LOC-0018,LOC-0047,2024-03-14 20:06:48,2024-03-14 21:07:48,17.49,61,45531.95,1.0,45531.95,Cancelled,Credit Card,Success
4825,TRP-004589,DRV-00289,USR-00939,LOC-0005,LOC-0049,2024-07-15 15:00:27,2024-07-15 16:23:27,9.86,83,27482.49,1.0,27482.49,Cancelled,GoPay,Success
4826,TRP-004590,DRV-00344,USR-01702,LOC-0026,LOC-0015,2024-02-06 01:00:49,2024-02-06 01:48:49,6.59,48,18842.8,1.0,18842.8,Completed,Cash,Success
4827,TRP-004591,DRV-00344,USR-00958,LOC-0042,LOC-0013,2024-02-28 17:49:54,2024-02-28 18:33:54,36.95,44,103246.52,2.5,258116.3,Failed,Credit Card,Success
4828,TRP-004592,DRV-00183,USR-01015,LOC-0009,LOC-0039,2024-08-29 03:40:23,2024-08-29 04:55:23,30.74,75,,1.5,,Completed,GoPay,Success
4829,TRP-004593,DRV-00034,USR-01419,LOC-0049,LOC-0013,2024-02-20 00:27:43,2024-02-20 01:55:43,1.68,88,147943.89,1.5,221915.84,Cancelled,GoPay,Success
4830,TRP-004594,DRV-00412,USR-00527,LOC-0016,LOC-0022,2024-12-23 10:23:21,2024-12-23 11:44:21,12.57,81,79032.53,1.25,98790.66,Completed,Cash,Success
4831,TRP-004595,DRV-00203,USR-00979,LOC-0025,LOC-0017,2024-05-10 14:03:52,2024-05-10 15:05:52,21.86,62,77072.18,1.5,115608.27,Cancelled,Cash,Success
4832,TRP-004595,DRV-00203,USR-00979,LOC-0025,LOC-0017,2024-05-10 14:03:52,2024-05-10 15:05:52,21.86,62,77072.18,1.5,115608.27,Cancelled,Cash,Success
4833,TRP-004596,DRV-00485,USR-01089,LOC-0010,LOC-0050,2024-09-24 13:26:51,2024-09-24 14:54:51,36.92,88,95425.36,1.5,143138.04,Cancelled,Cash,Success
4834,TRP-004597,DRV-00299,USR-01541,LOC-0019,LOC-0033,2024-02-02 21:32:17,2024-02-02 22:21:17,26.85,49,114221.39,1.75,199887.43,Completed,Cash,Success
4835,TRP-004598,DRV-00228,USR-01171,LOC-0039,LOC-0044,2024-09-14 11:01:58,2024-09-14 11:12:58,38.63,11,73600.86,1.0,73600.86,COMPLETED,Cash,Success
4836,TRP-004599,DRV-00461,USR-01049,LOC-0004,LOC-0057,2024-08-21 07:04:31,2024-08-21 08:06:31,13.79,62,57367.5,1.0,57367.5,Completed,GoPay,Success
4837,TRP-004600,DRV-00268,USR-01189,LOC-0030,LOC-0057,2024-08-28 14:45:18,2024-08-28 15:08:18,26.27,23,80979.68,1.0,80979.68,Completed,Cash,Success
4838,TRP-004601,DRV-00471,USR-01781,LOC-0057,LOC-0039,2024-08-12 02:49:19,2024-08-12 03:42:19,21.27,53,82431.37,2.5,206078.42,Completed,GoPay,Success
4839,TRP-004602,DRV-00029,USR-00113,LOC-0049,LOC-0002,2024-07-04 17:27:15,2024-07-04 19:23:15,15.02,116,143085.81,1.0,143085.81,Completed,Cash,Success
4840,TRP-004603,DRV-00114,USR-00471,LOC-0053,LOC-0009,2024-11-12 12:40:35,2024-11-12 13:48:35,22.2,68,143003.94,1.0,143003.94,Completed,Credit Card,Success
4841,TRP-004603,DRV-00114,USR-00471,LOC-0053,LOC-0009,2024-11-12 12:40:35,2024-11-12 13:48:35,22.2,68,143003.94,1.0,143003.94,Completed,Credit Card,Success
4842,TRP-004604,DRV-00069,USR-00414,LOC-0028,LOC-0003,2024-04-03 05:38:58,2024-04-03 06:01:58,17.51,23,15217.46,1.5,22826.19,Cancelled,Cash,Pending
4843,TRP-004605,DRV-00037,USR-01378,LOC-0032,LOC-0043,2024-06-30 10:00:54,2024-06-30 10:20:54,20.88,20,87053.85,1.75,152344.24,Completed,Cash,Success
4844,TRP-004606,DRV-00248,USR-01993,LOC-0016,LOC-0007,2024-11-13 12:37:27,2024-11-13 14:06:27,4.9,89,106455.84,1.25,133069.8,Cancelled,Cash,Success
4845,TRP-004607,DRV-00177,USR-01526,LOC-0028,LOC-0039,2024-12-19 09:59:35,2024-12-19 11:20:35,38.84,81,132059.48,1.0,132059.48,Completed,Cash,Success
4846,TRP-004607,DRV-00177,USR-01526,LOC-0028,LOC-0039,2024-12-19 09:59:35,2024-12-19 11:20:35,38.84,81,132059.48,1.0,132059.48,Completed,Cash,Success
4847,TRP-004608,DRV-00267,USR-00678,LOC-0040,LOC-0015,2024-08-01 03:09:27,2024-08-01 04:29:27,,80,60304.36,1.0,60304.36,Completed,GoPay,Success
4848,TRP-004609,DRV-00070,USR-00334,LOC-0029,LOC-0037,2024-01-23 05:29:23,2024-01-23 06:44:23,35.3,75,11453.39,1.25,14316.74,Failed,Cash,Failed
4849,TRP-004610,DRV-00100,USR-01558,LOC-0033,LOC-0046,2024-03-28 20:45:23,2024-03-28 22:41:23,12.31,116,36452.43,1.0,36452.43,Completed,Credit Card,Success
4850,TRP-004611,DRV-00164,USR-00321,LOC-0057,LOC-0026,2024-10-20 07:37:53,2024-10-20 08:52:53,,75,120775.26,1.0,120775.26,Completed,GoPay,Success
4851,TRP-004612,DRV-00378,USR-01979,LOC-0002,LOC-0042,2024-10-10 23:22:50,2024-10-11 01:08:50,35.22,106,99797.39,1.0,99797.39,Completed,Credit Card,Success
4852,TRP-004613,DRV-00339,USR-01646,LOC-0056,LOC-0030,2024-04-15 10:59:58,2024-04-15 11:30:58,22.51,31,135650.71,1.0,135650.71,Completed,Cash,Success
4853,TRP-004614,DRV-00301,USR-01417,LOC-0008,LOC-0036,2024-02-02 03:14:03,2024-02-02 04:13:03,13.84,59,46371.76,1.5,69557.64,Cancelled,GoPay,Success
4854,TRP-004615,DRV-00193,USR-01315,LOC-0019,LOC-0038,2024-05-20 18:03:10,2024-05-20 18:32:10,30.91,29,79470.26,1.0,79470.26,Completed,GoPay,Success
4855,TRP-004616,DRV-00037,USR-01915,LOC-0038,LOC-0045,2024-12-19 01:32:36,2024-12-19 02:41:36,17.81,-5,23222.05,0.5,58055.12,Cancelled,Credit Card,Success
4856,TRP-004617,DRV-00258,USR-01298,LOC-0032,LOC-0027,2024-06-07 05:53:50,2024-06-07 07:23:50,9.32,90,35298.47,1.5,52947.71,Completed,GoPay,Success
4857,TRP-004618,DRV-00292,USR-00170,LOC-0053,LOC-0033,2024-09-21 03:04:39,2024-09-21 03:33:39,34.55,29,128980.01,2.5,322450.02,Completed,Cash,Success
4858,TRP-004619,DRV-00032,USR-00134,LOC-0050,LOC-0006,2024-03-21 16:24:27,2024-03-21 17:10:27,22.21,46,33984.07,1.0,33984.07,Completed,GoPay,Success
4859,TRP-004620,DRV-00295,USR-01859,LOC-0022,LOC-0032,2024-02-08 21:10:36,2024-02-08 21:59:36,32.25,49,65922.8,1.25,82403.5,Completed,GoPay,Success
4860,TRP-004621,DRV-00207,USR-00677,LOC-0002,LOC-0007,2024-06-29 04:27:35,2024-06-29 05:37:35,6.87,70,43467.01,1.0,43467.01,Completed,Credit Card,Success
4861,TRP-004622,DRV-00276,USR-00505,LOC-0015,LOC-0026,2024-05-16 08:23:59,2024-05-16 10:04:59,22.6,101,138320.13,2.0,276640.26,Completed,Cash,Success
4862,TRP-004623,DRV-00132,USR-00223,LOC-0036,LOC-0056,2024-10-03 11:23:43,2024-10-03 11:40:43,4.46,17,43412.42,1.0,43412.42,Completed,Credit Card,Success
4863,TRP-004624,DRV-00026,USR-01200,LOC-0021,LOC-0054,2024-08-27 08:33:15,2024-08-27 09:40:15,13.22,67,80549.58,2.0,161099.16,Completed,GoPay,Success
4864,TRP-004625,DRV-00136,USR-00302,LOC-0002,LOC-0047,2024-10-26 11:23:06,2024-10-26 13:08:06,23.05,105,98052.24,1.0,98052.24,Completed,Credit Card,Success
4865,TRP-004626,DRV-00336,USR-01611,LOC-0033,LOC-0005,2024-02-03 19:28:50,2024-02-03 19:55:50,26.53,27,97855.46,1.0,97855.46,Cancelled,GoPay,Success
4866,TRP-004627,DRV-00064,USR-01990,LOC-0015,LOC-0022,2024-12-07 16:23:53,2024-12-07 16:34:53,9.99,11,,1.0,,Completed,Credit Card,Success
4867,TRP-004628,DRV-00262,USR-01965,LOC-0026,LOC-0015,2024-01-01 18:28:14,2024-01-01 19:11:14,35.15,43,74748.98,1.0,74748.98,Completed,Credit Card,Success
4868,TRP-004629,DRV-00104,USR-00497,LOC-0043,LOC-0053,2024-09-21 11:01:45,2024-09-21 11:17:45,10.61,16,132324.29,1.0,132324.29,Completed,GoPay,Pending
4869,TRP-004630,DRV-00025,USR-00402,LOC-0035,LOC-0014,2024-04-23 05:21:46,2024-04-23 07:16:46,28.94,115,117801.12,1.0,117801.12,Completed,GoPay,Success
4870,TRP-004631,DRV-00005,USR-00889,LOC-0037,LOC-0008,2024-02-27 09:30:57,2024-02-27 10:01:57,37.76,31,88417.75,1.0,88417.75,Completed,GoPay,Success
4871,TRP-004632,DRV-00210,USR-00330,LOC-0039,LOC-0043,2024-10-17 01:11:27,2024-10-17 02:49:27,15.71,98,67281.04,1.25,84101.3,Completed,Credit Card,Success
4872,TRP-004633,DRV-00107,USR-01522,LOC-0021,LOC-0032,2024-08-19 17:54:47,2024-08-19 19:41:47,29.47,107,96474.89,1.0,96474.89,Cancelled,Credit Card,Success
4873,TRP-004634,DRV-00283,USR-01588,LOC-0055,LOC-0022,2024-12-12 15:26:41,2024-12-12 17:15:41,6.38,109,149359.94,1.5,224039.91,Completed,Cash,Success
4874,TRP-004634,DRV-00283,USR-01588,LOC-0055,LOC-0022,2024-12-12 15:26:41,2024-12-12 17:15:41,6.38,109,149359.94,1.5,224039.91,Completed,Cash,Success
4875,TRP-004635,DRV-00126,USR-01829,LOC-0052,LOC-0036,2024-05-23 06:43:12,2024-05-23 08:27:12,32.86,104,73670.99,1.0,73670.99,Completed,Cash,Success
4876,TRP-004636,DRV-00194,USR-00246,LOC-0037,LOC-0032,2024-12-07 01:21:26,2024-12-07 02:36:26,2.04,75,149607.39,0.5,261812.93,Cancelled,Credit Card,Success
4877,TRP-004637,DRV-00042,USR-01092,LOC-0006,LOC-0056,2024-12-26 21:43:32,2024-12-26 22:25:32,2.39,-5,100607.54,2.5,251518.85,Completed,Credit Card,Failed
4878,TRP-004638,DRV-00351,USR-01797,LOC-0052,LOC-0032,2024-04-06 03:30:24,2024-04-06 04:43:24,19.72,73,125283.26,1.25,156604.07,Completed,Credit Card,Success
4879,TRP-004639,DRV-00400,USR-01438,LOC-0012,LOC-0013,2024-11-28 19:10:05,2024-11-28 19:23:05,8.74,13,137156.6,2.0,274313.2,Completed,Credit Card,Success
4880,TRP-004640,DRV-00350,USR-00649,LOC-0005,LOC-0055,2024-10-25 01:14:12,2024-10-25 01:55:12,16.89,41,65116.47,1.0,65116.47,Completed,GoPay,Success
4881,TRP-004641,DRV-00203,USR-00463,LOC-0043,LOC-0005,2024-07-21 15:57:13,2024-07-21 17:42:13,12.15,105,64457.9,2.0,128915.8,Completed,Cash,Success
4882,TRP-004642,DRV-00431,USR-00554,LOC-0032,LOC-0044,2024-12-03 11:10:22,2024-12-03 12:22:22,37.04,72,77376.43,1.0,77376.43,Completed,GoPay,Success
4883,TRP-004643,DRV-00166,USR-01121,LOC-0057,LOC-0043,2024-04-14 02:32:20,2024-04-14 03:45:20,5.79,73,138516.1,1.0,138516.1,Completed,Cash,Success
4884,TRP-004644,DRV-00002,USR-00652,LOC-0011,LOC-0045,2024-10-17 10:45:39,2024-10-17 12:31:39,4.12,106,67894.22,1.0,67894.22,Completed,GoPay,Success
4885,TRP-004645,DRV-00246,USR-00788,LOC-0042,LOC-0039,2024-06-09 22:36:47,2024-06-09 23:27:47,32.94,51,144511.41,1.0,144511.41,Completed,Cash,Success
4886,TRP-004646,DRV-00136,USR-00437,LOC-0041,LOC-0053,2024-09-07 10:49:15,2024-09-07 12:27:15,17.89,98,113847.31,2.0,227694.62,Completed,Credit Card,Success
4887,TRP-004647,DRV-00109,USR-01906,LOC-0044,LOC-0039,2024-07-07 14:29:13,2024-07-07 15:17:13,17.31,48,66807.17,1.25,83508.96,Completed,Credit Card,Success
4888,TRP-004648,DRV-00159,USR-01137,LOC-0042,LOC-0027,2024-03-18 14:54:01,2024-03-18 15:17:01,26.83,23,,1.0,,Completed,Credit Card,Success
4889,TRP-004648,DRV-00159,USR-01137,LOC-0042,LOC-0027,2024-03-18 14:54:01,2024-03-18 15:17:01,26.83,23,,1.0,,Completed,Credit Card,Success
4890,TRP-004649,DRV-00160,USR-01754,LOC-0052,LOC-0057,2024-12-29 03:27:10,2024-12-29 05:13:10,29.54,106,40027.08,1.0,40027.08,Completed,Credit Card,Success
4891,TRP-004650,DRV-00231,USR-00377,LOC-0049,LOC-0025,2024-10-25 17:07:33,2024-10-25 19:00:33,33.22,113,31103.78,2.5,77759.45,Completed,GoPay,Success
4892,TRP-004651,DRV-00179,USR-00568,LOC-0016,LOC-0053,2024-04-07 14:05:12,2024-04-07 15:10:12,24.23,65,142609.59,1.25,178261.99,Completed,GoPay,Success
4893,TRP-004652,DRV-00487,USR-00072,LOC-0039,LOC-0031,2024-06-01 12:56:03,2024-06-01 13:30:03,8.27,34,141926.01,1.0,141926.01,Completed,GoPay,Success
4894,TRP-004653,DRV-00399,USR-01878,LOC-0020,LOC-0019,2024-09-25 20:16:31,2024-09-25 20:57:31,8.16,41,11546.4,1.25,14433.0,Completed,Credit Card,Success
4895,TRP-004654,DRV-00243,USR-01581,LOC-0001,LOC-0053,2024-07-18 08:48:43,2024-07-18 09:50:43,36.47,62,124392.18,1.0,124392.18,Completed,GoPay,Success
4896,TRP-004655,DRV-00041,USR-01501,LOC-0046,LOC-0031,2024-04-15 06:20:50,2024-04-15 07:51:50,27.43,91,122260.66,1.0,122260.66,Completed,Credit Card,Success
4897,TRP-004656,DRV-00150,USR-00346,LOC-0027,LOC-0012,2024-10-12 07:24:45,2024-10-12 08:21:45,29.03,57,50956.66,1.0,50956.66,Failed,Cash,Success
4898,TRP-004657,DRV-00292,USR-00103,LOC-0039,LOC-0001,2024-05-26 04:50:41,2024-05-26 06:17:41,14.46,87,45142.08,2.5,112855.2,Completed,GoPay,Success
4899,TRP-004658,DRV-00473,USR-00197,LOC-0045,LOC-0004,2024-12-28 15:13:29,2024-12-28 16:03:29,26.05,50,136974.72,1.0,136974.72,Completed,Cash,Success
4900,TRP-004659,DRV-00163,USR-01320,LOC-0014,LOC-0032,2024-03-15 16:30:29,2024-03-15 18:04:29,,94,39463.95,1.0,39463.95,Cancelled,GoPay,Pending
4901,TRP-004660,DRV-00309,USR-01627,LOC-0011,LOC-0029,2024-07-14 13:52:06,2024-07-14 14:05:06,22.19,13,123684.39,1.75,216447.68,Cancelled,GoPay,Pending
4902,TRP-004661,DRV-00172,USR-00555,LOC-0041,LOC-0027,2024-12-23 05:08:46,2024-12-23 05:28:46,15.14,20,35463.75,1.0,35463.75,Cancelled,GoPay,Success
4903,TRP-004662,DRV-00257,USR-00122,LOC-0050,LOC-0018,2024-03-04 07:56:09,2024-03-04 09:44:09,35.86,108,127542.24,1.5,191313.36,Completed,GoPay,Failed
4904,TRP-004663,DRV-00123,USR-01502,LOC-0035,LOC-0029,2024-08-02 13:41:41,2024-08-02 15:04:41,8.94,83,100116.64,1.5,150174.96,Cancelled,Credit Card,Success
4905,TRP-004664,DRV-00030,USR-01355,LOC-0055,LOC-0010,2024-12-11 05:46:23,2024-12-11 07:24:23,31.89,98,,1.25,,Completed,Cash,Failed
4906,TRP-004665,DRV-00188,USR-00097,LOC-0046,LOC-0051,2024-09-26 01:10:27,2024-09-26 02:06:27,36.19,56,108185.43,1.0,108185.43,Cancelled,Credit Card,Success
4907,TRP-004666,DRV-00351,USR-01266,LOC-0025,LOC-0043,2024-01-23 05:36:27,2024-01-23 06:45:27,5.78,69,54547.61,1.0,54547.61,Completed,Cash,Success
4908,TRP-004667,DRV-00337,USR-00208,LOC-0051,LOC-0015,2024-08-15 05:17:34,2024-08-15 06:05:34,19.17,48,54983.74,1.0,54983.74,Completed,Cash,Pending
4909,TRP-004668,DRV-00101,USR-00456,LOC-0004,LOC-0043,2024-10-14 17:31:33,2024-10-14 17:47:33,32.31,16,69934.84,1.75,122385.97,Completed,Cash,Success
4910,TRP-004669,DRV-00249,USR-01434,LOC-0047,LOC-0005,2024-03-06 13:34:30,2024-03-06 14:39:30,19.93,65,,1.0,,CANCELLED,GoPay,Success
4911,TRP-004670,DRV-00084,USR-00894,LOC-0010,LOC-0003,2024-12-22 04:37:06,2024-12-22 05:09:06,26.86,32,111239.05,1.0,111239.05,Completed,GoPay,Failed
4912,TRP-004671,DRV-00202,USR-01374,LOC-0055,LOC-0016,2024-03-30 10:02:12,2024-03-30 11:41:12,34.07,99,38132.73,1.0,38132.73,Cancelled,Credit Card,Success
4913,TRP-004672,DRV-00113,USR-00884,LOC-0019,LOC-0055,2024-01-02 07:45:07,2024-01-02 08:20:07,1.92,35,145742.65,1.0,145742.65,Completed,Credit Card,Failed
4914,TRP-004673,DRV-00335,USR-00635,LOC-0045,LOC-0043,2024-10-20 10:23:24,2024-10-20 11:52:24,32.89,89,12081.12,1.0,12081.12,Completed,Cash,Success
4915,TRP-004674,DRV-00190,USR-01218,LOC-0004,LOC-0019,2024-03-18 23:31:06,2024-03-19 00:16:06,6.17,45,14058.74,1.0,14058.74,Completed,Cash,Success
4916,TRP-004675,DRV-00100,USR-00189,LOC-0051,LOC-0035,2024-08-01 20:50:22,2024-08-01 21:35:22,6.61,45,30022.32,1.0,30022.32,Completed,GoPay,Success
4917,TRP-004676,DRV-00104,USR-01059,LOC-0005,LOC-0012,2024-08-05 20:27:15,2024-08-05 22:10:15,,103,85880.93,1.25,107351.16,Completed,Credit Card,Success
4918,TRP-004677,DRV-00459,USR-01900,LOC-0020,LOC-0012,2024-05-05 02:04:21,2024-05-05 03:35:21,39.68,91,137078.09,1.25,171347.61,Completed,Credit Card,Failed
4919,TRP-004678,DRV-00111,USR-01976,LOC-0052,LOC-0038,2024-08-01 08:38:20,2024-08-01 09:20:20,19.75,42,97477.42,1.0,97477.42,Completed,Credit Card,Failed
4920,TRP-004679,DRV-00468,USR-00351,LOC-0029,LOC-0040,2024-12-28 16:11:32,2024-12-28 18:06:32,34.5,115,116859.41,1.0,116859.41,Completed,Cash,Success
4921,TRP-004680,DRV-00129,USR-01971,LOC-0042,LOC-0033,2024-12-19 02:17:51,2024-12-19 03:29:51,2.13,72,23113.36,1.0,23113.36,Cancelled ,Credit Card,Success
4922,TRP-004681,DRV-00301,USR-00934,LOC-0015,LOC-0014,2024-09-01 00:31:02,2024-09-01 01:48:02,30.86,77,52176.9,1.5,78265.35,Completed,Credit Card,Pending
4923,TRP-004682,DRV-00188,USR-01641,LOC-0010,LOC-0018,2024-02-04 07:21:02,2024-02-04 08:15:02,29.45,54,72350.8,1.0,72350.8,Completed,Credit Card,Success
4924,TRP-004683,DRV-00482,USR-01804,LOC-0025,LOC-0024,2024-09-05 23:04:52,2024-09-06 00:20:52,6.08,76,141639.87,1.25,177049.84,Cancelled,Credit Card,Success
4925,TRP-004684,DRV-00231,USR-01234,LOC-0008,LOC-0035,2024-09-18 18:35:52,2024-09-18 18:52:52,13.86,17,114740.22,1.0,114740.22,Completed,Credit Card,Success
4926,TRP-004685,DRV-00405,USR-00686,LOC-0042,LOC-0028,2024-04-15 12:40:47,2024-04-15 13:42:47,3.39,62,126473.9,1.0,126473.9,Completed,Cash,Success
4927,TRP-004686,DRV-00205,USR-00703,LOC-0029,LOC-0005,2024-09-22 21:33:18,2024-09-22 22:16:18,17.35,43,80500.44,1.5,120750.66,Completed,Credit Card,Success
4928,TRP-004687,DRV-00125,USR-01291,LOC-0039,LOC-0031,2024-02-17 12:47:28,2024-02-17 14:39:28,6.66,112,,1.0,,failed,Credit Card,Success
4929,TRP-004687,DRV-00125,USR-01291,LOC-0039,LOC-0031,2024-02-17 12:47:28,2024-02-17 14:39:28,6.66,112,,1.0,,failed,Credit Card,Success
4930,TRP-004688,DRV-00176,USR-01622,LOC-0006,LOC-0031,2024-06-05 23:27:15,2024-06-06 00:33:15,14.26,66,21122.71,1.25,26403.39,Completed,GoPay,Pending
4931,TRP-004689,DRV-00321,USR-01210,LOC-0028,LOC-0006,2024-08-25 04:42:31,2024-08-25 05:17:31,27.72,35,81966.74,1.5,122950.11,Completed,Credit Card,Success
4932,TRP-004689,DRV-00321,USR-01210,LOC-0028,LOC-0006,2024-08-25 04:42:31,2024-08-25 05:17:31,27.72,35,81966.74,1.5,122950.11,Completed,Credit Card,Success
4933,TRP-004690,DRV-00432,USR-01362,LOC-0032,LOC-0038,2024-05-20 09:32:02,2024-05-20 10:54:02,20.16,82,97232.48,1.0,97232.48,Completed,GoPay,Success
4934,TRP-004691,DRV-00367,USR-00582,LOC-0053,LOC-0002,2024-04-04 20:28:48,2024-04-04 21:57:48,34.75,89,141904.8,2.5,354762.0,failed,GoPay,Success
4935,TRP-004692,DRV-00456,USR-01370,LOC-0053,LOC-0054,2024-08-08 23:04:05,2024-08-08 23:31:05,9.17,27,58955.2,2.0,117910.4,Completed,Credit Card,Success
4936,TRP-004693,DRV-00129,USR-00357,LOC-0007,LOC-0032,2024-02-29 07:33:06,2024-02-29 08:29:06,29.42,56,113123.49,1.0,113123.49,Completed,Credit Card,Success
4937,TRP-004693,DRV-00129,USR-00357,LOC-0007,LOC-0032,2024-02-29 07:33:06,2024-02-29 08:29:06,29.42,56,113123.49,1.0,113123.49,Completed,Credit Card,Success
4938,TRP-004694,DRV-00100,USR-00846,LOC-0009,LOC-0029,2024-01-28 10:24:33,2024-01-28 11:30:33,37.88,66,119590.76,1.25,149488.45,Cancelled,GoPay,Pending
4939,TRP-004695,DRV-00438,USR-00801,LOC-0039,LOC-0025,2024-02-28 15:32:17,2024-02-28 16:54:17,7.07,82,52156.16,1.0,52156.16,Completed,GoPay,Failed
4940,TRP-004696,DRV-00232,USR-01514,LOC-0049,LOC-0017,2024-01-20 16:36:44,2024-01-20 18:17:44,19.68,101,46358.95,1.25,57948.69,Completed,GoPay,Success
4941,TRP-004697,DRV-00205,USR-01761,LOC-0019,LOC-0015,2024-11-03 02:57:34,2024-11-03 03:48:34,30.22,51,13905.69,1.0,13905.69,Completed,Credit Card,Success
4942,TRP-004698,DRV-00405,USR-00799,LOC-0006,LOC-0001,2024-12-11 06:38:41,2024-12-11 08:05:41,5.17,87,106544.87,3.5,106544.87,Completed,Credit Card,Success
4943,TRP-004699,DRV-00164,USR-00239,LOC-0009,LOC-0004,2024-04-06 18:23:56,2024-04-06 19:55:56,16.08,92,30418.26,2.5,76045.65,Completed,GoPay,Success
4944,TRP-004700,DRV-00145,USR-00296,LOC-0055,LOC-0021,2024-05-14 16:53:41,2024-05-14 17:24:41,10.54,31,111787.77,1.25,139734.71,Completed,Credit Card,Success
4945,TRP-004701,DRV-00369,USR-00929,LOC-0010,LOC-0037,2024-05-09 12:27:55,2024-05-09 13:32:55,1.29,65,78311.51,1.0,78311.51,Completed,Cash,Success
4946,TRP-004701,DRV-00369,USR-00929,LOC-0010,LOC-0037,2024-05-09 12:27:55,2024-05-09 13:32:55,1.29,65,78311.51,1.0,78311.51,Completed,Cash,Success
4947,TRP-004702,DRV-00400,USR-00759,LOC-0008,LOC-0046,2024-11-13 23:58:44,2024-11-14 01:40:44,,102,144289.76,2.5,360724.4,Completed,Credit Card,Success
4948,TRP-004703,DRV-00184,USR-00955,LOC-0046,LOC-0029,2024-11-23 15:21:35,2024-11-23 15:32:35,7.54,11,87992.16,1.0,87992.16,Completed,GoPay,Success
4949,TRP-004704,DRV-00425,USR-01396,LOC-0025,LOC-0010,2024-05-12 06:39:53,2024-05-12 07:30:53,26.03,51,20903.61,1.5,31355.42,Completed,Cash,Failed
4950,TRP-004705,DRV-00080,USR-00564,LOC-0024,LOC-0056,2024-11-04 08:53:09,2024-11-04 10:50:09,24.54,117,135501.41,1.0,135501.41,Cancelled,GoPay,Success
4951,TRP-004706,DRV-00350,USR-00894,LOC-0033,LOC-0053,2024-12-11 12:25:08,2024-12-11 13:08:08,36.43,43,77906.96,1.75,136337.18,Completed,Cash,Success
4952,TRP-004706,DRV-00350,USR-00894,LOC-0033,LOC-0053,2024-12-11 12:25:08,2024-12-11 13:08:08,36.43,43,77906.96,1.75,136337.18,Completed,Cash,Success
4953,TRP-004707,DRV-00411,USR-01215,LOC-0031,LOC-0026,2024-11-07 16:48:19,2024-11-07 17:55:19,13.34,67,124674.29,1.25,155842.86,Completed,GoPay,Success
4954,TRP-004708,DRV-00150,USR-01307,LOC-0022,LOC-0006,2024-09-18 07:17:45,2024-09-18 07:41:45,22.27,24,70534.27,1.25,88167.84,Completed,Cash,Success
4955,TRP-004709,DRV-00211,USR-01923,LOC-0046,LOC-0008,2024-03-28 16:19:56,2024-03-28 16:36:56,8.86,17,111944.04,1.5,167916.06,Completed,Credit Card,Success
4956,TRP-004710,DRV-00481,USR-01214,LOC-0024,LOC-0036,2024-07-01 03:14:46,2024-07-01 04:15:46,1.47,61,19667.92,1.25,24584.9,Completed,Credit Card,Success
4957,TRP-004711,DRV-00308,USR-01808,LOC-0024,LOC-0041,2024-03-27 08:40:30,2024-03-27 09:15:30,19.69,35,29663.63,1.0,29663.63,Cancelled,Credit Card,Success
4958,TRP-004712,DRV-00243,USR-00405,LOC-0008,LOC-0010,2024-05-23 06:44:58,2024-05-23 07:51:58,9.39,67,0.0,1.0,0.0,Cancelled,GoPay,Success
4959,TRP-004713,DRV-00206,USR-00680,LOC-0002,LOC-0055,2024-08-07 19:51:28,2024-08-07 20:31:28,33.38,40,38105.98,1.5,57158.97,Completed,Cash,Success
4960,TRP-004714,DRV-00323,USR-01477,LOC-0056,LOC-0013,2024-12-02 04:20:14,2024-12-02 04:52:14,21.1,32,40836.99,1.0,40836.99,Failed,GoPay,Success
4961,TRP-004715,DRV-00360,USR-01546,LOC-0019,LOC-0029,2024-09-11 09:11:42,2024-09-11 10:34:42,38.35,83,51482.16,0.8,77223.24,Completed,Credit Card,Success
4962,TRP-004716,DRV-00001,USR-01625,LOC-0026,LOC-0042,2024-12-07 21:51:24,2024-12-07 23:25:24,5.2,94,114880.92,2.5,287202.3,Completed,GoPay,Success
4963,TRP-004717,DRV-00330,USR-01292,LOC-0006,LOC-0045,2024-01-24 16:50:48,2024-01-24 18:41:48,6.1,111,34773.16,1.0,34773.16,Completed,Credit Card,Success
4964,TRP-004718,DRV-00222,USR-00558,LOC-0006,LOC-0020,2024-05-10 16:34:54,2024-05-10 18:19:54,33.99,105,35649.69,1.0,35649.69,Cancelled,Credit Card,Success
4965,TRP-004719,DRV-00239,USR-01749,LOC-0024,LOC-0014,2024-04-30 08:45:20,2024-04-30 09:58:20,11.59,73,48872.48,1.0,48872.48,Completed,GoPay,Pending
4966,TRP-004720,DRV-00267,USR-01845,LOC-0014,LOC-0023,2024-10-21 12:17:56,2024-10-21 13:48:56,24.29,91,45615.0,2.0,91230.0,Completed,Cash,Success
4967,TRP-004721,DRV-00058,USR-00280,LOC-0015,LOC-0024,2024-09-19 10:23:16,2024-09-19 12:16:16,18.44,113,24735.33,1.0,24735.33,COMPLETED,GoPay,Success
4968,TRP-004721,DRV-00058,USR-00280,LOC-0015,LOC-0024,2024-09-19 10:23:16,2024-09-19 12:16:16,18.44,113,24735.33,1.0,24735.33,COMPLETED,GoPay,Success
4969,TRP-004722,DRV-00499,USR-01803,LOC-0001,LOC-0038,2024-10-12 17:30:16,2024-10-12 18:47:16,16.22,77,122466.64,1.25,153083.3,Completed,GoPay,Success
4970,TRP-004723,DRV-00439,USR-01813,LOC-0051,LOC-0054,2024-07-10 14:36:15,2024-07-10 16:31:15,27.67,115,59113.56,2.0,118227.12,Completed,Credit Card,Success
4971,TRP-004724,DRV-00209,USR-00838,LOC-0013,LOC-0039,2024-12-28 06:31:10,2024-12-28 07:35:10,7.99,64,93280.25,1.0,93280.25,Completed,GoPay,Success
4972,TRP-004725,DRV-00379,USR-00001,LOC-0018,LOC-0041,2024-03-21 10:08:18,2024-03-21 11:43:18,30.18,95,63486.88,1.5,95230.32,Cancelled,GoPay,Success
4973,TRP-004726,DRV-00021,USR-00943,LOC-0021,LOC-0038,2024-08-28 06:58:01,2024-08-28 07:22:01,4.91,24,142954.26,1.75,250169.96,Completed,GoPay,Success
4974,TRP-004727,DRV-00373,USR-00836,LOC-0012,LOC-0003,2024-02-25 09:38:55,2024-02-25 11:17:55,21.9,99,42448.89,1.0,42448.89,Completed,Credit Card,Success
4975,TRP-004728,DRV-00200,USR-00651,LOC-0034,LOC-0047,2024-06-29 05:42:32,2024-06-29 07:32:32,5.63,110,16531.08,1.0,16531.08,Completed,Credit Card,Success
4976,TRP-004729,DRV-00198,USR-01409,LOC-0057,LOC-0008,2024-02-23 22:02:43,2024-02-23 23:31:43,16.63,89,43989.72,1.75,76982.01,Cancelled,Cash,Success
4977,TRP-004730,DRV-00286,USR-00267,LOC-0053,LOC-0006,2024-04-15 05:55:20,2024-04-15 06:50:20,26.35,55,75310.21,1.0,75310.21,Completed,Cash,Success
4978,TRP-004731,DRV-00431,USR-00489,LOC-0020,LOC-0030,2024-01-27 13:38:19,2024-01-27 14:51:19,16.67,73,23057.72,1.0,23057.72,Completed,Credit Card,Success
4979,TRP-004732,DRV-00396,USR-00732,LOC-0039,LOC-0031,2024-03-25 12:16:03,2024-03-25 13:22:03,22.68,66,102295.98,1.0,102295.98,Completed,GoPay,Failed
4980,TRP-004733,DRV-00363,USR-01108,LOC-0033,LOC-0034,2024-03-31 18:00:32,2024-03-31 18:45:32,1.69,45,35549.93,1.25,44437.41,Completed,GoPay,Success
4981,TRP-004733,DRV-00363,USR-01108,LOC-0033,LOC-0034,2024-03-31 18:00:32,2024-03-31 18:45:32,1.69,45,35549.93,1.25,44437.41,Completed,GoPay,Success
4982,TRP-004734,DRV-00386,USR-01077,LOC-0030,LOC-0016,2024-07-03 06:25:53,2024-07-03 07:32:53,31.7,0,34227.04,1.25,42783.8,Completed,GoPay,Success
4983,TRP-004735,DRV-00295,USR-00450,LOC-0003,LOC-0055,2024-05-10 12:22:52,2024-05-10 13:31:52,24.28,69,115790.44,1.0,115790.44,Completed,Credit Card,Success
4984,TRP-004736,DRV-00233,USR-01575,LOC-0050,LOC-0011,2024-03-07 06:43:53,2024-03-07 08:38:53,9.66,115,,1.5,,Completed,GoPay,Failed
4985,TRP-004737,DRV-00213,USR-01974,LOC-0040,LOC-0013,2024-05-07 19:47:11,2024-05-07 21:38:11,1.79,111,95071.07,5.0,95071.07,Completed,GoPay,Success
4986,TRP-004738,DRV-00380,USR-00157,LOC-0015,LOC-0026,2024-11-20 07:43:58,2024-11-20 08:10:58,16.58,27,90533.75,1.0,90533.75,Cancelled,Cash,Failed
4987,TRP-004739,DRV-00115,USR-00762,LOC-0056,LOC-0010,2024-06-09 12:03:48,2024-06-09 12:29:48,32.85,26,81256.12,1.5,121884.18,Completed,Credit Card,Success
4988,TRP-004740,DRV-00201,USR-00688,LOC-0030,LOC-0040,2024-04-25 05:39:14,2024-04-25 06:04:14,3.01,25,60970.0,1.0,60970.0,Completed,Credit Card,Success
4989,TRP-004741,DRV-00435,USR-00480,LOC-0033,LOC-0022,2024-05-09 13:41:51,2024-05-09 14:28:51,33.6,47,79381.73,1.25,99227.16,Completed,Cash,Success
4990,TRP-004741,DRV-00435,USR-00480,LOC-0033,LOC-0022,2024-05-09 13:41:51,2024-05-09 14:28:51,33.6,47,79381.73,1.25,99227.16,Completed,Cash,Success
4991,TRP-004742,DRV-00140,USR-00590,LOC-0020,LOC-0012,2024-07-11 01:57:26,2024-07-11 02:40:26,3.03,43,66863.9,1.0,66863.9,Completed,GoPay,Failed
4992,TRP-004743,DRV-00073,USR-00303,LOC-0003,LOC-0047,2024-04-02 03:04:01,2024-04-02 04:47:01,22.08,103,105847.82,1.0,105847.82,Completed,Credit Card,Success
4993,TRP-004744,DRV-00056,USR-01925,LOC-0033,LOC-0009,2024-04-26 05:06:25,2024-04-26 06:51:25,15.23,105,111776.9,1.0,111776.9,Cancelled,Credit Card,Success
4994,TRP-004745,DRV-00202,USR-01822,LOC-0025,LOC-0033,2024-11-26 00:33:14,2024-11-26 02:09:14,9.49,96,69215.55,1.0,69215.55,Completed,GoPay,Success
4995,TRP-004746,DRV-00070,USR-00460,LOC-0038,LOC-0030,2024-12-21 09:59:18,2024-12-21 10:28:18,21.02,29,145027.64,1.5,217541.46,Completed,Cash,Success
4996,TRP-004747,DRV-00022,USR-00933,LOC-0039,LOC-0006,2024-09-14 05:59:11,2024-09-14 07:35:11,11.23,96,108156.96,1.25,135196.2,Completed,Credit Card,Success
4997,TRP-004747,DRV-00022,USR-00933,LOC-0039,LOC-0006,2024-09-14 05:59:11,2024-09-14 07:35:11,11.23,96,108156.96,1.25,135196.2,Completed,Credit Card,Success
4998,TRP-004748,DRV-00138,USR-01291,LOC-0007,LOC-0024,2024-12-25 14:23:21,2024-12-25 15:48:21,9.72,85,83871.28,1.0,83871.28,Completed,GoPay,Success
4999,TRP-004749,DRV-00049,USR-01495,LOC-0021,LOC-0039,2024-07-01 10:43:36,2024-07-01 12:26:36,11.23,103,145357.12,1.0,145357.12,Completed,Cash,Success
5000,TRP-004750,DRV-00404,USR-00573,LOC-0035,LOC-0026,2024-10-13 19:05:25,2024-10-13 20:43:25,10.76,98,120962.54,1.0,120962.54,Completed,Credit Card,Success
5001,TRP-004751,DRV-00230,USR-00632,LOC-0043,LOC-0015,2024-09-10 08:48:01,2024-09-10 10:16:01,37.04,88,36588.6,1.0,36588.6,Failed,GoPay,Success
5002,TRP-004752,DRV-00060,USR-01302,LOC-0029,LOC-0037,2024-01-20 14:49:36,2024-01-20 16:11:36,22.66,82,65024.76,1.0,65024.76,Completed,Cash,Success
5003,TRP-004753,DRV-00259,USR-01634,LOC-0028,LOC-0008,2024-06-19 12:28:49,2024-06-19 13:18:49,26.07,50,68540.63,1.0,68540.63,Completed,Credit Card,Success
5004,TRP-004754,DRV-00293,USR-01831,LOC-0056,LOC-0019,2024-11-10 05:03:11,2024-11-10 06:47:11,9.58,-5,82585.98,1.0,82585.98,Completed,Cash,Success
5005,TRP-004755,DRV-00067,USR-00588,LOC-0046,LOC-0018,2024-07-08 11:43:05,2024-07-08 12:59:05,22.66,76,50459.21,1.0,50459.21,Failed,Credit Card,Success
5006,TRP-004756,DRV-00129,USR-01253,LOC-0010,LOC-0039,2024-09-21 03:56:29,2024-09-21 05:39:29,36.52,103,102508.01,2.0,205016.02,Completed,Credit Card,Success
5007,TRP-004757,DRV-00441,USR-01340,LOC-0011,LOC-0025,2024-05-29 21:30:24,2024-05-29 21:56:24,33.15,26,140024.05,1.0,140024.05,Completed,Cash,Success
5008,TRP-004758,DRV-00060,USR-01673,LOC-0007,LOC-0029,2024-03-04 14:43:47,2024-03-04 16:21:47,12.83,98,114968.46,0.5,172452.69,Completed,Cash,Success
5009,TRP-004759,DRV-00274,USR-01484,LOC-0051,LOC-0013,2024-10-26 06:48:19,2024-10-26 08:10:19,8.47,82,104972.57,1.25,131215.71,Completed,GoPay,Success
5010,TRP-004760,DRV-00322,USR-00969,LOC-0056,LOC-0008,2024-12-05 15:23:12,2024-12-05 15:38:12,9.08,15,98047.77,5.0,122559.71,Completed,Cash,Success
5011,TRP-004761,DRV-00305,USR-00284,LOC-0037,LOC-0008,2024-02-24 04:38:19,2024-02-24 06:17:19,5.69,99,126247.39,1.5,189371.08,Cancelled,Credit Card,Success
5012,TRP-004762,DRV-00363,USR-00544,LOC-0053,LOC-0051,2024-12-05 01:03:04,2024-12-05 02:06:04,21.18,63,111212.77,1.25,139015.96,Completed,Credit Card,Failed
5013,TRP-004763,DRV-00382,USR-00556,LOC-0042,LOC-0024,2024-08-15 18:40:46,2024-08-15 19:54:46,27.54,74,15970.43,1.5,23955.65,Completed,Credit Card,Success
5014,TRP-004764,DRV-00078,USR-00015,LOC-0001,LOC-0054,2024-11-14 21:17:19,2024-11-14 22:08:19,8.22,51,57659.95,1.5,86489.92,Completed,Cash,Success
5015,TRP-004765,DRV-00161,USR-00603,LOC-0001,LOC-0002,2024-02-11 20:44:18,2024-02-11 21:17:18,20.53,33,81843.33,1.0,81843.33,Completed,GoPay,Success
5016,TRP-004766,DRV-00081,USR-00612,LOC-0013,LOC-0016,2024-08-11 04:51:31,2024-08-11 05:02:31,,11,54202.01,1.75,94853.52,Completed,GoPay,Success
5017,TRP-004767,DRV-00416,USR-00036,LOC-0046,LOC-0029,2024-08-26 21:55:58,2024-08-26 23:48:58,3.31,113,39345.39,1.0,39345.39,Completed,GoPay,Failed
5018,TRP-004768,DRV-00044,USR-01955,LOC-0033,LOC-0002,2024-07-18 15:19:04,2024-07-18 15:40:04,38.87,21,135359.75,2.0,270719.5,Completed,Credit Card,Success
5019,TRP-004769,DRV-00260,USR-01123,LOC-0010,LOC-0048,2024-07-13 17:29:41,2024-07-13 17:39:41,28.91,10,126736.16,1.5,190104.24,Completed,GoPay,Success
5020,TRP-004770,DRV-00016,USR-00306,LOC-0030,LOC-0036,2024-04-07 08:23:21,2024-04-07 09:50:21,31.84,87,128827.47,1.25,161034.34,Completed,GoPay,Success
5021,TRP-004771,DRV-00334,USR-01622,LOC-0028,LOC-0010,2024-10-19 01:51:28,2024-10-19 03:45:28,24.06,114,28590.9,1.5,42886.35,Completed,Cash,Success
5022,TRP-004772,DRV-00136,USR-01873,LOC-0046,LOC-0043,2024-09-05 06:59:25,2024-09-05 08:38:25,23.54,99,48970.11,1.0,48970.11,Completed,Credit Card,Success
5023,TRP-004773,DRV-00429,USR-00248,LOC-0026,LOC-0033,2024-08-01 20:26:03,2024-08-01 21:42:03,15.33,76,12643.33,1.5,18964.99,CANCELLED,GoPay,Failed
5024,TRP-004774,DRV-00398,USR-01525,LOC-0051,LOC-0003,2024-06-14 04:05:12,2024-06-14 04:35:12,29.98,30,72938.47,2.0,145876.94,Completed,GoPay,Success
5025,TRP-004775,DRV-00074,USR-01422,LOC-0014,LOC-0003,2024-08-15 12:36:14,2024-08-15 14:07:14,18.96,91,98558.07,1.25,123197.59,Completed,Cash,Success
5026,TRP-004776,DRV-00115,USR-01591,LOC-0052,LOC-0027,2024-10-06 10:12:19,2024-10-06 12:06:19,,114,115851.27,1.0,115851.27,Completed,GoPay,Success
5027,TRP-004777,DRV-00070,USR-00375,LOC-0029,LOC-0038,2024-03-14 12:02:34,2024-03-14 12:49:34,29.42,47,32024.95,1.25,40031.19,Completed,GoPay,Success
5028,TRP-004778,DRV-00128,USR-01382,LOC-0038,LOC-0013,2024-04-11 21:08:12,2024-04-11 22:17:12,24.47,69,17474.62,1.0,17474.62,Completed,Credit Card,Success
5029,TRP-004779,DRV-00447,USR-00799,LOC-0048,LOC-0031,2024-08-15 05:25:19,2024-08-15 05:51:19,36.34,26,18692.22,1.25,23365.28,Completed,Cash,Success
5030,TRP-004780,DRV-00285,USR-01107,LOC-0010,LOC-0029,2024-06-14 09:32:26,2024-06-14 11:09:26,5.7,97,,1.25,,Completed,GoPay,Success
5031,TRP-004781,DRV-00311,USR-00913,LOC-0034,LOC-0012,2024-08-04 15:46:35,2024-08-04 15:58:35,19.0,12,54028.54,1.0,54028.54,Cancelled,Credit Card,Success
5032,TRP-004782,DRV-00033,USR-00472,LOC-0015,LOC-0037,2024-05-17 17:18:45,2024-05-17 17:40:45,38.9,22,70683.33,1.5,106024.99,Completed,Credit Card,Success
5033,TRP-004783,DRV-00445,USR-01013,LOC-0031,LOC-0021,2024-09-21 00:33:11,2024-09-21 02:11:11,9.5,98,39271.27,1.0,39271.27,Cancelled,Credit Card,Pending
5034,TRP-004784,DRV-00299,USR-00758,LOC-0010,LOC-0042,2024-07-03 09:11:35,2024-07-03 10:14:35,4.98,63,43674.22,1.0,43674.22,Completed,Cash,Success
5035,TRP-004785,DRV-00257,USR-00282,LOC-0022,LOC-0038,2024-08-23 18:05:34,2024-08-23 19:15:34,22.02,70,52529.92,1.5,78794.88,Completed,Cash,Pending
5036,TRP-004786,DRV-00259,USR-01649,LOC-0004,LOC-0026,2024-01-16 09:31:59,2024-01-16 11:20:59,16.6,109,124257.07,2.0,248514.14,Failed,GoPay,Failed
5037,TRP-004787,DRV-00169,USR-01806,LOC-0055,LOC-0039,2024-01-21 02:57:16,2024-01-21 03:45:16,37.59,48,0.0,1.5,0.0,Cancelled,Credit Card,Pending
5038,TRP-004788,DRV-00417,USR-00548,LOC-0055,LOC-0056,2024-07-08 17:40:28,2024-07-08 19:09:28,31.03,89,77905.51,1.0,77905.51,Completed,Credit Card,Failed
5039,TRP-004789,DRV-00328,USR-00906,LOC-0008,LOC-0019,2024-07-06 13:46:38,2024-07-06 14:18:38,18.17,32,148113.08,1.5,222169.62,Completed,Credit Card,Success
5040,TRP-004790,DRV-00319,USR-00881,LOC-0032,LOC-0030,2024-05-05 22:44:14,2024-05-05 23:00:14,18.02,16,112650.78,1.75,197138.86,Completed,Credit Card,Success
5041,TRP-004791,DRV-00367,USR-01642,LOC-0048,LOC-0035,2024-04-29 09:55:49,2024-04-29 10:51:49,20.77,56,147654.91,1.0,147654.91,Completed,GoPay,Success
5042,TRP-004792,DRV-00193,USR-01799,LOC-0029,LOC-0005,2024-07-12 08:14:39,2024-07-12 09:47:39,1.4,93,139933.46,0.8,139933.46,Completed,Credit Card,Success
5043,TRP-004793,DRV-00117,USR-01485,LOC-0025,LOC-0039,2024-04-25 16:52:11,2024-04-25 17:51:11,12.26,59,89543.32,1.0,89543.32,Completed,Cash,Success
5044,TRP-004793,DRV-00117,USR-01485,LOC-0025,LOC-0039,2024-04-25 16:52:11,2024-04-25 17:51:11,12.26,59,89543.32,1.0,89543.32,Completed,Cash,Success
5045,TRP-004794,DRV-00120,USR-00630,LOC-0037,LOC-0040,2024-10-11 18:28:21,2024-10-11 19:11:21,39.82,43,133690.89,5.0,200536.34,Completed,Credit Card,Success
5046,TRP-004795,DRV-00015,USR-01368,LOC-0014,LOC-0002,2024-05-09 08:29:35,2024-05-09 10:07:35,26.78,98,45276.2,1.0,45276.2,Completed,Cash,Failed
5047,TRP-004796,DRV-00124,USR-01684,LOC-0047,LOC-0010,2024-08-18 09:54:30,2024-08-18 11:14:30,34.92,80,70964.56,1.0,70964.56,Completed,GoPay,Failed
5048,TRP-004796,DRV-00124,USR-01684,LOC-0047,LOC-0010,2024-08-18 09:54:30,2024-08-18 11:14:30,34.92,80,70964.56,1.0,70964.56,Completed,GoPay,Failed
5049,TRP-004797,DRV-00357,USR-00564,LOC-0008,LOC-0028,2024-08-22 10:46:54,2024-08-22 12:15:54,8.95,89,143048.26,1.5,214572.39,Completed,Credit Card,Success
5050,TRP-004798,DRV-00252,USR-01444,LOC-0019,LOC-0016,2024-05-28 23:02:27,2024-05-28 23:31:27,20.43,29,132762.77,2.5,331906.92,Cancelled,GoPay,Success
5051,TRP-004799,DRV-00441,USR-00941,LOC-0050,LOC-0034,2024-02-26 04:40:51,2024-02-26 05:57:51,20.59,77,39243.13,1.25,49053.91,Cancelled,Credit Card,Success
5052,TRP-004800,DRV-00005,USR-01341,LOC-0048,LOC-0050,2024-03-02 06:49:58,2024-03-02 07:08:58,15.81,19,109193.23,1.5,163789.85,Failed,Cash,Success
5053,TRP-004801,DRV-00068,USR-01277,LOC-0044,LOC-0012,2024-03-12 08:33:00,2024-03-12 09:55:00,33.49,82,126125.87,1.0,126125.87,Completed,Cash,Success
5054,TRP-004802,DRV-00146,USR-01952,LOC-0057,LOC-0036,2024-02-13 23:46:34,2024-02-14 01:44:34,22.39,118,35162.42,1.0,35162.42,Completed,Cash,Success
5055,TRP-004803,DRV-00284,USR-01408,LOC-0027,LOC-0046,2024-08-15 18:55:03,2024-08-15 19:12:03,14.58,17,123312.74,1.0,123312.74,Completed,GoPay,Success
5056,TRP-004804,DRV-00310,USR-00366,LOC-0027,LOC-0034,2024-07-31 15:39:28,2024-07-31 16:54:28,36.0,75,0.0,1.5,0.0,Completed,GoPay,Success
5057,TRP-004805,DRV-00336,USR-00412,LOC-0029,LOC-0052,2024-06-04 17:48:54,2024-06-04 19:22:54,32.42,94,0.0,1.5,0.0,Completed,Credit Card,Pending
5058,TRP-004806,DRV-00054,USR-00251,LOC-0004,LOC-0023,2024-12-01 15:07:25,2024-12-01 15:17:25,17.24,10,100200.88,1.0,100200.88,Cancelled,Credit Card,Success
5059,TRP-004807,DRV-00455,USR-00516,LOC-0042,LOC-0004,2024-05-24 15:06:18,2024-05-24 17:05:18,38.92,119,78497.67,1.0,78497.67,Completed,Cash,Success
5060,TRP-004808,DRV-00032,USR-00828,LOC-0004,LOC-0022,2024-06-23 08:01:59,2024-06-23 09:27:59,24.4,86,47902.83,1.5,71854.24,Failed,GoPay,Success
5061,TRP-004809,DRV-00292,USR-01805,LOC-0021,LOC-0027,2024-01-18 14:49:39,2024-01-18 15:43:39,17.4,54,14576.54,1.0,14576.54,Completed,GoPay,Success
5062,TRP-004810,DRV-00063,USR-00370,LOC-0024,LOC-0047,2024-04-01 11:20:10,2024-04-01 11:50:10,6.36,30,66109.86,1.0,66109.86,Completed,Credit Card,Success
5063,TRP-004811,DRV-00095,USR-01795,LOC-0008,LOC-0020,2024-11-19 15:21:20,2024-11-19 15:33:20,7.1,12,93195.96,1.0,93195.96,Completed,GoPay,Success
5064,TRP-004812,DRV-00163,USR-01830,LOC-0029,LOC-0054,2024-09-21 03:40:02,2024-09-21 05:29:02,37.29,109,79013.9,1.0,79013.9,Completed,Credit Card,Success
5065,TRP-004813,DRV-00405,USR-00663,LOC-0047,LOC-0012,2024-02-07 17:27:30,2024-02-07 19:12:30,4.13,105,113075.04,1.5,169612.56,Cancelled,Credit Card,Pending
5066,TRP-004813,DRV-00405,USR-00663,LOC-0047,LOC-0012,2024-02-07 17:27:30,2024-02-07 19:12:30,4.13,105,113075.04,1.5,169612.56,Cancelled,Credit Card,Pending
5067,TRP-004814,DRV-00383,USR-01897,LOC-0042,LOC-0034,2024-01-13 23:02:29,2024-01-13 23:17:29,39.14,15,48983.63,1.0,48983.63,COMPLETED,GoPay,Success
5068,TRP-004815,DRV-00486,USR-01775,LOC-0003,LOC-0041,2024-01-01 16:48:17,2024-01-01 18:43:17,39.34,115,88733.16,1.0,88733.16,Completed,GoPay,Success
5069,TRP-004816,DRV-00203,USR-00811,LOC-0016,LOC-0013,2024-01-18 12:30:49,2024-01-18 14:08:49,38.38,98,11317.96,2.0,22635.92,Completed,Cash,Success
5070,TRP-004817,DRV-00392,USR-00635,LOC-0047,LOC-0026,2024-04-11 21:43:43,2024-04-11 22:43:43,1.9,60,129166.87,1.0,129166.87,Completed,Credit Card,Pending
5071,TRP-004818,DRV-00179,USR-00624,LOC-0028,LOC-0040,2024-06-04 14:40:43,2024-06-04 15:41:43,7.95,61,51086.68,1.0,51086.68,Completed,Cash,Success
5072,TRP-004819,DRV-00321,USR-01784,LOC-0026,LOC-0025,2024-03-03 16:48:41,2024-03-03 17:48:41,23.3,60,93284.88,1.75,163248.54,Completed,Cash,Success
5073,TRP-004820,DRV-00437,USR-01033,LOC-0034,LOC-0026,2024-09-12 08:03:08,2024-09-12 08:16:08,28.5,13,25833.74,1.75,45209.05,Completed,GoPay,Success
5074,TRP-004821,DRV-00026,USR-01176,LOC-0057,LOC-0054,2024-04-13 01:55:05,2024-04-13 02:13:05,15.82,18,146414.68,1.25,183018.35,Completed,Cash,Success
5075,TRP-004822,DRV-00386,USR-01394,LOC-0003,LOC-0029,2024-02-25 15:07:55,2024-02-25 16:39:55,22.09,92,118779.94,1.0,118779.94,Completed,Cash,Success
5076,TRP-004823,DRV-00419,USR-00484,LOC-0042,LOC-0057,2024-06-30 05:14:05,2024-06-30 06:11:05,30.38,57,92089.72,1.0,92089.72,Failed,Credit Card,Success
5077,TRP-004823,DRV-00419,USR-00484,LOC-0042,LOC-0057,2024-06-30 05:14:05,2024-06-30 06:11:05,30.38,57,92089.72,1.0,92089.72,Failed,Credit Card,Success
5078,TRP-004824,DRV-00218,USR-00393,LOC-0016,LOC-0007,2024-05-07 13:27:47,2024-05-07 15:01:47,,94,99202.65,1.0,99202.65,Completed,Cash,Failed
5079,TRP-004825,DRV-00237,USR-01814,LOC-0008,LOC-0051,2024-03-03 02:19:37,2024-03-03 04:15:37,32.02,116,73065.09,1.0,73065.09,Completed,Credit Card,Success
5080,TRP-004826,DRV-00483,USR-00413,LOC-0020,LOC-0054,2024-09-02 07:29:12,2024-09-02 07:43:12,27.87,14,118577.38,1.25,148221.73,Cancelled,Credit Card,Success
5081,TRP-004827,DRV-00191,USR-01640,LOC-0032,LOC-0028,2024-12-28 22:29:20,2024-12-29 00:08:20,33.73,99,55674.16,1.75,97429.78,Completed,Credit Card,Success
5082,TRP-004828,DRV-00486,USR-01193,LOC-0045,LOC-0057,2024-01-22 14:12:42,2024-01-22 15:05:42,19.03,53,45435.25,1.5,68152.88,Completed,GoPay,Success
5083,TRP-004829,DRV-00264,USR-00284,LOC-0027,LOC-0008,2024-08-23 21:09:07,2024-08-23 22:36:07,20.85,87,10777.85,2.0,21555.7,failed,Cash,Success
5084,TRP-004830,DRV-00364,USR-01701,LOC-0025,LOC-0012,2024-05-06 01:16:55,2024-05-06 03:13:55,39.9,117,118437.99,1.0,118437.99,Completed,Credit Card,Success
5085,TRP-004831,DRV-00063,USR-01069,LOC-0006,LOC-0016,2024-01-11 23:29:35,2024-01-12 01:14:35,15.66,105,32455.59,1.0,32455.59,Completed,Cash,Success
5086,TRP-004831,DRV-00063,USR-01069,LOC-0006,LOC-0016,2024-01-11 23:29:35,2024-01-12 01:14:35,15.66,105,32455.59,1.0,32455.59,Completed,Cash,Success
5087,TRP-004832,DRV-00471,USR-01374,LOC-0033,LOC-0032,2024-10-19 12:55:50,2024-10-19 14:30:50,12.74,95,,1.25,,Completed,Cash,Failed
5088,TRP-004833,DRV-00460,USR-00565,LOC-0001,LOC-0053,2024-11-17 13:00:06,2024-11-17 14:11:06,13.09,71,96419.9,1.5,144629.85,Completed,GoPay,Success
5089,TRP-004834,DRV-00276,USR-01713,LOC-0005,LOC-0006,2024-02-10 19:45:49,2024-02-10 21:41:49,9.43,116,125061.34,1.75,218857.35,Cancelled,Credit Card,Success
5090,TRP-004835,DRV-00076,USR-00579,LOC-0002,LOC-0034,2024-09-17 16:15:26,2024-09-17 17:44:26,33.68,89,105386.9,2.5,263467.25,Completed,Credit Card,Success
5091,TRP-004836,DRV-00420,USR-01882,LOC-0009,LOC-0021,2024-08-16 18:40:19,2024-08-16 19:30:19,33.12,50,17775.07,1.25,22218.84,Completed,GoPay,Success
5092,TRP-004837,DRV-00016,USR-01766,LOC-0014,LOC-0031,2024-08-08 14:04:37,2024-08-08 15:17:37,30.52,73,36688.87,1.0,36688.87,Completed,GoPay,Success
5093,TRP-004838,DRV-00396,USR-00684,LOC-0041,LOC-0014,2024-07-09 22:49:23,2024-07-09 23:49:23,3.37,60,102731.9,2.5,256829.75,Cancelled,Cash,Success
5094,TRP-004839,DRV-00094,USR-00190,LOC-0010,LOC-0026,2024-02-07 05:01:04,2024-02-07 05:35:04,19.19,34,65352.22,1.0,65352.22,Completed,Cash,Success
5095,TRP-004840,DRV-00049,USR-01795,LOC-0056,LOC-0028,2024-10-13 06:04:12,2024-10-13 07:27:12,34.67,83,73190.16,2.0,146380.32,Completed,Cash,Success
5096,TRP-004841,DRV-00146,USR-01349,LOC-0053,LOC-0054,2024-11-12 09:17:59,2024-11-12 10:21:59,32.68,64,26497.76,1.0,26497.76,Completed,Cash,Success
5097,TRP-004842,DRV-00056,USR-00082,LOC-0026,LOC-0022,2024-07-14 12:49:22,2024-07-14 13:23:22,21.62,34,133088.37,1.0,133088.37,Completed,GoPay,Success
5098,TRP-004843,DRV-00373,USR-00275,LOC-0047,LOC-0048,2024-03-04 15:02:45,2024-03-04 16:44:45,11.39,102,95211.25,2.0,190422.5,Completed,Cash,Success
5099,TRP-004844,DRV-00145,USR-01428,LOC-0046,LOC-0028,2024-08-19 00:56:45,2024-08-19 01:06:45,24.23,10,0.0,1.0,0.0,Completed,Cash,Success
5100,TRP-004845,DRV-00061,USR-01484,LOC-0005,LOC-0013,2024-12-17 12:34:08,2024-12-17 13:43:08,35.63,69,19771.98,1.0,19771.98,Cancelled,Cash,Success
5101,TRP-004846,DRV-00262,USR-00766,LOC-0021,LOC-0029,2024-05-28 22:45:34,2024-05-28 23:37:34,18.77,52,15112.33,1.0,15112.33,Completed,GoPay,Success
5102,TRP-004847,DRV-00218,USR-00010,LOC-0007,LOC-0048,2024-03-21 06:35:11,2024-03-21 07:15:11,38.61,40,85047.39,1.0,85047.39,Completed,Cash,Success
5103,TRP-004848,DRV-00212,USR-00926,LOC-0006,LOC-0057,2024-08-08 05:49:32,2024-08-08 07:30:32,28.39,101,116403.36,1.0,116403.36,Completed,Cash,Failed
5104,TRP-004849,DRV-00374,USR-00647,LOC-0013,LOC-0052,2024-12-08 09:19:49,2024-12-08 10:29:49,19.65,70,56057.04,1.0,56057.04,Completed,Cash,Pending
5105,TRP-004850,DRV-00295,USR-01767,LOC-0027,LOC-0033,2024-06-21 18:11:22,2024-06-21 19:08:22,,57,123157.38,1.0,123157.38,Completed,Cash,Failed
5106,TRP-004851,DRV-00223,USR-00325,LOC-0006,LOC-0025,2024-12-14 19:43:23,2024-12-14 20:12:23,37.01,29,119781.6,1.0,119781.6,Completed,Credit Card,Success
5107,TRP-004852,DRV-00459,USR-00718,LOC-0050,LOC-0027,2024-02-04 23:32:47,2024-02-05 00:00:47,8.27,0,131646.35,1.0,131646.35,Completed,Cash,Success
5108,TRP-004853,DRV-00174,USR-00075,LOC-0023,LOC-0055,2024-06-18 18:11:11,2024-06-18 18:27:11,14.39,16,74765.26,1.0,74765.26,Completed,Cash,Success
5109,TRP-004854,DRV-00457,USR-01459,LOC-0028,LOC-0011,2024-03-18 12:56:06,2024-03-18 13:47:06,5.15,51,99811.65,1.5,149717.47,Completed,GoPay,Success
5110,TRP-004855,DRV-00164,USR-01380,LOC-0056,LOC-0012,2024-12-06 14:25:42,2024-12-06 15:31:42,18.94,66,128349.89,1.75,224612.31,Completed,GoPay,Success
5111,TRP-004856,DRV-00091,USR-00940,LOC-0023,LOC-0039,2024-02-24 01:53:26,2024-02-24 02:31:26,14.68,38,103182.69,1.25,128978.36,Completed,Credit Card,Success
5112,TRP-004857,DRV-00339,USR-00744,LOC-0016,LOC-0044,2024-07-13 15:38:10,2024-07-13 17:30:10,37.65,112,53775.95,1.0,53775.95,Completed,Cash,Success
5113,TRP-004858,DRV-00131,USR-00447,LOC-0013,LOC-0038,2024-05-04 16:00:54,2024-05-04 17:33:54,23.1,93,111938.68,1.0,111938.68,Completed,GoPay,Success
5114,TRP-004859,DRV-00438,USR-00389,LOC-0047,LOC-0038,2024-10-04 00:27:19,2024-10-04 01:39:19,6.16,72,80248.02,1.25,100310.03,Cancelled,GoPay,Success
5115,TRP-004860,DRV-00259,USR-00530,LOC-0045,LOC-0003,2024-02-02 02:04:36,2024-02-02 02:40:36,29.57,36,142639.58,1.0,142639.58,Completed,Cash,Success
5116,TRP-004861,DRV-00308,USR-01915,LOC-0018,LOC-0055,2024-10-09 08:59:22,2024-10-09 09:53:22,11.33,54,,1.0,,Completed,Credit Card,Success
5117,TRP-004862,DRV-00337,USR-01967,LOC-0044,LOC-0006,2024-06-18 01:24:05,2024-06-18 02:50:05,13.21,86,138329.51,1.25,172911.89,Completed,GoPay,Success
5118,TRP-004863,DRV-00050,USR-01793,LOC-0044,LOC-0009,2024-03-11 05:10:48,2024-03-11 05:23:48,16.64,13,138590.91,1.0,138590.91,Completed,Credit Card,Success
5119,TRP-004864,DRV-00069,USR-01793,LOC-0049,LOC-0042,2024-11-03 19:45:05,2024-11-03 20:42:05,25.62,57,49379.53,5.0,86414.18,Cancelled,Cash,Success
5120,TRP-004865,DRV-00368,USR-00587,LOC-0034,LOC-0042,2024-10-19 15:34:02,2024-10-19 17:01:02,27.01,87,95516.0,1.0,95516.0,Completed,GoPay,Pending
5121,TRP-004866,DRV-00495,USR-00819,LOC-0044,LOC-0040,2024-01-12 04:44:27,2024-01-12 06:40:27,6.49,116,,1.0,,Completed,GoPay,Success
5122,TRP-004867,DRV-00264,USR-01154,LOC-0005,LOC-0020,2024-08-07 00:19:06,2024-08-07 01:26:06,38.42,67,60984.24,1.0,60984.24,Completed,GoPay,Success
5123,TRP-004868,DRV-00350,USR-00057,LOC-0054,LOC-0033,2024-04-10 15:40:02,2024-04-10 16:51:02,3.16,71,71260.09,1.0,71260.09,Completed,GoPay,Success
5124,TRP-004869,DRV-00395,USR-00663,LOC-0015,LOC-0048,2024-11-13 07:18:39,2024-11-13 08:05:39,26.46,47,27276.44,1.0,27276.44,Completed,GoPay,Success
5125,TRP-004870,DRV-00144,USR-00226,LOC-0036,LOC-0026,2024-10-01 14:47:03,2024-10-01 15:35:03,8.29,48,37905.92,1.0,37905.92,Failed,GoPay,Success
5126,TRP-004871,DRV-00082,USR-00616,LOC-0052,LOC-0033,2024-08-30 04:02:20,2024-08-30 05:14:20,39.84,72,50103.2,1.0,50103.2,Failed,Credit Card,Success
5127,TRP-004872,DRV-00475,USR-00939,LOC-0010,LOC-0019,2024-03-24 00:52:28,2024-03-24 02:03:28,4.6,71,50756.39,1.0,50756.39,Cancelled,Credit Card,Success
5128,TRP-004873,DRV-00399,USR-00513,LOC-0019,LOC-0054,2024-11-06 03:37:25,2024-11-06 03:50:25,3.71,13,51868.67,1.0,51868.67,Completed,Credit Card,Success
5129,TRP-004874,DRV-00136,USR-01774,LOC-0025,LOC-0054,2024-04-07 22:37:28,2024-04-08 00:16:28,4.89,99,128874.59,1.5,193311.89,Completed,Cash,Success
5130,TRP-004875,DRV-00084,USR-01763,LOC-0047,LOC-0025,2024-07-24 06:46:34,2024-07-24 07:06:34,3.59,20,23827.96,1.0,23827.96,Completed,Cash,Success
5131,TRP-004876,DRV-00429,USR-01499,LOC-0006,LOC-0007,2024-04-21 02:15:27,2024-04-21 03:57:27,28.01,102,23382.01,1.0,23382.01,Cancelled,Credit Card,Failed
5132,TRP-004877,DRV-00349,USR-00957,LOC-0042,LOC-0039,2024-09-27 02:55:00,2024-09-27 03:43:00,10.24,48,57357.77,1.0,57357.77,Completed,Cash,Pending
5133,TRP-004878,DRV-00375,USR-01366,LOC-0010,LOC-0029,2024-06-02 15:45:00,2024-06-02 16:41:00,6.51,56,101068.68,1.5,151603.02,Cancelled,Cash,Failed
5134,TRP-004879,DRV-00296,USR-01435,LOC-0041,LOC-0025,2024-07-15 19:18:14,2024-07-15 20:08:14,17.86,50,104804.82,1.25,131006.03,Completed,GoPay,Success
5135,TRP-004880,DRV-00130,USR-00303,LOC-0023,LOC-0026,2024-05-18 20:04:46,2024-05-18 21:25:46,23.73,81,31643.52,1.0,31643.52,Completed,Credit Card,Success
5136,TRP-004881,DRV-00387,USR-00354,LOC-0005,LOC-0018,2024-03-04 23:47:44,2024-03-05 00:47:44,12.98,60,48644.47,1.0,48644.47,Completed,Cash,Success
5137,TRP-004882,DRV-00276,USR-00456,LOC-0020,LOC-0027,2024-12-18 12:29:06,2024-12-18 12:51:06,22.59,22,53493.2,1.0,53493.2,Completed,Credit Card,Success
5138,TRP-004883,DRV-00029,USR-01130,LOC-0014,LOC-0036,2024-06-28 13:29:13,2024-06-28 14:53:13,19.32,84,11218.07,1.5,16827.1,Completed,Credit Card,Pending
5139,TRP-004884,DRV-00315,USR-00757,LOC-0018,LOC-0026,2024-01-06 07:02:54,2024-01-06 08:15:54,16.74,73,114385.16,1.0,114385.16,Completed,Cash,Success
5140,TRP-004885,DRV-00208,USR-00572,LOC-0035,LOC-0020,2024-11-29 16:49:47,2024-11-29 17:10:47,9.78,21,114331.02,1.0,114331.02,Completed,Credit Card,Success
5141,TRP-004886,DRV-00140,USR-00369,LOC-0032,LOC-0057,2024-01-27 00:10:34,2024-01-27 01:43:34,13.78,93,128784.92,1.75,225373.61,Completed,Credit Card,Success
5142,TRP-004887,DRV-00242,USR-00626,LOC-0029,LOC-0014,2024-01-27 18:04:31,2024-01-27 19:31:31,21.59,87,50289.4,1.0,50289.4,Completed,GoPay,Success
5143,TRP-004888,DRV-00289,USR-00685,LOC-0049,LOC-0020,2024-05-24 02:36:12,2024-05-24 03:43:12,29.18,67,117757.46,1.0,117757.46,Completed,Cash,Failed
5144,TRP-004889,DRV-00237,USR-01774,LOC-0010,LOC-0011,2024-10-05 01:35:26,2024-10-05 01:49:26,18.8,14,59963.24,1.0,59963.24,Completed,Credit Card,Success
5145,TRP-004890,DRV-00266,USR-01628,LOC-0042,LOC-0022,2024-02-08 10:12:07,2024-02-08 11:37:07,38.06,85,99436.39,1.0,99436.39,Completed,GoPay,Success
5146,TRP-004891,DRV-00266,USR-00414,LOC-0004,LOC-0012,2024-11-10 00:04:45,2024-11-10 00:34:45,9.09,30,145932.6,0.8,182415.75,Completed,Cash,Success
5147,TRP-004892,DRV-00402,USR-01798,LOC-0008,LOC-0033,2024-11-19 16:53:27,2024-11-19 17:09:27,9.54,16,49492.94,1.0,49492.94,Completed,Credit Card,Success
5148,TRP-004893,DRV-00012,USR-01945,LOC-0020,LOC-0050,2024-10-09 20:19:51,2024-10-09 21:52:51,37.44,93,83356.72,1.5,125035.08,Completed,Credit Card,Success
5149,TRP-004894,DRV-00307,USR-00213,LOC-0029,LOC-0039,2024-08-03 03:46:59,2024-08-03 04:20:59,2.51,34,36358.28,1.0,36358.28,Cancelled,GoPay,Success
5150,TRP-004895,DRV-00186,USR-00798,LOC-0021,LOC-0046,2024-05-31 16:41:24,2024-05-31 17:16:24,15.24,35,78268.12,1.25,97835.15,Completed,GoPay,Failed
5151,TRP-004896,DRV-00221,USR-01197,LOC-0053,LOC-0049,2024-07-19 18:19:57,2024-07-19 19:38:57,16.54,79,78193.69,1.0,78193.69,Completed,Credit Card,Success
5152,TRP-004897,DRV-00204,USR-01940,LOC-0050,LOC-0002,2024-02-05 11:57:23,2024-02-05 13:10:23,24.95,0,,1.0,,Cancelled,GoPay,Success
5153,TRP-004898,DRV-00108,USR-00221,LOC-0047,LOC-0010,2024-12-21 23:47:11,2024-12-22 00:16:11,20.56,29,63720.15,1.0,63720.15,Completed,GoPay,Success
5154,TRP-004899,DRV-00400,USR-00132,LOC-0012,LOC-0008,2024-09-30 07:28:58,2024-09-30 09:25:58,17.5,117,108585.78,1.0,108585.78,Completed,Credit Card,Success
5155,TRP-004900,DRV-00279,USR-01358,LOC-0010,LOC-0037,2024-06-27 13:06:59,2024-06-27 15:02:59,1.8,116,131844.6,1.0,131844.6,Completed,Credit Card,Success
5156,TRP-004901,DRV-00084,USR-00732,LOC-0005,LOC-0040,2024-04-22 04:34:18,2024-04-22 06:07:18,20.95,93,106375.89,1.0,106375.89,Failed,Credit Card,Success
5157,TRP-004902,DRV-00123,USR-01628,LOC-0035,LOC-0012,2024-10-31 18:48:18,2024-10-31 20:23:18,38.31,95,63202.89,1.0,63202.89,Completed,Credit Card,Success
5158,TRP-004903,DRV-00463,USR-01824,LOC-0008,LOC-0022,2024-05-16 02:01:40,2024-05-16 03:39:40,2.91,98,79833.88,1.25,99792.35,Completed,GoPay,Success
5159,TRP-004904,DRV-00145,USR-01242,LOC-0039,LOC-0034,2024-10-02 09:27:57,2024-10-02 11:27:57,16.34,120,14688.53,1.0,14688.53,Completed,Cash,Success
5160,TRP-004905,DRV-00187,USR-00685,LOC-0027,LOC-0028,2024-04-22 19:20:56,2024-04-22 20:05:56,,45,60826.13,1.25,76032.66,Completed,GoPay,Success
5161,TRP-004906,DRV-00079,USR-01028,LOC-0022,LOC-0012,2024-03-23 19:11:53,2024-03-23 19:32:53,13.69,21,92720.2,1.0,92720.2,Completed,GoPay,Success
5162,TRP-004907,DRV-00039,USR-01755,LOC-0003,LOC-0031,2024-08-28 21:00:55,2024-08-28 21:49:55,27.4,49,58190.29,1.0,58190.29,Completed,Cash,Success
5163,TRP-004908,DRV-00292,USR-01762,LOC-0021,LOC-0032,2024-03-12 18:16:49,2024-03-12 18:39:49,30.77,23,133190.07,1.5,199785.11,Cancelled,Credit Card,Success
5164,TRP-004909,DRV-00161,USR-00570,LOC-0015,LOC-0035,2024-07-15 10:20:16,2024-07-15 11:11:16,8.4,51,81063.15,1.0,81063.15,Cancelled,Cash,Success
5165,TRP-004910,DRV-00419,USR-00719,LOC-0001,LOC-0051,2024-09-02 17:04:25,2024-09-02 18:22:25,20.54,78,59744.6,1.75,104553.05,Completed,Credit Card,Success
5166,TRP-004911,DRV-00236,USR-01534,LOC-0010,LOC-0033,2024-04-03 18:20:32,2024-04-03 19:17:32,22.22,57,71897.61,1.0,71897.61,Cancelled,Credit Card,Failed
5167,TRP-004912,DRV-00045,USR-01284,LOC-0016,LOC-0032,2024-02-02 02:33:51,2024-02-02 04:16:51,34.14,103,84721.57,1.0,84721.57,Completed,GoPay,Success
5168,TRP-004913,DRV-00353,USR-01120,LOC-0049,LOC-0038,2024-04-20 16:52:52,2024-04-20 17:34:52,27.48,42,46345.36,1.0,46345.36,Completed,Credit Card,Success
5169,TRP-004914,DRV-00343,USR-01847,LOC-0022,LOC-0049,2024-11-27 07:50:41,2024-11-27 08:04:41,37.92,14,34486.15,1.0,34486.15,Completed,Credit Card,Success
5170,TRP-004915,DRV-00444,USR-00091,LOC-0015,LOC-0041,2024-03-17 22:11:59,2024-03-18 00:02:59,24.7,111,110076.92,1.0,110076.92,Completed,Cash,Pending
5171,TRP-004916,DRV-00472,USR-01996,LOC-0024,LOC-0002,2024-10-09 02:01:31,2024-10-09 03:33:31,15.17,92,111104.27,1.0,111104.27,Cancelled,Cash,Success
5172,TRP-004917,DRV-00492,USR-01507,LOC-0056,LOC-0043,2024-02-01 00:21:22,2024-02-01 01:22:22,1.98,61,130116.22,1.5,195174.33,Completed,GoPay,Success
5173,TRP-004918,DRV-00320,USR-01154,LOC-0055,LOC-0005,2024-05-20 16:07:13,2024-05-20 17:05:13,22.31,58,37784.23,1.0,37784.23,Completed,Cash,Success
5174,TRP-004919,DRV-00076,USR-01698,LOC-0032,LOC-0049,2024-11-02 00:13:36,2024-11-02 00:56:36,15.94,43,23639.7,1.0,23639.7,Completed,Credit Card,Success
5175,TRP-004920,DRV-00138,USR-00044,LOC-0026,LOC-0040,2024-03-06 18:24:02,2024-03-06 20:11:02,12.62,107,79369.52,1.0,79369.52,Completed,GoPay,Success
5176,TRP-004921,DRV-00488,USR-00395,LOC-0051,LOC-0030,2024-05-30 19:20:18,2024-05-30 20:52:18,35.78,92,140055.53,1.5,210083.29,Completed,Credit Card,Success
5177,TRP-004922,DRV-00319,USR-00619,LOC-0005,LOC-0030,2024-07-01 22:45:39,2024-07-01 23:51:39,15.41,66,29504.81,1.0,29504.81,Completed,Credit Card,Pending
5178,TRP-004922,DRV-00319,USR-00619,LOC-0005,LOC-0030,2024-07-01 22:45:39,2024-07-01 23:51:39,15.41,66,29504.81,1.0,29504.81,Completed,Credit Card,Pending
5179,TRP-004923,DRV-00129,USR-00974,LOC-0052,LOC-0018,2024-03-18 06:46:05,2024-03-18 07:48:05,23.73,62,136242.24,1.75,238423.92,Completed,Credit Card,Success
5180,TRP-004924,DRV-00024,USR-00641,LOC-0013,LOC-0044,2024-07-23 22:17:00,2024-07-23 23:22:00,10.44,65,77195.2,1.0,77195.2,Completed,Credit Card,Success
5181,TRP-004925,DRV-00178,USR-00159,LOC-0010,LOC-0055,2024-06-05 08:37:19,2024-06-05 10:26:19,19.95,109,92440.77,1.5,138661.15,Cancelled,Cash,Success
5182,TRP-004925,DRV-00178,USR-00159,LOC-0010,LOC-0055,2024-06-05 08:37:19,2024-06-05 10:26:19,19.95,109,92440.77,1.5,138661.15,Cancelled,Cash,Success
5183,TRP-004926,DRV-00081,USR-00747,LOC-0045,LOC-0021,2024-03-07 23:41:13,2024-03-08 01:35:13,30.64,114,84525.15,1.0,84525.15,Completed,GoPay,Success
5184,TRP-004927,DRV-00257,USR-01092,LOC-0048,LOC-0054,2024-11-23 16:44:22,2024-11-23 17:25:22,9.18,41,23080.34,1.0,23080.34,Completed,GoPay,Success
5185,TRP-004928,DRV-00279,USR-01444,LOC-0025,LOC-0030,2024-02-11 01:00:35,2024-02-11 02:27:35,36.66,87,110312.0,2.0,220624.0,Completed,GoPay,Success
5186,TRP-004929,DRV-00470,USR-00356,LOC-0011,LOC-0032,2024-09-20 11:08:57,2024-09-20 12:09:57,34.84,61,30764.15,1.0,30764.15,Cancelled,Credit Card,Success
5187,TRP-004930,DRV-00292,USR-00726,LOC-0021,LOC-0057,2024-07-02 01:37:31,2024-07-02 02:44:31,12.0,67,47171.35,1.0,47171.35,Completed,GoPay,Success
5188,TRP-004931,DRV-00031,USR-01223,LOC-0057,LOC-0010,2024-04-22 11:47:47,2024-04-22 13:46:47,37.62,119,16540.95,1.0,16540.95,Completed,Credit Card,Success
5189,TRP-004932,DRV-00065,USR-00334,LOC-0011,LOC-0030,2024-12-03 19:34:12,2024-12-03 21:05:12,3.09,91,113596.78,1.0,113596.78,Completed,Credit Card,Success
5190,TRP-004932,DRV-00065,USR-00334,LOC-0011,LOC-0030,2024-12-03 19:34:12,2024-12-03 21:05:12,3.09,91,113596.78,1.0,113596.78,Completed,Credit Card,Success
5191,TRP-004933,DRV-00416,USR-00187,LOC-0056,LOC-0024,2024-11-08 10:03:33,2024-11-08 10:58:33,5.59,55,71031.9,1.0,71031.9,Completed,Credit Card,Success
5192,TRP-004934,DRV-00224,USR-00861,LOC-0042,LOC-0020,2024-12-08 22:10:36,2024-12-08 23:54:36,4.62,104,68114.62,1.0,68114.62,Completed,Cash,Success
5193,TRP-004935,DRV-00146,USR-00734,LOC-0011,LOC-0012,2024-04-30 08:44:13,2024-04-30 09:02:13,32.82,18,114651.23,1.25,143314.04,Completed,GoPay,Failed
5194,TRP-004936,DRV-00374,USR-00595,LOC-0017,LOC-0007,2024-12-04 05:55:51,2024-12-04 07:15:51,5.43,80,139993.13,1.0,139993.13,Completed,Cash,Success
5195,TRP-004937,DRV-00261,USR-01393,LOC-0042,LOC-0055,2024-08-15 17:21:02,2024-08-15 17:54:02,,33,112751.29,1.75,197314.76,Completed,Cash,Success
5196,TRP-004938,DRV-00306,USR-00065,LOC-0057,LOC-0004,2024-05-25 15:50:45,2024-05-25 16:34:45,10.34,44,99445.59,1.25,124306.99,Completed,Cash,Success
5197,TRP-004939,DRV-00393,USR-01108,LOC-0033,LOC-0056,2024-10-17 19:39:49,2024-10-17 20:53:49,25.91,74,71930.14,1.0,71930.14,Completed,Credit Card,Success
5198,TRP-004940,DRV-00436,USR-01171,LOC-0007,LOC-0020,2024-10-30 20:42:28,2024-10-30 21:09:28,13.23,27,138532.52,1.0,138532.52,Completed,Cash,Success
5199,TRP-004941,DRV-00122,USR-00410,LOC-0055,LOC-0044,2024-08-04 17:16:02,2024-08-04 18:29:02,16.64,73,98890.95,1.0,98890.95,Completed,Cash,Success
5200,TRP-004942,DRV-00170,USR-01946,LOC-0024,LOC-0044,2024-09-02 22:56:15,2024-09-02 23:30:15,18.2,34,,2.0,,Failed,GoPay,Failed
5201,TRP-004943,DRV-00149,USR-00998,LOC-0018,LOC-0010,2024-08-09 22:59:28,2024-08-09 23:14:28,15.5,15,149398.6,2.0,298797.2,Completed,Cash,Success
5202,TRP-004944,DRV-00146,USR-01259,LOC-0027,LOC-0053,2024-06-26 16:48:16,2024-06-26 17:18:16,15.66,30,,1.25,,Completed,GoPay,Success
5203,TRP-004945,DRV-00009,USR-00640,LOC-0011,LOC-0024,2024-07-22 08:45:58,2024-07-22 10:32:58,27.67,107,59980.83,1.5,89971.24,Completed,Credit Card,Success
5204,TRP-004946,DRV-00414,USR-01760,LOC-0055,LOC-0037,2024-03-16 23:45:02,2024-03-17 00:52:02,32.23,67,108471.99,1.0,108471.99,Completed,Credit Card,Success
5205,TRP-004947,DRV-00178,USR-01886,LOC-0023,LOC-0043,2024-06-14 08:44:54,2024-06-14 10:17:54,12.77,93,123619.12,1.25,154523.9,Completed,Credit Card,Success
5206,TRP-004948,DRV-00160,USR-00269,LOC-0001,LOC-0018,2024-03-07 00:46:03,2024-03-07 02:38:03,13.16,112,116013.88,1.75,203024.29,Failed,Credit Card,Success
5207,TRP-004949,DRV-00022,USR-01801,LOC-0001,LOC-0026,2024-09-18 06:55:36,2024-09-18 07:10:36,25.64,15,37185.85,1.5,55778.77,Completed,Cash,Success
5208,TRP-004950,DRV-00158,USR-00664,LOC-0025,LOC-0046,2024-06-15 11:43:59,2024-06-15 12:12:59,13.55,29,126560.57,1.0,126560.57,Cancelled,Cash,Success
5209,TRP-004951,DRV-00001,USR-00177,LOC-0040,LOC-0013,2024-07-28 06:38:21,2024-07-28 07:26:21,27.31,48,13755.77,2.0,27511.54,Completed,Credit Card,Success
5210,TRP-004952,DRV-00162,USR-01783,LOC-0010,LOC-0024,2024-03-26 06:27:46,2024-03-26 08:15:46,2.8,108,133179.03,1.0,133179.03,Completed,Credit Card,Failed
5211,TRP-004953,DRV-00044,USR-01031,LOC-0014,LOC-0046,2024-11-04 04:41:39,2024-11-04 05:58:39,11.97,77,49220.96,1.0,49220.96,Completed,GoPay,Success
5212,TRP-004954,DRV-00208,USR-00138,LOC-0055,LOC-0034,2024-08-04 03:41:00,2024-08-04 05:21:00,37.25,100,76209.81,1.0,76209.81,Completed,Credit Card,Success
5213,TRP-004955,DRV-00482,USR-00204,LOC-0025,LOC-0028,2024-10-19 21:12:45,2024-10-19 21:32:45,6.1,20,124412.88,1.0,124412.88,Completed,Credit Card,Success
5214,TRP-004956,DRV-00082,USR-00676,LOC-0021,LOC-0031,2024-09-10 02:05:53,2024-09-10 02:52:53,12.48,47,56948.47,1.0,56948.47,Completed,Credit Card,Success
5215,TRP-004957,DRV-00470,USR-01229,LOC-0028,LOC-0056,2024-09-30 05:46:28,2024-09-30 06:49:28,5.58,63,43175.56,1.0,43175.56,Completed,Cash,Success
5216,TRP-004958,DRV-00235,USR-01732,LOC-0026,LOC-0027,2024-01-28 00:21:18,2024-01-28 02:04:18,39.7,103,45652.8,0.8,91305.6,Cancelled,Credit Card,Success
5217,TRP-004959,DRV-00470,USR-01391,LOC-0007,LOC-0004,2024-05-09 15:36:15,2024-05-09 17:17:15,31.5,101,25176.79,1.5,37765.18,Completed,Credit Card,Success
5218,TRP-004960,DRV-00388,USR-00968,LOC-0020,LOC-0043,2024-07-31 07:49:03,2024-07-31 09:22:03,12.01,93,148942.07,1.75,260648.62,Completed,Cash,Success
5219,TRP-004961,DRV-00249,USR-00014,LOC-0046,LOC-0010,2024-11-24 20:41:12,2024-11-24 21:10:12,,29,87745.78,1.0,87745.78,Completed,GoPay,Success
5220,TRP-004962,DRV-00059,USR-00751,LOC-0043,LOC-0024,2024-02-18 05:11:11,2024-02-18 05:47:11,8.41,36,136509.24,1.0,136509.24,Completed,Credit Card,Success
5221,TRP-004963,DRV-00408,USR-00524,LOC-0057,LOC-0047,2024-11-04 07:57:23,2024-11-04 09:07:23,35.45,70,0.0,2.0,0.0,Completed,GoPay,Success
5222,TRP-004964,DRV-00039,USR-01657,LOC-0052,LOC-0041,2024-11-22 01:44:17,2024-11-22 03:37:17,28.39,113,122243.58,1.0,122243.58,Completed,GoPay,Success
5223,TRP-004965,DRV-00216,USR-01747,LOC-0056,LOC-0051,2024-12-27 15:04:24,2024-12-27 15:19:24,30.31,15,122866.51,1.0,122866.51,Cancelled,Credit Card,Success
5224,TRP-004966,DRV-00116,USR-00606,LOC-0053,LOC-0034,2024-03-10 21:53:55,2024-03-10 23:25:55,6.56,92,76843.92,1.0,76843.92,Completed,Cash,Failed
5225,TRP-004967,DRV-00498,USR-01173,LOC-0004,LOC-0052,2024-01-02 19:31:01,2024-01-02 19:43:01,33.11,12,143038.88,1.0,143038.88,Cancelled,Credit Card,Success
5226,TRP-004968,DRV-00094,USR-01774,LOC-0045,LOC-0009,2024-01-24 17:37:37,2024-01-24 19:12:37,16.59,95,103890.29,1.25,129862.86,Cancelled,Credit Card,Success
5227,TRP-004969,DRV-00179,USR-01957,LOC-0045,LOC-0048,2024-12-24 16:52:04,2024-12-24 17:46:04,3.18,54,46857.92,1.0,46857.92,Completed,Cash,Success
5228,TRP-004969,DRV-00179,USR-01957,LOC-0045,LOC-0048,2024-12-24 16:52:04,2024-12-24 17:46:04,3.18,54,46857.92,1.0,46857.92,Completed,Cash,Success
5229,TRP-004970,DRV-00344,USR-00903,LOC-0029,LOC-0016,2024-07-05 05:22:55,2024-07-05 06:56:55,26.72,94,70700.53,1.0,70700.53,COMPLETED,Cash,Failed
5230,TRP-004971,DRV-00308,USR-01928,LOC-0038,LOC-0022,2024-07-03 01:23:43,2024-07-03 03:04:43,14.52,101,126970.92,1.0,126970.92,Completed,Credit Card,Success
5231,TRP-004972,DRV-00083,USR-00146,LOC-0015,LOC-0012,2024-09-22 20:01:08,2024-09-22 21:02:08,11.69,61,10969.01,1.5,16453.51,Completed,Cash,Success
5232,TRP-004973,DRV-00408,USR-01643,LOC-0044,LOC-0023,2024-05-07 08:09:37,2024-05-07 09:04:37,2.22,55,87671.24,1.5,131506.86,Completed,Credit Card,Success
5233,TRP-004974,DRV-00229,USR-00873,LOC-0047,LOC-0037,2024-03-07 02:29:42,2024-03-07 02:43:42,28.1,14,91681.77,1.5,137522.65,Completed,GoPay,Failed
5234,TRP-004975,DRV-00186,USR-01792,LOC-0010,LOC-0023,2024-12-03 19:09:32,2024-12-03 20:58:32,23.02,109,67490.05,1.0,67490.05,Completed,Credit Card,Pending
5235,TRP-004976,DRV-00318,USR-01971,LOC-0037,LOC-0040,2024-10-17 11:46:49,2024-10-17 12:14:49,38.02,28,60046.13,1.25,75057.66,Failed,Cash,Failed
5236,TRP-004977,DRV-00126,USR-00623,LOC-0002,LOC-0013,2024-11-04 23:34:10,2024-11-05 01:27:10,22.36,113,92475.27,2.5,231188.18,Completed,Cash,Failed
5237,TRP-004978,DRV-00197,USR-01130,LOC-0038,LOC-0052,2024-06-05 04:02:35,2024-06-05 05:15:35,15.85,73,116367.15,1.75,203642.51,Completed,Cash,Success
5238,TRP-004979,DRV-00455,USR-01754,LOC-0033,LOC-0030,2024-10-18 12:58:00,2024-10-18 13:46:00,28.96,48,96284.4,1.0,96284.4,Completed,GoPay,Success
5239,TRP-004980,DRV-00406,USR-01820,LOC-0023,LOC-0025,2024-12-24 10:38:53,2024-12-24 10:53:53,2.38,15,76275.37,1.5,114413.05,Cancelled,GoPay,Success
5240,TRP-004981,DRV-00136,USR-00312,LOC-0039,LOC-0018,2024-10-03 17:25:42,2024-10-03 19:18:42,31.9,113,143031.05,1.5,214546.57,Completed,GoPay,Success
5241,TRP-004981,DRV-00136,USR-00312,LOC-0039,LOC-0018,2024-10-03 17:25:42,2024-10-03 19:18:42,31.9,113,143031.05,1.5,214546.57,Completed,GoPay,Success
5242,TRP-004982,DRV-00340,USR-01292,LOC-0025,LOC-0054,2024-09-26 02:45:16,2024-09-26 04:11:16,34.93,86,116099.29,1.0,116099.29,Cancelled,Credit Card,Success
5243,TRP-004983,DRV-00077,USR-01689,LOC-0020,LOC-0032,2024-01-27 18:01:31,2024-01-27 18:22:31,37.04,21,71126.78,1.25,88908.48,Cancelled,Cash,Success
5244,TRP-004984,DRV-00190,USR-00396,LOC-0035,LOC-0006,2024-01-06 16:47:58,2024-01-06 17:47:58,17.83,60,65454.73,1.0,65454.73,Completed,Cash,Success
5245,TRP-004985,DRV-00325,USR-01595,LOC-0021,LOC-0036,2024-11-13 10:31:21,2024-11-13 12:09:21,30.76,98,0.0,1.25,0.0,Cancelled,GoPay,Success
5246,TRP-004986,DRV-00305,USR-01364,LOC-0035,LOC-0040,2024-11-26 22:54:18,2024-11-26 23:07:18,15.16,13,33191.55,1.0,33191.55,Completed,Credit Card,Failed
5247,TRP-004987,DRV-00101,USR-01628,LOC-0018,LOC-0042,2024-06-17 11:21:01,2024-06-17 11:41:01,24.94,20,93161.72,1.0,93161.72,Completed,Cash,Failed
5248,TRP-004988,DRV-00058,USR-00066,LOC-0001,LOC-0013,2024-07-01 01:27:58,2024-07-01 03:25:58,2.25,118,27000.91,1.75,47251.59,Completed,Credit Card,Success
5249,TRP-004989,DRV-00005,USR-01581,LOC-0001,LOC-0057,2024-05-21 16:04:42,2024-05-21 16:40:42,25.4,36,71549.85,1.5,107324.78,Completed,Credit Card,Success
5250,TRP-004990,DRV-00279,USR-01057,LOC-0014,LOC-0009,2024-02-20 21:15:26,2024-02-20 22:48:26,23.59,93,,1.0,,Completed,Cash,Success
5251,TRP-004991,DRV-00362,USR-00955,LOC-0026,LOC-0012,2024-07-18 21:46:34,2024-07-18 22:23:34,18.13,37,131378.59,1.0,131378.59,Cancelled,Cash,Success
5252,TRP-004992,DRV-00172,USR-01975,LOC-0017,LOC-0031,2024-02-24 22:38:58,2024-02-25 00:25:58,29.69,107,14281.01,1.0,14281.01,Completed,Credit Card,Success
5253,TRP-004993,DRV-00196,USR-01884,LOC-0008,LOC-0023,2024-11-20 09:24:24,2024-11-20 10:21:24,15.41,57,37060.34,2.0,74120.68,Completed,GoPay,Success
5254,TRP-004994,DRV-00320,USR-01825,LOC-0038,LOC-0027,2024-07-16 06:51:29,2024-07-16 07:33:29,6.18,42,133314.64,1.0,133314.64,Cancelled,Cash,Success
5255,TRP-004995,DRV-00069,USR-00943,LOC-0035,LOC-0031,2024-05-30 11:43:03,2024-05-30 13:42:03,4.2,119,82897.7,1.0,82897.7,Completed,GoPay,Success
5256,TRP-004996,DRV-00159,USR-00434,LOC-0007,LOC-0011,2024-02-15 09:50:13,2024-02-15 11:04:13,25.95,74,0.0,5.0,0.0,Completed,Credit Card,Success
5257,TRP-004997,DRV-00408,USR-01228,LOC-0029,LOC-0011,2024-07-27 17:46:34,2024-07-27 19:38:34,1.15,-5,148552.0,1.0,148552.0,Cancelled,Credit Card,Success
5258,TRP-004998,DRV-00246,USR-00839,LOC-0038,LOC-0032,2024-11-12 10:35:35,2024-11-12 12:31:35,28.68,116,94065.7,1.0,94065.7,Cancelled,Cash,Success
5259,TRP-004999,DRV-00019,USR-00340,LOC-0037,LOC-0008,2024-03-16 08:41:23,2024-03-16 10:11:23,25.34,90,101344.03,1.0,101344.03,Completed,GoPay,Success
5260,TRP-005000,DRV-00207,USR-00046,LOC-0001,LOC-0054,2024-08-14 02:12:26,2024-08-14 04:03:26,32.86,111,31837.3,1.0,31837.3,Failed,Credit Card,Success
5261,TRP-005001,DRV-00316,USR-00660,LOC-0025,LOC-0016,2024-08-10 13:49:35,2024-08-10 15:36:35,32.18,107,38059.3,1.25,47574.12,Completed,Cash,Success
5262,TRP-005002,DRV-00220,USR-00675,LOC-0045,LOC-0035,2024-03-10 06:47:05,2024-03-10 08:06:05,8.04,79,23821.43,1.0,23821.43,Failed,GoPay,Success
5263,TRP-005003,DRV-00149,USR-01426,LOC-0036,LOC-0011,2024-09-24 03:07:54,2024-09-24 04:57:54,24.37,110,95689.92,1.0,95689.92,Completed,Cash,Success
5264,TRP-005004,DRV-00165,USR-01158,LOC-0003,LOC-0031,2024-03-11 03:04:20,2024-03-11 04:09:20,39.45,65,135668.77,1.25,169585.96,Failed,Credit Card,Success
5265,TRP-005005,DRV-00472,USR-01095,LOC-0056,LOC-0007,2024-05-29 23:22:57,2024-05-30 00:19:57,18.95,57,49443.91,2.5,123609.78,Completed,Credit Card,Success
5266,TRP-005006,DRV-00043,USR-01865,LOC-0038,LOC-0051,2024-09-20 22:51:19,2024-09-20 23:23:19,8.43,32,75168.86,1.0,75168.86,Completed,Cash,Success
5267,TRP-005007,DRV-00340,USR-01310,LOC-0047,LOC-0052,2024-11-25 05:39:06,2024-11-25 06:01:06,27.9,22,70968.27,1.25,88710.34,Failed,GoPay,Success
5268,TRP-005008,DRV-00336,USR-00519,LOC-0046,LOC-0002,2024-01-15 22:03:20,2024-01-15 23:04:20,30.82,61,121130.79,1.5,181696.18,Completed,Cash,Success
5269,TRP-005009,DRV-00317,USR-01735,LOC-0005,LOC-0045,2024-07-14 17:15:08,2024-07-14 19:06:08,21.65,111,30069.83,1.0,30069.83,Completed,Credit Card,Success
5270,TRP-005010,DRV-00250,USR-01016,LOC-0006,LOC-0046,2024-03-01 05:32:50,2024-03-01 05:55:50,1.41,23,137019.43,1.25,171274.29,Completed,Credit Card,Success
5271,TRP-005011,DRV-00205,USR-01790,LOC-0018,LOC-0025,2024-04-15 16:35:18,2024-04-15 17:22:18,5.61,47,109457.18,2.5,273642.95,Failed,GoPay,Success
5272,TRP-005012,DRV-00016,USR-01348,LOC-0012,LOC-0053,2024-02-25 12:48:49,2024-02-25 13:59:49,39.22,71,41339.56,1.0,41339.56,Completed,Cash,Success
5273,TRP-005013,DRV-00029,USR-00462,LOC-0011,LOC-0056,2024-04-17 10:21:03,2024-04-17 10:38:03,29.77,17,73302.32,1.25,91627.9,Completed,GoPay,Success
5274,TRP-005014,DRV-00245,USR-00003,LOC-0012,LOC-0002,2024-08-16 18:32:43,2024-08-16 20:28:43,,116,57876.54,1.0,57876.54,Completed,Credit Card,Success
5275,TRP-005015,DRV-00235,USR-00903,LOC-0034,LOC-0024,2024-03-04 20:55:45,2024-03-04 22:47:45,18.57,112,44814.12,1.5,67221.18,Completed,GoPay,Success
5276,TRP-005016,DRV-00339,USR-00532,LOC-0052,LOC-0022,2024-01-13 11:59:53,2024-01-13 12:29:53,5.6,30,50600.12,1.0,50600.12,Completed,Credit Card,Success
5277,TRP-005017,DRV-00110,USR-00380,LOC-0052,LOC-0026,2024-01-28 08:10:54,2024-01-28 08:56:54,15.29,46,17789.62,1.0,17789.62,Completed,GoPay,Success
5278,TRP-005018,DRV-00328,USR-00968,LOC-0003,LOC-0040,2024-05-12 00:04:41,2024-05-12 00:36:41,17.81,32,62932.57,1.25,78665.71,Completed,GoPay,Success
5279,TRP-005019,DRV-00474,USR-00442,LOC-0044,LOC-0043,2024-11-16 15:22:44,2024-11-16 16:15:44,13.86,53,128242.86,1.25,160303.58,Cancelled,Cash,Failed
5280,TRP-005020,DRV-00133,USR-00414,LOC-0011,LOC-0019,2024-07-04 21:38:44,2024-07-04 23:31:44,25.99,113,69108.34,2.0,138216.68,Completed,Cash,Success
5281,TRP-005021,DRV-00218,USR-01705,LOC-0036,LOC-0044,2024-10-25 09:05:22,2024-10-25 10:13:22,5.83,68,48673.1,1.0,48673.1,Completed,Cash,Failed
5282,TRP-005022,DRV-00186,USR-00420,LOC-0012,LOC-0005,2024-06-19 04:50:32,2024-06-19 06:21:32,1.13,91,26068.42,1.0,26068.42,Completed,Credit Card,Success
5283,TRP-005023,DRV-00268,USR-01357,LOC-0033,LOC-0041,2024-10-30 17:20:05,2024-10-30 19:02:05,12.79,102,29828.7,1.25,37285.88,Completed,Credit Card,Success
5284,TRP-005024,DRV-00452,USR-01490,LOC-0011,LOC-0027,2024-04-16 23:24:27,2024-04-17 00:55:27,9.18,91,65770.85,1.25,82213.56,Completed,Cash,Success
5285,TRP-005025,DRV-00298,USR-01717,LOC-0021,LOC-0019,2024-01-11 21:47:05,2024-01-11 22:08:05,18.61,21,108579.29,1.0,108579.29,Completed,Credit Card,Success
5286,TRP-005026,DRV-00260,USR-01859,LOC-0016,LOC-0025,2024-08-26 02:41:30,2024-08-26 03:43:30,29.16,62,38312.59,1.0,38312.59,Completed,Cash,Pending
5287,TRP-005027,DRV-00282,USR-00060,LOC-0040,LOC-0026,2024-01-05 17:24:57,2024-01-05 17:57:57,28.22,33,118204.36,1.0,118204.36,Completed,GoPay,Success
5288,TRP-005027,DRV-00282,USR-00060,LOC-0040,LOC-0026,2024-01-05 17:24:57,2024-01-05 17:57:57,28.22,33,118204.36,1.0,118204.36,Completed,GoPay,Success
5289,TRP-005028,DRV-00009,USR-01744,LOC-0009,LOC-0048,2024-04-19 01:42:39,2024-04-19 02:11:39,17.64,29,119632.63,1.5,179448.95,Cancelled,GoPay,Failed
5290,TRP-005029,DRV-00410,USR-01349,LOC-0016,LOC-0033,2024-02-09 18:09:20,2024-02-09 19:47:20,29.11,98,33659.46,1.0,33659.46,Cancelled,Credit Card,Success
5291,TRP-005030,DRV-00484,USR-00193,LOC-0050,LOC-0022,2024-02-18 11:18:00,2024-02-18 12:34:00,31.32,76,109247.9,1.75,191183.82,Completed,Credit Card,Success
5292,TRP-005031,DRV-00421,USR-00011,LOC-0002,LOC-0044,2024-10-18 07:27:49,2024-10-18 08:20:49,22.41,53,91749.76,1.5,137624.64,Failed,GoPay,Pending
5293,TRP-005032,DRV-00279,USR-00734,LOC-0001,LOC-0014,2024-07-26 00:58:14,2024-07-26 02:17:14,29.61,79,130936.91,1.0,130936.91,Completed,GoPay,Success
5294,TRP-005033,DRV-00152,USR-01303,LOC-0005,LOC-0056,2024-07-23 08:10:29,2024-07-23 09:42:29,2.22,92,101839.55,1.0,101839.55,Completed,GoPay,Success
5295,TRP-005034,DRV-00086,USR-00949,LOC-0017,LOC-0033,2024-01-14 12:06:14,2024-01-14 13:40:14,13.26,94,17961.24,1.25,22451.55,Completed,Credit Card,Success
5296,TRP-005035,DRV-00440,USR-01572,LOC-0031,LOC-0040,2024-10-23 03:03:53,2024-10-23 04:12:53,36.27,69,65942.18,1.0,65942.18,Completed,Cash,Success
5297,TRP-005036,DRV-00045,USR-01119,LOC-0042,LOC-0050,2024-02-02 02:17:18,2024-02-02 03:31:18,14.31,74,43584.78,1.0,43584.78,Completed,GoPay,Success
5298,TRP-005037,DRV-00082,USR-01474,LOC-0038,LOC-0056,2024-04-13 21:33:57,2024-04-13 23:18:57,27.37,105,106842.76,1.75,186974.83,Cancelled,Credit Card,Success
5299,TRP-005038,DRV-00356,USR-00281,LOC-0006,LOC-0023,2024-05-15 11:20:44,2024-05-15 11:35:44,30.68,15,92632.25,1.0,92632.25,Completed,GoPay,Success
5300,TRP-005039,DRV-00132,USR-01165,LOC-0010,LOC-0048,2024-03-06 13:19:47,2024-03-06 13:34:47,18.6,15,120205.03,1.25,150256.29,Completed,GoPay,Success
5301,TRP-005040,DRV-00037,USR-01937,LOC-0039,LOC-0035,2024-11-10 14:29:28,2024-11-10 15:53:28,11.7,84,99264.3,1.0,99264.3,Completed,Cash,Failed
5302,TRP-005041,DRV-00342,USR-00375,LOC-0006,LOC-0024,2024-06-05 21:09:28,2024-06-05 22:51:28,2.17,102,24618.09,1.5,36927.14,Completed,Credit Card,Success
5303,TRP-005042,DRV-00082,USR-00063,LOC-0028,LOC-0036,2024-02-16 17:08:03,2024-02-16 19:07:03,1.51,119,119737.7,1.0,119737.7,Cancelled,GoPay,Success
5304,TRP-005043,DRV-00040,USR-01426,LOC-0006,LOC-0052,2024-12-05 03:05:37,2024-12-05 03:17:37,28.98,12,114862.41,1.0,114862.41,Completed,Credit Card,Success
5305,TRP-005044,DRV-00484,USR-00199,LOC-0042,LOC-0014,2024-08-08 00:53:00,2024-08-08 02:34:00,9.43,101,28712.64,2.5,71781.6,Completed,Credit Card,Success
5306,TRP-005045,DRV-00440,USR-01724,LOC-0047,LOC-0018,2024-04-11 21:43:45,2024-04-11 21:58:45,33.43,15,125202.84,1.75,219104.97,Completed,Credit Card,Pending
5307,TRP-005046,DRV-00124,USR-00599,LOC-0026,LOC-0012,2024-06-24 05:12:35,2024-06-24 07:02:35,19.54,110,45667.81,2.5,114169.52,Completed,Cash,Success
5308,TRP-005047,DRV-00404,USR-00701,LOC-0028,LOC-0038,2024-12-01 00:01:51,2024-12-01 01:50:51,16.2,109,23313.26,1.0,23313.26,Completed,Credit Card,Failed
5309,TRP-005048,DRV-00032,USR-01847,LOC-0021,LOC-0015,2024-03-14 03:15:48,2024-03-14 05:00:48,23.16,105,111064.22,1.0,111064.22,Completed,GoPay,Success
5310,TRP-005049,DRV-00249,USR-00637,LOC-0019,LOC-0015,2024-10-14 18:08:09,2024-10-14 18:51:09,5.95,43,83950.04,2.0,167900.08,Completed,GoPay,Success
5311,TRP-005050,DRV-00057,USR-00104,LOC-0057,LOC-0032,2024-02-18 21:00:01,2024-02-18 21:32:01,26.73,32,75152.84,1.5,112729.26,Completed,Cash,Success
5312,TRP-005051,DRV-00117,USR-01579,LOC-0012,LOC-0002,2024-11-09 19:33:21,2024-11-09 20:06:21,14.97,33,147913.81,1.0,147913.81,Cancelled,Cash,Success
5313,TRP-005052,DRV-00489,USR-01568,LOC-0027,LOC-0003,2024-07-10 19:47:56,2024-07-10 20:32:56,3.88,45,84999.64,1.0,84999.64,Completed,GoPay,Success
5314,TRP-005053,DRV-00189,USR-01866,LOC-0013,LOC-0035,2024-08-10 08:36:37,2024-08-10 09:15:37,32.56,39,146271.04,1.5,219406.56,Completed,Credit Card,Success
5315,TRP-005054,DRV-00012,USR-01359,LOC-0005,LOC-0039,2024-03-23 08:29:25,2024-03-23 09:58:25,11.67,89,50503.12,1.0,50503.12,Completed,Cash,Failed
5316,TRP-005055,DRV-00210,USR-01022,LOC-0023,LOC-0015,2024-05-17 07:39:15,2024-05-17 09:08:15,11.22,89,71233.57,1.0,71233.57,Completed,Credit Card,Success
5317,TRP-005056,DRV-00284,USR-01372,LOC-0054,LOC-0031,2024-10-18 07:18:23,2024-10-18 08:47:23,39.23,89,11007.65,1.0,11007.65,Completed,Cash,Success
5318,TRP-005057,DRV-00385,USR-00896,LOC-0015,LOC-0008,2024-03-12 13:00:18,2024-03-12 13:18:18,29.94,18,84734.97,1.25,105918.71,Completed,Credit Card,Pending
5319,TRP-005058,DRV-00161,USR-01981,LOC-0008,LOC-0010,2024-12-25 07:57:42,2024-12-25 09:28:42,11.52,91,100868.72,1.0,100868.72,Completed,Credit Card,Success
5320,TRP-005059,DRV-00191,USR-01985,LOC-0013,LOC-0005,2024-11-07 08:48:12,2024-11-07 09:11:12,6.82,23,0.0,1.0,0.0,Completed,Credit Card,Success
5321,TRP-005060,DRV-00184,USR-00151,LOC-0013,LOC-0057,2024-03-07 13:15:59,2024-03-07 14:11:59,27.06,56,13655.36,1.0,13655.36,Cancelled,GoPay,Success
5322,TRP-005061,DRV-00223,USR-00069,LOC-0020,LOC-0007,2024-02-09 10:55:41,2024-02-09 12:50:41,2.3,115,71916.36,1.25,89895.45,Completed,Cash,Success
5323,TRP-005062,DRV-00363,USR-00865,LOC-0018,LOC-0040,2024-07-05 13:52:27,2024-07-05 15:13:27,28.6,81,52549.01,1.25,65686.26,Completed,Credit Card,Success
5324,TRP-005063,DRV-00227,USR-01711,LOC-0038,LOC-0045,2024-09-05 04:25:21,2024-09-05 06:20:21,5.23,115,83177.91,1.0,83177.91,Completed,Credit Card,Success
5325,TRP-005064,DRV-00090,USR-00867,LOC-0036,LOC-0018,2024-07-09 04:38:54,2024-07-09 06:17:54,5.29,99,98327.15,1.0,98327.15,Completed,Cash,Success
5326,TRP-005065,DRV-00123,USR-01189,LOC-0051,LOC-0038,2024-06-18 06:14:22,2024-06-18 07:38:22,7.13,84,78535.43,1.0,78535.43,Completed,GoPay,Success
5327,TRP-005066,DRV-00214,USR-01426,LOC-0001,LOC-0013,2024-12-19 01:56:59,2024-12-19 03:46:59,11.67,110,70309.04,1.0,70309.04,Cancelled,Credit Card,Success
5328,TRP-005067,DRV-00384,USR-00177,LOC-0026,LOC-0035,2024-10-31 11:13:20,2024-10-31 11:44:20,12.24,31,117998.07,1.25,147497.59,Completed,GoPay,Failed
5329,TRP-005068,DRV-00074,USR-01614,LOC-0016,LOC-0025,2024-11-14 18:13:30,2024-11-14 18:26:30,9.19,13,36376.89,1.0,36376.89,Cancelled,Cash,Success
5330,TRP-005068,DRV-00074,USR-01614,LOC-0016,LOC-0025,2024-11-14 18:13:30,2024-11-14 18:26:30,9.19,13,36376.89,1.0,36376.89,Cancelled,Cash,Success
5331,TRP-005069,DRV-00262,USR-01839,LOC-0041,LOC-0055,2024-09-19 15:59:10,2024-09-19 17:32:10,16.14,93,93497.94,1.0,93497.94,Completed,Credit Card,Success
5332,TRP-005070,DRV-00412,USR-00777,LOC-0013,LOC-0048,2024-11-07 06:08:32,2024-11-07 08:01:32,23.29,113,68738.24,1.0,68738.24,Completed,GoPay,Success
5333,TRP-005071,DRV-00347,USR-00437,LOC-0016,LOC-0052,2024-02-05 22:52:08,2024-02-05 23:58:08,32.23,66,49481.06,1.0,49481.06,Completed,Credit Card,Success
5334,TRP-005072,DRV-00429,USR-01707,LOC-0036,LOC-0003,2024-08-26 21:57:18,2024-08-26 23:47:18,24.73,110,51983.13,2.0,103966.26,Cancelled,Cash,Success
5335,TRP-005073,DRV-00065,USR-01859,LOC-0027,LOC-0004,2024-09-02 19:55:31,2024-09-02 20:23:31,5.04,28,23202.53,1.0,23202.53,Completed,Credit Card,Success
5336,TRP-005073,DRV-00065,USR-01859,LOC-0027,LOC-0004,2024-09-02 19:55:31,2024-09-02 20:23:31,5.04,28,23202.53,1.0,23202.53,Completed,Credit Card,Success
5337,TRP-005074,DRV-00420,USR-00901,LOC-0014,LOC-0040,2024-05-11 14:27:28,2024-05-11 15:28:28,25.71,61,30496.79,1.5,45745.18,Completed,GoPay,Success
5338,TRP-005075,DRV-00393,USR-01520,LOC-0036,LOC-0033,2024-09-27 08:22:57,2024-09-27 09:50:57,34.07,88,135653.49,1.25,169566.86,Completed,Credit Card,Success
5339,TRP-005076,DRV-00239,USR-00804,LOC-0051,LOC-0009,2024-02-04 01:31:51,2024-02-04 02:53:51,36.37,82,104685.25,0.5,104685.25,Completed,Credit Card,Pending
5340,TRP-005077,DRV-00006,USR-00301,LOC-0021,LOC-0014,2024-03-02 07:14:06,2024-03-02 09:05:06,11.49,111,87313.43,1.0,87313.43,Completed,Credit Card,Failed
5341,TRP-005078,DRV-00142,USR-01577,LOC-0035,LOC-0054,2024-12-12 23:07:39,2024-12-12 23:36:39,37.41,29,104374.66,1.25,130468.33,Completed,Credit Card,Success
5342,TRP-005079,DRV-00296,USR-00587,LOC-0006,LOC-0005,2024-02-05 11:02:25,2024-02-05 12:43:25,31.02,101,113726.83,1.0,113726.83,Completed,Credit Card,Failed
5343,TRP-005080,DRV-00179,USR-01627,LOC-0053,LOC-0046,2024-01-30 16:02:08,2024-01-30 17:07:08,20.89,65,17153.0,1.75,30017.75,Completed,GoPay,Pending
5344,TRP-005081,DRV-00434,USR-01810,LOC-0050,LOC-0019,2024-05-16 22:13:54,2024-05-16 23:44:54,9.97,91,14380.78,1.75,25166.37,Completed,GoPay,Success
5345,TRP-005082,DRV-00117,USR-01713,LOC-0054,LOC-0021,2024-08-01 08:50:20,2024-08-01 10:45:20,31.15,115,36067.67,1.0,36067.67,Completed,Credit Card,Failed
5346,TRP-005083,DRV-00168,USR-00813,LOC-0055,LOC-0037,2024-10-08 01:21:53,2024-10-08 02:40:53,4.28,79,11532.54,1.0,11532.54,Completed,Credit Card,Success
5347,TRP-005084,DRV-00242,USR-00124,LOC-0007,LOC-0031,2024-07-14 09:23:46,2024-07-14 10:44:46,4.87,81,136976.71,1.5,205465.07,Completed,GoPay,Success
5348,TRP-005085,DRV-00169,USR-00837,LOC-0032,LOC-0056,2024-10-23 18:43:24,2024-10-23 20:37:24,37.78,114,98777.78,1.0,98777.78,Completed,GoPay,Success
5349,TRP-005086,DRV-00261,USR-00294,LOC-0025,LOC-0052,2024-09-21 05:15:45,2024-09-21 06:41:45,16.92,86,93059.97,1.0,93059.97,Cancelled,GoPay,Success
5350,TRP-005087,DRV-00218,USR-00956,LOC-0037,LOC-0011,2024-06-22 16:23:20,2024-06-22 18:04:20,23.42,101,144414.75,1.0,144414.75,Completed,GoPay,Failed
5351,TRP-005088,DRV-00324,USR-00420,LOC-0027,LOC-0038,2024-11-27 20:19:18,2024-11-27 20:29:18,14.37,10,77992.69,1.0,77992.69,Completed,GoPay,Success
5352,TRP-005089,DRV-00324,USR-01331,LOC-0025,LOC-0013,2024-10-08 06:38:08,2024-10-08 07:06:08,,28,143511.01,1.0,143511.01,Cancelled,GoPay,Success
5353,TRP-005090,DRV-00101,USR-00328,LOC-0030,LOC-0018,2024-04-12 20:02:28,2024-04-12 21:29:28,19.34,87,62008.79,1.0,62008.79,Completed,Credit Card,Success
5354,TRP-005091,DRV-00326,USR-00138,LOC-0018,LOC-0056,2024-04-04 14:34:04,2024-04-04 15:47:04,10.68,73,112640.55,1.0,112640.55,Completed,GoPay,Failed
5355,TRP-005091,DRV-00326,USR-00138,LOC-0018,LOC-0056,2024-04-04 14:34:04,2024-04-04 15:47:04,10.68,73,112640.55,1.0,112640.55,Completed,GoPay,Failed
5356,TRP-005092,DRV-00040,USR-01234,LOC-0050,LOC-0047,2024-03-04 19:14:28,2024-03-04 20:39:28,29.87,85,110329.14,1.75,193075.99,Completed,Credit Card,Failed
5357,TRP-005093,DRV-00495,USR-00809,LOC-0040,LOC-0006,2024-07-13 11:55:40,2024-07-13 13:01:40,32.84,66,104792.21,1.5,157188.32,Completed,Cash,Success
5358,TRP-005094,DRV-00288,USR-00168,LOC-0025,LOC-0012,2024-02-07 00:28:26,2024-02-07 01:38:26,10.37,70,12383.59,1.0,12383.59,Completed,GoPay,Success
5359,TRP-005095,DRV-00170,USR-01743,LOC-0010,LOC-0049,2024-01-23 00:35:53,2024-01-23 01:17:53,5.14,42,115185.0,1.0,115185.0,Completed,GoPay,Success
5360,TRP-005096,DRV-00239,USR-00352,LOC-0046,LOC-0016,2024-03-20 18:20:36,2024-03-20 20:16:36,28.09,116,136147.82,1.0,136147.82,Completed,Credit Card,Success
5361,TRP-005097,DRV-00448,USR-01099,LOC-0033,LOC-0008,2024-08-21 20:46:47,2024-08-21 22:06:47,6.05,80,65540.43,1.0,65540.43,Completed,Credit Card,Success
5362,TRP-005098,DRV-00225,USR-00964,LOC-0046,LOC-0007,2024-05-02 11:29:23,2024-05-02 12:27:23,13.84,58,18717.75,1.75,32756.06,Cancelled,GoPay,Success
5363,TRP-005099,DRV-00143,USR-00047,LOC-0037,LOC-0015,2024-10-01 09:00:17,2024-10-01 10:18:17,10.17,78,59926.42,1.0,59926.42,Completed,GoPay,Success
5364,TRP-005100,DRV-00387,USR-00951,LOC-0029,LOC-0001,2024-12-29 11:31:24,2024-12-29 12:15:24,4.1,44,35621.47,1.0,35621.47,Completed,Cash,Failed
5365,TRP-005101,DRV-00243,USR-01813,LOC-0011,LOC-0053,2024-05-17 10:19:24,2024-05-17 11:21:24,26.75,62,78695.45,1.0,78695.45,Completed,Cash,Success
5366,TRP-005102,DRV-00104,USR-01339,LOC-0015,LOC-0029,2024-05-16 09:08:13,2024-05-16 10:57:13,29.08,109,39801.48,1.0,39801.48,Completed,Cash,Success
5367,TRP-005103,DRV-00276,USR-01223,LOC-0028,LOC-0029,2024-10-14 01:51:48,2024-10-14 02:01:48,16.71,10,72914.62,1.0,72914.62,Completed,Cash,Success
5368,TRP-005104,DRV-00409,USR-00771,LOC-0022,LOC-0012,2024-10-23 20:06:47,2024-10-23 22:04:47,32.18,118,127949.88,1.0,127949.88,Cancelled,Credit Card,Failed
5369,TRP-005105,DRV-00349,USR-00085,LOC-0026,LOC-0047,2024-12-23 18:02:52,2024-12-23 18:38:52,,36,18412.33,1.25,23015.41,Cancelled,Credit Card,Success
5370,TRP-005106,DRV-00103,USR-01472,LOC-0010,LOC-0052,2024-02-16 12:51:31,2024-02-16 14:32:31,33.94,101,30798.69,1.25,38498.36,Completed,Credit Card,Success
5371,TRP-005107,DRV-00442,USR-00352,LOC-0008,LOC-0041,2024-03-06 06:24:15,2024-03-06 07:03:15,29.61,39,126171.95,2.0,252343.9,Completed,Cash,Success
5372,TRP-005108,DRV-00370,USR-01822,LOC-0047,LOC-0053,2024-12-24 08:39:10,2024-12-24 09:17:10,15.25,38,122029.59,1.0,122029.59,Cancelled,Credit Card,Success
5373,TRP-005108,DRV-00370,USR-01822,LOC-0047,LOC-0053,2024-12-24 08:39:10,2024-12-24 09:17:10,15.25,38,122029.59,1.0,122029.59,Cancelled,Credit Card,Success
5374,TRP-005109,DRV-00181,USR-01770,LOC-0056,LOC-0017,2024-10-28 20:28:24,2024-10-28 20:48:24,34.6,20,52732.33,1.0,52732.33,Completed,Cash,Success
5375,TRP-005110,DRV-00234,USR-01587,LOC-0056,LOC-0010,2024-06-14 09:19:25,2024-06-14 11:10:25,27.66,111,129851.78,1.0,129851.78,Completed,Cash,Success
5376,TRP-005110,DRV-00234,USR-01587,LOC-0056,LOC-0010,2024-06-14 09:19:25,2024-06-14 11:10:25,27.66,111,129851.78,1.0,129851.78,Completed,Cash,Success
5377,TRP-005111,DRV-00047,USR-00009,LOC-0036,LOC-0021,2024-06-20 10:46:50,2024-06-20 12:40:50,32.02,114,124329.01,1.0,124329.01,Completed,Credit Card,Success
5378,TRP-005112,DRV-00472,USR-00548,LOC-0016,LOC-0009,2024-08-23 06:31:23,2024-08-23 06:41:23,19.34,10,55298.93,1.0,55298.93,Cancelled,Cash,Success
5379,TRP-005113,DRV-00132,USR-01533,LOC-0035,LOC-0023,2024-01-23 05:17:24,2024-01-23 06:18:24,38.72,61,103758.11,1.5,155637.17,Completed,Cash,Success
5380,TRP-005114,DRV-00281,USR-01327,LOC-0023,LOC-0040,2024-10-18 08:19:38,2024-10-18 10:00:38,37.2,101,126215.33,1.0,126215.33,Completed,GoPay,Pending
5381,TRP-005115,DRV-00283,USR-01502,LOC-0047,LOC-0034,2024-11-08 15:42:06,2024-11-08 17:42:06,4.07,120,141212.38,1.25,176515.48,Completed,Credit Card,Success
5382,TRP-005116,DRV-00290,USR-00578,LOC-0025,LOC-0045,2024-10-18 10:27:47,2024-10-18 11:24:47,8.22,57,121300.24,1.0,121300.24,Completed,GoPay,Success
5383,TRP-005117,DRV-00491,USR-01645,LOC-0015,LOC-0012,2024-07-10 23:47:59,2024-07-10 23:58:59,20.54,11,125887.63,1.0,125887.63,Completed,Cash,Success
5384,TRP-005118,DRV-00292,USR-00330,LOC-0022,LOC-0004,2024-07-03 19:26:36,2024-07-03 19:47:36,8.36,21,38078.23,1.5,57117.35,Completed,Credit Card,Success
5385,TRP-005119,DRV-00157,USR-01234,LOC-0006,LOC-0049,2024-06-27 23:45:54,2024-06-28 00:01:54,19.01,16,60145.58,1.0,60145.58,Completed,Credit Card,Success
5386,TRP-005120,DRV-00069,USR-00653,LOC-0049,LOC-0025,2024-02-25 05:01:38,2024-02-25 05:38:38,15.8,37,16381.44,1.5,24572.16,Completed,Cash,Pending
5387,TRP-005121,DRV-00243,USR-00103,LOC-0016,LOC-0006,2024-01-16 06:25:18,2024-01-16 06:40:18,28.4,15,26706.84,1.0,26706.84,Completed,Cash,Success
5388,TRP-005122,DRV-00335,USR-01517,LOC-0052,LOC-0057,2024-03-18 18:12:46,2024-03-18 19:49:46,38.89,97,60114.37,1.75,105200.15,Completed,Credit Card,Success
5389,TRP-005122,DRV-00335,USR-01517,LOC-0052,LOC-0057,2024-03-18 18:12:46,2024-03-18 19:49:46,38.89,97,60114.37,1.75,105200.15,Completed,Credit Card,Success
5390,TRP-005123,DRV-00167,USR-00886,LOC-0016,LOC-0025,2024-11-28 05:17:12,2024-11-28 07:14:12,28.55,117,123850.29,1.25,154812.86,Completed,Cash,Success
5391,TRP-005124,DRV-00496,USR-00775,LOC-0050,LOC-0019,2024-10-18 21:18:45,2024-10-18 21:37:45,29.83,19,124097.65,1.5,186146.47,Completed,GoPay,Success
5392,TRP-005125,DRV-00409,USR-00718,LOC-0037,LOC-0010,2024-08-28 20:26:13,2024-08-28 21:42:13,6.53,76,83094.85,1.0,83094.85,Completed,Cash,Success
5393,TRP-005126,DRV-00464,USR-00570,LOC-0025,LOC-0055,2024-01-01 18:51:14,2024-01-01 20:30:14,1.19,99,76972.39,1.25,96215.49,completed,GoPay,Success
5394,TRP-005127,DRV-00112,USR-00240,LOC-0011,LOC-0027,2024-08-21 16:14:03,2024-08-21 16:45:03,6.33,31,37728.76,2.0,75457.52,Completed,Cash,Success
5395,TRP-005128,DRV-00030,USR-01126,LOC-0043,LOC-0033,2024-09-29 12:47:44,2024-09-29 14:03:44,39.35,76,27862.79,1.0,27862.79,Completed,GoPay,Success
5396,TRP-005129,DRV-00083,USR-01308,LOC-0024,LOC-0053,2024-10-21 16:57:10,2024-10-21 18:00:10,8.6,63,45458.01,2.0,90916.02,Cancelled,Cash,Success
5397,TRP-005130,DRV-00253,USR-01370,LOC-0013,LOC-0031,2024-01-27 05:33:12,2024-01-27 05:55:12,,22,,1.0,,Completed,Credit Card,Success
5398,TRP-005131,DRV-00145,USR-00015,LOC-0044,LOC-0051,2024-11-26 20:57:39,2024-11-26 22:21:39,19.86,-10,121499.37,1.0,121499.37,Completed,Cash,Pending
5399,TRP-005132,DRV-00255,USR-00338,LOC-0027,LOC-0001,2024-07-28 09:53:27,2024-07-28 11:14:27,17.42,81,20810.44,1.0,20810.44,Completed,GoPay,Success
5400,TRP-005133,DRV-00074,USR-01485,LOC-0054,LOC-0003,2024-08-31 04:14:56,2024-08-31 05:50:56,24.8,96,108855.26,1.5,163282.89,Completed,Credit Card,Success
5401,TRP-005134,DRV-00397,USR-00182,LOC-0004,LOC-0053,2024-08-22 15:58:39,2024-08-22 16:22:39,8.08,24,68615.89,0.8,85769.86,Completed,Credit Card,Success
5402,TRP-005135,DRV-00379,USR-01143,LOC-0041,LOC-0043,2024-01-29 17:13:05,2024-01-29 17:24:05,34.51,11,144620.55,0.8,144620.55,Completed,GoPay,Success
5403,TRP-005135,DRV-00379,USR-01143,LOC-0041,LOC-0043,2024-01-29 17:13:05,2024-01-29 17:24:05,34.51,11,144620.55,0.8,144620.55,Completed,GoPay,Success
5404,TRP-005136,DRV-00451,USR-01297,LOC-0040,LOC-0012,2024-08-02 05:48:14,2024-08-02 07:00:14,25.61,72,29436.61,1.0,29436.61,Failed,Credit Card,Success
5405,TRP-005137,DRV-00106,USR-00084,LOC-0048,LOC-0045,2024-09-22 23:16:19,2024-09-23 00:42:19,25.46,86,66237.99,1.0,66237.99,Completed,Credit Card,Success
5406,TRP-005138,DRV-00357,USR-01453,LOC-0035,LOC-0040,2024-04-06 21:38:23,2024-04-06 23:29:23,5.66,111,89092.53,1.25,111365.66,Completed,Credit Card,Success
5407,TRP-005138,DRV-00357,USR-01453,LOC-0035,LOC-0040,2024-04-06 21:38:23,2024-04-06 23:29:23,5.66,111,89092.53,1.25,111365.66,Completed,Credit Card,Success
5408,TRP-005139,DRV-00447,USR-01408,LOC-0007,LOC-0011,2024-03-29 17:08:54,2024-03-29 18:13:54,4.8,65,69403.91,1.0,69403.91,Completed,Credit Card,Success
5409,TRP-005140,DRV-00471,USR-01688,LOC-0022,LOC-0028,2024-09-30 02:05:20,2024-09-30 03:45:20,32.6,-10,37891.4,1.0,37891.4,Completed,GoPay,Success
5410,TRP-005141,DRV-00359,USR-00550,LOC-0008,LOC-0055,2024-06-08 18:35:40,2024-06-08 19:57:40,33.94,82,89736.14,1.0,89736.14,Failed,Cash,Success
5411,TRP-005142,DRV-00389,USR-01454,LOC-0051,LOC-0054,2024-02-24 01:52:16,2024-02-24 03:46:16,11.64,114,51063.29,1.0,51063.29,Completed,Credit Card,Success
5412,TRP-005143,DRV-00167,USR-00745,LOC-0040,LOC-0003,2024-12-04 17:53:06,2024-12-04 18:09:06,27.57,16,37927.41,1.0,37927.41,Completed,GoPay,Success
5413,TRP-005144,DRV-00365,USR-01433,LOC-0002,LOC-0047,2024-07-14 10:53:22,2024-07-14 11:03:22,25.19,10,47795.66,1.0,47795.66,Cancelled,GoPay,Success
5414,TRP-005145,DRV-00314,USR-00429,LOC-0018,LOC-0040,2024-03-12 10:10:57,2024-03-12 10:47:57,1.21,37,65204.19,1.25,81505.24,Completed,Cash,Success
5415,TRP-005146,DRV-00157,USR-00808,LOC-0027,LOC-0008,2024-11-13 03:52:04,2024-11-13 04:31:04,10.42,39,90446.06,1.5,135669.09,Completed,Credit Card,Success
5416,TRP-005147,DRV-00315,USR-00274,LOC-0042,LOC-0047,2024-11-22 12:15:41,2024-11-22 13:58:41,30.59,103,103519.57,1.0,103519.57,Completed,Cash,Success
5417,TRP-005148,DRV-00121,USR-01167,LOC-0023,LOC-0052,2024-02-03 06:34:54,2024-02-03 07:45:54,27.88,71,54611.98,1.0,54611.98,Completed,Credit Card,Failed
5418,TRP-005149,DRV-00064,USR-00862,LOC-0035,LOC-0014,2024-06-21 04:27:57,2024-06-21 05:48:57,33.67,81,99656.46,1.5,149484.69,Completed,Cash,Failed
5419,TRP-005150,DRV-00089,USR-00063,LOC-0044,LOC-0013,2024-01-27 10:32:11,2024-01-27 11:10:11,36.35,38,25634.55,1.0,25634.55,Completed,Credit Card,Success
5420,TRP-005151,DRV-00308,USR-01983,LOC-0008,LOC-0047,2024-07-05 07:15:07,2024-07-05 09:07:07,9.48,112,92017.6,1.0,92017.6,Completed,Cash,Success
5421,TRP-005152,DRV-00345,USR-00482,LOC-0033,LOC-0009,2024-05-08 06:13:17,2024-05-08 06:48:17,,35,118939.21,1.0,118939.21,Completed,Credit Card,Success
5422,TRP-005153,DRV-00141,USR-01219,LOC-0001,LOC-0053,2024-06-12 08:15:22,2024-06-12 10:05:22,2.69,110,63057.51,1.5,94586.26,Completed,GoPay,Failed
5423,TRP-005154,DRV-00355,USR-00039,LOC-0022,LOC-0008,2024-09-06 18:01:13,2024-09-06 20:01:13,25.67,120,23006.2,2.0,46012.4,Completed,GoPay,Failed
5424,TRP-005155,DRV-00023,USR-01494,LOC-0053,LOC-0027,2024-02-06 09:04:30,2024-02-06 09:56:30,27.04,52,139031.78,1.0,139031.78,Completed,Credit Card,Success
5425,TRP-005156,DRV-00328,USR-00236,LOC-0037,LOC-0054,2024-11-30 11:29:48,2024-11-30 11:46:48,6.87,17,139460.88,1.75,244056.54,Completed,GoPay,Success
5426,TRP-005157,DRV-00001,USR-01609,LOC-0001,LOC-0036,2024-05-30 08:38:48,2024-05-30 09:16:48,21.01,38,46375.99,1.25,57969.99,Completed,GoPay,Success
5427,TRP-005158,DRV-00351,USR-00799,LOC-0053,LOC-0004,2024-08-22 16:12:48,2024-08-22 16:35:48,34.85,23,86062.89,1.25,107578.61,Completed,GoPay,Success
5428,TRP-005159,DRV-00194,USR-00990,LOC-0044,LOC-0022,2024-02-11 03:46:59,2024-02-11 04:29:59,28.96,43,144080.05,1.0,144080.05,Completed,Cash,Success
5429,TRP-005160,DRV-00129,USR-01050,LOC-0051,LOC-0007,2024-08-15 01:36:33,2024-08-15 03:15:33,34.25,99,37120.3,1.0,37120.3,Completed,Credit Card,Pending
5430,TRP-005161,DRV-00457,USR-01707,LOC-0024,LOC-0017,2024-06-02 06:05:49,2024-06-02 08:04:49,13.77,119,,1.0,,Completed,Credit Card,Success
5431,TRP-005161,DRV-00457,USR-01707,LOC-0024,LOC-0017,2024-06-02 06:05:49,2024-06-02 08:04:49,13.77,119,,1.0,,Completed,Credit Card,Success
5432,TRP-005162,DRV-00485,USR-00761,LOC-0043,LOC-0008,2024-02-02 22:13:05,2024-02-02 23:51:05,18.46,98,38806.14,1.0,38806.14,Completed,Cash,Success
5433,TRP-005163,DRV-00175,USR-00628,LOC-0023,LOC-0041,2024-05-20 10:23:33,2024-05-20 10:34:33,12.47,11,88481.66,1.0,88481.66,Completed,Cash,Success
5434,TRP-005164,DRV-00493,USR-01016,LOC-0036,LOC-0014,2024-03-01 08:44:55,2024-03-01 09:05:55,23.49,21,85693.6,1.0,85693.6,Completed,Cash,Success
5435,TRP-005165,DRV-00448,USR-00409,LOC-0012,LOC-0033,2024-08-07 23:10:23,2024-08-07 23:25:23,37.06,15,107526.1,1.0,107526.1,Failed,Cash,Success
5436,TRP-005166,DRV-00309,USR-01685,LOC-0008,LOC-0020,2024-09-14 23:40:27,2024-09-15 01:38:27,31.12,118,81357.28,1.25,101696.6,Cancelled,GoPay,Success
5437,TRP-005167,DRV-00077,USR-00913,LOC-0031,LOC-0010,2024-05-25 04:50:50,2024-05-25 06:13:50,11.85,83,35509.6,1.0,35509.6,Completed,Cash,Success
5438,TRP-005168,DRV-00332,USR-01708,LOC-0009,LOC-0036,2024-05-26 07:09:57,2024-05-26 08:01:57,14.06,52,13740.21,2.5,34350.52,Completed,Cash,Success
5439,TRP-005169,DRV-00148,USR-01746,LOC-0054,LOC-0045,2024-11-10 06:43:15,2024-11-10 07:59:15,24.76,76,75822.45,1.0,75822.45,Completed,Cash,Pending
5440,TRP-005170,DRV-00081,USR-01578,LOC-0036,LOC-0010,2024-08-28 13:58:14,2024-08-28 14:19:14,28.14,21,145712.87,1.0,145712.87,Completed,GoPay,Success
5441,TRP-005171,DRV-00449,USR-01834,LOC-0016,LOC-0039,2024-08-06 05:49:11,2024-08-06 06:09:11,20.19,20,47957.2,1.0,47957.2,Completed,Credit Card,Success
5442,TRP-005172,DRV-00437,USR-00904,LOC-0048,LOC-0044,2024-01-22 16:29:19,2024-01-22 18:13:19,26.92,104,40741.04,1.0,40741.04,Cancelled,GoPay,Success
5443,TRP-005173,DRV-00406,USR-01508,LOC-0030,LOC-0025,2024-09-11 21:43:35,2024-09-11 22:50:35,7.29,67,55811.05,2.5,139527.62,Completed,Credit Card,Success
5444,TRP-005174,DRV-00455,USR-01126,LOC-0026,LOC-0009,2024-04-19 12:47:52,2024-04-19 13:55:52,34.05,68,114588.2,1.0,114588.2,Completed,Cash,Success
5445,TRP-005175,DRV-00143,USR-00795,LOC-0036,LOC-0009,2024-01-12 22:31:19,2024-01-12 23:37:19,30.18,66,60441.5,1.0,60441.5,Completed,Credit Card,Success
5446,TRP-005175,DRV-00143,USR-00795,LOC-0036,LOC-0009,2024-01-12 22:31:19,2024-01-12 23:37:19,30.18,66,60441.5,1.0,60441.5,Completed,Credit Card,Success
5447,TRP-005176,DRV-00153,USR-00277,LOC-0029,LOC-0017,2024-08-28 14:43:46,2024-08-28 16:05:46,22.69,82,22692.47,1.25,28365.59,Completed,GoPay,Success
5448,TRP-005177,DRV-00208,USR-01377,LOC-0031,LOC-0015,2024-06-09 16:15:29,2024-06-09 16:50:29,7.66,35,138279.68,1.25,172849.6,Completed,GoPay,Success
5449,TRP-005178,DRV-00481,USR-00676,LOC-0031,LOC-0028,2024-03-10 14:28:36,2024-03-10 16:20:36,20.58,112,54024.31,1.5,81036.46,Completed,Cash,Success
5450,TRP-005179,DRV-00063,USR-00840,LOC-0050,LOC-0023,2024-12-22 13:46:04,2024-12-22 15:18:04,19.66,92,20080.45,1.0,20080.45,Completed,Credit Card,Success
5451,TRP-005180,DRV-00427,USR-01800,LOC-0040,LOC-0025,2024-07-19 00:16:18,2024-07-19 00:55:18,3.78,39,75983.17,1.0,75983.17,Completed,Credit Card,Failed
5452,TRP-005181,DRV-00003,USR-00302,LOC-0012,LOC-0023,2024-08-31 19:02:21,2024-08-31 19:12:21,18.24,10,106484.9,1.25,133106.12,Completed,Cash,Success
5453,TRP-005182,DRV-00339,USR-00315,LOC-0024,LOC-0021,2024-04-10 12:40:53,2024-04-10 13:14:53,23.72,34,0.0,1.0,0.0,Completed,Cash,Success
5454,TRP-005183,DRV-00074,USR-00579,LOC-0041,LOC-0043,2024-11-16 00:20:08,2024-11-16 00:56:08,26.85,36,30905.73,1.25,38632.16,Completed,Credit Card,Pending
5455,TRP-005184,DRV-00205,USR-01158,LOC-0009,LOC-0011,2024-08-22 16:28:33,2024-08-22 16:58:33,9.84,30,15088.01,1.0,15088.01,Failed,Credit Card,Success
5456,TRP-005185,DRV-00196,USR-01016,LOC-0054,LOC-0050,2024-06-15 09:02:06,2024-06-15 09:25:06,15.93,23,101854.53,1.0,101854.53,Completed,Cash,Pending
5457,TRP-005186,DRV-00020,USR-01031,LOC-0034,LOC-0051,2024-07-05 13:56:21,2024-07-05 15:33:21,33.46,97,21432.98,1.0,21432.98,Cancelled,Cash,Success
5458,TRP-005186,DRV-00020,USR-01031,LOC-0034,LOC-0051,2024-07-05 13:56:21,2024-07-05 15:33:21,33.46,97,21432.98,1.0,21432.98,Cancelled,Cash,Success
5459,TRP-005187,DRV-00447,USR-00396,LOC-0005,LOC-0002,2024-06-12 16:59:33,2024-06-12 17:32:33,33.19,33,40667.92,1.25,50834.9,COMPLETED,Credit Card,Success
5460,TRP-005188,DRV-00391,USR-00988,LOC-0045,LOC-0001,2024-02-16 01:09:04,2024-02-16 02:43:04,29.6,94,43394.62,1.0,43394.62,Completed,Cash,Success
5461,TRP-005189,DRV-00030,USR-01318,LOC-0029,LOC-0005,2024-12-27 06:07:56,2024-12-27 06:45:56,6.05,38,110671.48,1.75,193675.09,Cancelled,Cash,Success
5462,TRP-005190,DRV-00192,USR-01559,LOC-0056,LOC-0057,2024-01-02 02:43:23,2024-01-02 04:01:23,32.43,78,144298.48,1.0,144298.48,Completed,Cash,Success
5463,TRP-005191,DRV-00189,USR-00206,LOC-0011,LOC-0043,2024-08-22 16:56:48,2024-08-22 18:24:48,1.87,88,59364.52,1.0,59364.52,Completed,Credit Card,Success
5464,TRP-005192,DRV-00193,USR-00354,LOC-0023,LOC-0038,2024-12-28 00:21:55,2024-12-28 01:37:55,9.31,76,50425.07,1.25,63031.34,Completed,Cash,Success
5465,TRP-005193,DRV-00492,USR-01364,LOC-0033,LOC-0003,2024-09-07 04:14:13,2024-09-07 04:48:13,18.43,34,70887.63,1.25,88609.54,Completed,Cash,Success
5466,TRP-005194,DRV-00425,USR-01460,LOC-0034,LOC-0014,2024-01-01 07:15:56,2024-01-01 07:53:56,18.25,38,33773.53,1.5,50660.29,Completed,Credit Card,Success
5467,TRP-005195,DRV-00250,USR-01577,LOC-0018,LOC-0012,2024-12-26 22:19:01,2024-12-27 00:10:01,3.35,111,103347.68,1.5,155021.52,Completed,GoPay,Success
5468,TRP-005196,DRV-00441,USR-01696,LOC-0035,LOC-0016,2024-03-09 03:06:11,2024-03-09 04:47:11,27.71,101,22816.7,2.0,45633.4,Completed,GoPay,Failed
5469,TRP-005197,DRV-00356,USR-01880,LOC-0031,LOC-0037,2024-08-27 17:53:08,2024-08-27 19:39:08,16.48,106,30682.17,1.0,30682.17,Failed,Credit Card,Success
5470,TRP-005198,DRV-00454,USR-00191,LOC-0032,LOC-0046,2024-08-30 17:41:07,2024-08-30 18:11:07,17.41,30,97755.61,1.0,97755.61,Completed,Credit Card,Success
5471,TRP-005199,DRV-00435,USR-00018,LOC-0030,LOC-0056,2024-07-14 23:19:40,2024-07-15 00:05:40,16.92,46,108173.24,1.25,135216.55,Completed,GoPay,Pending
5472,TRP-005200,DRV-00336,USR-00966,LOC-0057,LOC-0046,2024-08-06 14:09:20,2024-08-06 15:19:20,36.64,70,122760.4,1.0,122760.4,Completed,Credit Card,Success
5473,TRP-005201,DRV-00056,USR-00625,LOC-0037,LOC-0045,2024-01-15 03:29:08,2024-01-15 04:15:08,27.32,46,54004.79,1.0,54004.79,Completed,GoPay,Success
5474,TRP-005202,DRV-00327,USR-01423,LOC-0032,LOC-0018,2024-10-21 22:52:01,2024-10-22 00:10:01,21.46,78,22705.39,1.0,22705.39,Completed,GoPay,Success
5475,TRP-005203,DRV-00126,USR-01126,LOC-0048,LOC-0043,2024-10-06 07:32:34,2024-10-06 08:26:34,29.69,54,,1.25,,Completed,Credit Card,Success
5476,TRP-005204,DRV-00342,USR-00447,LOC-0029,LOC-0047,2024-07-29 09:58:30,2024-07-29 10:38:30,20.64,40,117698.86,1.5,176548.29,Completed,GoPay,Success
5477,TRP-005205,DRV-00110,USR-01614,LOC-0050,LOC-0044,2024-02-15 18:17:43,2024-02-15 19:23:43,37.74,66,140091.72,1.0,140091.72,COMPLETED,Credit Card,Success
5478,TRP-005206,DRV-00489,USR-00188,LOC-0024,LOC-0022,2024-04-16 12:41:38,2024-04-16 14:35:38,6.75,114,70015.64,1.0,70015.64,Completed,Credit Card,Success
5479,TRP-005207,DRV-00438,USR-00513,LOC-0030,LOC-0018,2024-05-31 08:42:57,2024-05-31 09:33:57,25.18,51,145915.0,1.0,145915.0,Completed,GoPay,Success
5480,TRP-005208,DRV-00275,USR-00001,LOC-0038,LOC-0010,2024-04-28 00:24:52,2024-04-28 01:44:52,24.41,80,57074.95,1.75,99881.16,Cancelled,Cash,Success
5481,TRP-005209,DRV-00031,USR-01357,LOC-0050,LOC-0012,2024-05-18 12:57:51,2024-05-18 13:45:51,11.18,48,12615.34,1.0,12615.34,Completed,Credit Card,Success
5482,TRP-005210,DRV-00387,USR-00986,LOC-0049,LOC-0031,2024-08-23 05:41:58,2024-08-23 06:23:58,6.4,42,134497.11,1.25,168121.39,Completed,GoPay,Pending
5483,TRP-005211,DRV-00222,USR-00764,LOC-0024,LOC-0045,2024-05-15 01:04:27,2024-05-15 02:52:27,3.72,108,79056.0,1.75,138348.0,Cancelled,GoPay,Success
5484,TRP-005212,DRV-00378,USR-01836,LOC-0024,LOC-0046,2024-02-24 04:41:56,2024-02-24 05:53:56,18.34,72,86070.37,2.5,215175.92,Completed,GoPay,Success
5485,TRP-005213,DRV-00471,USR-00268,LOC-0015,LOC-0057,2024-04-14 00:50:46,2024-04-14 02:05:46,28.14,75,111679.89,1.5,167519.83,Completed,GoPay,Success
5486,TRP-005214,DRV-00253,USR-01106,LOC-0028,LOC-0021,2024-09-18 09:31:43,2024-09-18 10:08:43,22.61,37,64645.24,1.0,64645.24,Completed,Cash,Success
5487,TRP-005215,DRV-00488,USR-00825,LOC-0002,LOC-0035,2024-08-30 06:48:40,2024-08-30 07:00:40,16.81,12,48612.92,1.5,72919.38,Completed,Cash,Success
5488,TRP-005216,DRV-00015,USR-01709,LOC-0045,LOC-0037,2024-01-19 09:54:18,2024-01-19 10:24:18,,30,148708.47,1.0,148708.47,Completed,Cash,Pending
5489,TRP-005217,DRV-00001,USR-01089,LOC-0043,LOC-0040,2024-10-11 12:54:17,2024-10-11 14:22:17,37.63,88,129295.31,1.0,129295.31,Completed,Cash,Success
5490,TRP-005218,DRV-00290,USR-00105,LOC-0005,LOC-0031,2024-11-15 16:59:36,2024-11-15 18:23:36,9.17,84,40688.02,1.5,61032.03,Completed,GoPay,Success
5491,TRP-005219,DRV-00448,USR-00825,LOC-0028,LOC-0051,2024-11-24 18:35:47,2024-11-24 19:20:47,16.73,45,21036.82,2.5,52592.05,Completed,Credit Card,Success
5492,TRP-005220,DRV-00418,USR-01640,LOC-0049,LOC-0039,2024-11-06 19:19:02,2024-11-06 19:29:02,6.25,10,135890.17,0.8,135890.17,Completed,Cash,Failed
5493,TRP-005221,DRV-00109,USR-01501,LOC-0003,LOC-0026,2024-09-01 00:06:49,2024-09-01 01:05:49,25.75,59,67731.86,1.0,67731.86,Cancelled,Credit Card,Failed
5494,TRP-005222,DRV-00407,USR-00558,LOC-0008,LOC-0019,2024-12-20 13:45:35,2024-12-20 15:35:35,39.82,110,24514.56,1.0,24514.56,Completed,Credit Card,Failed
5495,TRP-005223,DRV-00271,USR-01436,LOC-0045,LOC-0057,2024-09-26 18:50:15,2024-09-26 19:11:15,16.79,21,148715.1,1.0,148715.1,Cancelled,GoPay,Success
5496,TRP-005224,DRV-00463,USR-01770,LOC-0019,LOC-0057,2024-04-24 08:14:29,2024-04-24 10:07:29,16.41,113,80525.21,1.0,80525.21,Completed,GoPay,Success
5497,TRP-005225,DRV-00158,USR-00305,LOC-0023,LOC-0041,2024-02-10 00:39:13,2024-02-10 01:31:13,36.66,52,102649.93,1.0,102649.93,Completed,Cash,Success
5498,TRP-005226,DRV-00207,USR-01256,LOC-0005,LOC-0044,2024-07-13 12:28:18,2024-07-13 13:12:18,31.04,44,41491.09,1.5,62236.63,Cancelled,GoPay,Success
5499,TRP-005227,DRV-00488,USR-01502,LOC-0034,LOC-0019,2024-04-10 13:31:50,2024-04-10 14:05:50,33.83,34,137042.09,1.0,137042.09,Completed,Cash,Success
5500,TRP-005228,DRV-00121,USR-00632,LOC-0040,LOC-0050,2024-02-24 22:01:54,2024-02-24 23:05:54,32.58,64,148304.2,1.5,222456.3,Completed,Cash,Success
5501,TRP-005229,DRV-00326,USR-00797,LOC-0022,LOC-0026,2024-11-09 10:58:25,2024-11-09 11:28:25,21.58,30,14414.73,1.25,18018.41,Completed,Cash,Success
5502,TRP-005229,DRV-00326,USR-00797,LOC-0022,LOC-0026,2024-11-09 10:58:25,2024-11-09 11:28:25,21.58,30,14414.73,1.25,18018.41,Completed,Cash,Success
5503,TRP-005230,DRV-00407,USR-01816,LOC-0039,LOC-0034,2024-11-20 17:43:08,2024-11-20 19:26:08,33.12,103,88447.13,1.25,110558.91,Completed,GoPay,Failed
5504,TRP-005231,DRV-00101,USR-00465,LOC-0028,LOC-0021,2024-12-20 07:56:44,2024-12-20 08:46:44,36.79,50,14923.72,1.0,14923.72,Cancelled,GoPay,Success
5505,TRP-005232,DRV-00116,USR-01298,LOC-0037,LOC-0013,2024-01-29 07:49:12,2024-01-29 09:29:12,21.41,100,36334.97,1.0,36334.97,Completed,Cash,Success
5506,TRP-005232,DRV-00116,USR-01298,LOC-0037,LOC-0013,2024-01-29 07:49:12,2024-01-29 09:29:12,21.41,100,36334.97,1.0,36334.97,Completed,Cash,Success
5507,TRP-005233,DRV-00105,USR-00890,LOC-0037,LOC-0011,2024-03-04 04:07:53,2024-03-04 05:43:53,30.93,0,106384.09,1.25,132980.11,Completed,Credit Card,Success
5508,TRP-005234,DRV-00127,USR-00760,LOC-0018,LOC-0025,2024-03-07 03:22:22,2024-03-07 04:18:22,15.2,56,66310.27,2.0,132620.54,Completed,GoPay,Success
5509,TRP-005235,DRV-00327,USR-01351,LOC-0032,LOC-0011,2024-05-21 23:26:51,2024-05-22 00:10:51,7.75,44,15871.78,1.0,15871.78,Completed,GoPay,Success
5510,TRP-005236,DRV-00100,USR-00246,LOC-0038,LOC-0013,2024-08-14 08:32:38,2024-08-14 10:00:38,6.97,88,10043.66,1.0,10043.66,Completed,Credit Card,Success
5511,TRP-005237,DRV-00457,USR-00324,LOC-0045,LOC-0052,2024-10-04 00:22:48,2024-10-04 02:13:48,26.24,111,102997.67,1.0,102997.67,Completed,Cash,Success
5512,TRP-005238,DRV-00214,USR-01587,LOC-0037,LOC-0045,2024-09-09 04:49:37,2024-09-09 05:13:37,23.59,24,80306.23,1.0,80306.23,Completed,GoPay,Success
5513,TRP-005239,DRV-00438,USR-01348,LOC-0037,LOC-0016,2024-11-05 03:03:22,2024-11-05 03:48:22,21.16,45,83440.83,1.0,83440.83,Completed,Cash,Success
5514,TRP-005240,DRV-00159,USR-01337,LOC-0019,LOC-0004,2024-11-26 14:14:26,2024-11-26 14:33:26,7.85,19,146014.27,1.0,146014.27,Completed,Cash,Success
5515,TRP-005240,DRV-00159,USR-01337,LOC-0019,LOC-0004,2024-11-26 14:14:26,2024-11-26 14:33:26,7.85,19,146014.27,1.0,146014.27,Completed,Cash,Success
5516,TRP-005241,DRV-00387,USR-00786,LOC-0037,LOC-0055,2024-09-11 03:54:32,2024-09-11 05:45:32,11.68,111,111075.41,1.0,111075.41,Cancelled,GoPay,Success
5517,TRP-005242,DRV-00456,USR-01590,LOC-0027,LOC-0012,2024-10-28 18:49:03,2024-10-28 20:24:03,12.5,95,28150.59,1.0,28150.59,Completed,Cash,Success
5518,TRP-005243,DRV-00002,USR-01150,LOC-0034,LOC-0046,2024-03-22 19:12:15,2024-03-22 20:37:15,33.5,85,97401.24,2.0,194802.48,Completed,Credit Card,Pending
5519,TRP-005244,DRV-00456,USR-01591,LOC-0022,LOC-0013,2024-05-29 13:06:44,2024-05-29 13:49:44,10.18,43,127833.86,1.0,127833.86,Completed,GoPay,Success
5520,TRP-005245,DRV-00246,USR-01911,LOC-0005,LOC-0046,2024-06-15 10:15:13,2024-06-15 11:01:13,2.44,46,101715.52,1.0,101715.52,Completed,Cash,Success
5521,TRP-005246,DRV-00252,USR-00683,LOC-0010,LOC-0053,2024-10-16 05:04:27,2024-10-16 05:59:27,5.31,55,0.0,1.25,0.0,Completed,GoPay,Success
5522,TRP-005247,DRV-00307,USR-00156,LOC-0009,LOC-0013,2024-10-17 21:55:35,2024-10-17 23:47:35,7.73,112,63524.77,1.0,63524.77,Completed,Credit Card,Success
5523,TRP-005248,DRV-00236,USR-00050,LOC-0031,LOC-0041,2024-05-24 06:02:35,2024-05-24 07:47:35,,105,113379.92,1.0,113379.92,Completed,Cash,Success
5524,TRP-005249,DRV-00207,USR-00963,LOC-0024,LOC-0051,2024-01-20 05:21:08,2024-01-20 07:02:08,13.95,101,142062.85,1.0,142062.85,Completed,Credit Card,Success
5525,TRP-005250,DRV-00152,USR-00416,LOC-0036,LOC-0017,2024-05-04 08:50:45,2024-05-04 09:58:45,5.56,68,143874.28,1.0,143874.28,Completed,Credit Card,Pending
5526,TRP-005251,DRV-00495,USR-00363,LOC-0041,LOC-0020,2024-08-09 12:26:38,2024-08-09 12:55:38,9.01,29,69561.3,1.25,86951.62,Completed,Credit Card,Success
5527,TRP-005252,DRV-00230,USR-00833,LOC-0003,LOC-0012,2024-08-02 14:06:49,2024-08-02 14:16:49,27.62,10,37634.43,1.5,56451.65,Failed,Credit Card,Success
5528,TRP-005253,DRV-00349,USR-01792,LOC-0006,LOC-0018,2024-05-20 15:37:08,2024-05-20 17:24:08,32.82,107,80255.51,1.25,100319.39,Completed,Credit Card,Success
5529,TRP-005254,DRV-00466,USR-00822,LOC-0011,LOC-0052,2024-08-30 05:55:36,2024-08-30 06:23:36,28.05,28,,1.0,,Completed,GoPay,Success
5530,TRP-005255,DRV-00407,USR-00648,LOC-0036,LOC-0014,2024-11-03 00:59:13,2024-11-03 02:53:13,23.5,114,82938.11,1.0,82938.11,Cancelled,GoPay,Pending
5531,TRP-005256,DRV-00463,USR-01348,LOC-0020,LOC-0049,2024-09-23 12:43:05,2024-09-23 13:45:05,17.49,62,69708.03,1.5,104562.04,Completed,Credit Card,Success
5532,TRP-005256,DRV-00463,USR-01348,LOC-0020,LOC-0049,2024-09-23 12:43:05,2024-09-23 13:45:05,17.49,62,69708.03,1.5,104562.04,Completed,Credit Card,Success
5533,TRP-005257,DRV-00466,USR-00714,LOC-0017,LOC-0055,2024-12-04 01:30:52,2024-12-04 03:07:52,26.93,97,40683.89,1.5,61025.83,Completed,Credit Card,Success
5534,TRP-005258,DRV-00382,USR-01881,LOC-0030,LOC-0034,2024-05-22 08:05:45,2024-05-22 08:30:45,37.61,25,54106.44,1.0,54106.44,Completed,GoPay,Success
5535,TRP-005259,DRV-00028,USR-00695,LOC-0014,LOC-0045,2024-12-16 19:51:23,2024-12-16 21:29:23,,98,29882.53,1.0,29882.53,Completed,Cash,Success
5536,TRP-005260,DRV-00456,USR-01937,LOC-0027,LOC-0047,2024-06-23 08:12:30,2024-06-23 08:26:30,11.88,14,42599.04,1.25,53248.8,Cancelled,GoPay,Failed
5537,TRP-005261,DRV-00407,USR-01647,LOC-0030,LOC-0039,2024-08-09 20:49:46,2024-08-09 21:35:46,20.53,46,96844.56,1.0,96844.56,Completed,Credit Card,Success
5538,TRP-005262,DRV-00033,USR-01985,LOC-0009,LOC-0052,2024-04-18 16:28:59,2024-04-18 17:35:59,22.89,67,72844.1,1.0,72844.1,Completed,Cash,Pending
5539,TRP-005263,DRV-00062,USR-01054,LOC-0055,LOC-0018,2024-01-21 14:16:08,2024-01-21 15:14:08,37.3,58,39059.42,1.5,58589.13,Completed,Credit Card,Success
5540,TRP-005264,DRV-00114,USR-01288,LOC-0023,LOC-0021,2024-05-10 18:48:18,2024-05-10 20:47:18,20.03,119,141331.78,1.0,141331.78,Completed,GoPay,Success
5541,TRP-005265,DRV-00499,USR-01126,LOC-0049,LOC-0012,2024-08-27 06:01:20,2024-08-27 07:54:20,12.93,113,139238.21,1.0,139238.21,Completed,Credit Card,Success
5542,TRP-005266,DRV-00116,USR-01385,LOC-0003,LOC-0037,2024-03-19 11:13:57,2024-03-19 12:50:57,4.46,97,32304.7,1.0,32304.7,Cancelled,Credit Card,Success
5543,TRP-005267,DRV-00410,USR-00215,LOC-0040,LOC-0018,2024-01-31 16:52:15,2024-01-31 17:12:15,27.88,20,44381.7,1.0,44381.7,Completed,Credit Card,Success
5544,TRP-005268,DRV-00352,USR-01482,LOC-0016,LOC-0045,2024-12-26 09:27:11,2024-12-26 10:08:11,16.64,41,144645.75,1.0,144645.75,Completed,GoPay,Success
5545,TRP-005269,DRV-00221,USR-00378,LOC-0008,LOC-0016,2024-08-21 06:42:30,2024-08-21 07:21:30,16.08,39,32431.77,1.5,48647.65,Completed,Credit Card,Success
5546,TRP-005270,DRV-00374,USR-00589,LOC-0033,LOC-0010,2024-06-08 04:48:10,2024-06-08 05:30:10,14.01,42,127491.47,1.0,127491.47,Cancelled,GoPay,Success
5547,TRP-005271,DRV-00015,USR-00952,LOC-0040,LOC-0022,2024-01-25 17:47:03,2024-01-25 18:38:03,7.48,51,75107.06,1.25,93883.82,Completed,GoPay,Success
5548,TRP-005272,DRV-00242,USR-00981,LOC-0053,LOC-0045,2024-12-07 04:47:55,2024-12-07 06:37:55,15.05,110,66804.54,1.0,66804.54,Completed,Credit Card,Success
5549,TRP-005273,DRV-00464,USR-01335,LOC-0023,LOC-0034,2024-08-18 18:32:56,2024-08-18 20:19:56,10.64,107,18225.84,1.5,27338.76,Cancelled,Credit Card,Success
5550,TRP-005274,DRV-00220,USR-01058,LOC-0054,LOC-0019,2024-05-12 21:40:12,2024-05-12 23:36:12,11.11,116,103811.8,1.0,103811.8,Completed,GoPay,Success
5551,TRP-005275,DRV-00342,USR-01299,LOC-0006,LOC-0026,2024-11-24 14:32:59,2024-11-24 15:04:59,14.86,32,74750.04,1.0,74750.04,Cancelled,Credit Card,Success
5552,TRP-005276,DRV-00310,USR-00290,LOC-0018,LOC-0032,2024-02-09 09:24:18,2024-02-09 10:49:18,16.39,85,141821.94,5.0,212732.91,Completed,Cash,Success
5553,TRP-005277,DRV-00176,USR-00710,LOC-0002,LOC-0034,2024-10-19 17:52:32,2024-10-19 18:41:32,13.02,49,121624.47,1.0,121624.47,Completed,Cash,Success
5554,TRP-005278,DRV-00240,USR-01052,LOC-0026,LOC-0045,2024-04-15 10:55:08,2024-04-15 12:25:08,16.74,90,138710.46,1.0,138710.46,Completed,Cash,Success
5555,TRP-005279,DRV-00197,USR-00349,LOC-0011,LOC-0022,2024-04-25 18:50:32,2024-04-25 19:59:32,2.44,69,116290.46,1.25,145363.08,failed,Credit Card,Success
5556,TRP-005280,DRV-00088,USR-00682,LOC-0053,LOC-0037,2024-12-29 17:01:54,2024-12-29 18:34:54,13.89,93,30381.93,1.25,37977.41,Cancelled,Cash,Success
5557,TRP-005281,DRV-00238,USR-01173,LOC-0032,LOC-0039,2024-09-24 03:21:13,2024-09-24 03:52:13,14.86,31,24454.35,1.25,30567.94,Cancelled,Credit Card,Success
5558,TRP-005282,DRV-00458,USR-01771,LOC-0055,LOC-0035,2024-10-29 00:32:02,2024-10-29 00:50:02,12.28,18,140856.6,1.0,140856.6,Completed,Cash,Success
5559,TRP-005283,DRV-00466,USR-00025,LOC-0055,LOC-0048,2024-02-13 10:59:13,2024-02-13 11:16:13,1.56,17,120728.38,1.0,120728.38,Completed,GoPay,Success
5560,TRP-005284,DRV-00118,USR-00461,LOC-0043,LOC-0009,2024-12-19 23:09:54,2024-12-19 23:26:54,11.11,17,88485.02,1.0,88485.02,Completed,Credit Card,Success
5561,TRP-005285,DRV-00484,USR-01508,LOC-0037,LOC-0056,2024-06-03 09:24:15,2024-06-03 10:16:15,4.13,52,135953.02,1.75,237917.78,Completed,GoPay,Success
5562,TRP-005286,DRV-00467,USR-01773,LOC-0009,LOC-0036,2024-05-16 08:35:39,2024-05-16 10:10:39,15.48,95,105552.98,1.0,105552.98,Completed,GoPay,Success
5563,TRP-005287,DRV-00018,USR-01624,LOC-0018,LOC-0010,2024-05-24 06:49:43,2024-05-24 08:30:43,35.67,101,24967.92,1.25,31209.9,Completed,GoPay,Success
5564,TRP-005288,DRV-00191,USR-00382,LOC-0055,LOC-0042,2024-12-29 15:57:51,2024-12-29 16:50:51,17.81,53,81625.38,1.0,81625.38,Completed,GoPay,Success
5565,TRP-005289,DRV-00337,USR-01336,LOC-0005,LOC-0025,2024-01-26 16:41:34,2024-01-26 17:34:34,23.92,53,51243.05,1.0,51243.05,Completed,GoPay,Success
5566,TRP-005289,DRV-00337,USR-01336,LOC-0005,LOC-0025,2024-01-26 16:41:34,2024-01-26 17:34:34,23.92,53,51243.05,1.0,51243.05,Completed,GoPay,Success
5567,TRP-005290,DRV-00292,USR-01128,LOC-0014,LOC-0027,2024-03-14 11:56:09,2024-03-14 13:02:09,36.0,66,124270.44,1.75,217473.27,Completed,Credit Card,Success
5568,TRP-005291,DRV-00316,USR-01561,LOC-0018,LOC-0041,2024-10-15 15:24:21,2024-10-15 16:00:21,38.84,36,34507.61,1.0,34507.61,Completed,GoPay,Success
5569,TRP-005292,DRV-00039,USR-01185,LOC-0049,LOC-0032,2024-07-23 14:09:51,2024-07-23 16:02:51,22.42,113,22945.74,1.25,28682.18,Completed,GoPay,Success
5570,TRP-005293,DRV-00230,USR-01111,LOC-0029,LOC-0012,2024-08-03 12:04:08,2024-08-03 13:42:08,7.75,98,23643.64,1.0,23643.64,Completed,GoPay,Pending
5571,TRP-005294,DRV-00362,USR-01486,LOC-0029,LOC-0028,2024-05-26 03:25:10,2024-05-26 04:35:10,27.91,70,146748.86,2.5,366872.15,Completed,GoPay,Pending
5572,TRP-005295,DRV-00490,USR-00479,LOC-0032,LOC-0022,2024-07-31 19:46:25,2024-07-31 20:58:25,13.75,72,54019.91,2.5,135049.78,Completed,Credit Card,Success
5573,TRP-005296,DRV-00355,USR-01087,LOC-0021,LOC-0008,2024-07-30 03:44:58,2024-07-30 04:59:58,14.68,75,36261.76,1.0,36261.76,Completed,GoPay,Success
5574,TRP-005297,DRV-00162,USR-00702,LOC-0023,LOC-0052,2024-06-12 17:34:12,2024-06-12 18:13:12,15.84,39,39170.74,1.0,39170.74,Completed,Credit Card,Success
5575,TRP-005298,DRV-00359,USR-00414,LOC-0055,LOC-0032,2024-06-02 12:14:50,2024-06-02 12:32:50,,18,41363.39,1.0,41363.39,Completed,GoPay,Success
5576,TRP-005299,DRV-00121,USR-01955,LOC-0056,LOC-0033,2024-08-08 08:57:00,2024-08-08 09:45:00,22.38,48,43353.77,0.5,43353.77,Completed,GoPay,Success
5577,TRP-005300,DRV-00361,USR-01824,LOC-0038,LOC-0049,2024-08-03 02:26:14,2024-08-03 03:22:14,5.22,56,141683.31,1.5,212524.96,Completed,Cash,Failed
5578,TRP-005301,DRV-00274,USR-01745,LOC-0009,LOC-0031,2024-11-06 20:05:56,2024-11-06 22:04:56,25.69,119,28779.5,1.0,28779.5,Completed,Credit Card,Success
5579,TRP-005302,DRV-00463,USR-01705,LOC-0018,LOC-0026,2024-02-15 16:41:19,2024-02-15 18:26:19,3.49,105,64467.91,1.5,96701.87,Completed,Credit Card,Success
5580,TRP-005303,DRV-00170,USR-00860,LOC-0021,LOC-0045,2024-07-15 00:18:28,2024-07-15 02:08:28,33.83,110,89021.38,1.5,133532.07,Completed,Credit Card,Success
5581,TRP-005304,DRV-00192,USR-00342,LOC-0015,LOC-0013,2024-06-13 23:42:13,2024-06-14 01:07:13,28.48,85,73367.12,1.5,110050.68,Completed,Cash,Success
5582,TRP-005305,DRV-00212,USR-01851,LOC-0025,LOC-0041,2024-02-07 16:03:14,2024-02-07 17:03:14,34.68,60,123989.54,1.0,123989.54,Cancelled,GoPay,Success
5583,TRP-005305,DRV-00212,USR-01851,LOC-0025,LOC-0041,2024-02-07 16:03:14,2024-02-07 17:03:14,34.68,60,123989.54,1.0,123989.54,Cancelled,GoPay,Success
5584,TRP-005306,DRV-00420,USR-00453,LOC-0032,LOC-0024,2024-10-28 08:07:40,2024-10-28 08:35:40,37.07,28,113416.85,1.0,113416.85,Completed,Credit Card,Success
5585,TRP-005307,DRV-00056,USR-00991,LOC-0039,LOC-0044,2024-05-23 00:49:19,2024-05-23 02:26:19,21.79,97,30144.89,1.5,45217.33,Cancelled,GoPay,Success
5586,TRP-005308,DRV-00138,USR-01627,LOC-0004,LOC-0001,2024-11-09 10:46:07,2024-11-09 11:13:07,32.84,27,30639.18,1.0,30639.18,Cancelled,Credit Card,Success
5587,TRP-005309,DRV-00482,USR-00733,LOC-0026,LOC-0014,2024-06-21 19:27:23,2024-06-21 21:07:23,,100,92374.26,1.5,138561.39,Failed,GoPay,Success
5588,TRP-005310,DRV-00209,USR-00713,LOC-0026,LOC-0036,2024-05-27 05:05:43,2024-05-27 05:55:43,5.42,50,97243.07,2.5,243107.68,Completed,Credit Card,Success
5589,TRP-005311,DRV-00217,USR-01975,LOC-0037,LOC-0015,2024-08-16 22:24:20,2024-08-16 23:53:20,21.12,89,0.0,1.0,0.0,Completed,Cash,Pending
5590,TRP-005312,DRV-00489,USR-00796,LOC-0057,LOC-0019,2024-08-22 07:34:53,2024-08-22 09:05:53,8.55,91,74847.48,1.0,74847.48,Completed,Cash,Success
5591,TRP-005313,DRV-00095,USR-01897,LOC-0010,LOC-0007,2024-08-28 11:06:47,2024-08-28 12:09:47,35.94,63,37216.11,1.25,46520.14,Completed,GoPay,Pending
5592,TRP-005314,DRV-00244,USR-01234,LOC-0007,LOC-0037,2024-11-11 10:31:28,2024-11-11 11:27:28,22.84,56,144688.68,1.0,144688.68,Completed,Cash,Pending
5593,TRP-005314,DRV-00244,USR-01234,LOC-0007,LOC-0037,2024-11-11 10:31:28,2024-11-11 11:27:28,22.84,56,144688.68,1.0,144688.68,Completed,Cash,Pending
5594,TRP-005315,DRV-00237,USR-00679,LOC-0015,LOC-0011,2024-01-04 19:29:13,2024-01-04 21:04:13,31.04,95,108367.79,2.0,216735.58,Completed,Credit Card,Success
5595,TRP-005316,DRV-00332,USR-00845,LOC-0022,LOC-0014,2024-11-08 14:07:03,2024-11-08 15:10:03,36.28,63,126852.15,1.0,126852.15,Completed,Cash,Failed
5596,TRP-005316,DRV-00332,USR-00845,LOC-0022,LOC-0014,2024-11-08 14:07:03,2024-11-08 15:10:03,36.28,63,126852.15,1.0,126852.15,Completed,Cash,Failed
5597,TRP-005317,DRV-00082,USR-01788,LOC-0035,LOC-0036,2024-12-06 07:56:43,2024-12-06 09:20:43,9.22,84,54455.82,2.5,136139.55,Completed,Cash,Success
5598,TRP-005318,DRV-00423,USR-00315,LOC-0051,LOC-0047,2024-01-16 12:56:19,2024-01-16 14:51:19,7.61,115,50774.99,1.0,50774.99,Completed,Cash,Success
5599,TRP-005319,DRV-00357,USR-00244,LOC-0014,LOC-0006,2024-09-12 20:58:22,2024-09-12 22:17:22,11.72,79,103559.07,1.0,103559.07,Completed,GoPay,Success
5600,TRP-005320,DRV-00468,USR-00872,LOC-0035,LOC-0017,2024-09-15 02:07:24,2024-09-15 02:35:24,14.02,28,137658.33,1.0,137658.33,Cancelled,GoPay,Success
5601,TRP-005321,DRV-00376,USR-01904,LOC-0056,LOC-0024,2024-12-16 17:28:25,2024-12-16 18:10:25,36.93,42,129584.68,1.0,129584.68,Cancelled,Credit Card,Success
5602,TRP-005322,DRV-00438,USR-00498,LOC-0010,LOC-0035,2024-04-29 15:18:48,2024-04-29 17:00:48,22.52,102,133537.25,1.0,133537.25,Cancelled,Credit Card,Success
5603,TRP-005323,DRV-00440,USR-00812,LOC-0021,LOC-0048,2024-07-01 17:54:58,2024-07-01 19:21:58,8.4,87,34764.76,3.5,52147.14,Completed,Credit Card,Success
5604,TRP-005324,DRV-00115,USR-01781,LOC-0025,LOC-0019,2024-06-16 22:18:28,2024-06-16 23:16:28,24.83,58,15386.71,2.5,38466.77,Completed,GoPay,Success
5605,TRP-005325,DRV-00305,USR-00232,LOC-0022,LOC-0008,2024-10-02 22:02:51,2024-10-02 23:44:51,11.24,102,13680.79,1.5,20521.19,Failed,Cash,Success
5606,TRP-005326,DRV-00458,USR-01446,LOC-0001,LOC-0002,2024-08-25 03:21:13,2024-08-25 03:57:13,24.71,36,97883.64,1.0,97883.64,Completed,Cash,Success
5607,TRP-005327,DRV-00337,USR-01072,LOC-0005,LOC-0057,2024-02-22 03:04:59,2024-02-22 04:30:59,39.99,86,105320.27,1.0,105320.27,Completed,GoPay,Success
5608,TRP-005328,DRV-00497,USR-00446,LOC-0028,LOC-0006,2024-03-01 02:57:52,2024-03-01 04:35:52,21.13,-5,26854.14,1.0,26854.14,Completed,Credit Card,Success
5609,TRP-005329,DRV-00235,USR-00712,LOC-0013,LOC-0018,2024-09-17 20:05:38,2024-09-17 20:40:38,13.54,35,,1.0,,Completed,GoPay,Success
5610,TRP-005330,DRV-00476,USR-00390,LOC-0050,LOC-0013,2024-07-20 20:14:05,2024-07-20 22:02:05,37.8,108,116724.21,1.0,116724.21,Completed,Credit Card,Pending
5611,TRP-005331,DRV-00324,USR-01882,LOC-0040,LOC-0036,2024-06-04 05:38:51,2024-06-04 07:13:51,13.88,95,102182.85,1.0,102182.85,Completed,Credit Card,Success
5612,TRP-005332,DRV-00199,USR-00830,LOC-0022,LOC-0005,2024-06-16 20:35:22,2024-06-16 20:57:22,17.07,22,18177.13,1.75,31809.98,Completed,GoPay,Success
5613,TRP-005333,DRV-00196,USR-01677,LOC-0034,LOC-0042,2024-08-17 19:27:41,2024-08-17 20:53:41,37.57,86,0.0,1.0,0.0,Completed,Credit Card,Failed
5614,TRP-005334,DRV-00010,USR-01162,LOC-0039,LOC-0006,2024-05-11 04:44:01,2024-05-11 06:37:01,7.21,113,56459.73,2.0,112919.46,Completed,Cash,Pending
5615,TRP-005335,DRV-00352,USR-01682,LOC-0051,LOC-0011,2024-03-10 20:13:09,2024-03-10 21:27:09,15.89,74,46962.15,1.25,58702.69,Completed,GoPay,Success
5616,TRP-005335,DRV-00352,USR-01682,LOC-0051,LOC-0011,2024-03-10 20:13:09,2024-03-10 21:27:09,15.89,74,46962.15,1.25,58702.69,Completed,GoPay,Success
5617,TRP-005336,DRV-00146,USR-00224,LOC-0035,LOC-0020,2024-09-08 00:03:06,2024-09-08 00:41:06,34.25,38,108722.4,1.0,108722.4,Completed,Credit Card,Success
5618,TRP-005336,DRV-00146,USR-00224,LOC-0035,LOC-0020,2024-09-08 00:03:06,2024-09-08 00:41:06,34.25,38,108722.4,1.0,108722.4,Completed,Credit Card,Success
5619,TRP-005337,DRV-00005,USR-01786,LOC-0049,LOC-0015,2024-10-21 00:51:16,2024-10-21 01:04:16,22.17,13,11372.74,1.0,11372.74,Completed,GoPay,Success
5620,TRP-005338,DRV-00392,USR-00615,LOC-0045,LOC-0022,2024-11-16 15:52:58,2024-11-16 16:43:58,8.89,51,96904.45,1.0,96904.45,Completed,Credit Card,Success
5621,TRP-005339,DRV-00191,USR-01591,LOC-0056,LOC-0039,2024-01-10 16:43:23,2024-01-10 18:38:23,2.02,115,27761.94,2.0,55523.88,Completed,Credit Card,Success
5622,TRP-005340,DRV-00494,USR-00609,LOC-0018,LOC-0043,2024-10-17 11:08:34,2024-10-17 11:24:34,27.74,16,53507.1,0.5,53507.1,COMPLETED,Cash,Success
5623,TRP-005341,DRV-00239,USR-00681,LOC-0012,LOC-0053,2024-09-28 20:39:20,2024-09-28 22:02:20,24.47,83,117431.34,1.0,117431.34,Completed,Cash,Success
5624,TRP-005342,DRV-00370,USR-00655,LOC-0008,LOC-0040,2024-10-13 06:01:05,2024-10-13 07:25:05,39.89,84,105250.79,1.0,105250.79,Completed,Credit Card,Success
5625,TRP-005343,DRV-00207,USR-00153,LOC-0023,LOC-0006,2024-01-17 21:19:16,2024-01-17 22:46:16,1.51,87,15178.39,1.0,15178.39,Completed,Credit Card,Success
5626,TRP-005344,DRV-00500,USR-00786,LOC-0036,LOC-0053,2024-02-14 02:16:15,2024-02-14 02:30:15,10.37,14,130559.22,1.75,228478.64,Completed,GoPay,Success
5627,TRP-005345,DRV-00454,USR-01132,LOC-0012,LOC-0010,2024-03-23 17:11:37,2024-03-23 18:03:37,35.29,52,66886.57,2.5,167216.43,Completed,GoPay,Success
5628,TRP-005346,DRV-00047,USR-00816,LOC-0008,LOC-0048,2024-08-21 19:53:46,2024-08-21 21:06:46,7.33,73,135726.19,1.0,135726.19,Completed,GoPay,Success
5629,TRP-005347,DRV-00308,USR-00919,LOC-0051,LOC-0001,2024-05-29 21:41:19,2024-05-29 22:38:19,7.85,57,132189.92,0.8,231332.36,Completed,Cash,Success
5630,TRP-005348,DRV-00344,USR-00773,LOC-0006,LOC-0021,2024-07-13 16:40:07,2024-07-13 18:26:07,36.51,106,149942.79,1.0,149942.79,Completed,Credit Card,Success
5631,TRP-005348,DRV-00344,USR-00773,LOC-0006,LOC-0021,2024-07-13 16:40:07,2024-07-13 18:26:07,36.51,106,149942.79,1.0,149942.79,Completed,Credit Card,Success
5632,TRP-005349,DRV-00474,USR-00617,LOC-0050,LOC-0003,2024-02-11 10:42:31,2024-02-11 11:02:31,17.95,20,59200.41,2.0,118400.82,Cancelled,Credit Card,Success
5633,TRP-005349,DRV-00474,USR-00617,LOC-0050,LOC-0003,2024-02-11 10:42:31,2024-02-11 11:02:31,17.95,20,59200.41,2.0,118400.82,Cancelled,Credit Card,Success
5634,TRP-005350,DRV-00044,USR-01603,LOC-0010,LOC-0047,2024-09-23 13:57:54,2024-09-23 14:33:54,25.59,36,47938.21,1.0,47938.21,Cancelled,Credit Card,Success
5635,TRP-005351,DRV-00013,USR-00115,LOC-0029,LOC-0046,2024-05-07 17:12:46,2024-05-07 17:59:46,2.61,47,111027.82,1.0,111027.82,Completed,Cash,Success
5636,TRP-005352,DRV-00089,USR-01425,LOC-0029,LOC-0009,2024-01-06 14:06:48,2024-01-06 15:05:48,34.51,59,99723.63,1.0,99723.63,Completed,Credit Card,Success
5637,TRP-005353,DRV-00049,USR-00409,LOC-0053,LOC-0036,2024-12-02 16:40:32,2024-12-02 17:41:32,19.58,61,101779.09,1.25,127223.86,Cancelled,Cash,Success
5638,TRP-005354,DRV-00147,USR-00761,LOC-0004,LOC-0047,2024-03-16 22:12:02,2024-03-17 00:02:02,32.81,110,108431.95,1.5,162647.92,Completed,GoPay,Success
5639,TRP-005355,DRV-00338,USR-00612,LOC-0046,LOC-0039,2024-03-21 16:36:52,2024-03-21 17:12:52,9.64,36,,1.25,,Completed,GoPay,Success
5640,TRP-005355,DRV-00338,USR-00612,LOC-0046,LOC-0039,2024-03-21 16:36:52,2024-03-21 17:12:52,9.64,36,,1.25,,Completed,GoPay,Success
5641,TRP-005356,DRV-00204,USR-00950,LOC-0026,LOC-0046,2024-04-29 21:15:01,2024-04-29 21:55:01,35.86,40,97067.42,1.5,145601.13,Completed,Credit Card,Success
5642,TRP-005357,DRV-00351,USR-00159,LOC-0001,LOC-0027,2024-07-27 08:45:27,2024-07-27 10:18:27,23.28,93,27499.03,1.0,27499.03,Completed,Credit Card,Success
5643,TRP-005358,DRV-00266,USR-00672,LOC-0048,LOC-0030,2024-07-05 09:18:03,2024-07-05 10:03:03,12.84,45,111458.51,1.0,111458.51,Completed,Cash,Success
5644,TRP-005359,DRV-00062,USR-00490,LOC-0036,LOC-0030,2024-01-08 00:21:46,2024-01-08 01:04:46,39.53,43,131301.92,1.0,131301.92,Completed,Cash,Success
5645,TRP-005360,DRV-00291,USR-00252,LOC-0019,LOC-0045,2024-01-18 18:56:47,2024-01-18 20:25:47,7.31,89,,1.75,,Completed,GoPay,Success
5646,TRP-005361,DRV-00412,USR-01561,LOC-0002,LOC-0014,2024-10-24 11:47:24,2024-10-24 12:26:24,35.23,39,91277.03,1.0,91277.03,Completed,Credit Card,Success
5647,TRP-005362,DRV-00006,USR-00444,LOC-0043,LOC-0002,2024-11-28 09:32:03,2024-11-28 10:13:03,38.49,41,145024.92,1.5,217537.38,Completed,Cash,Success
5648,TRP-005363,DRV-00284,USR-01183,LOC-0019,LOC-0030,2024-08-19 02:11:58,2024-08-19 02:26:58,21.69,15,50865.26,1.0,50865.26,Completed,Credit Card,Success
5649,TRP-005363,DRV-00284,USR-01183,LOC-0019,LOC-0030,2024-08-19 02:11:58,2024-08-19 02:26:58,21.69,15,50865.26,1.0,50865.26,Completed,Credit Card,Success
5650,TRP-005364,DRV-00441,USR-01629,LOC-0010,LOC-0006,2024-01-02 12:18:40,2024-01-02 13:42:40,36.99,84,48920.26,1.0,48920.26,Cancelled,Credit Card,Success
5651,TRP-005365,DRV-00022,USR-00016,LOC-0057,LOC-0042,2024-07-30 21:25:00,2024-07-30 22:08:00,11.07,43,23658.55,1.25,29573.19,Cancelled,Cash,Success
5652,TRP-005366,DRV-00165,USR-00743,LOC-0018,LOC-0034,2024-07-04 06:27:50,2024-07-04 06:54:50,29.23,27,95159.35,1.0,95159.35,Completed,Cash,Success
5653,TRP-005367,DRV-00491,USR-01428,LOC-0022,LOC-0002,2024-07-13 16:02:20,2024-07-13 17:18:20,6.24,76,47418.34,2.0,94836.68,Completed,Cash,Success
5654,TRP-005368,DRV-00096,USR-00496,LOC-0005,LOC-0047,2024-07-02 04:27:52,2024-07-02 05:19:52,14.4,52,100005.69,2.0,200011.38,Completed,Credit Card,Success
5655,TRP-005369,DRV-00479,USR-00612,LOC-0006,LOC-0051,2024-07-04 10:30:47,2024-07-04 10:41:47,,11,17117.9,1.0,17117.9,Completed,Cash,Success
5656,TRP-005370,DRV-00442,USR-00131,LOC-0016,LOC-0042,2024-04-30 18:04:13,2024-04-30 18:19:13,25.26,15,61590.16,1.75,107782.78,Completed,Cash,Pending
5657,TRP-005371,DRV-00358,USR-01171,LOC-0051,LOC-0028,2024-09-17 03:26:31,2024-09-17 04:43:31,16.93,77,58301.16,1.25,72876.45,Completed,GoPay,Success
5658,TRP-005372,DRV-00372,USR-00238,LOC-0026,LOC-0029,2024-11-07 06:55:57,2024-11-07 08:13:57,,78,95890.13,1.25,119862.66,Completed,Credit Card,Success
5659,TRP-005373,DRV-00400,USR-00926,LOC-0046,LOC-0011,2024-12-28 12:16:05,2024-12-28 13:23:05,35.34,67,0.0,1.0,0.0,Completed,Cash,Success
5660,TRP-005374,DRV-00024,USR-00374,LOC-0003,LOC-0055,2024-04-06 00:38:09,2024-04-06 02:37:09,11.12,119,94019.92,1.0,94019.92,Completed,Credit Card,Success
5661,TRP-005375,DRV-00106,USR-00135,LOC-0003,LOC-0052,2024-04-01 05:44:34,2024-04-01 07:21:34,36.37,97,136014.93,1.0,136014.93,Completed,Cash,Success
5662,TRP-005376,DRV-00025,USR-01881,LOC-0045,LOC-0009,2024-03-03 22:06:40,2024-03-03 22:23:40,20.75,17,57670.43,2.5,144176.08,Completed,GoPay,Success
5663,TRP-005377,DRV-00358,USR-01770,LOC-0021,LOC-0042,2024-04-02 04:19:43,2024-04-02 05:20:43,6.38,61,84196.54,1.0,84196.54,Cancelled,Credit Card,Success
5664,TRP-005378,DRV-00023,USR-00893,LOC-0028,LOC-0013,2024-05-03 03:10:26,2024-05-03 05:00:26,14.86,110,34227.93,1.5,51341.9,Completed,Credit Card,Success
5665,TRP-005379,DRV-00104,USR-01172,LOC-0008,LOC-0057,2024-03-25 06:43:52,2024-03-25 07:30:52,7.54,47,102100.75,2.0,204201.5,Completed,GoPay,Success
5666,TRP-005380,DRV-00339,USR-00228,LOC-0052,LOC-0055,2024-09-16 12:24:36,2024-09-16 12:54:36,3.0,30,52221.35,1.0,52221.35,Completed,Cash,Success
5667,TRP-005380,DRV-00339,USR-00228,LOC-0052,LOC-0055,2024-09-16 12:24:36,2024-09-16 12:54:36,3.0,30,52221.35,1.0,52221.35,Completed,Cash,Success
5668,TRP-005381,DRV-00355,USR-00646,LOC-0007,LOC-0033,2024-09-03 09:07:07,2024-09-03 09:32:07,12.55,25,39799.11,1.0,39799.11,Completed,Cash,Failed
5669,TRP-005382,DRV-00328,USR-00715,LOC-0007,LOC-0027,2024-04-11 23:49:49,2024-04-12 01:17:49,22.0,88,135226.04,1.0,135226.04,Completed,Cash,Success
5670,TRP-005383,DRV-00037,USR-00597,LOC-0024,LOC-0040,2024-03-25 06:53:39,2024-03-25 08:37:39,32.78,104,13884.9,1.0,13884.9,completed,Cash,Pending
5671,TRP-005384,DRV-00490,USR-01071,LOC-0016,LOC-0028,2024-02-17 15:10:22,2024-02-17 16:53:22,23.68,103,64410.8,1.0,64410.8,Completed,Cash,Success
5672,TRP-005385,DRV-00158,USR-01590,LOC-0048,LOC-0035,2024-02-01 05:53:57,2024-02-01 07:13:57,17.98,80,56545.51,1.25,70681.89,Completed,Cash,Success
5673,TRP-005386,DRV-00001,USR-01713,LOC-0011,LOC-0012,2024-02-15 05:17:08,2024-02-15 07:15:08,5.0,118,0.0,1.0,0.0,Completed,Credit Card,Success
5674,TRP-005387,DRV-00217,USR-01456,LOC-0033,LOC-0021,2024-04-11 21:08:26,2024-04-11 23:02:26,15.79,114,83980.64,1.0,83980.64,Cancelled,Credit Card,Pending
5675,TRP-005388,DRV-00093,USR-00978,LOC-0005,LOC-0047,2024-01-13 03:28:24,2024-01-13 04:58:24,17.59,90,82101.44,1.0,82101.44,Completed,Cash,Success
5676,TRP-005389,DRV-00243,USR-01313,LOC-0027,LOC-0039,2024-03-21 07:46:03,2024-03-21 09:28:03,,102,76021.2,1.0,76021.2,Failed,Credit Card,Success
5677,TRP-005390,DRV-00257,USR-01958,LOC-0029,LOC-0036,2024-04-17 06:52:40,2024-04-17 07:53:40,19.22,61,66718.07,0.5,83397.59,Completed,GoPay,Success
5678,TRP-005391,DRV-00446,USR-01477,LOC-0053,LOC-0049,2024-09-20 01:27:38,2024-09-20 01:41:38,3.27,14,108491.82,1.0,108491.82,Cancelled,GoPay,Success
5679,TRP-005391,DRV-00446,USR-01477,LOC-0053,LOC-0049,2024-09-20 01:27:38,2024-09-20 01:41:38,3.27,14,108491.82,1.0,108491.82,Cancelled,GoPay,Success
5680,TRP-005392,DRV-00494,USR-01396,LOC-0020,LOC-0001,2024-07-29 04:27:26,2024-07-29 05:39:26,7.04,72,,1.5,,Completed,Credit Card,Success
5681,TRP-005393,DRV-00395,USR-01894,LOC-0039,LOC-0028,2024-04-19 17:33:33,2024-04-19 18:34:33,34.07,61,85896.17,1.25,107370.21,Completed,GoPay,Success
5682,TRP-005394,DRV-00456,USR-01559,LOC-0017,LOC-0054,2024-05-08 03:18:00,2024-05-08 04:14:00,9.29,56,38549.86,1.0,38549.86,Completed,GoPay,Success
5683,TRP-005395,DRV-00073,USR-00839,LOC-0017,LOC-0031,2024-07-21 19:11:30,2024-07-21 20:17:30,13.01,66,83867.81,1.0,83867.81,Completed,GoPay,Failed
5684,TRP-005396,DRV-00403,USR-01259,LOC-0016,LOC-0047,2024-07-27 12:27:13,2024-07-27 13:48:13,7.08,81,144963.63,1.0,144963.63,Completed,GoPay,Success
5685,TRP-005397,DRV-00320,USR-00311,LOC-0026,LOC-0047,2024-09-07 16:19:54,2024-09-07 17:44:54,34.71,85,68355.5,1.0,68355.5,Completed,GoPay,Success
5686,TRP-005398,DRV-00044,USR-01901,LOC-0028,LOC-0027,2024-05-14 17:34:23,2024-05-14 19:03:23,22.07,89,80571.44,1.0,80571.44,Completed,GoPay,Success
5687,TRP-005399,DRV-00140,USR-00386,LOC-0056,LOC-0050,2024-04-23 12:15:06,2024-04-23 13:33:06,17.57,78,95806.08,1.25,119757.6,Completed,Cash,Success
5688,TRP-005400,DRV-00095,USR-00320,LOC-0025,LOC-0033,2024-11-23 16:02:34,2024-11-23 17:46:34,23.62,104,19848.73,1.75,34735.28,Completed,Cash,Success
5689,TRP-005401,DRV-00327,USR-00562,LOC-0007,LOC-0002,2024-09-12 01:40:48,2024-09-12 03:11:48,12.97,91,37666.24,1.5,56499.36,Completed,GoPay,Success
5690,TRP-005402,DRV-00355,USR-00077,LOC-0036,LOC-0006,2024-11-25 20:38:49,2024-11-25 21:37:49,31.19,59,44599.54,1.5,66899.31,Completed,GoPay,Success
5691,TRP-005403,DRV-00107,USR-01028,LOC-0011,LOC-0006,2024-12-10 22:40:25,2024-12-10 23:36:25,34.43,56,112987.98,1.0,112987.98,Completed,GoPay,Success
5692,TRP-005404,DRV-00243,USR-01650,LOC-0041,LOC-0013,2024-02-20 04:24:35,2024-02-20 06:14:35,19.44,110,128320.26,1.25,160400.32,Completed,Cash,Success
5693,TRP-005405,DRV-00107,USR-01881,LOC-0038,LOC-0002,2024-08-21 02:18:34,2024-08-21 03:14:34,3.34,56,130109.78,1.0,130109.78,Completed,Cash,Success
5694,TRP-005406,DRV-00282,USR-01571,LOC-0021,LOC-0038,2024-07-02 13:04:54,2024-07-02 13:21:54,28.87,17,40039.9,1.0,40039.9,Completed,Credit Card,Success
5695,TRP-005406,DRV-00282,USR-01571,LOC-0021,LOC-0038,2024-07-02 13:04:54,2024-07-02 13:21:54,28.87,17,40039.9,1.0,40039.9,Completed,Credit Card,Success
5696,TRP-005407,DRV-00389,USR-01756,LOC-0019,LOC-0008,2024-08-14 08:44:11,2024-08-14 10:28:11,29.83,104,133317.41,2.0,266634.82,Cancelled,Credit Card,Success
5697,TRP-005408,DRV-00200,USR-01894,LOC-0040,LOC-0043,2024-09-17 08:07:23,2024-09-17 09:18:23,3.58,71,125648.62,1.0,125648.62,Completed,GoPay,Success
5698,TRP-005409,DRV-00461,USR-00410,LOC-0041,LOC-0040,2024-03-17 06:01:28,2024-03-17 07:26:28,27.82,85,103248.98,1.5,154873.47,Completed,Cash,Success
5699,TRP-005410,DRV-00021,USR-00327,LOC-0021,LOC-0016,2024-07-13 04:40:01,2024-07-13 05:02:01,34.63,22,32319.73,1.5,48479.6,Completed,GoPay,Pending
5700,TRP-005410,DRV-00021,USR-00327,LOC-0021,LOC-0016,2024-07-13 04:40:01,2024-07-13 05:02:01,34.63,22,32319.73,1.5,48479.6,Completed,GoPay,Pending
5701,TRP-005411,DRV-00015,USR-01613,LOC-0041,LOC-0013,2024-11-15 07:52:13,2024-11-15 08:55:13,37.85,63,121276.48,1.25,151595.6,Completed,GoPay,Success
5702,TRP-005412,DRV-00325,USR-00099,LOC-0052,LOC-0041,2024-06-27 09:21:10,2024-06-27 10:58:10,28.34,97,32538.34,1.0,32538.34,Completed,GoPay,Success
5703,TRP-005412,DRV-00325,USR-00099,LOC-0052,LOC-0041,2024-06-27 09:21:10,2024-06-27 10:58:10,28.34,97,32538.34,1.0,32538.34,Completed,GoPay,Success
5704,TRP-005413,DRV-00130,USR-01601,LOC-0008,LOC-0015,2024-09-07 20:05:16,2024-09-07 20:30:16,7.9,25,107236.88,1.0,107236.88,Cancelled ,Credit Card,Success
5705,TRP-005414,DRV-00213,USR-00831,LOC-0006,LOC-0048,2024-05-10 21:45:47,2024-05-10 22:32:47,16.52,47,33097.86,1.0,33097.86,Completed,GoPay,Success
5706,TRP-005415,DRV-00191,USR-00907,LOC-0007,LOC-0054,2024-01-31 22:04:04,2024-01-31 23:33:04,32.9,89,119918.71,1.0,119918.71,Completed,Credit Card,Success
5707,TRP-005416,DRV-00341,USR-01593,LOC-0050,LOC-0012,2024-03-15 23:08:03,2024-03-16 00:57:03,39.77,109,59134.36,1.0,59134.36,Completed,Cash,Success
5708,TRP-005417,DRV-00025,USR-00980,LOC-0005,LOC-0022,2024-07-03 09:33:14,2024-07-03 10:17:14,5.92,44,93716.61,1.0,93716.61,Completed,Cash,Success
5709,TRP-005418,DRV-00053,USR-01955,LOC-0022,LOC-0048,2024-05-14 04:34:08,2024-05-14 04:58:08,15.95,24,43072.96,1.0,43072.96,Completed,Cash,Success
5710,TRP-005419,DRV-00277,USR-01225,LOC-0011,LOC-0008,2024-06-12 16:21:18,2024-06-12 17:13:18,3.67,52,125015.95,1.0,125015.95,Completed,Cash,Success
5711,TRP-005420,DRV-00469,USR-00598,LOC-0011,LOC-0036,2024-06-20 12:27:05,2024-06-20 13:18:05,30.19,51,29659.18,1.5,44488.77,Cancelled,Credit Card,Success
5712,TRP-005421,DRV-00361,USR-00164,LOC-0001,LOC-0017,2024-02-17 02:58:45,2024-02-17 03:42:45,6.98,44,138837.16,1.0,138837.16,Completed,Credit Card,Success
5713,TRP-005422,DRV-00145,USR-00592,LOC-0023,LOC-0033,2024-09-13 17:02:44,2024-09-13 17:16:44,34.98,14,108990.96,1.0,108990.96,Failed,Credit Card,Success
5714,TRP-005423,DRV-00210,USR-01823,LOC-0006,LOC-0026,2024-12-30 09:23:21,2024-12-30 10:21:21,11.85,58,74448.63,1.25,93060.79,Completed,GoPay,Success
5715,TRP-005424,DRV-00085,USR-01786,LOC-0057,LOC-0023,2024-01-06 07:40:01,2024-01-06 09:25:01,1.75,105,11411.96,1.0,11411.96,Completed,Cash,Success
5716,TRP-005425,DRV-00430,USR-00103,LOC-0028,LOC-0031,2024-07-05 00:04:18,2024-07-05 00:26:18,15.09,22,48322.79,1.0,48322.79,Completed,Cash,Success
5717,TRP-005426,DRV-00346,USR-01642,LOC-0023,LOC-0001,2024-01-17 04:07:01,2024-01-17 05:17:01,30.62,70,75988.05,2.0,151976.1,Completed,Cash,Success
5718,TRP-005427,DRV-00163,USR-01995,LOC-0026,LOC-0034,2024-09-27 02:22:25,2024-09-27 03:06:25,16.98,44,135117.18,1.0,135117.18,Completed,GoPay,Success
5719,TRP-005428,DRV-00146,USR-01803,LOC-0016,LOC-0054,2024-02-27 11:49:04,2024-02-27 12:58:04,30.52,69,93299.3,1.25,116624.12,Completed,GoPay,Success
5720,TRP-005429,DRV-00383,USR-01503,LOC-0033,LOC-0047,2024-09-12 09:55:32,2024-09-12 11:05:32,23.64,70,13235.58,1.0,13235.58,Completed,Credit Card,Failed
5721,TRP-005430,DRV-00065,USR-00489,LOC-0006,LOC-0027,2024-03-02 03:30:50,2024-03-02 04:49:50,9.63,79,36119.7,1.0,36119.7,Completed,Credit Card,Success
5722,TRP-005431,DRV-00035,USR-00142,LOC-0038,LOC-0030,2024-08-26 11:55:37,2024-08-26 13:05:37,32.41,70,13186.4,1.5,19779.6,Completed,GoPay,Success
5723,TRP-005432,DRV-00485,USR-01368,LOC-0009,LOC-0047,2024-04-17 19:56:11,2024-04-17 21:27:11,12.49,91,25144.69,1.0,25144.69,Completed,Credit Card,Failed
5724,TRP-005433,DRV-00495,USR-00948,LOC-0012,LOC-0009,2024-05-05 10:02:06,2024-05-05 11:09:06,32.13,67,137724.94,1.0,137724.94,Completed,Credit Card,Success
5725,TRP-005434,DRV-00437,USR-00522,LOC-0048,LOC-0046,2024-11-05 00:34:49,2024-11-05 00:56:49,32.67,22,120163.26,3.5,300408.15,Completed,Cash,Pending
5726,TRP-005435,DRV-00293,USR-01506,LOC-0051,LOC-0019,2024-05-29 11:03:11,2024-05-29 12:34:11,13.32,91,53121.69,2.0,106243.38,Completed,GoPay,Success
5727,TRP-005436,DRV-00051,USR-01945,LOC-0012,LOC-0025,2024-05-29 19:45:38,2024-05-29 21:10:38,26.34,85,30567.1,1.0,30567.1,Completed,Credit Card,Success
5728,TRP-005437,DRV-00172,USR-00943,LOC-0054,LOC-0033,2024-02-02 16:57:56,2024-02-02 18:52:56,28.93,115,112792.9,1.0,112792.9,Completed,Cash,Success
5729,TRP-005438,DRV-00134,USR-00771,LOC-0029,LOC-0041,2024-12-11 09:40:23,2024-12-11 10:36:23,28.09,56,71053.5,2.0,142107.0,Completed,Cash,Failed
5730,TRP-005439,DRV-00080,USR-00510,LOC-0016,LOC-0001,2024-12-26 04:31:53,2024-12-26 05:25:53,7.52,54,77586.55,1.5,116379.83,Completed,Credit Card,Success
5731,TRP-005440,DRV-00339,USR-00260,LOC-0005,LOC-0045,2024-02-22 00:29:31,2024-02-22 01:26:31,20.24,57,14879.18,1.0,14879.18,Cancelled,Credit Card,Success
5732,TRP-005441,DRV-00097,USR-01232,LOC-0035,LOC-0042,2024-01-19 01:25:02,2024-01-19 02:25:02,19.12,60,134261.32,2.0,268522.64,Completed,Cash,Success
5733,TRP-005442,DRV-00040,USR-01679,LOC-0012,LOC-0011,2024-03-14 02:17:11,2024-03-14 03:09:11,16.84,52,128508.93,1.25,160636.16,Completed,Cash,Success
5734,TRP-005443,DRV-00118,USR-00420,LOC-0055,LOC-0037,2024-02-06 08:01:20,2024-02-06 08:25:20,32.83,24,89855.63,1.25,112319.54,Completed,GoPay,Success
5735,TRP-005444,DRV-00106,USR-00141,LOC-0010,LOC-0034,2024-07-15 04:24:14,2024-07-15 04:56:14,27.02,32,104723.35,1.5,157085.03,Completed,Credit Card,Success
5736,TRP-005445,DRV-00148,USR-00525,LOC-0035,LOC-0028,2024-07-28 00:17:45,2024-07-28 01:45:45,26.43,88,87468.29,2.5,218670.72,Cancelled,GoPay,Success
5737,TRP-005446,DRV-00284,USR-00210,LOC-0051,LOC-0047,2024-04-30 05:31:18,2024-04-30 07:20:18,33.92,109,109311.22,1.0,109311.22,Completed,GoPay,Success
5738,TRP-005447,DRV-00414,USR-00008,LOC-0013,LOC-0028,2024-08-09 16:49:48,2024-08-09 17:01:48,10.84,12,110597.35,1.0,110597.35,Completed,Cash,Success
5739,TRP-005448,DRV-00129,USR-01803,LOC-0027,LOC-0057,2024-12-01 13:31:19,2024-12-01 14:52:19,35.3,81,117914.7,1.0,117914.7,Completed,Cash,Success
5740,TRP-005449,DRV-00320,USR-01298,LOC-0053,LOC-0007,2024-10-24 16:31:32,2024-10-24 17:16:32,20.18,45,118658.81,1.25,148323.51,Completed,Credit Card,Success
5741,TRP-005450,DRV-00042,USR-00901,LOC-0011,LOC-0021,2024-04-09 03:03:28,2024-04-09 03:32:28,6.29,29,27972.39,1.5,41958.58,Completed,Credit Card,Success
5742,TRP-005451,DRV-00186,USR-00704,LOC-0054,LOC-0043,2024-06-04 02:35:02,2024-06-04 03:14:02,27.24,39,35326.16,0.5,35326.16,Cancelled,Credit Card,Success
5743,TRP-005452,DRV-00462,USR-01729,LOC-0028,LOC-0045,2024-09-12 01:59:47,2024-09-12 03:46:47,30.48,107,148735.63,1.0,148735.63,Completed,Cash,Success
5744,TRP-005453,DRV-00411,USR-00103,LOC-0014,LOC-0032,2024-07-10 20:48:36,2024-07-10 22:36:36,2.43,108,30508.96,1.0,30508.96,Completed,GoPay,Success
5745,TRP-005454,DRV-00160,USR-01078,LOC-0043,LOC-0016,2024-12-18 15:01:59,2024-12-18 15:32:59,4.69,31,98494.49,1.0,98494.49,Cancelled,GoPay,Pending
5746,TRP-005455,DRV-00305,USR-00082,LOC-0031,LOC-0011,2024-05-25 23:29:17,2024-05-26 01:18:17,8.39,109,140981.07,2.5,352452.68,Completed,Credit Card,Success
5747,TRP-005456,DRV-00340,USR-00718,LOC-0043,LOC-0010,2024-12-20 12:20:29,2024-12-20 13:53:29,25.41,93,114126.6,1.25,142658.25,Completed,Credit Card,Success
5748,TRP-005457,DRV-00056,USR-00805,LOC-0053,LOC-0024,2024-11-07 14:22:09,2024-11-07 15:26:09,14.58,64,,1.5,,Completed,GoPay,Success
5749,TRP-005458,DRV-00007,USR-01028,LOC-0047,LOC-0038,2024-10-07 03:53:53,2024-10-07 05:24:53,9.41,91,127986.65,2.0,255973.3,Failed,Credit Card,Success
5750,TRP-005459,DRV-00239,USR-00045,LOC-0047,LOC-0017,2024-05-04 04:05:57,2024-05-04 05:23:57,37.65,78,61814.68,1.25,77268.35,Completed,Credit Card,Success
5751,TRP-005460,DRV-00476,USR-00344,LOC-0006,LOC-0014,2024-03-20 05:50:18,2024-03-20 06:32:18,19.5,42,86086.52,1.75,150651.41,Completed,Credit Card,Success
5752,TRP-005461,DRV-00137,USR-01683,LOC-0037,LOC-0012,2024-06-18 01:29:20,2024-06-18 03:08:20,18.59,99,99787.06,1.0,99787.06,Completed,Credit Card,Success
5753,TRP-005462,DRV-00410,USR-00453,LOC-0020,LOC-0011,2024-04-28 10:25:01,2024-04-28 10:46:01,3.68,21,119810.55,5.0,119810.55,Completed,Credit Card,Success
5754,TRP-005463,DRV-00415,USR-00803,LOC-0043,LOC-0027,2024-07-08 09:27:25,2024-07-08 11:23:25,16.9,116,142983.05,1.25,178728.81,Completed,Credit Card,Success
5755,TRP-005464,DRV-00156,USR-00122,LOC-0040,LOC-0055,2024-03-19 06:30:16,2024-03-19 07:00:16,38.5,30,19723.82,0.5,19723.82,Completed,GoPay,Success
5756,TRP-005465,DRV-00057,USR-00269,LOC-0042,LOC-0029,2024-07-15 12:06:40,2024-07-15 12:19:40,30.1,13,0.0,1.0,0.0,Completed,GoPay,Success
5757,TRP-005466,DRV-00123,USR-00517,LOC-0050,LOC-0018,2024-04-04 16:18:18,2024-04-04 17:22:18,30.82,64,89475.98,1.0,89475.98,Completed,Credit Card,Success
5758,TRP-005467,DRV-00067,USR-01790,LOC-0003,LOC-0043,2024-05-11 06:08:45,2024-05-11 06:31:45,39.25,23,84886.33,1.0,84886.33,Cancelled,Credit Card,Success
5759,TRP-005468,DRV-00101,USR-01776,LOC-0003,LOC-0008,2024-01-04 06:46:28,2024-01-04 07:01:28,32.98,15,41341.88,2.5,103354.7,Failed,Credit Card,Success
5760,TRP-005469,DRV-00395,USR-00844,LOC-0051,LOC-0006,2024-06-15 22:09:33,2024-06-15 22:38:33,6.52,29,149752.03,1.25,187190.04,Completed,Cash,Success
5761,TRP-005470,DRV-00273,USR-00042,LOC-0009,LOC-0053,2024-10-02 10:42:50,2024-10-02 12:40:50,30.53,118,16316.1,1.75,28553.17,Failed,GoPay,Success
5762,TRP-005471,DRV-00084,USR-00951,LOC-0046,LOC-0034,2024-09-30 20:42:08,2024-09-30 20:55:08,7.94,13,105425.56,1.0,105425.56,Completed,GoPay,Success
5763,TRP-005472,DRV-00243,USR-01699,LOC-0016,LOC-0021,2024-02-23 18:15:05,2024-02-23 18:35:05,11.58,20,130542.27,1.0,130542.27,Completed,Credit Card,Success
5764,TRP-005473,DRV-00415,USR-01029,LOC-0042,LOC-0024,2024-07-31 22:48:20,2024-07-31 23:19:20,11.46,31,41182.19,1.0,41182.19,Completed,Credit Card,Pending
5765,TRP-005474,DRV-00246,USR-00755,LOC-0008,LOC-0001,2024-07-04 07:36:39,2024-07-04 08:33:39,16.09,57,65481.52,1.0,65481.52,Completed,Credit Card,Success
5766,TRP-005475,DRV-00244,USR-01369,LOC-0040,LOC-0030,2024-08-25 12:06:41,2024-08-25 13:43:41,7.31,97,16898.2,1.0,16898.2,failed,Credit Card,Success
5767,TRP-005476,DRV-00113,USR-01252,LOC-0018,LOC-0019,2024-05-24 17:58:27,2024-05-24 19:06:27,6.82,68,88232.55,1.0,88232.55,Completed,Credit Card,Success
5768,TRP-005477,DRV-00283,USR-00779,LOC-0001,LOC-0007,2024-07-13 03:01:59,2024-07-13 04:11:59,14.67,70,115704.5,1.5,173556.75,Completed,GoPay,Success
5769,TRP-005478,DRV-00161,USR-00061,LOC-0022,LOC-0035,2024-03-18 01:38:32,2024-03-18 02:57:32,24.45,79,26853.36,1.0,26853.36,Completed,Credit Card,Pending
5770,TRP-005479,DRV-00204,USR-00455,LOC-0028,LOC-0040,2024-09-13 03:23:30,2024-09-13 05:23:30,1.8,120,65733.68,1.25,82167.1,Completed,Credit Card,Success
5771,TRP-005480,DRV-00403,USR-01456,LOC-0014,LOC-0038,2024-11-11 21:20:03,2024-11-11 21:40:03,22.08,20,102943.34,1.75,180150.85,Completed,Cash,Success
5772,TRP-005481,DRV-00473,USR-01851,LOC-0042,LOC-0040,2024-01-10 15:58:27,2024-01-10 16:36:27,28.42,38,76166.23,1.5,114249.35,Completed,Cash,Success
5773,TRP-005482,DRV-00404,USR-00360,LOC-0008,LOC-0017,2024-05-06 16:35:05,2024-05-06 18:10:05,12.03,95,142739.98,2.5,356849.95,Completed,Credit Card,Pending
5774,TRP-005483,DRV-00090,USR-01577,LOC-0041,LOC-0055,2024-09-27 12:56:40,2024-09-27 14:40:40,33.94,104,55896.18,1.25,69870.23,Cancelled,GoPay,Success
5775,TRP-005484,DRV-00280,USR-01424,LOC-0056,LOC-0008,2024-12-26 01:12:12,2024-12-26 01:31:12,17.51,19,55334.32,1.75,96835.06,Cancelled,Credit Card,Success
5776,TRP-005485,DRV-00103,USR-01604,LOC-0010,LOC-0016,2024-09-18 22:49:33,2024-09-18 23:41:33,24.07,52,112148.98,1.25,140186.23,Completed,GoPay,Success
5777,TRP-005486,DRV-00432,USR-01666,LOC-0028,LOC-0008,2024-11-05 02:10:17,2024-11-05 02:28:17,39.52,18,47645.19,1.5,71467.79,Completed,Cash,Success
5778,TRP-005487,DRV-00004,USR-00935,LOC-0007,LOC-0034,2024-01-30 23:37:48,2024-01-31 01:13:48,1.6,96,62345.81,1.25,77932.26,Completed,Cash,Success
5779,TRP-005488,DRV-00468,USR-00754,LOC-0021,LOC-0029,2024-06-24 22:14:49,2024-06-25 00:08:49,27.26,114,18605.74,1.5,27908.61,Completed,Credit Card,Success
5780,TRP-005489,DRV-00423,USR-01999,LOC-0028,LOC-0002,2024-08-24 05:58:58,2024-08-24 06:45:58,38.63,47,58567.2,1.0,58567.2,Completed,Credit Card,Success
5781,TRP-005490,DRV-00294,USR-00085,LOC-0030,LOC-0045,2024-05-10 15:51:21,2024-05-10 16:38:21,39.43,47,147157.69,1.5,220736.54,Completed,Credit Card,Success
5782,TRP-005491,DRV-00150,USR-01256,LOC-0034,LOC-0054,2024-11-19 05:41:20,2024-11-19 07:12:20,25.83,91,0.0,1.0,0.0,Completed,GoPay,Success
5783,TRP-005492,DRV-00097,USR-00806,LOC-0046,LOC-0006,2024-06-12 14:01:58,2024-06-12 15:10:58,6.36,69,70412.99,1.25,88016.24,Completed,GoPay,Failed
5784,TRP-005493,DRV-00112,USR-00728,LOC-0027,LOC-0053,2024-02-14 00:57:56,2024-02-14 01:19:56,37.83,22,111411.12,1.25,139263.9,Completed,GoPay,Success
5785,TRP-005494,DRV-00125,USR-00385,LOC-0011,LOC-0029,2024-07-17 06:25:22,2024-07-17 07:35:22,29.08,70,67315.02,1.0,67315.02,Completed,GoPay,Success
5786,TRP-005494,DRV-00125,USR-00385,LOC-0011,LOC-0029,2024-07-17 06:25:22,2024-07-17 07:35:22,29.08,70,67315.02,1.0,67315.02,Completed,GoPay,Success
5787,TRP-005495,DRV-00455,USR-01861,LOC-0044,LOC-0020,2024-06-22 07:40:07,2024-06-22 08:49:07,35.75,69,43291.81,1.0,43291.81,Failed,Cash,Success
5788,TRP-005496,DRV-00430,USR-01215,LOC-0040,LOC-0046,2024-11-26 03:46:07,2024-11-26 03:56:07,13.87,10,15949.11,1.25,19936.39,Completed,Credit Card,Success
5789,TRP-005497,DRV-00270,USR-01135,LOC-0014,LOC-0055,2024-04-08 15:14:16,2024-04-08 16:09:16,8.13,55,,1.0,,Completed,Cash,Success
5790,TRP-005498,DRV-00348,USR-01120,LOC-0042,LOC-0002,2024-03-09 00:54:24,2024-03-09 01:07:24,38.37,13,96153.64,1.0,96153.64,Completed,Credit Card,Success
5791,TRP-005499,DRV-00225,USR-01623,LOC-0052,LOC-0022,2024-04-03 11:31:20,2024-04-03 12:55:20,,84,104480.28,1.0,104480.28,Cancelled,GoPay,Pending
5792,TRP-005500,DRV-00497,USR-00848,LOC-0031,LOC-0028,2024-11-11 21:04:19,2024-11-11 22:28:19,15.21,84,27493.99,1.0,27493.99,Failed,Credit Card,Success
5793,TRP-005501,DRV-00163,USR-01235,LOC-0057,LOC-0032,2024-07-12 08:37:14,2024-07-12 09:52:14,4.16,75,111431.28,1.0,111431.28,Completed,Credit Card,Success
5794,TRP-005502,DRV-00267,USR-00233,LOC-0038,LOC-0048,2024-07-12 07:10:53,2024-07-12 08:02:53,24.45,52,28224.35,1.0,28224.35,Completed,Cash,Success
5795,TRP-005503,DRV-00340,USR-01642,LOC-0002,LOC-0047,2024-08-29 13:12:18,2024-08-29 14:22:18,29.77,70,141621.83,1.5,212432.74,Cancelled,Credit Card,Success
5796,TRP-005504,DRV-00056,USR-01339,LOC-0012,LOC-0051,2024-06-03 03:27:25,2024-06-03 04:14:25,19.76,47,0.0,2.5,0.0,Cancelled,Cash,Pending
5797,TRP-005505,DRV-00343,USR-00008,LOC-0030,LOC-0038,2024-01-15 09:57:43,2024-01-15 11:57:43,2.77,120,71964.62,1.0,71964.62,Completed,Credit Card,Success
5798,TRP-005506,DRV-00151,USR-01576,LOC-0009,LOC-0057,2024-12-30 04:37:07,2024-12-30 05:35:07,37.52,58,111328.63,1.75,194825.1,Completed,GoPay,Success
5799,TRP-005507,DRV-00262,USR-01033,LOC-0010,LOC-0038,2024-12-29 10:22:22,2024-12-29 10:52:22,,30,71982.69,1.0,71982.69,Completed,GoPay,Success
5800,TRP-005508,DRV-00149,USR-00803,LOC-0039,LOC-0028,2024-02-07 22:26:15,2024-02-08 00:15:15,1.3,109,55044.99,1.25,68806.24,Completed,Cash,Success
5801,TRP-005509,DRV-00355,USR-01648,LOC-0010,LOC-0001,2024-05-06 18:11:31,2024-05-06 18:55:31,36.44,44,40362.75,1.5,60544.12,Cancelled,Cash,Failed
5802,TRP-005510,DRV-00398,USR-01307,LOC-0045,LOC-0019,2024-04-12 13:00:25,2024-04-12 13:11:25,28.37,11,123401.26,1.0,123401.26,Completed,Credit Card,Pending
5803,TRP-005511,DRV-00052,USR-00868,LOC-0009,LOC-0013,2024-01-05 06:15:52,2024-01-05 06:49:52,11.19,34,85454.46,1.0,85454.46,Cancelled,Credit Card,Failed
5804,TRP-005512,DRV-00397,USR-00067,LOC-0017,LOC-0035,2024-01-12 23:34:26,2024-01-13 00:31:26,19.26,57,136015.44,2.0,272030.88,Completed,Credit Card,Success
5805,TRP-005513,DRV-00300,USR-01093,LOC-0009,LOC-0032,2024-02-21 03:46:50,2024-02-21 05:08:50,1.27,82,89489.07,1.25,111861.34,COMPLETED,Credit Card,Success
5806,TRP-005514,DRV-00029,USR-01768,LOC-0054,LOC-0037,2024-07-27 00:53:49,2024-07-27 02:10:49,1.15,77,42386.09,1.5,63579.13,Completed,Cash,Pending
5807,TRP-005515,DRV-00476,USR-01699,LOC-0019,LOC-0032,2024-10-29 05:57:29,2024-10-29 06:58:29,26.78,61,103677.23,1.0,103677.23,Completed,Cash,Success
5808,TRP-005516,DRV-00073,USR-00524,LOC-0005,LOC-0043,2024-11-22 17:19:04,2024-11-22 18:25:04,31.88,66,94916.96,1.0,94916.96,Completed,GoPay,Success
5809,TRP-005517,DRV-00175,USR-00002,LOC-0047,LOC-0045,2024-02-26 21:23:03,2024-02-26 23:13:03,12.72,110,24112.67,1.0,24112.67,Cancelled,Cash,Success
5810,TRP-005518,DRV-00022,USR-01107,LOC-0013,LOC-0053,2024-08-28 22:28:56,2024-08-28 23:10:56,33.25,42,35263.75,1.0,35263.75,Completed,Cash,Failed
5811,TRP-005519,DRV-00260,USR-00958,LOC-0034,LOC-0013,2024-10-31 16:23:51,2024-10-31 16:56:51,33.81,33,147833.22,1.0,147833.22,Completed,Cash,Success
5812,TRP-005520,DRV-00016,USR-01894,LOC-0031,LOC-0027,2024-05-18 04:47:53,2024-05-18 06:13:53,30.64,86,134887.17,1.0,134887.17,Completed,GoPay,Success
5813,TRP-005521,DRV-00471,USR-00128,LOC-0046,LOC-0015,2024-10-06 16:09:39,2024-10-06 16:55:39,1.08,46,28826.37,2.5,72065.93,Completed,GoPay,Success
5814,TRP-005522,DRV-00330,USR-01104,LOC-0055,LOC-0051,2024-03-06 12:10:20,2024-03-06 13:42:20,37.13,92,14577.79,1.0,14577.79,Cancelled,GoPay,Success
5815,TRP-005523,DRV-00490,USR-00222,LOC-0015,LOC-0003,2024-06-26 05:26:27,2024-06-26 05:45:27,30.15,19,93283.89,1.0,93283.89,Completed,Credit Card,Success
5816,TRP-005524,DRV-00290,USR-01791,LOC-0003,LOC-0006,2024-04-27 20:52:08,2024-04-27 22:06:08,25.15,74,98828.12,1.75,172949.21,Completed,Cash,Success
5817,TRP-005525,DRV-00264,USR-01885,LOC-0029,LOC-0039,2024-03-29 02:56:15,2024-03-29 04:51:15,9.42,115,41562.66,1.0,41562.66,Completed,GoPay,Success
5818,TRP-005526,DRV-00086,USR-01549,LOC-0007,LOC-0010,2024-02-23 11:23:47,2024-02-23 11:43:47,3.25,20,148377.14,1.0,148377.14,Completed,Cash,Success
5819,TRP-005527,DRV-00229,USR-00474,LOC-0021,LOC-0054,2024-11-10 11:03:23,2024-11-10 12:22:23,27.54,79,149325.6,1.0,149325.6,Completed,GoPay,Success
5820,TRP-005528,DRV-00324,USR-01714,LOC-0033,LOC-0040,2024-03-11 12:51:04,2024-03-11 14:11:04,8.64,80,85770.21,1.0,85770.21,Completed,Cash,Success
5821,TRP-005529,DRV-00422,USR-00833,LOC-0032,LOC-0038,2024-06-05 07:51:02,2024-06-05 09:42:02,25.52,111,92188.69,1.5,138283.04,Completed,GoPay,Success
5822,TRP-005530,DRV-00166,USR-00821,LOC-0052,LOC-0029,2024-04-01 18:41:24,2024-04-01 20:13:24,22.23,92,28108.76,1.0,28108.76,Completed,Cash,Success
5823,TRP-005531,DRV-00480,USR-01883,LOC-0055,LOC-0010,2024-10-14 08:25:31,2024-10-14 09:08:31,23.57,43,63180.91,1.0,63180.91,Completed,GoPay,Success
5824,TRP-005532,DRV-00153,USR-01585,LOC-0038,LOC-0011,2024-09-05 19:51:08,2024-09-05 21:24:08,25.53,93,35606.83,1.0,35606.83,Cancelled,Cash,Success
5825,TRP-005533,DRV-00153,USR-00072,LOC-0021,LOC-0015,2024-08-06 13:36:16,2024-08-06 15:34:16,,118,137004.12,1.0,137004.12,Completed,Cash,Success
5826,TRP-005534,DRV-00297,USR-01631,LOC-0052,LOC-0049,2024-04-29 15:54:11,2024-04-29 16:18:11,10.57,24,10229.29,1.0,10229.29,Cancelled,GoPay,Success
5827,TRP-005535,DRV-00084,USR-00990,LOC-0051,LOC-0021,2024-03-23 09:25:55,2024-03-23 09:56:55,28.61,31,129612.63,1.5,194418.95,Completed,GoPay,Failed
5828,TRP-005536,DRV-00480,USR-01895,LOC-0043,LOC-0029,2024-02-21 15:06:45,2024-02-21 16:36:45,37.33,90,52780.09,1.0,52780.09,Completed,Cash,Success
5829,TRP-005537,DRV-00097,USR-00485,LOC-0017,LOC-0053,2024-05-10 17:57:37,2024-05-10 19:32:37,31.58,95,107549.17,1.5,161323.76,Completed,GoPay,Success
5830,TRP-005538,DRV-00076,USR-01627,LOC-0041,LOC-0012,2024-04-11 15:23:53,2024-04-11 17:09:53,39.92,106,0.0,1.0,0.0,Failed,GoPay,Success
5831,TRP-005539,DRV-00280,USR-01971,LOC-0023,LOC-0009,2024-12-15 02:28:05,2024-12-15 03:14:05,26.24,46,0.0,1.75,0.0,Cancelled,GoPay,Success
5832,TRP-005540,DRV-00182,USR-00041,LOC-0001,LOC-0055,2024-01-29 14:51:00,2024-01-29 16:43:00,25.32,112,70192.6,1.0,70192.6,Completed,Cash,Success
5833,TRP-005541,DRV-00100,USR-01467,LOC-0041,LOC-0030,2024-09-10 23:27:08,2024-09-11 00:21:08,10.86,54,74920.55,1.0,74920.55,Completed,Cash,Success
5834,TRP-005542,DRV-00451,USR-01541,LOC-0040,LOC-0012,2024-06-16 10:34:02,2024-06-16 11:10:02,16.7,36,18318.54,1.0,18318.54,Completed,GoPay,Success
5835,TRP-005543,DRV-00361,USR-00518,LOC-0014,LOC-0036,2024-10-08 07:25:08,2024-10-08 08:06:08,6.85,41,,1.25,,COMPLETED,Credit Card,Success
5836,TRP-005544,DRV-00052,USR-01355,LOC-0005,LOC-0033,2024-11-02 06:50:45,2024-11-02 07:31:45,22.19,41,38694.64,1.5,58041.96,Cancelled,Credit Card,Success
5837,TRP-005544,DRV-00052,USR-01355,LOC-0005,LOC-0033,2024-11-02 06:50:45,2024-11-02 07:31:45,22.19,41,38694.64,1.5,58041.96,Cancelled,Credit Card,Success
5838,TRP-005545,DRV-00040,USR-01598,LOC-0034,LOC-0025,2024-02-05 02:59:43,2024-02-05 04:48:43,2.07,109,77463.88,1.25,96829.85,Completed,Cash,Success
5839,TRP-005546,DRV-00285,USR-01546,LOC-0015,LOC-0030,2024-01-28 00:49:59,2024-01-28 01:07:59,27.48,18,93076.54,1.5,139614.81,Completed,GoPay,Success
5840,TRP-005547,DRV-00336,USR-00717,LOC-0054,LOC-0006,2024-03-25 10:01:31,2024-03-25 11:17:31,35.22,76,99634.38,1.0,99634.38,Completed,Cash,Success
5841,TRP-005548,DRV-00394,USR-00851,LOC-0044,LOC-0050,2024-12-21 08:44:04,2024-12-21 09:46:04,38.61,-10,142055.64,1.5,213083.46,Cancelled ,GoPay,Success
5842,TRP-005549,DRV-00463,USR-00282,LOC-0008,LOC-0021,2024-02-11 02:53:42,2024-02-11 03:04:42,17.18,-5,0.0,1.25,0.0,Failed,GoPay,Success
5843,TRP-005550,DRV-00034,USR-00197,LOC-0015,LOC-0011,2024-04-05 21:57:45,2024-04-05 22:08:45,12.1,11,142290.16,1.0,142290.16,Completed,Cash,Success
5844,TRP-005551,DRV-00068,USR-01475,LOC-0051,LOC-0024,2024-03-19 01:50:00,2024-03-19 02:47:00,37.2,57,86884.42,1.0,86884.42,Completed,Credit Card,Success
5845,TRP-005552,DRV-00235,USR-00731,LOC-0009,LOC-0035,2024-08-30 09:00:45,2024-08-30 09:20:45,29.63,20,126123.87,1.25,157654.84,Completed,GoPay,Success
5846,TRP-005553,DRV-00219,USR-01030,LOC-0035,LOC-0034,2024-05-22 13:06:35,2024-05-22 13:31:35,27.37,25,66192.21,1.0,66192.21,Completed,Cash,Success
5847,TRP-005553,DRV-00219,USR-01030,LOC-0035,LOC-0034,2024-05-22 13:06:35,2024-05-22 13:31:35,27.37,25,66192.21,1.0,66192.21,Completed,Cash,Success
5848,TRP-005554,DRV-00264,USR-01545,LOC-0046,LOC-0055,2024-06-04 18:21:43,2024-06-04 19:44:43,19.57,83,51674.38,1.0,51674.38,Completed,GoPay,Success
5849,TRP-005555,DRV-00140,USR-01672,LOC-0016,LOC-0020,2024-04-27 21:49:49,2024-04-27 22:10:49,18.95,21,126306.15,1.0,126306.15,Cancelled,GoPay,Success
5850,TRP-005556,DRV-00232,USR-00210,LOC-0017,LOC-0055,2024-08-29 07:10:26,2024-08-29 07:29:26,30.76,19,114667.53,1.0,114667.53,Completed,Credit Card,Success
5851,TRP-005557,DRV-00465,USR-00047,LOC-0027,LOC-0051,2024-10-26 05:23:07,2024-10-26 06:50:07,13.61,87,138265.8,1.0,138265.8,Completed,GoPay,Success
5852,TRP-005558,DRV-00257,USR-01526,LOC-0030,LOC-0018,2024-03-28 10:53:49,2024-03-28 11:16:49,13.19,23,73637.14,1.25,92046.43,Completed,Cash,Pending
5853,TRP-005559,DRV-00494,USR-00974,LOC-0022,LOC-0041,2024-04-04 20:39:20,2024-04-04 22:23:20,30.59,104,149892.08,1.0,149892.08,Completed,Cash,Success
5854,TRP-005559,DRV-00494,USR-00974,LOC-0022,LOC-0041,2024-04-04 20:39:20,2024-04-04 22:23:20,30.59,104,149892.08,1.0,149892.08,Completed,Cash,Success
5855,TRP-005560,DRV-00130,USR-00988,LOC-0031,LOC-0007,2024-06-15 13:35:27,2024-06-15 15:11:27,33.91,96,78087.27,1.0,78087.27,Completed,GoPay,Success
5856,TRP-005561,DRV-00202,USR-01108,LOC-0013,LOC-0004,2024-07-13 10:48:02,2024-07-13 11:14:02,16.41,26,15026.8,2.0,30053.6,Completed,Cash,Failed
5857,TRP-005562,DRV-00057,USR-01825,LOC-0041,LOC-0040,2024-03-15 10:31:30,2024-03-15 11:19:30,20.91,48,101985.38,1.0,101985.38,Completed,Credit Card,Success
5858,TRP-005563,DRV-00172,USR-01576,LOC-0035,LOC-0029,2024-09-29 05:26:48,2024-09-29 06:53:48,8.07,87,143514.92,1.5,215272.38,Completed,Credit Card,Success
5859,TRP-005564,DRV-00111,USR-00894,LOC-0043,LOC-0012,2024-12-30 08:33:26,2024-12-30 09:40:26,31.59,67,21732.81,1.0,21732.81,Completed,Cash,Success
5860,TRP-005565,DRV-00146,USR-00152,LOC-0026,LOC-0027,2024-11-26 16:40:07,2024-11-26 18:13:07,38.6,93,33773.68,1.75,59103.94,Completed,Credit Card,Success
5861,TRP-005566,DRV-00227,USR-01644,LOC-0028,LOC-0043,2024-06-08 10:55:53,2024-06-08 12:33:53,39.11,98,141446.49,1.0,141446.49,Completed,GoPay,Success
5862,TRP-005567,DRV-00328,USR-00611,LOC-0049,LOC-0015,2024-09-07 06:50:06,2024-09-07 07:50:06,18.71,60,110743.98,1.0,110743.98,Completed,Credit Card,Success
5863,TRP-005568,DRV-00003,USR-00067,LOC-0039,LOC-0005,2024-04-11 11:12:18,2024-04-11 11:35:18,19.67,23,34503.81,1.0,34503.81,Failed,GoPay,Success
5864,TRP-005569,DRV-00199,USR-00742,LOC-0038,LOC-0010,2024-08-26 13:09:25,2024-08-26 15:00:25,16.48,111,79607.16,1.0,79607.16,Completed,Credit Card,Success
5865,TRP-005570,DRV-00068,USR-01433,LOC-0023,LOC-0008,2024-09-16 10:56:10,2024-09-16 12:04:10,9.57,68,132932.3,1.25,166165.38,Completed,Credit Card,Success
5866,TRP-005571,DRV-00331,USR-00081,LOC-0001,LOC-0013,2024-10-24 16:46:39,2024-10-24 18:32:39,16.03,106,116022.34,1.75,203039.1,Completed,GoPay,Success
5867,TRP-005572,DRV-00320,USR-01390,LOC-0027,LOC-0015,2024-11-09 22:09:46,2024-11-09 23:42:46,14.97,0,59444.59,1.0,59444.59,Completed,GoPay,Success
5868,TRP-005573,DRV-00210,USR-01941,LOC-0014,LOC-0039,2024-01-05 14:42:46,2024-01-05 14:54:46,1.13,12,38652.73,1.75,67642.28,Completed,Cash,Success
5869,TRP-005574,DRV-00432,USR-00642,LOC-0050,LOC-0046,2024-03-21 13:07:35,2024-03-21 13:22:35,5.46,15,76279.61,1.0,76279.61,Completed,Credit Card,Success
5870,TRP-005575,DRV-00019,USR-01104,LOC-0050,LOC-0003,2024-03-10 00:27:00,2024-03-10 02:03:00,14.56,96,26733.26,1.0,26733.26,Completed,Cash,Success
5871,TRP-005576,DRV-00414,USR-00704,LOC-0042,LOC-0008,2024-10-19 17:15:09,2024-10-19 17:53:09,23.31,38,29082.38,1.0,29082.38,Completed,Credit Card,Success
5872,TRP-005577,DRV-00406,USR-01287,LOC-0019,LOC-0005,2024-06-17 00:53:50,2024-06-17 02:41:50,26.62,108,17704.07,1.75,30982.12,Completed,Cash,Success
5873,TRP-005578,DRV-00262,USR-01327,LOC-0001,LOC-0002,2024-05-27 17:43:08,2024-05-27 19:12:08,12.83,89,63165.56,1.0,63165.56,Completed,GoPay,Pending
5874,TRP-005579,DRV-00078,USR-01293,LOC-0028,LOC-0023,2024-12-28 12:57:07,2024-12-28 14:12:07,24.47,75,57067.06,1.0,57067.06,Completed,Cash,Success
5875,TRP-005580,DRV-00331,USR-00893,LOC-0027,LOC-0040,2024-11-23 14:33:27,2024-11-23 15:50:27,21.94,77,121530.94,1.0,121530.94,Completed,Credit Card,Success
5876,TRP-005581,DRV-00089,USR-00928,LOC-0016,LOC-0013,2024-05-31 02:46:28,2024-05-31 03:29:28,19.13,43,32299.07,1.0,32299.07,Completed,GoPay,Success
5877,TRP-005582,DRV-00105,USR-00590,LOC-0037,LOC-0021,2024-10-02 01:30:58,2024-10-02 02:04:58,22.26,34,66577.9,1.0,66577.9,Completed,Credit Card,Success
5878,TRP-005583,DRV-00105,USR-01987,LOC-0048,LOC-0040,2024-11-23 08:43:33,2024-11-23 09:33:33,8.2,50,91844.38,1.0,91844.38,Completed,Cash,Success
5879,TRP-005584,DRV-00438,USR-00690,LOC-0032,LOC-0005,2024-06-03 12:19:21,2024-06-03 13:58:21,19.69,99,15277.55,1.0,15277.55,Completed,GoPay,Success
5880,TRP-005585,DRV-00010,USR-00611,LOC-0042,LOC-0034,2024-05-13 08:50:12,2024-05-13 10:36:12,23.18,106,24605.76,2.5,61514.4,Cancelled,GoPay,Success
5881,TRP-005586,DRV-00232,USR-00846,LOC-0049,LOC-0029,2024-12-26 15:28:04,2024-12-26 16:54:04,5.84,86,63669.97,2.0,127339.94,Cancelled,GoPay,Failed
5882,TRP-005587,DRV-00238,USR-00978,LOC-0030,LOC-0016,2024-09-23 21:44:07,2024-09-23 22:39:07,16.85,55,47786.85,1.0,47786.85,Completed,Credit Card,Success
5883,TRP-005588,DRV-00444,USR-01289,LOC-0029,LOC-0041,2024-01-19 03:41:19,2024-01-19 04:46:19,28.93,65,0.0,1.75,0.0,Completed,Credit Card,Success
5884,TRP-005589,DRV-00421,USR-00979,LOC-0018,LOC-0050,2024-05-02 19:36:02,2024-05-02 20:01:02,15.62,25,67991.65,1.75,118985.39,Completed,GoPay,Success
5885,TRP-005590,DRV-00330,USR-00506,LOC-0035,LOC-0039,2024-03-16 14:44:00,2024-03-16 15:39:00,27.6,55,18141.02,1.25,22676.28,Completed,Cash,Success
5886,TRP-005591,DRV-00373,USR-01131,LOC-0025,LOC-0039,2024-01-27 15:06:09,2024-01-27 15:18:09,2.38,12,132295.82,1.25,165369.78,Failed,Credit Card,Success
5887,TRP-005592,DRV-00213,USR-00870,LOC-0050,LOC-0037,2024-10-03 22:25:38,2024-10-04 00:05:38,23.84,100,69996.96,1.5,104995.44,Completed,GoPay,Success
5888,TRP-005593,DRV-00333,USR-00151,LOC-0054,LOC-0008,2024-05-05 09:01:10,2024-05-05 09:13:10,6.22,12,83000.09,1.0,83000.09,Completed,Credit Card,Pending
5889,TRP-005594,DRV-00439,USR-00249,LOC-0011,LOC-0045,2024-08-06 00:15:39,2024-08-06 01:06:39,2.79,51,116649.0,2.0,233298.0,Completed,GoPay,Success
5890,TRP-005595,DRV-00193,USR-00140,LOC-0032,LOC-0036,2024-10-02 20:12:22,2024-10-02 21:33:22,31.05,81,149057.41,2.5,372643.53,Failed,GoPay,Success
5891,TRP-005596,DRV-00030,USR-01205,LOC-0043,LOC-0022,2024-04-14 09:26:29,2024-04-14 10:14:29,14.21,48,89767.14,1.0,89767.14,Completed,Cash,Success
5892,TRP-005597,DRV-00312,USR-00269,LOC-0045,LOC-0009,2024-10-24 12:59:13,2024-10-24 14:56:13,23.72,117,137412.73,2.0,274825.46,Completed,Cash,Failed
5893,TRP-005598,DRV-00188,USR-01168,LOC-0020,LOC-0008,2024-11-15 09:51:08,2024-11-15 10:34:08,2.65,43,58612.29,1.0,58612.29,Completed,Credit Card,Success
5894,TRP-005598,DRV-00188,USR-01168,LOC-0020,LOC-0008,2024-11-15 09:51:08,2024-11-15 10:34:08,2.65,43,58612.29,1.0,58612.29,Completed,Credit Card,Success
5895,TRP-005599,DRV-00049,USR-01906,LOC-0046,LOC-0055,2024-05-16 01:24:06,2024-05-16 03:06:06,5.36,102,54164.38,1.0,54164.38,Completed,Cash,Success
5896,TRP-005600,DRV-00297,USR-01672,LOC-0012,LOC-0018,2024-05-28 04:51:16,2024-05-28 05:46:16,24.86,55,18803.2,1.0,18803.2,Completed,GoPay,Success
5897,TRP-005601,DRV-00231,USR-01538,LOC-0052,LOC-0005,2024-08-22 15:52:27,2024-08-22 17:41:27,20.16,109,55975.79,1.0,55975.79,Cancelled,Credit Card,Success
5898,TRP-005602,DRV-00394,USR-01157,LOC-0048,LOC-0042,2024-06-21 05:09:49,2024-06-21 06:55:49,3.81,106,35147.46,1.0,35147.46,Completed,Cash,Success
5899,TRP-005603,DRV-00273,USR-01862,LOC-0026,LOC-0018,2024-08-13 02:28:22,2024-08-13 02:52:22,9.92,24,144851.02,2.0,289702.04,Completed,Cash,Success
5900,TRP-005604,DRV-00134,USR-00998,LOC-0008,LOC-0022,2024-05-08 15:17:25,2024-05-08 16:31:25,24.99,74,91285.36,1.0,91285.36,Cancelled,Cash,Failed
5901,TRP-005605,DRV-00057,USR-00580,LOC-0024,LOC-0016,2024-10-20 03:28:51,2024-10-20 04:40:51,36.05,72,41588.39,1.0,41588.39,Completed,GoPay,Success
5902,TRP-005606,DRV-00415,USR-00769,LOC-0018,LOC-0036,2024-07-18 07:26:38,2024-07-18 08:41:38,19.21,75,96766.72,1.0,96766.72,Cancelled,GoPay,Pending
5903,TRP-005607,DRV-00365,USR-01339,LOC-0005,LOC-0023,2024-01-17 19:57:55,2024-01-17 21:10:55,8.19,73,109175.76,1.0,109175.76,Completed,GoPay,Success
5904,TRP-005607,DRV-00365,USR-01339,LOC-0005,LOC-0023,2024-01-17 19:57:55,2024-01-17 21:10:55,8.19,73,109175.76,1.0,109175.76,Completed,GoPay,Success
5905,TRP-005608,DRV-00496,USR-00965,LOC-0030,LOC-0024,2024-04-07 21:16:44,2024-04-07 22:00:44,29.42,44,124445.43,1.25,155556.79,Completed,Cash,Success
5906,TRP-005609,DRV-00290,USR-01499,LOC-0056,LOC-0039,2024-03-09 11:20:20,2024-03-09 11:40:20,6.32,20,82123.93,1.25,102654.91,Completed,Cash,Success
5907,TRP-005610,DRV-00109,USR-00398,LOC-0042,LOC-0037,2024-11-25 14:49:02,2024-11-25 16:22:02,31.03,93,78348.04,1.0,78348.04,Completed,GoPay,Pending
5908,TRP-005611,DRV-00035,USR-01495,LOC-0014,LOC-0045,2024-07-08 03:13:35,2024-07-08 04:41:35,3.59,88,111849.5,2.5,279623.75,Completed,Credit Card,Success
5909,TRP-005612,DRV-00229,USR-00833,LOC-0027,LOC-0054,2024-08-28 00:21:39,2024-08-28 01:30:39,24.68,69,122099.43,2.0,244198.86,Failed,Cash,Success
5910,TRP-005613,DRV-00436,USR-00005,LOC-0014,LOC-0028,2024-09-02 00:45:44,2024-09-02 01:54:44,26.11,69,36797.64,3.5,36797.64,Completed,GoPay,Success
5911,TRP-005614,DRV-00263,USR-01606,LOC-0011,LOC-0030,2024-11-16 16:26:49,2024-11-16 16:56:49,8.12,30,12310.28,1.25,15387.85,Completed,Credit Card,Success
5912,TRP-005615,DRV-00337,USR-01367,LOC-0035,LOC-0057,2024-10-12 02:27:39,2024-10-12 03:28:39,34.93,61,,1.0,,Completed,Cash,Success
5913,TRP-005616,DRV-00300,USR-01084,LOC-0035,LOC-0022,2024-06-28 08:04:30,2024-06-28 09:35:30,23.86,91,108239.2,2.5,270598.0,Cancelled ,GoPay,Success
5914,TRP-005617,DRV-00280,USR-00193,LOC-0011,LOC-0048,2024-11-02 14:02:20,2024-11-02 14:53:20,25.15,51,,1.0,,Completed,Credit Card,Success
5915,TRP-005618,DRV-00070,USR-00429,LOC-0027,LOC-0006,2024-02-16 16:53:06,2024-02-16 18:13:06,39.77,80,73634.74,1.25,92043.43,Completed,Credit Card,Failed
5916,TRP-005619,DRV-00283,USR-01608,LOC-0017,LOC-0014,2024-03-25 01:51:24,2024-03-25 03:25:24,34.72,94,88590.03,1.0,88590.03,failed,Cash,Success
5917,TRP-005620,DRV-00094,USR-00491,LOC-0051,LOC-0041,2024-04-29 22:25:21,2024-04-29 22:50:21,17.31,25,73400.85,1.0,73400.85,Completed,GoPay,Success
5918,TRP-005621,DRV-00355,USR-01503,LOC-0040,LOC-0012,2024-04-09 19:52:12,2024-04-09 20:52:12,3.03,60,126332.09,1.0,126332.09,Completed,GoPay,Success
5919,TRP-005622,DRV-00106,USR-00240,LOC-0007,LOC-0017,2024-03-08 06:43:49,2024-03-08 06:59:49,,16,28284.12,1.75,49497.21,Completed,Cash,Success
5920,TRP-005623,DRV-00331,USR-00261,LOC-0039,LOC-0007,2024-10-31 08:24:10,2024-10-31 10:20:10,31.64,116,145612.84,1.25,182016.05,Completed,GoPay,Success
5921,TRP-005624,DRV-00281,USR-01415,LOC-0006,LOC-0040,2024-10-31 11:14:10,2024-10-31 11:28:10,39.98,14,82628.77,1.0,82628.77,Completed,Credit Card,Success
5922,TRP-005625,DRV-00126,USR-00227,LOC-0025,LOC-0019,2024-12-10 02:15:21,2024-12-10 02:27:21,,12,0.0,1.0,0.0,Failed,GoPay,Success
5923,TRP-005626,DRV-00155,USR-00631,LOC-0047,LOC-0035,2024-08-17 21:18:53,2024-08-17 22:51:53,30.59,93,99324.95,1.0,99324.95,Completed,Credit Card,Success
5924,TRP-005627,DRV-00039,USR-00153,LOC-0043,LOC-0052,2024-10-02 02:39:10,2024-10-02 03:50:10,15.54,71,146305.06,1.0,146305.06,Completed,Credit Card,Success
5925,TRP-005628,DRV-00431,USR-00981,LOC-0020,LOC-0048,2024-06-13 21:30:15,2024-06-13 22:30:15,12.81,60,89938.3,1.25,112422.88,Completed,Cash,Success
5926,TRP-005629,DRV-00033,USR-01252,LOC-0010,LOC-0046,2024-12-18 21:22:42,2024-12-18 23:08:42,31.21,106,25850.39,1.5,38775.58,Cancelled,Credit Card,Success
5927,TRP-005630,DRV-00008,USR-01336,LOC-0043,LOC-0022,2024-03-26 01:50:11,2024-03-26 02:50:11,25.41,60,121306.31,1.25,151632.89,Completed,Cash,Pending
5928,TRP-005631,DRV-00401,USR-01145,LOC-0023,LOC-0020,2024-05-03 20:21:01,2024-05-03 20:39:01,12.91,18,19162.33,1.5,28743.5,Completed,Cash,Failed
5929,TRP-005632,DRV-00290,USR-00094,LOC-0046,LOC-0047,2024-01-21 07:35:44,2024-01-21 07:52:44,36.85,17,39786.52,1.0,39786.52,Completed,Credit Card,Success
5930,TRP-005633,DRV-00298,USR-01378,LOC-0032,LOC-0018,2024-06-14 13:06:10,2024-06-14 14:49:10,23.52,103,93565.81,1.0,93565.81,Completed,Cash,Pending
5931,TRP-005634,DRV-00010,USR-01347,LOC-0010,LOC-0020,2024-04-04 03:57:18,2024-04-04 05:24:18,2.54,87,103226.7,1.0,103226.7,COMPLETED,GoPay,Success
5932,TRP-005635,DRV-00373,USR-01864,LOC-0050,LOC-0056,2024-08-05 14:56:29,2024-08-05 15:43:29,23.45,47,41766.94,2.5,104417.35,Completed,Credit Card,Success
5933,TRP-005636,DRV-00017,USR-01352,LOC-0013,LOC-0031,2024-02-03 01:43:27,2024-02-03 02:00:27,33.93,17,107694.63,1.0,107694.63,Completed,Credit Card,Success
5934,TRP-005637,DRV-00186,USR-00386,LOC-0054,LOC-0017,2024-12-01 14:08:32,2024-12-01 15:53:32,35.45,105,125706.45,1.0,125706.45,Completed,Cash,Success
5935,TRP-005638,DRV-00016,USR-00778,LOC-0020,LOC-0015,2024-08-08 08:52:13,2024-08-08 09:42:13,24.94,50,56793.31,1.0,56793.31,Completed,Cash,Success
5936,TRP-005639,DRV-00175,USR-01304,LOC-0030,LOC-0005,2024-12-01 07:56:15,2024-12-01 09:54:15,14.93,118,84455.54,1.0,84455.54,Completed,GoPay,Success
5937,TRP-005640,DRV-00052,USR-00368,LOC-0026,LOC-0036,2024-04-05 07:24:39,2024-04-05 07:42:39,20.84,18,146639.26,1.5,219958.89,Completed,Credit Card,Success
5938,TRP-005641,DRV-00175,USR-01022,LOC-0029,LOC-0024,2024-01-29 00:27:16,2024-01-29 02:14:16,29.68,107,56454.32,1.0,56454.32,Completed,Credit Card,Success
5939,TRP-005642,DRV-00400,USR-01592,LOC-0049,LOC-0006,2024-09-09 14:01:17,2024-09-09 15:14:17,14.5,73,45484.15,1.0,45484.15,Completed,Credit Card,Failed
5940,TRP-005643,DRV-00132,USR-01741,LOC-0010,LOC-0051,2024-01-02 17:03:25,2024-01-02 17:57:25,3.56,54,78844.47,1.0,78844.47,Completed,GoPay,Success
5941,TRP-005644,DRV-00042,USR-00650,LOC-0032,LOC-0003,2024-03-12 17:02:39,2024-03-12 18:28:39,20.78,86,21689.93,1.5,32534.9,failed,Credit Card,Success
5942,TRP-005644,DRV-00042,USR-00650,LOC-0032,LOC-0003,2024-03-12 17:02:39,2024-03-12 18:28:39,20.78,86,21689.93,1.5,32534.9,failed,Credit Card,Success
5943,TRP-005645,DRV-00132,USR-01558,LOC-0002,LOC-0021,2024-12-25 05:26:11,2024-12-25 06:04:11,3.1,38,45613.49,1.75,79823.61,Cancelled,Cash,Success
5944,TRP-005646,DRV-00310,USR-00132,LOC-0029,LOC-0016,2024-02-14 06:34:28,2024-02-14 08:24:28,39.73,110,147673.61,1.0,147673.61,Completed,Cash,Success
5945,TRP-005647,DRV-00150,USR-00896,LOC-0041,LOC-0006,2024-05-25 09:30:38,2024-05-25 10:20:38,34.98,50,107416.62,1.0,107416.62,Cancelled,GoPay,Success
5946,TRP-005648,DRV-00378,USR-01612,LOC-0010,LOC-0052,2024-02-24 22:27:17,2024-02-24 23:36:17,25.69,69,62058.59,5.0,62058.59,Completed,Credit Card,Success
5947,TRP-005648,DRV-00378,USR-01612,LOC-0010,LOC-0052,2024-02-24 22:27:17,2024-02-24 23:36:17,25.69,69,62058.59,5.0,62058.59,Completed,Credit Card,Success
5948,TRP-005649,DRV-00312,USR-00867,LOC-0046,LOC-0051,2024-03-02 10:36:18,2024-03-02 11:15:18,1.9,39,120819.41,2.5,302048.53,Cancelled,Credit Card,Success
5949,TRP-005650,DRV-00174,USR-01767,LOC-0054,LOC-0052,2024-08-23 11:37:19,2024-08-23 11:58:19,8.16,21,82554.85,1.5,123832.28,Completed,Cash,Success
5950,TRP-005651,DRV-00045,USR-00789,LOC-0047,LOC-0051,2024-12-27 12:05:18,2024-12-27 13:31:18,39.79,86,77203.5,1.0,77203.5,Completed,GoPay,Success
5951,TRP-005652,DRV-00095,USR-00950,LOC-0005,LOC-0023,2024-07-30 23:46:16,2024-07-31 01:07:16,,81,105568.92,1.25,131961.15,Completed,GoPay,Success
5952,TRP-005653,DRV-00137,USR-00515,LOC-0050,LOC-0023,2024-09-10 13:50:34,2024-09-10 15:12:34,12.15,82,65850.52,2.0,131701.04,Completed,Cash,Success
5953,TRP-005653,DRV-00137,USR-00515,LOC-0050,LOC-0023,2024-09-10 13:50:34,2024-09-10 15:12:34,12.15,82,65850.52,2.0,131701.04,Completed,Cash,Success
5954,TRP-005654,DRV-00406,USR-01488,LOC-0020,LOC-0001,2024-02-17 21:01:23,2024-02-17 21:19:23,25.51,18,116498.17,1.0,116498.17,Completed,Cash,Success
5955,TRP-005655,DRV-00437,USR-00201,LOC-0043,LOC-0056,2024-09-24 00:08:57,2024-09-24 00:21:57,13.44,13,144862.09,2.5,362155.22,Completed,Credit Card,Success
5956,TRP-005656,DRV-00336,USR-01904,LOC-0015,LOC-0035,2024-07-03 00:59:18,2024-07-03 02:53:18,36.71,114,11010.53,1.0,11010.53,Completed,Credit Card,Failed
5957,TRP-005657,DRV-00293,USR-00218,LOC-0008,LOC-0053,2024-06-19 15:19:31,2024-06-19 17:17:31,16.79,118,106015.35,1.25,132519.19,Completed,Credit Card,Success
5958,TRP-005657,DRV-00293,USR-00218,LOC-0008,LOC-0053,2024-06-19 15:19:31,2024-06-19 17:17:31,16.79,118,106015.35,1.25,132519.19,Completed,Credit Card,Success
5959,TRP-005658,DRV-00398,USR-00392,LOC-0050,LOC-0047,2024-10-07 23:58:59,2024-10-08 01:00:59,31.21,62,80180.87,1.0,80180.87,Completed,Credit Card,Success
5960,TRP-005659,DRV-00352,USR-00424,LOC-0047,LOC-0038,2024-08-18 19:36:32,2024-08-18 20:20:32,12.03,44,96259.14,1.5,144388.71,Cancelled,Cash,Failed
5961,TRP-005660,DRV-00218,USR-00705,LOC-0020,LOC-0026,2024-03-31 03:01:09,2024-03-31 04:04:09,11.04,63,131544.73,1.25,164430.91,Completed,Credit Card,Failed
5962,TRP-005661,DRV-00026,USR-01827,LOC-0032,LOC-0031,2024-01-04 05:55:10,2024-01-04 06:20:10,19.62,25,18263.14,1.0,18263.14,Completed,GoPay,Success
5963,TRP-005662,DRV-00043,USR-01211,LOC-0030,LOC-0012,2024-06-25 05:52:24,2024-06-25 06:52:24,31.81,60,75065.05,1.0,75065.05,Completed,Cash,Failed
5964,TRP-005663,DRV-00353,USR-00462,LOC-0015,LOC-0019,2024-07-26 13:41:50,2024-07-26 14:30:50,16.56,49,117731.44,1.0,117731.44,Completed,Cash,Success
5965,TRP-005664,DRV-00339,USR-01428,LOC-0001,LOC-0035,2024-01-28 09:43:42,2024-01-28 10:39:42,38.35,56,63636.09,1.0,63636.09,Cancelled,Credit Card,Success
5966,TRP-005665,DRV-00198,USR-01002,LOC-0029,LOC-0017,2024-05-26 09:19:38,2024-05-26 10:33:38,28.84,74,133709.84,1.0,133709.84,Completed,Cash,Success
5967,TRP-005666,DRV-00342,USR-01606,LOC-0043,LOC-0020,2024-10-12 10:37:03,2024-10-12 10:54:03,16.98,17,68360.37,1.0,68360.37,Completed,Credit Card,Success
5968,TRP-005667,DRV-00226,USR-01796,LOC-0026,LOC-0041,2024-06-08 17:59:28,2024-06-08 19:51:28,32.37,112,59406.13,1.0,59406.13,Completed,GoPay,Success
5969,TRP-005668,DRV-00469,USR-00120,LOC-0015,LOC-0053,2024-02-28 06:23:10,2024-02-28 06:36:10,32.8,13,40044.32,1.0,40044.32,Cancelled,Credit Card,Success
5970,TRP-005668,DRV-00469,USR-00120,LOC-0015,LOC-0053,2024-02-28 06:23:10,2024-02-28 06:36:10,32.8,13,40044.32,1.0,40044.32,Cancelled,Credit Card,Success
5971,TRP-005669,DRV-00265,USR-00442,LOC-0002,LOC-0011,2024-10-08 13:01:56,2024-10-08 14:32:56,11.56,91,87347.92,2.0,174695.84,Failed,Cash,Success
5972,TRP-005670,DRV-00482,USR-00874,LOC-0057,LOC-0008,2024-06-07 11:27:30,2024-06-07 12:33:30,30.16,66,18234.56,1.75,31910.48,COMPLETED,Credit Card,Success
5973,TRP-005671,DRV-00369,USR-00215,LOC-0035,LOC-0034,2024-10-24 19:55:07,2024-10-24 20:30:07,11.59,35,102957.1,1.25,128696.38,Cancelled,Credit Card,Success
5974,TRP-005672,DRV-00252,USR-01618,LOC-0026,LOC-0040,2024-12-26 03:26:05,2024-12-26 04:04:05,5.17,38,26021.25,1.0,26021.25,Cancelled,GoPay,Success
5975,TRP-005673,DRV-00223,USR-01425,LOC-0014,LOC-0006,2024-12-24 00:36:09,2024-12-24 02:12:09,23.7,96,143266.41,1.0,143266.41,Completed,Credit Card,Success
5976,TRP-005674,DRV-00021,USR-01942,LOC-0047,LOC-0055,2024-05-30 18:31:33,2024-05-30 18:57:33,23.79,26,22966.55,2.0,45933.1,Completed,Cash,Success
5977,TRP-005675,DRV-00037,USR-00650,LOC-0033,LOC-0034,2024-04-11 21:20:34,2024-04-11 22:40:34,1.88,80,24682.84,1.0,24682.84,Completed,Credit Card,Success
5978,TRP-005676,DRV-00023,USR-01369,LOC-0036,LOC-0004,2024-02-11 12:43:42,2024-02-11 13:35:42,15.41,52,53838.48,1.25,67298.1,Completed,GoPay,Success
5979,TRP-005677,DRV-00114,USR-01014,LOC-0031,LOC-0010,2024-02-22 23:21:29,2024-02-23 00:34:29,35.71,73,54665.89,1.5,81998.83,Completed,Cash,Success
5980,TRP-005678,DRV-00130,USR-00214,LOC-0009,LOC-0043,2024-04-04 19:01:36,2024-04-04 19:41:36,5.28,40,105612.86,1.0,105612.86,Completed,Credit Card,Success
5981,TRP-005679,DRV-00041,USR-00649,LOC-0015,LOC-0043,2024-10-06 07:55:32,2024-10-06 08:12:32,30.47,17,36891.9,1.5,55337.85,Completed,GoPay,Failed
5982,TRP-005680,DRV-00322,USR-00458,LOC-0033,LOC-0045,2024-12-18 12:11:37,2024-12-18 14:06:37,12.83,115,13836.19,1.0,13836.19,Completed,Cash,Success
5983,TRP-005681,DRV-00414,USR-01387,LOC-0052,LOC-0030,2024-05-07 05:49:17,2024-05-07 07:01:17,18.99,72,127677.37,1.0,127677.37,Completed,Cash,Success
5984,TRP-005682,DRV-00317,USR-01210,LOC-0023,LOC-0036,2024-10-24 21:53:06,2024-10-24 22:50:06,1.2,57,22237.36,1.0,22237.36,Cancelled,GoPay,Success
5985,TRP-005683,DRV-00272,USR-01566,LOC-0047,LOC-0033,2024-01-19 13:29:12,2024-01-19 15:27:12,32.45,118,46672.63,1.0,46672.63,Completed,Cash,Success
5986,TRP-005684,DRV-00026,USR-01692,LOC-0039,LOC-0004,2024-01-25 20:36:29,2024-01-25 21:30:29,39.21,54,70569.76,1.5,105854.64,Completed,Cash,Success
5987,TRP-005685,DRV-00043,USR-00826,LOC-0050,LOC-0036,2024-11-09 00:02:42,2024-11-09 00:48:42,33.82,46,71693.44,1.5,107540.16,Completed,GoPay,Success
5988,TRP-005686,DRV-00049,USR-01223,LOC-0026,LOC-0042,2024-04-13 08:38:46,2024-04-13 09:30:46,8.75,52,54512.19,1.0,54512.19,Cancelled,Cash,Success
5989,TRP-005687,DRV-00123,USR-00011,LOC-0024,LOC-0045,2024-04-02 01:37:25,2024-04-02 03:02:25,22.38,85,102389.17,1.25,127986.46,Completed,GoPay,Success
5990,TRP-005688,DRV-00155,USR-00922,LOC-0050,LOC-0053,2024-10-25 16:51:48,2024-10-25 18:16:48,8.55,85,52671.55,1.5,79007.33,Completed,Credit Card,Success
5991,TRP-005689,DRV-00197,USR-00135,LOC-0042,LOC-0045,2024-06-23 05:44:48,2024-06-23 07:39:48,30.24,115,96529.7,1.0,96529.7,Completed,GoPay,Success
5992,TRP-005690,DRV-00328,USR-00936,LOC-0002,LOC-0043,2024-07-07 13:22:43,2024-07-07 14:19:43,7.54,57,25547.81,1.0,25547.81,Completed,GoPay,Success
5993,TRP-005691,DRV-00443,USR-00162,LOC-0017,LOC-0040,2024-08-24 14:23:40,2024-08-24 15:39:40,26.26,76,32716.24,1.0,32716.24,Completed,Credit Card,Success
5994,TRP-005692,DRV-00249,USR-01441,LOC-0056,LOC-0041,2024-06-17 21:32:57,2024-06-17 23:21:57,18.28,109,79265.03,2.0,158530.06,Failed,GoPay,Success
5995,TRP-005693,DRV-00164,USR-01285,LOC-0054,LOC-0044,2024-01-05 21:14:51,2024-01-05 22:10:51,35.93,56,115518.92,1.0,115518.92,Completed,GoPay,Success
5996,TRP-005694,DRV-00060,USR-01610,LOC-0023,LOC-0013,2024-02-11 21:57:38,2024-02-11 23:33:38,18.84,96,140874.55,1.75,246530.46,Completed,Credit Card,Success
5997,TRP-005695,DRV-00147,USR-01627,LOC-0028,LOC-0024,2024-12-01 05:16:27,2024-12-01 06:34:27,11.67,78,54909.73,1.0,54909.73,Completed,GoPay,Success
5998,TRP-005696,DRV-00216,USR-00206,LOC-0027,LOC-0011,2024-06-09 04:02:04,2024-06-09 04:58:04,28.33,56,77435.16,1.0,77435.16,Cancelled,Credit Card,Pending
5999,TRP-005697,DRV-00405,USR-00690,LOC-0041,LOC-0033,2024-02-21 22:01:30,2024-02-21 23:56:30,10.7,115,41892.46,1.0,41892.46,Completed,Cash,Success
6000,TRP-005698,DRV-00485,USR-01731,LOC-0025,LOC-0052,2024-12-06 01:14:56,2024-12-06 02:18:56,15.85,64,127057.6,2.0,254115.2,Completed,GoPay,Failed
6001,TRP-005699,DRV-00184,USR-00533,LOC-0046,LOC-0018,2024-07-17 17:36:52,2024-07-17 18:55:52,2.61,79,127674.61,1.25,159593.26,Completed,Cash,Success
6002,TRP-005700,DRV-00192,USR-00121,LOC-0017,LOC-0054,2024-10-04 04:51:15,2024-10-04 06:18:15,9.61,87,76206.15,1.0,76206.15,Completed,Credit Card,Failed
6003,TRP-005701,DRV-00061,USR-01140,LOC-0040,LOC-0010,2024-03-27 00:24:32,2024-03-27 01:12:32,3.55,48,114058.91,1.0,114058.91,Completed,Cash,Success
6004,TRP-005702,DRV-00267,USR-01623,LOC-0031,LOC-0027,2024-03-31 12:22:09,2024-03-31 13:49:09,18.48,87,132435.65,1.0,132435.65,Completed,GoPay,Success
6005,TRP-005703,DRV-00064,USR-01280,LOC-0030,LOC-0006,2024-01-10 04:50:28,2024-01-10 06:31:28,37.83,101,129625.18,1.0,129625.18,Completed,Credit Card,Success
6006,TRP-005704,DRV-00451,USR-01436,LOC-0046,LOC-0017,2024-09-12 01:04:22,2024-09-12 02:07:22,34.03,63,33893.41,1.5,50840.12,Completed,Credit Card,Success
6007,TRP-005705,DRV-00396,USR-01641,LOC-0019,LOC-0045,2024-08-12 08:43:22,2024-08-12 10:13:22,2.33,90,,1.5,,Completed,Cash,Success
6008,TRP-005706,DRV-00438,USR-01539,LOC-0027,LOC-0049,2024-11-16 15:33:53,2024-11-16 16:42:53,11.91,69,118501.01,1.0,118501.01,Completed,GoPay,Success
6009,TRP-005707,DRV-00070,USR-01448,LOC-0008,LOC-0017,2024-11-26 15:55:18,2024-11-26 17:11:18,39.98,76,34480.38,1.0,34480.38,failed,Cash,Success
6010,TRP-005708,DRV-00138,USR-01988,LOC-0022,LOC-0023,2024-01-07 09:41:06,2024-01-07 11:18:06,3.13,97,86412.48,1.0,86412.48,Completed,GoPay,Pending
6011,TRP-005708,DRV-00138,USR-01988,LOC-0022,LOC-0023,2024-01-07 09:41:06,2024-01-07 11:18:06,3.13,97,86412.48,1.0,86412.48,Completed,GoPay,Pending
6012,TRP-005709,DRV-00235,USR-00940,LOC-0052,LOC-0056,2024-07-06 18:38:27,2024-07-06 20:13:27,35.37,95,96920.04,1.5,145380.06,Completed,Credit Card,Success
6013,TRP-005710,DRV-00018,USR-00729,LOC-0054,LOC-0055,2024-08-04 07:08:00,2024-08-04 08:29:00,34.98,81,46735.4,1.0,46735.4,Cancelled,Cash,Success
6014,TRP-005711,DRV-00189,USR-01529,LOC-0051,LOC-0017,2024-02-07 17:10:27,2024-02-07 17:51:27,29.06,41,36066.2,1.0,36066.2,Completed,Cash,Success
6015,TRP-005712,DRV-00208,USR-00135,LOC-0045,LOC-0041,2024-09-28 08:16:05,2024-09-28 10:12:05,4.88,116,,1.0,,Completed,Cash,Success
6016,TRP-005713,DRV-00212,USR-01745,LOC-0023,LOC-0048,2024-05-13 14:00:31,2024-05-13 15:19:31,30.86,79,0.0,0.8,0.0,Completed,Credit Card,Success
6017,TRP-005714,DRV-00147,USR-00181,LOC-0019,LOC-0014,2024-02-27 05:12:36,2024-02-27 05:47:36,14.49,35,147014.68,1.0,147014.68,Completed,Cash,Success
6018,TRP-005715,DRV-00307,USR-00028,LOC-0033,LOC-0052,2024-04-14 00:00:27,2024-04-14 00:58:27,1.49,58,108377.92,1.75,189661.36,Completed,Credit Card,Success
6019,TRP-005716,DRV-00441,USR-01708,LOC-0028,LOC-0039,2024-04-28 08:45:17,2024-04-28 09:05:17,33.82,20,53894.7,1.0,53894.7,Completed,Cash,Success
6020,TRP-005717,DRV-00260,USR-01951,LOC-0032,LOC-0005,2024-05-27 22:44:43,2024-05-28 00:11:43,11.95,87,125601.49,1.0,125601.49,Completed,Credit Card,Success
6021,TRP-005718,DRV-00477,USR-01413,LOC-0002,LOC-0046,2024-08-31 20:01:43,2024-08-31 21:34:43,21.64,93,78139.77,1.25,97674.71,Completed,Credit Card,Success
6022,TRP-005719,DRV-00015,USR-01086,LOC-0018,LOC-0010,2024-02-13 00:16:57,2024-02-13 00:58:57,14.45,42,,1.5,,Completed,Credit Card,Failed
6023,TRP-005720,DRV-00241,USR-01755,LOC-0001,LOC-0005,2024-11-15 21:20:16,2024-11-15 21:35:16,38.53,15,125466.88,1.5,188200.32,Completed,GoPay,Pending
6024,TRP-005721,DRV-00410,USR-00709,LOC-0045,LOC-0043,2024-06-08 19:55:49,2024-06-08 20:17:49,22.19,22,98241.67,1.0,98241.67,Cancelled,Credit Card,Success
6025,TRP-005722,DRV-00470,USR-01571,LOC-0016,LOC-0033,2024-11-25 13:50:50,2024-11-25 14:44:50,2.11,54,148256.12,1.75,259448.21,Cancelled,Credit Card,Success
6026,TRP-005723,DRV-00236,USR-01801,LOC-0042,LOC-0049,2024-06-28 03:13:15,2024-06-28 04:53:15,6.87,100,114350.85,1.0,114350.85,Completed,GoPay,Success
6027,TRP-005724,DRV-00238,USR-01980,LOC-0012,LOC-0011,2024-11-20 04:27:13,2024-11-20 05:12:13,28.93,45,,1.75,,Cancelled ,Credit Card,Pending
6028,TRP-005725,DRV-00396,USR-00305,LOC-0053,LOC-0021,2024-03-31 11:21:22,2024-03-31 13:14:22,17.4,113,26000.07,1.5,39000.1,Completed,Cash,Success
6029,TRP-005726,DRV-00152,USR-00492,LOC-0015,LOC-0020,2024-06-29 02:09:06,2024-06-29 02:19:06,13.28,10,52622.54,1.0,52622.54,Cancelled,GoPay,Pending
6030,TRP-005727,DRV-00482,USR-00686,LOC-0005,LOC-0052,2024-11-13 19:49:38,2024-11-13 21:23:38,10.16,94,43102.59,1.25,53878.24,Failed,GoPay,Success
6031,TRP-005728,DRV-00428,USR-00651,LOC-0016,LOC-0032,2024-04-25 21:14:35,2024-04-25 22:31:35,9.44,77,51469.26,1.0,51469.26,Completed,Cash,Pending
6032,TRP-005729,DRV-00371,USR-00484,LOC-0004,LOC-0054,2024-06-28 07:09:44,2024-06-28 07:38:44,5.02,29,32663.15,1.25,40828.94,Completed,Credit Card,Success
6033,TRP-005729,DRV-00371,USR-00484,LOC-0004,LOC-0054,2024-06-28 07:09:44,2024-06-28 07:38:44,5.02,29,32663.15,1.25,40828.94,Completed,Credit Card,Success
6034,TRP-005730,DRV-00461,USR-00931,LOC-0028,LOC-0036,2024-11-13 04:18:43,2024-11-13 05:09:43,10.5,51,47494.39,1.0,47494.39,Completed,Cash,Success
6035,TRP-005731,DRV-00173,USR-01972,LOC-0026,LOC-0006,2024-04-26 20:45:29,2024-04-26 21:55:29,16.36,70,110927.52,1.0,110927.52,Completed,Cash,Success
6036,TRP-005732,DRV-00101,USR-00030,LOC-0047,LOC-0001,2024-03-24 00:41:02,2024-03-24 02:34:02,27.22,113,132617.62,1.0,132617.62,Completed,Credit Card,Success
6037,TRP-005733,DRV-00031,USR-01461,LOC-0051,LOC-0002,2024-05-22 14:26:18,2024-05-22 15:28:18,4.94,62,25006.6,1.0,25006.6,Completed,Credit Card,Success
6038,TRP-005734,DRV-00403,USR-00327,LOC-0010,LOC-0016,2024-02-19 02:56:11,2024-02-19 04:24:11,36.49,88,101270.14,1.25,126587.68,Completed,GoPay,Success
6039,TRP-005734,DRV-00403,USR-00327,LOC-0010,LOC-0016,2024-02-19 02:56:11,2024-02-19 04:24:11,36.49,88,101270.14,1.25,126587.68,Completed,GoPay,Success
6040,TRP-005735,DRV-00180,USR-01784,LOC-0003,LOC-0040,2024-04-23 11:38:29,2024-04-23 12:18:29,3.57,40,64019.73,1.5,96029.6,Failed,GoPay,Success
6041,TRP-005736,DRV-00206,USR-00592,LOC-0026,LOC-0039,2024-11-18 16:55:14,2024-11-18 18:37:14,1.47,102,10663.69,1.25,13329.61,Completed,Cash,Pending
6042,TRP-005736,DRV-00206,USR-00592,LOC-0026,LOC-0039,2024-11-18 16:55:14,2024-11-18 18:37:14,1.47,102,10663.69,1.25,13329.61,Completed,Cash,Pending
6043,TRP-005737,DRV-00103,USR-01323,LOC-0013,LOC-0015,2024-02-11 12:06:34,2024-02-11 13:12:34,8.4,66,27094.3,1.5,40641.45,Completed,Cash,Success
6044,TRP-005738,DRV-00086,USR-01307,LOC-0017,LOC-0038,2024-10-11 08:46:03,2024-10-11 09:52:03,23.79,66,142960.74,1.75,250181.29,Completed,Credit Card,Success
6045,TRP-005739,DRV-00441,USR-01880,LOC-0019,LOC-0016,2024-01-02 20:39:16,2024-01-02 22:39:16,1.65,120,105560.29,1.0,105560.29,Completed,Credit Card,Success
6046,TRP-005740,DRV-00023,USR-00423,LOC-0057,LOC-0031,2024-05-11 03:51:34,2024-05-11 05:48:34,23.18,117,54015.87,1.0,54015.87,Completed,GoPay,Success
6047,TRP-005741,DRV-00089,USR-00357,LOC-0038,LOC-0005,2024-09-28 15:58:44,2024-09-28 16:42:44,16.3,44,20663.37,1.0,20663.37,Completed,Cash,Success
6048,TRP-005742,DRV-00405,USR-00384,LOC-0035,LOC-0008,2024-03-31 19:47:13,2024-03-31 20:46:13,20.65,59,41842.44,1.0,41842.44,Completed,Credit Card,Success
6049,TRP-005743,DRV-00112,USR-00926,LOC-0002,LOC-0046,2024-03-07 13:25:32,2024-03-07 15:21:32,19.28,116,149265.68,1.0,149265.68,Completed,Credit Card,Failed
6050,TRP-005744,DRV-00073,USR-01521,LOC-0047,LOC-0045,2024-04-18 07:06:49,2024-04-18 07:55:49,28.71,49,89663.27,1.25,112079.09,Cancelled,Cash,Success
6051,TRP-005745,DRV-00407,USR-00238,LOC-0043,LOC-0024,2024-10-02 07:46:52,2024-10-02 08:17:52,29.3,31,0.0,1.0,0.0,Completed,Cash,Failed
6052,TRP-005746,DRV-00485,USR-01277,LOC-0009,LOC-0047,2024-02-10 23:08:31,2024-02-11 00:17:31,21.07,69,96763.24,1.0,96763.24,Completed,Credit Card,Success
6053,TRP-005747,DRV-00047,USR-01615,LOC-0052,LOC-0002,2024-08-02 09:58:35,2024-08-02 10:27:35,,29,97614.65,2.0,195229.3,Completed,Credit Card,Success
6054,TRP-005748,DRV-00014,USR-01530,LOC-0051,LOC-0016,2024-08-09 09:42:13,2024-08-09 11:18:13,21.84,96,30323.85,1.5,45485.77,Completed,Credit Card,Success
6055,TRP-005749,DRV-00386,USR-01904,LOC-0047,LOC-0012,2024-04-18 20:10:17,2024-04-18 20:49:17,24.43,39,113685.84,1.0,113685.84,Completed,Cash,Success
6056,TRP-005750,DRV-00198,USR-01990,LOC-0005,LOC-0012,2024-01-09 21:18:49,2024-01-09 22:02:49,36.56,44,22831.96,1.0,22831.96,Completed,GoPay,Success
6057,TRP-005751,DRV-00343,USR-00390,LOC-0051,LOC-0038,2024-11-12 11:28:14,2024-11-12 12:36:14,7.05,68,121125.41,1.0,121125.41,Completed,Credit Card,Success
6058,TRP-005752,DRV-00116,USR-01140,LOC-0008,LOC-0048,2024-05-24 06:57:37,2024-05-24 08:52:37,7.06,115,122385.18,1.0,122385.18,Completed,GoPay,Success
6059,TRP-005753,DRV-00382,USR-01570,LOC-0027,LOC-0024,2024-09-16 01:50:47,2024-09-16 03:25:47,28.7,95,120321.51,1.5,180482.26,Completed,Cash,Success
6060,TRP-005754,DRV-00481,USR-00221,LOC-0037,LOC-0057,2024-12-17 05:09:38,2024-12-17 05:26:38,,17,83173.67,1.25,103967.09,Completed,Credit Card,Success
6061,TRP-005755,DRV-00005,USR-01742,LOC-0030,LOC-0034,2024-03-20 10:31:01,2024-03-20 11:34:01,26.75,63,129960.7,1.0,129960.7,Completed,Cash,Success
6062,TRP-005756,DRV-00415,USR-00931,LOC-0008,LOC-0019,2024-07-26 17:39:36,2024-07-26 19:29:36,35.15,110,133186.99,1.0,133186.99,Cancelled,GoPay,Failed
6063,TRP-005757,DRV-00409,USR-01844,LOC-0016,LOC-0041,2024-05-01 08:19:15,2024-05-01 09:52:15,4.34,93,131215.48,1.25,164019.35,Completed,GoPay,Success
6064,TRP-005758,DRV-00241,USR-01133,LOC-0032,LOC-0008,2024-11-12 07:37:31,2024-11-12 08:05:31,36.88,28,83086.63,1.0,83086.63,Completed,Cash,Success
6065,TRP-005759,DRV-00394,USR-01850,LOC-0016,LOC-0037,2024-02-09 02:55:53,2024-02-09 03:18:53,15.27,-5,59641.57,1.0,59641.57,Completed,Cash,Success
6066,TRP-005760,DRV-00442,USR-00965,LOC-0056,LOC-0051,2024-02-06 20:50:13,2024-02-06 22:43:13,7.03,113,125641.07,3.5,125641.07,Completed,Cash,Success
6067,TRP-005761,DRV-00394,USR-01202,LOC-0006,LOC-0033,2024-07-10 09:36:58,2024-07-10 10:12:58,5.38,36,134845.24,1.0,134845.24,Failed,GoPay,Failed
6068,TRP-005762,DRV-00357,USR-01422,LOC-0018,LOC-0024,2024-08-31 16:36:58,2024-08-31 17:12:58,17.56,36,47099.64,1.75,82424.37,Failed,GoPay,Success
6069,TRP-005763,DRV-00349,USR-01243,LOC-0008,LOC-0010,2024-04-23 18:07:59,2024-04-23 19:14:59,22.54,-10,44169.52,5.0,88339.04,Completed,Credit Card,Success
6070,TRP-005764,DRV-00418,USR-00999,LOC-0051,LOC-0009,2024-10-11 08:38:25,2024-10-11 08:51:25,7.56,13,77730.77,1.0,77730.77,Cancelled,Credit Card,Failed
6071,TRP-005765,DRV-00394,USR-01750,LOC-0008,LOC-0046,2024-11-28 15:58:19,2024-11-28 17:48:19,16.54,110,31157.3,1.0,31157.3,Completed,Cash,Success
6072,TRP-005766,DRV-00012,USR-00520,LOC-0010,LOC-0026,2024-04-16 06:36:48,2024-04-16 08:31:48,31.92,115,130522.11,1.0,130522.11,Completed,Cash,Success
6073,TRP-005767,DRV-00429,USR-01404,LOC-0049,LOC-0050,2024-08-05 16:32:23,2024-08-05 17:33:23,30.9,61,34575.79,1.0,34575.79,Completed,Cash,Success
6074,TRP-005768,DRV-00013,USR-01957,LOC-0027,LOC-0015,2024-01-15 14:54:11,2024-01-15 15:42:11,10.87,48,139589.96,1.75,244282.43,Completed,Credit Card,Success
6075,TRP-005769,DRV-00372,USR-01367,LOC-0007,LOC-0003,2024-11-09 17:04:18,2024-11-09 17:43:18,15.69,39,23907.29,1.5,35860.93,Cancelled,GoPay,Success
6076,TRP-005770,DRV-00348,USR-01729,LOC-0003,LOC-0028,2024-03-09 21:35:56,2024-03-09 23:00:56,20.83,85,101481.19,1.25,126851.49,Completed,GoPay,Pending
6077,TRP-005771,DRV-00428,USR-00229,LOC-0001,LOC-0027,2024-08-22 07:52:43,2024-08-22 09:04:43,11.33,72,67235.09,1.75,117661.41,Completed,Cash,Success
6078,TRP-005771,DRV-00428,USR-00229,LOC-0001,LOC-0027,2024-08-22 07:52:43,2024-08-22 09:04:43,11.33,72,67235.09,1.75,117661.41,Completed,Cash,Success
6079,TRP-005772,DRV-00273,USR-00298,LOC-0005,LOC-0037,2024-02-03 07:20:42,2024-02-03 07:54:42,5.62,34,22435.77,1.0,22435.77,Cancelled,Cash,Success
6080,TRP-005773,DRV-00453,USR-01758,LOC-0027,LOC-0016,2024-08-12 19:26:46,2024-08-12 20:05:46,37.15,39,112197.34,2.0,224394.68,Completed,GoPay,Success
6081,TRP-005774,DRV-00046,USR-00706,LOC-0030,LOC-0022,2024-10-19 02:17:08,2024-10-19 03:46:08,11.71,89,113390.36,1.0,113390.36,Completed,GoPay,Success
6082,TRP-005775,DRV-00041,USR-00517,LOC-0013,LOC-0032,2024-06-17 05:11:21,2024-06-17 05:48:21,36.74,37,27574.63,1.75,48255.6,Completed,GoPay,Success
6083,TRP-005776,DRV-00233,USR-00725,LOC-0057,LOC-0001,2024-03-20 04:14:11,2024-03-20 04:34:11,38.19,20,21176.86,1.0,21176.86,Cancelled,Credit Card,Success
6084,TRP-005777,DRV-00139,USR-00260,LOC-0045,LOC-0049,2024-01-10 19:55:26,2024-01-10 20:31:26,1.38,36,96651.3,1.25,120814.12,Completed,Cash,Success
6085,TRP-005778,DRV-00450,USR-01833,LOC-0026,LOC-0039,2024-11-15 21:00:03,2024-11-15 22:28:03,23.73,88,45075.13,1.0,45075.13,Completed,GoPay,Success
6086,TRP-005779,DRV-00011,USR-01170,LOC-0057,LOC-0012,2024-04-25 05:23:00,2024-04-25 06:36:00,11.3,73,15725.07,1.0,15725.07,Completed,GoPay,Success
6087,TRP-005780,DRV-00437,USR-01172,LOC-0011,LOC-0057,2024-08-25 16:43:48,2024-08-25 17:41:48,15.0,58,97137.04,1.5,145705.56,Failed,GoPay,Success
6088,TRP-005781,DRV-00390,USR-00896,LOC-0044,LOC-0005,2024-02-10 17:09:20,2024-02-10 18:51:20,30.1,102,51681.66,1.0,51681.66,Completed,Credit Card,Success
6089,TRP-005782,DRV-00321,USR-01048,LOC-0036,LOC-0021,2024-03-17 08:24:29,2024-03-17 10:11:29,,107,68657.41,1.0,68657.41,Completed,Cash,Success
6090,TRP-005783,DRV-00306,USR-00035,LOC-0015,LOC-0052,2024-09-06 20:42:33,2024-09-06 21:50:33,3.6,68,112613.01,1.5,168919.51,Completed,Cash,Success
6091,TRP-005784,DRV-00314,USR-01326,LOC-0031,LOC-0038,2024-03-22 00:10:55,2024-03-22 01:31:55,37.13,81,13562.41,1.0,13562.41,Completed,Credit Card,Success
6092,TRP-005785,DRV-00242,USR-00892,LOC-0031,LOC-0020,2024-10-19 21:01:48,2024-10-19 23:01:48,21.05,120,59944.44,1.0,59944.44,Cancelled,GoPay,Success
6093,TRP-005786,DRV-00494,USR-02000,LOC-0032,LOC-0029,2024-05-29 04:05:57,2024-05-29 05:50:57,7.06,105,133735.39,1.0,133735.39,Completed,GoPay,Success
6094,TRP-005787,DRV-00091,USR-00729,LOC-0035,LOC-0007,2024-04-01 08:34:16,2024-04-01 10:02:16,17.16,88,37221.7,1.25,46527.12,Completed,Cash,Success
6095,TRP-005788,DRV-00378,USR-01032,LOC-0045,LOC-0036,2024-02-05 17:04:53,2024-02-05 18:27:53,1.31,83,128594.56,1.0,128594.56,Cancelled,Credit Card,Success
6096,TRP-005789,DRV-00353,USR-00354,LOC-0015,LOC-0003,2024-06-17 02:48:08,2024-06-17 03:45:08,3.58,57,123802.61,1.25,154753.26,Completed,GoPay,Success
6097,TRP-005790,DRV-00263,USR-01855,LOC-0005,LOC-0033,2024-04-10 05:35:31,2024-04-10 07:25:31,20.18,110,90815.97,1.0,90815.97,Failed,Cash,Success
6098,TRP-005791,DRV-00365,USR-00151,LOC-0053,LOC-0055,2024-04-06 00:46:55,2024-04-06 01:41:55,33.42,55,26151.05,1.5,39226.57,Completed,GoPay,Success
6099,TRP-005792,DRV-00357,USR-01282,LOC-0019,LOC-0017,2024-01-21 03:21:06,2024-01-21 04:14:06,37.84,53,99500.92,1.5,149251.38,Completed,Credit Card,Success
6100,TRP-005793,DRV-00083,USR-00269,LOC-0044,LOC-0015,2024-03-12 08:27:53,2024-03-12 09:33:53,13.0,66,60980.08,1.75,106715.14,Completed,Credit Card,Success
6101,TRP-005793,DRV-00083,USR-00269,LOC-0044,LOC-0015,2024-03-12 08:27:53,2024-03-12 09:33:53,13.0,66,60980.08,1.75,106715.14,Completed,Credit Card,Success
6102,TRP-005794,DRV-00029,USR-01980,LOC-0034,LOC-0051,2024-10-02 04:31:49,2024-10-02 05:24:49,2.72,53,0.0,1.5,0.0,Completed,GoPay,Success
6103,TRP-005795,DRV-00129,USR-00264,LOC-0049,LOC-0034,2024-02-17 09:47:34,2024-02-17 10:08:34,22.78,21,72796.59,1.0,72796.59,Cancelled,GoPay,Success
6104,TRP-005796,DRV-00265,USR-01492,LOC-0035,LOC-0013,2024-06-05 10:01:45,2024-06-05 11:25:45,13.24,84,41027.85,1.0,41027.85,Completed,Cash,Success
6105,TRP-005797,DRV-00016,USR-01426,LOC-0001,LOC-0025,2024-03-09 11:57:18,2024-03-09 13:39:18,36.64,102,110128.12,1.0,110128.12,Completed,Credit Card,Success
6106,TRP-005798,DRV-00449,USR-01832,LOC-0018,LOC-0056,2024-02-04 03:00:20,2024-02-04 05:00:20,16.84,120,78681.56,1.0,78681.56,Cancelled,Cash,Success
6107,TRP-005799,DRV-00157,USR-01664,LOC-0055,LOC-0012,2024-02-19 15:49:36,2024-02-19 16:59:36,26.89,70,48903.07,1.75,85580.37,Completed,Credit Card,Success
6108,TRP-005800,DRV-00422,USR-01279,LOC-0020,LOC-0028,2024-11-08 07:24:41,2024-11-08 09:03:41,18.94,99,144847.59,1.0,144847.59,Completed,Credit Card,Success
6109,TRP-005801,DRV-00031,USR-01580,LOC-0057,LOC-0022,2024-02-16 13:04:34,2024-02-16 13:47:34,33.17,43,110960.81,1.5,166441.21,Failed,GoPay,Success
6110,TRP-005802,DRV-00032,USR-00798,LOC-0039,LOC-0004,2024-07-06 23:30:46,2024-07-07 01:26:46,3.38,116,13015.15,1.0,13015.15,failed,Cash,Success
6111,TRP-005803,DRV-00055,USR-01387,LOC-0023,LOC-0037,2024-05-28 08:03:55,2024-05-28 10:00:55,6.1,117,59004.59,1.0,59004.59,Completed,GoPay,Failed
6112,TRP-005804,DRV-00370,USR-01677,LOC-0032,LOC-0026,2024-08-06 20:23:45,2024-08-06 21:38:45,7.85,75,144689.77,1.0,144689.77,Completed,Credit Card,Success
6113,TRP-005805,DRV-00014,USR-00409,LOC-0055,LOC-0050,2024-11-15 03:13:03,2024-11-15 04:49:03,24.32,96,47003.84,1.0,47003.84,Failed,GoPay,Success
6114,TRP-005806,DRV-00112,USR-00227,LOC-0054,LOC-0025,2024-06-07 08:21:20,2024-06-07 10:12:20,25.66,111,111992.11,1.0,111992.11,Cancelled,Credit Card,Success
6115,TRP-005807,DRV-00444,USR-00044,LOC-0044,LOC-0055,2024-09-03 06:55:22,2024-09-03 08:30:22,21.98,95,51159.71,2.0,102319.42,Completed,GoPay,Success
6116,TRP-005808,DRV-00208,USR-01573,LOC-0032,LOC-0048,2024-08-14 19:23:56,2024-08-14 21:18:56,6.68,-10,126161.98,1.25,157702.48,Completed,GoPay,Success
6117,TRP-005808,DRV-00208,USR-01573,LOC-0032,LOC-0048,2024-08-14 19:23:56,2024-08-14 21:18:56,6.68,-10,126161.98,1.25,157702.48,Completed,GoPay,Success
6118,TRP-005809,DRV-00244,USR-00749,LOC-0050,LOC-0029,2024-06-14 12:49:09,2024-06-14 14:33:09,8.24,104,140566.95,1.0,140566.95,Completed,GoPay,Success
6119,TRP-005810,DRV-00245,USR-01136,LOC-0038,LOC-0035,2024-03-11 14:37:59,2024-03-11 16:22:59,27.57,105,123875.31,1.0,123875.31,Completed,Cash,Success
6120,TRP-005811,DRV-00396,USR-01595,LOC-0025,LOC-0015,2024-07-27 00:41:17,2024-07-27 01:32:17,38.72,51,100781.86,2.5,251954.65,Completed,Cash,Success
6121,TRP-005812,DRV-00349,USR-01342,LOC-0044,LOC-0003,2024-12-13 04:28:49,2024-12-13 05:18:49,24.02,50,0.0,1.5,0.0,Completed,Credit Card,Success
6122,TRP-005813,DRV-00060,USR-01529,LOC-0051,LOC-0025,2024-10-28 12:42:32,2024-10-28 13:52:32,6.03,70,63537.07,1.0,63537.07,Completed,Credit Card,Success
6123,TRP-005814,DRV-00179,USR-00610,LOC-0035,LOC-0003,2024-09-05 23:31:21,2024-09-06 01:05:21,30.69,-5,47643.65,1.0,47643.65,Completed,GoPay,Success
6124,TRP-005815,DRV-00369,USR-00158,LOC-0052,LOC-0015,2024-03-29 04:59:47,2024-03-29 05:25:47,37.48,26,40906.4,1.25,51133.0,Completed,Credit Card,Failed
6125,TRP-005816,DRV-00063,USR-01854,LOC-0035,LOC-0024,2024-06-11 17:22:59,2024-06-11 18:15:59,31.26,-10,45865.03,1.0,45865.03,Completed,Cash,Success
6126,TRP-005817,DRV-00456,USR-01344,LOC-0035,LOC-0046,2024-02-29 22:52:15,2024-02-29 23:36:15,12.46,44,62509.63,2.5,156274.07,Completed,Credit Card,Success
6127,TRP-005818,DRV-00140,USR-01917,LOC-0044,LOC-0010,2024-10-30 07:12:54,2024-10-30 08:25:54,19.29,73,147276.28,1.25,184095.35,Completed,GoPay,Failed
6128,TRP-005819,DRV-00234,USR-01617,LOC-0009,LOC-0029,2024-12-09 06:20:45,2024-12-09 07:57:45,19.27,97,38365.77,1.75,67140.1,Completed,GoPay,Success
6129,TRP-005820,DRV-00117,USR-01575,LOC-0044,LOC-0038,2024-06-06 11:45:15,2024-06-06 11:58:15,16.41,13,129277.07,1.75,226234.87,Completed,GoPay,Success
6130,TRP-005821,DRV-00479,USR-00633,LOC-0048,LOC-0012,2024-04-21 11:55:22,2024-04-21 13:26:22,23.94,91,89225.49,1.0,89225.49,Completed,GoPay,Pending
6131,TRP-005822,DRV-00057,USR-01682,LOC-0055,LOC-0053,2024-11-27 19:04:47,2024-11-27 19:45:47,17.06,41,30805.63,1.0,30805.63,Cancelled,Cash,Success
6132,TRP-005823,DRV-00284,USR-01294,LOC-0030,LOC-0045,2024-10-03 10:44:03,2024-10-03 12:06:03,35.85,82,124216.57,1.25,155270.71,Failed,GoPay,Success
6133,TRP-005824,DRV-00346,USR-00464,LOC-0001,LOC-0049,2024-02-18 04:53:45,2024-02-18 05:30:45,31.77,37,71003.16,1.0,71003.16,Completed,GoPay,Success
6134,TRP-005825,DRV-00498,USR-01576,LOC-0002,LOC-0043,2024-09-20 23:08:23,2024-09-21 00:51:23,,103,21174.81,1.25,26468.51,Failed,Cash,Success
6135,TRP-005826,DRV-00177,USR-01788,LOC-0057,LOC-0040,2024-10-28 02:00:58,2024-10-28 03:27:58,29.47,87,34455.54,1.0,34455.54,Completed,Credit Card,Success
6136,TRP-005827,DRV-00091,USR-00069,LOC-0025,LOC-0036,2024-10-14 16:47:21,2024-10-14 17:04:21,6.41,17,81664.73,1.0,81664.73,Completed,Cash,Success
6137,TRP-005828,DRV-00041,USR-01572,LOC-0012,LOC-0006,2024-06-09 19:37:04,2024-06-09 21:14:04,24.04,97,,1.0,,Completed,Credit Card,Success
6138,TRP-005829,DRV-00028,USR-00797,LOC-0029,LOC-0001,2024-05-14 20:58:35,2024-05-14 21:08:35,1.54,10,0.0,1.0,0.0,Completed,Cash,Success
6139,TRP-005830,DRV-00040,USR-00495,LOC-0042,LOC-0025,2024-07-09 04:38:58,2024-07-09 06:10:58,23.05,92,140023.11,1.5,210034.66,Completed,Cash,Success
6140,TRP-005831,DRV-00337,USR-01800,LOC-0024,LOC-0039,2024-12-18 06:05:12,2024-12-18 06:43:12,16.71,38,113240.08,1.0,113240.08,Completed,GoPay,Success
6141,TRP-005832,DRV-00099,USR-00047,LOC-0043,LOC-0038,2024-02-27 06:44:09,2024-02-27 07:35:09,17.8,51,138138.99,1.75,241743.23,Completed,GoPay,Success
6142,TRP-005833,DRV-00022,USR-00395,LOC-0008,LOC-0055,2024-06-18 01:31:29,2024-06-18 02:10:29,35.77,39,117284.39,1.25,146605.49,Completed,Credit Card,Success
6143,TRP-005834,DRV-00252,USR-01110,LOC-0013,LOC-0003,2024-01-20 09:12:58,2024-01-20 10:17:58,16.64,65,123958.97,2.5,309897.42,Completed,Cash,Success
6144,TRP-005835,DRV-00086,USR-01949,LOC-0017,LOC-0004,2024-12-22 01:16:55,2024-12-22 02:39:55,5.69,83,0.0,2.5,0.0,Completed,GoPay,Failed
6145,TRP-005836,DRV-00232,USR-00653,LOC-0015,LOC-0046,2024-01-16 17:08:11,2024-01-16 18:01:11,25.82,53,79034.24,1.25,98792.8,Completed,GoPay,Success
6146,TRP-005836,DRV-00232,USR-00653,LOC-0015,LOC-0046,2024-01-16 17:08:11,2024-01-16 18:01:11,25.82,53,79034.24,1.25,98792.8,Completed,GoPay,Success
6147,TRP-005837,DRV-00242,USR-00622,LOC-0004,LOC-0051,2024-02-14 19:25:33,2024-02-14 20:56:33,7.11,91,69452.39,1.75,121541.68,Failed,Cash,Failed
6148,TRP-005838,DRV-00125,USR-00788,LOC-0027,LOC-0006,2024-07-11 22:29:52,2024-07-11 22:48:52,20.77,19,130839.14,1.25,163548.92,Completed,GoPay,Success
6149,TRP-005839,DRV-00030,USR-00812,LOC-0006,LOC-0030,2024-11-23 10:22:59,2024-11-23 11:13:59,36.26,51,100598.16,1.0,100598.16,Completed,Cash,Failed
6150,TRP-005840,DRV-00097,USR-00617,LOC-0043,LOC-0017,2024-09-08 23:57:14,2024-09-09 00:50:14,8.84,53,75727.82,1.0,75727.82,Completed,Cash,Success
6151,TRP-005841,DRV-00494,USR-00973,LOC-0040,LOC-0029,2024-10-21 23:43:00,2024-10-22 01:29:00,31.94,106,54101.78,1.0,54101.78,Completed,Cash,Success
6152,TRP-005842,DRV-00373,USR-00451,LOC-0032,LOC-0047,2024-09-29 15:45:01,2024-09-29 17:42:01,,117,61915.0,1.0,61915.0,Completed,Credit Card,Success
6153,TRP-005843,DRV-00292,USR-01026,LOC-0014,LOC-0041,2024-06-18 10:26:24,2024-06-18 12:17:24,6.02,111,142882.63,2.5,357206.58,Completed,Credit Card,Success
6154,TRP-005844,DRV-00343,USR-01644,LOC-0015,LOC-0056,2024-06-22 17:39:50,2024-06-22 18:34:50,18.46,55,,1.0,,Completed,Credit Card,Success
6155,TRP-005845,DRV-00456,USR-00455,LOC-0053,LOC-0033,2024-10-09 15:13:59,2024-10-09 16:59:59,29.97,106,62015.64,2.5,155039.1,Completed,Cash,Success
6156,TRP-005846,DRV-00090,USR-00691,LOC-0009,LOC-0002,2024-04-29 01:12:31,2024-04-29 02:07:31,19.01,55,48926.23,1.25,61157.79,Completed,GoPay,Failed
6157,TRP-005847,DRV-00280,USR-01877,LOC-0017,LOC-0024,2024-12-20 07:20:10,2024-12-20 08:50:10,35.91,90,48081.01,1.0,48081.01,Completed,Credit Card,Success
6158,TRP-005848,DRV-00148,USR-01966,LOC-0018,LOC-0050,2024-02-20 15:22:03,2024-02-20 16:01:03,36.11,39,13525.96,1.25,16907.45,Completed,Cash,Success
6159,TRP-005849,DRV-00313,USR-00595,LOC-0009,LOC-0038,2024-07-17 14:35:23,2024-07-17 16:04:23,32.25,89,79114.42,1.0,79114.42,Cancelled,GoPay,Success
6160,TRP-005850,DRV-00426,USR-01876,LOC-0033,LOC-0017,2024-03-11 10:03:30,2024-03-11 11:14:30,15.29,71,74967.23,1.0,74967.23,Cancelled,Cash,Failed
6161,TRP-005851,DRV-00466,USR-01197,LOC-0054,LOC-0025,2024-04-23 23:28:31,2024-04-24 00:49:31,31.95,81,126569.81,1.0,126569.81,Completed,GoPay,Success
6162,TRP-005851,DRV-00466,USR-01197,LOC-0054,LOC-0025,2024-04-23 23:28:31,2024-04-24 00:49:31,31.95,81,126569.81,1.0,126569.81,Completed,GoPay,Success
6163,TRP-005852,DRV-00237,USR-01759,LOC-0032,LOC-0013,2024-01-19 17:47:58,2024-01-19 18:38:58,12.71,51,108257.14,1.25,135321.42,Completed,Credit Card,Success
6164,TRP-005853,DRV-00249,USR-01997,LOC-0047,LOC-0038,2024-07-08 00:21:03,2024-07-08 01:05:03,9.83,44,22645.89,1.0,22645.89,Completed,Credit Card,Success
6165,TRP-005853,DRV-00249,USR-01997,LOC-0047,LOC-0038,2024-07-08 00:21:03,2024-07-08 01:05:03,9.83,44,22645.89,1.0,22645.89,Completed,Credit Card,Success
6166,TRP-005854,DRV-00485,USR-01098,LOC-0041,LOC-0035,2024-03-27 19:59:57,2024-03-27 21:09:57,29.38,70,146574.35,1.25,183217.94,Completed,GoPay,Success
6167,TRP-005855,DRV-00442,USR-00423,LOC-0038,LOC-0028,2024-03-22 09:25:56,2024-03-22 10:59:56,20.25,94,113880.41,1.0,113880.41,Completed,Cash,Success
6168,TRP-005856,DRV-00236,USR-00349,LOC-0021,LOC-0010,2024-12-27 11:45:16,2024-12-27 13:42:16,36.76,117,45351.63,1.25,56689.54,Completed,Credit Card,Success
6169,TRP-005857,DRV-00355,USR-01136,LOC-0020,LOC-0057,2024-04-24 04:55:46,2024-04-24 06:06:46,13.16,71,25630.75,2.0,51261.5,Completed,Credit Card,Success
6170,TRP-005858,DRV-00268,USR-01642,LOC-0030,LOC-0054,2024-10-21 06:57:43,2024-10-21 08:07:43,36.39,-10,85731.32,1.0,85731.32,Completed,Cash,Success
6171,TRP-005859,DRV-00151,USR-00984,LOC-0008,LOC-0044,2024-07-27 03:08:23,2024-07-27 04:38:23,31.41,90,138965.56,1.0,138965.56,Completed,Credit Card,Success
6172,TRP-005860,DRV-00186,USR-00586,LOC-0002,LOC-0023,2024-09-02 02:04:57,2024-09-02 02:46:57,37.78,42,107941.06,1.0,107941.06,Completed,GoPay,Success
6173,TRP-005861,DRV-00276,USR-01529,LOC-0048,LOC-0032,2024-10-17 20:20:06,2024-10-17 21:22:06,34.24,62,62248.65,1.25,77810.81,Completed,Cash,Success
6174,TRP-005862,DRV-00252,USR-00969,LOC-0027,LOC-0009,2024-10-03 10:22:46,2024-10-03 10:54:46,39.87,32,77747.63,1.75,136058.35,Cancelled,Cash,Success
6175,TRP-005863,DRV-00301,USR-01605,LOC-0024,LOC-0031,2024-10-16 16:46:12,2024-10-16 17:09:12,12.2,23,131633.33,1.5,197449.99,Completed,Credit Card,Success
6176,TRP-005864,DRV-00054,USR-01271,LOC-0048,LOC-0009,2024-01-02 17:21:42,2024-01-02 18:39:42,39.06,78,55597.3,1.0,55597.3,Completed,Credit Card,Success
6177,TRP-005864,DRV-00054,USR-01271,LOC-0048,LOC-0009,2024-01-02 17:21:42,2024-01-02 18:39:42,39.06,78,55597.3,1.0,55597.3,Completed,Credit Card,Success
6178,TRP-005865,DRV-00447,USR-01045,LOC-0031,LOC-0049,2024-01-23 02:26:57,2024-01-23 03:34:57,23.76,68,78905.72,1.0,78905.72,Completed,Cash,Success
6179,TRP-005866,DRV-00463,USR-01182,LOC-0014,LOC-0020,2024-09-15 11:06:25,2024-09-15 12:34:25,13.08,88,101694.9,1.5,152542.35,Completed,Cash,Success
6180,TRP-005866,DRV-00463,USR-01182,LOC-0014,LOC-0020,2024-09-15 11:06:25,2024-09-15 12:34:25,13.08,88,101694.9,1.5,152542.35,Completed,Cash,Success
6181,TRP-005867,DRV-00234,USR-01938,LOC-0039,LOC-0015,2024-05-27 02:31:42,2024-05-27 03:25:42,4.85,54,146770.66,1.25,183463.33,Completed,Credit Card,Failed
6182,TRP-005868,DRV-00187,USR-00727,LOC-0028,LOC-0054,2024-12-03 11:39:13,2024-12-03 13:13:13,9.12,94,70789.15,1.0,70789.15,Completed,GoPay,Success
6183,TRP-005869,DRV-00230,USR-01648,LOC-0015,LOC-0013,2024-07-21 23:15:01,2024-07-22 00:31:01,16.03,76,29978.49,1.0,29978.49,Completed,Cash,Pending
6184,TRP-005870,DRV-00124,USR-01713,LOC-0013,LOC-0045,2024-07-11 08:57:32,2024-07-11 09:31:32,1.53,34,30507.1,1.0,30507.1,Completed,Cash,Success
6185,TRP-005871,DRV-00093,USR-00837,LOC-0042,LOC-0013,2024-12-03 08:00:28,2024-12-03 08:28:28,38.76,28,0.0,1.0,0.0,Completed,Cash,Success
6186,TRP-005872,DRV-00402,USR-01910,LOC-0044,LOC-0002,2024-10-12 07:08:20,2024-10-12 08:35:20,26.38,87,87694.54,1.0,87694.54,Completed,Credit Card,Success
6187,TRP-005873,DRV-00424,USR-00756,LOC-0034,LOC-0012,2024-06-10 17:48:35,2024-06-10 18:50:35,7.19,62,93319.51,2.0,186639.02,Completed,GoPay,Success
6188,TRP-005874,DRV-00010,USR-01203,LOC-0050,LOC-0033,2024-05-08 15:03:08,2024-05-08 16:48:08,5.46,105,143772.05,1.0,143772.05,Completed,Cash,Success
6189,TRP-005875,DRV-00059,USR-01468,LOC-0033,LOC-0026,2024-08-16 11:51:09,2024-08-16 13:35:09,22.65,104,141096.66,1.0,141096.66,Completed,Cash,Success
6190,TRP-005876,DRV-00230,USR-00819,LOC-0034,LOC-0032,2024-01-27 11:45:40,2024-01-27 13:17:40,35.82,92,95363.3,1.5,143044.95,Completed,GoPay,Success
6191,TRP-005877,DRV-00230,USR-00967,LOC-0010,LOC-0031,2024-11-26 00:31:48,2024-11-26 01:02:48,6.33,31,34549.21,1.25,43186.51,Completed,Credit Card,Failed
6192,TRP-005877,DRV-00230,USR-00967,LOC-0010,LOC-0031,2024-11-26 00:31:48,2024-11-26 01:02:48,6.33,31,34549.21,1.25,43186.51,Completed,Credit Card,Failed
6193,TRP-005878,DRV-00491,USR-00905,LOC-0010,LOC-0043,2024-01-15 18:34:46,2024-01-15 19:58:46,2.89,84,21603.72,1.5,32405.58,Failed,GoPay,Success
6194,TRP-005879,DRV-00095,USR-01497,LOC-0042,LOC-0007,2024-01-03 18:12:49,2024-01-03 19:29:49,18.53,77,71552.83,1.0,71552.83,Completed,Credit Card,Success
6195,TRP-005880,DRV-00222,USR-01246,LOC-0050,LOC-0040,2024-02-16 07:18:58,2024-02-16 08:51:58,37.5,93,37236.93,1.5,55855.4,Completed,Cash,Success
6196,TRP-005881,DRV-00119,USR-00230,LOC-0056,LOC-0005,2024-05-02 05:07:33,2024-05-02 06:33:33,30.18,86,48997.25,1.0,48997.25,Cancelled,Cash,Success
6197,TRP-005882,DRV-00390,USR-01987,LOC-0029,LOC-0035,2024-10-23 05:38:36,2024-10-23 07:05:36,13.12,87,0.0,1.25,0.0,Completed,GoPay,Failed
6198,TRP-005883,DRV-00356,USR-01162,LOC-0049,LOC-0036,2024-09-10 03:58:57,2024-09-10 04:23:57,7.75,25,117430.32,1.0,117430.32,Completed,Credit Card,Success
6199,TRP-005884,DRV-00337,USR-01516,LOC-0004,LOC-0035,2024-06-28 05:38:32,2024-06-28 06:45:32,16.11,67,85406.23,1.75,149460.9,Completed,Credit Card,Failed
6200,TRP-005885,DRV-00360,USR-01124,LOC-0046,LOC-0051,2024-11-26 02:31:21,2024-11-26 03:03:21,15.93,32,94283.87,1.0,94283.87,Completed,Credit Card,Success
6201,TRP-005886,DRV-00232,USR-00656,LOC-0021,LOC-0055,2024-06-21 05:50:25,2024-06-21 07:13:25,25.15,0,146556.13,1.75,256473.23,Completed,Credit Card,Success
6202,TRP-005887,DRV-00089,USR-01173,LOC-0041,LOC-0025,2024-02-10 03:03:25,2024-02-10 04:54:25,3.39,111,138085.41,1.0,138085.41,Completed,Credit Card,Success
6203,TRP-005888,DRV-00449,USR-01193,LOC-0048,LOC-0015,2024-01-03 21:24:27,2024-01-03 22:57:27,21.24,93,79027.76,1.75,138298.58,Completed,GoPay,Failed
6204,TRP-005889,DRV-00091,USR-00128,LOC-0037,LOC-0057,2024-11-12 00:03:56,2024-11-12 01:18:56,,75,144570.37,1.25,180712.96,Cancelled,GoPay,Success
6205,TRP-005890,DRV-00209,USR-00938,LOC-0054,LOC-0002,2024-07-29 15:35:15,2024-07-29 16:37:15,5.74,62,83249.67,2.0,166499.34,Completed,Credit Card,Success
6206,TRP-005891,DRV-00336,USR-00865,LOC-0005,LOC-0025,2024-12-07 17:45:50,2024-12-07 19:32:50,39.56,107,111767.88,1.0,111767.88,Completed,Cash,Success
6207,TRP-005892,DRV-00325,USR-01237,LOC-0025,LOC-0050,2024-09-18 05:57:03,2024-09-18 07:22:03,23.62,85,92021.51,1.25,115026.89,Failed,Cash,Success
6208,TRP-005893,DRV-00396,USR-00507,LOC-0043,LOC-0050,2024-01-09 02:44:58,2024-01-09 04:43:58,39.89,119,79561.03,1.5,119341.54,Completed,GoPay,Success
6209,TRP-005894,DRV-00292,USR-00848,LOC-0006,LOC-0022,2024-01-28 06:40:47,2024-01-28 07:19:47,38.27,39,117631.61,1.0,117631.61,Completed,Cash,Success
6210,TRP-005895,DRV-00382,USR-00978,LOC-0054,LOC-0021,2024-03-13 14:34:18,2024-03-13 16:10:18,33.61,96,134775.51,2.0,269551.02,Completed,Cash,Failed
6211,TRP-005896,DRV-00123,USR-00988,LOC-0044,LOC-0057,2024-08-21 23:25:38,2024-08-21 23:46:38,39.17,21,54950.12,1.25,68687.65,Completed,Cash,Success
6212,TRP-005897,DRV-00150,USR-01156,LOC-0040,LOC-0050,2024-03-14 10:26:11,2024-03-14 10:46:11,19.65,20,85109.51,1.0,85109.51,Completed,Credit Card,Success
6213,TRP-005898,DRV-00038,USR-00243,LOC-0029,LOC-0041,2024-01-25 10:53:54,2024-01-25 12:00:54,35.91,67,28160.04,1.0,28160.04,Completed,Cash,Failed
6214,TRP-005899,DRV-00323,USR-01034,LOC-0039,LOC-0049,2024-10-29 23:03:32,2024-10-29 23:58:32,8.24,55,71940.0,1.0,71940.0,Completed,Cash,Success
6215,TRP-005900,DRV-00373,USR-00951,LOC-0050,LOC-0037,2024-03-05 23:50:21,2024-03-06 00:31:21,33.73,41,113932.45,1.0,113932.45,Cancelled ,Credit Card,Pending
6216,TRP-005901,DRV-00281,USR-01798,LOC-0024,LOC-0046,2024-08-09 22:09:05,2024-08-09 22:20:05,29.51,11,114588.81,2.0,229177.62,Cancelled ,Credit Card,Failed
6217,TRP-005902,DRV-00039,USR-01289,LOC-0007,LOC-0032,2024-07-04 15:23:58,2024-07-04 17:03:58,9.32,100,,1.25,,Completed,Credit Card,Success
6218,TRP-005902,DRV-00039,USR-01289,LOC-0007,LOC-0032,2024-07-04 15:23:58,2024-07-04 17:03:58,9.32,100,,1.25,,Completed,Credit Card,Success
6219,TRP-005903,DRV-00192,USR-00098,LOC-0017,LOC-0030,2024-09-05 20:58:09,2024-09-05 21:42:09,12.43,44,100363.81,1.0,100363.81,Completed,GoPay,Success
6220,TRP-005904,DRV-00077,USR-00904,LOC-0030,LOC-0042,2024-09-01 09:04:22,2024-09-01 10:03:22,6.29,59,18118.82,1.0,18118.82,Completed,Cash,Success
6221,TRP-005905,DRV-00037,USR-01715,LOC-0034,LOC-0032,2024-06-13 21:02:28,2024-06-13 21:30:28,19.06,28,61168.41,1.75,107044.72,Completed,Credit Card,Pending
6222,TRP-005906,DRV-00279,USR-01090,LOC-0049,LOC-0057,2024-11-18 02:45:53,2024-11-18 03:44:53,36.3,59,97293.15,1.0,97293.15,Completed,Credit Card,Pending
6223,TRP-005907,DRV-00233,USR-00106,LOC-0015,LOC-0012,2024-04-21 10:50:04,2024-04-21 11:16:04,17.69,26,110379.42,1.0,110379.42,Completed,Credit Card,Failed
6224,TRP-005908,DRV-00283,USR-00437,LOC-0026,LOC-0009,2024-12-28 09:06:16,2024-12-28 10:09:16,32.19,63,118875.1,1.0,118875.1,Completed,GoPay,Pending
6225,TRP-005909,DRV-00319,USR-00029,LOC-0046,LOC-0010,2024-05-24 15:50:08,2024-05-24 17:30:08,29.47,-5,139787.98,2.0,279575.96,Completed,GoPay,Success
6226,TRP-005910,DRV-00103,USR-00827,LOC-0010,LOC-0026,2024-07-05 02:42:46,2024-07-05 03:26:46,25.91,44,134151.57,1.0,134151.57,Completed,Cash,Success
6227,TRP-005911,DRV-00337,USR-00101,LOC-0048,LOC-0024,2024-05-08 03:33:13,2024-05-08 04:01:13,17.68,28,20368.75,1.0,20368.75,Completed,GoPay,Success
6228,TRP-005911,DRV-00337,USR-00101,LOC-0048,LOC-0024,2024-05-08 03:33:13,2024-05-08 04:01:13,17.68,28,20368.75,1.0,20368.75,Completed,GoPay,Success
6229,TRP-005912,DRV-00200,USR-01274,LOC-0057,LOC-0031,2024-09-18 04:38:16,2024-09-18 06:10:16,39.34,92,28963.91,1.0,28963.91,Completed,Cash,Success
6230,TRP-005913,DRV-00052,USR-00448,LOC-0055,LOC-0049,2024-02-11 05:23:20,2024-02-11 07:14:20,22.15,111,11786.66,1.0,11786.66,Completed,Credit Card,Success
6231,TRP-005914,DRV-00224,USR-01395,LOC-0048,LOC-0021,2024-07-05 08:14:29,2024-07-05 10:13:29,13.81,119,64469.04,1.25,80586.3,Completed,GoPay,Success
6232,TRP-005915,DRV-00110,USR-00939,LOC-0040,LOC-0032,2024-05-04 22:02:51,2024-05-04 23:17:51,32.63,75,38472.03,1.0,38472.03,Completed,Cash,Success
6233,TRP-005916,DRV-00386,USR-01788,LOC-0032,LOC-0024,2024-04-24 09:15:30,2024-04-24 09:50:30,32.34,35,121321.75,1.0,121321.75,Completed,GoPay,Success
6234,TRP-005917,DRV-00225,USR-01943,LOC-0011,LOC-0027,2024-02-05 08:19:54,2024-02-05 09:42:54,11.52,83,65469.45,1.75,114571.54,Completed,Credit Card,Success
6235,TRP-005918,DRV-00036,USR-00756,LOC-0002,LOC-0027,2024-11-08 02:31:46,2024-11-08 02:54:46,39.24,23,28752.42,1.75,50316.74,Completed,GoPay,Success
6236,TRP-005919,DRV-00097,USR-01631,LOC-0045,LOC-0032,2024-01-28 15:48:02,2024-01-28 17:27:02,39.8,99,116638.12,1.25,145797.65,Completed,Credit Card,Success
6237,TRP-005920,DRV-00025,USR-00675,LOC-0046,LOC-0041,2024-01-24 04:57:58,2024-01-24 05:51:58,9.12,54,134402.51,1.0,134402.51,Completed,Cash,Success
6238,TRP-005921,DRV-00170,USR-00930,LOC-0011,LOC-0005,2024-10-28 09:31:59,2024-10-28 10:32:59,2.98,61,81666.81,1.0,81666.81,Completed,Credit Card,Pending
6239,TRP-005922,DRV-00112,USR-00098,LOC-0044,LOC-0007,2024-10-22 04:00:51,2024-10-22 05:23:51,16.63,83,30166.99,1.0,30166.99,Completed,Credit Card,Success
6240,TRP-005923,DRV-00067,USR-00576,LOC-0027,LOC-0016,2024-04-09 09:26:28,2024-04-09 10:23:28,13.0,57,67819.57,1.75,118684.25,Completed,Cash,Success
6241,TRP-005924,DRV-00496,USR-00555,LOC-0020,LOC-0048,2024-12-18 11:05:45,2024-12-18 12:38:45,4.7,93,0.0,1.0,0.0,Completed,Credit Card,Success
6242,TRP-005925,DRV-00388,USR-01887,LOC-0022,LOC-0038,2024-06-21 18:46:17,2024-06-21 20:43:17,19.51,117,16586.89,1.0,16586.89,Cancelled,Credit Card,Success
6243,TRP-005926,DRV-00288,USR-00170,LOC-0017,LOC-0047,2024-05-04 19:03:03,2024-05-04 19:29:03,20.48,26,112238.87,1.25,140298.59,Completed,Cash,Success
6244,TRP-005927,DRV-00135,USR-00851,LOC-0035,LOC-0007,2024-12-01 03:06:22,2024-12-01 04:43:22,17.23,97,141744.9,1.0,141744.9,Completed,Credit Card,Success
6245,TRP-005928,DRV-00157,USR-00008,LOC-0007,LOC-0006,2024-11-02 21:36:07,2024-11-02 22:01:07,20.24,25,128484.52,1.75,224847.91,Completed,GoPay,Success
6246,TRP-005929,DRV-00259,USR-01052,LOC-0026,LOC-0020,2024-02-21 12:48:20,2024-02-21 13:19:20,10.45,31,29430.62,1.25,36788.28,Completed,GoPay,Success
6247,TRP-005930,DRV-00109,USR-00935,LOC-0038,LOC-0007,2024-04-11 03:22:19,2024-04-11 03:38:19,5.44,16,34284.13,1.5,51426.19,Completed,GoPay,Success
6248,TRP-005931,DRV-00047,USR-01724,LOC-0014,LOC-0024,2024-01-26 06:39:55,2024-01-26 08:05:55,3.57,86,28819.32,1.0,28819.32,Completed,GoPay,Success
6249,TRP-005932,DRV-00234,USR-00828,LOC-0017,LOC-0051,2024-07-01 15:32:18,2024-07-01 16:43:18,9.86,71,26513.65,1.0,26513.65,Completed,GoPay,Failed
6250,TRP-005933,DRV-00230,USR-01532,LOC-0028,LOC-0036,2024-08-22 22:48:15,2024-08-23 00:20:15,27.4,92,92823.28,1.0,92823.28,Completed,Cash,Success
6251,TRP-005934,DRV-00360,USR-00104,LOC-0045,LOC-0001,2024-11-03 01:25:53,2024-11-03 02:51:53,7.08,86,22576.24,1.0,22576.24,Completed,Credit Card,Success
6252,TRP-005935,DRV-00317,USR-00842,LOC-0049,LOC-0031,2024-02-11 03:40:25,2024-02-11 05:34:25,11.0,114,140322.5,1.5,210483.75,Completed,Cash,Success
6253,TRP-005936,DRV-00053,USR-01798,LOC-0041,LOC-0005,2024-11-18 18:43:10,2024-11-18 20:32:10,39.0,109,72523.75,1.0,72523.75,Completed,Cash,Success
6254,TRP-005937,DRV-00442,USR-01142,LOC-0011,LOC-0051,2024-07-23 20:15:18,2024-07-23 21:18:18,7.37,63,74578.87,1.25,93223.59,Completed,GoPay,Success
6255,TRP-005938,DRV-00058,USR-00599,LOC-0039,LOC-0054,2024-02-20 12:59:39,2024-02-20 14:42:39,32.2,103,48708.63,1.25,60885.79,Completed,GoPay,Pending
6256,TRP-005939,DRV-00380,USR-00593,LOC-0030,LOC-0011,2024-01-01 15:28:23,2024-01-01 16:32:23,6.66,64,49556.48,1.0,49556.48,Completed,Credit Card,Success
6257,TRP-005940,DRV-00379,USR-00636,LOC-0022,LOC-0011,2024-06-06 22:43:05,2024-06-06 23:56:05,20.76,73,88418.16,1.25,110522.7,Completed,Credit Card,Success
6258,TRP-005941,DRV-00250,USR-01089,LOC-0033,LOC-0006,2024-01-05 09:17:22,2024-01-05 10:13:22,29.31,56,52152.62,1.0,52152.62,Completed,Credit Card,Success
6259,TRP-005942,DRV-00330,USR-01628,LOC-0020,LOC-0024,2024-07-09 13:01:57,2024-07-09 14:15:57,,74,119315.59,1.0,119315.59,Completed,Credit Card,Success
6260,TRP-005943,DRV-00356,USR-00316,LOC-0037,LOC-0003,2024-01-16 06:53:55,2024-01-16 08:26:55,19.74,93,24594.78,1.0,24594.78,Failed,Cash,Success
6261,TRP-005944,DRV-00460,USR-00529,LOC-0016,LOC-0050,2024-05-15 16:22:58,2024-05-15 18:02:58,25.88,100,113462.99,1.0,113462.99,Cancelled,Credit Card,Failed
6262,TRP-005945,DRV-00349,USR-00648,LOC-0055,LOC-0011,2024-01-14 06:15:43,2024-01-14 07:29:43,27.05,74,57232.86,1.5,85849.29,Completed,GoPay,Success
6263,TRP-005946,DRV-00001,USR-01696,LOC-0022,LOC-0026,2024-01-09 22:32:59,2024-01-09 23:32:59,21.26,60,46603.04,1.0,46603.04,Completed,Credit Card,Success
6264,TRP-005947,DRV-00202,USR-00807,LOC-0043,LOC-0027,2024-04-21 05:39:46,2024-04-21 06:22:46,8.69,43,49737.92,2.5,124344.8,Completed,Cash,Pending
6265,TRP-005948,DRV-00118,USR-00840,LOC-0031,LOC-0033,2024-10-19 14:52:50,2024-10-19 15:19:50,17.25,27,84694.28,1.0,84694.28,Completed,GoPay,Success
6266,TRP-005949,DRV-00404,USR-01967,LOC-0025,LOC-0021,2024-09-24 12:26:57,2024-09-24 14:11:57,35.61,105,96065.09,1.5,144097.64,Completed,Cash,Success
6267,TRP-005950,DRV-00017,USR-01215,LOC-0033,LOC-0035,2024-12-01 18:15:08,2024-12-01 18:55:08,19.12,40,79948.55,1.5,119922.83,Completed,Credit Card,Success
6268,TRP-005950,DRV-00017,USR-01215,LOC-0033,LOC-0035,2024-12-01 18:15:08,2024-12-01 18:55:08,19.12,40,79948.55,1.5,119922.83,Completed,Credit Card,Success
6269,TRP-005951,DRV-00051,USR-01704,LOC-0050,LOC-0045,2024-04-22 20:06:16,2024-04-22 22:01:16,32.41,115,148030.6,1.25,185038.25,Cancelled,Credit Card,Success
6270,TRP-005952,DRV-00220,USR-01320,LOC-0042,LOC-0014,2024-08-17 05:02:56,2024-08-17 05:34:56,7.15,32,69983.09,1.0,69983.09,Completed,Cash,Success
6271,TRP-005953,DRV-00215,USR-00563,LOC-0042,LOC-0006,2024-04-20 00:15:25,2024-04-20 01:13:25,19.08,58,149129.25,1.0,149129.25,Completed,Credit Card,Success
6272,TRP-005954,DRV-00356,USR-00253,LOC-0047,LOC-0048,2024-12-16 22:15:36,2024-12-16 23:03:36,10.39,48,95929.85,1.0,95929.85,Completed,Credit Card,Success
6273,TRP-005955,DRV-00042,USR-00554,LOC-0006,LOC-0046,2024-10-02 01:55:11,2024-10-02 03:27:11,38.95,92,112422.83,1.25,140528.54,Completed,GoPay,Success
6274,TRP-005956,DRV-00440,USR-00089,LOC-0056,LOC-0020,2024-01-23 21:05:11,2024-01-23 22:10:11,3.57,65,107273.91,1.75,187729.34,Completed,Credit Card,Success
6275,TRP-005957,DRV-00473,USR-00518,LOC-0045,LOC-0031,2024-09-15 03:39:31,2024-09-15 05:06:31,8.37,87,92818.14,1.0,92818.14,Completed,Cash,Success
6276,TRP-005958,DRV-00220,USR-00722,LOC-0041,LOC-0039,2024-01-10 19:00:35,2024-01-10 19:47:35,25.09,47,13235.29,1.25,16544.11,Completed,Cash,Success
6277,TRP-005959,DRV-00240,USR-01421,LOC-0047,LOC-0031,2024-08-17 10:23:12,2024-08-17 10:50:12,24.11,27,63287.15,1.0,63287.15,Completed,Cash,Success
6278,TRP-005960,DRV-00089,USR-00957,LOC-0023,LOC-0003,2024-03-04 10:36:29,2024-03-04 11:23:29,39.18,47,149985.98,1.5,224978.97,Completed,GoPay,Success
6279,TRP-005961,DRV-00428,USR-01354,LOC-0028,LOC-0020,2024-02-01 16:16:20,2024-02-01 16:45:20,37.03,29,22628.21,1.0,22628.21,Completed,GoPay,Success
6280,TRP-005961,DRV-00428,USR-01354,LOC-0028,LOC-0020,2024-02-01 16:16:20,2024-02-01 16:45:20,37.03,29,22628.21,1.0,22628.21,Completed,GoPay,Success
6281,TRP-005962,DRV-00023,USR-01681,LOC-0021,LOC-0045,2024-03-26 04:26:41,2024-03-26 05:57:41,38.99,91,148999.16,3.5,186248.95,COMPLETED,Credit Card,Success
6282,TRP-005963,DRV-00143,USR-01117,LOC-0043,LOC-0052,2024-08-29 14:14:26,2024-08-29 15:50:26,1.13,96,56162.07,1.5,84243.1,Completed,Credit Card,Success
6283,TRP-005964,DRV-00497,USR-00556,LOC-0002,LOC-0028,2024-11-11 20:08:18,2024-11-11 21:54:18,14.38,106,134491.51,1.0,134491.51,Failed,Cash,Pending
6284,TRP-005965,DRV-00159,USR-01028,LOC-0020,LOC-0008,2024-01-25 11:10:29,2024-01-25 11:44:29,28.05,34,11645.19,1.5,17467.78,Completed,Credit Card,Success
6285,TRP-005966,DRV-00176,USR-00642,LOC-0007,LOC-0040,2024-02-27 14:54:52,2024-02-27 15:48:52,3.05,54,92539.7,1.75,161944.48,Completed,GoPay,Success
6286,TRP-005967,DRV-00241,USR-01422,LOC-0048,LOC-0014,2024-12-02 19:12:25,2024-12-02 19:35:25,2.21,23,95560.9,1.0,95560.9,Completed,Credit Card,Success
6287,TRP-005968,DRV-00218,USR-00315,LOC-0043,LOC-0028,2024-02-08 13:07:55,2024-02-08 14:18:55,4.55,71,,1.0,,Completed,GoPay,Success
6288,TRP-005969,DRV-00317,USR-01375,LOC-0044,LOC-0030,2024-03-11 23:06:13,2024-03-12 00:41:13,19.93,95,49920.4,1.0,49920.4,Cancelled ,GoPay,Success
6289,TRP-005970,DRV-00234,USR-00464,LOC-0035,LOC-0007,2024-07-10 17:52:20,2024-07-10 19:24:20,21.03,92,75112.98,2.0,150225.96,Completed,Cash,Success
6290,TRP-005971,DRV-00013,USR-01138,LOC-0038,LOC-0053,2024-01-07 18:02:23,2024-01-07 19:42:23,27.98,100,63697.38,1.0,63697.38,Cancelled,Cash,Success
6291,TRP-005972,DRV-00183,USR-01273,LOC-0057,LOC-0042,2024-10-31 17:18:18,2024-10-31 18:49:18,35.21,91,30058.03,1.0,30058.03,Failed,GoPay,Success
6292,TRP-005973,DRV-00164,USR-00127,LOC-0027,LOC-0014,2024-07-10 09:08:20,2024-07-10 10:52:20,22.17,104,58536.74,3.5,87805.11,Completed,GoPay,Success
6293,TRP-005974,DRV-00491,USR-01562,LOC-0019,LOC-0032,2024-03-19 06:55:47,2024-03-19 07:40:47,35.07,45,13944.65,1.75,24403.14,Cancelled,GoPay,Success
6294,TRP-005975,DRV-00346,USR-00190,LOC-0037,LOC-0029,2024-06-16 07:33:06,2024-06-16 08:53:06,19.79,80,134756.4,2.5,336891.0,Completed,GoPay,Success
6295,TRP-005976,DRV-00262,USR-00913,LOC-0029,LOC-0006,2024-12-01 16:38:03,2024-12-01 16:55:03,11.97,17,96646.2,2.5,241615.5,Completed,Cash,Failed
6296,TRP-005977,DRV-00026,USR-01114,LOC-0044,LOC-0037,2024-09-24 05:22:43,2024-09-24 07:13:43,38.16,111,138105.55,1.0,138105.55,Completed,GoPay,Success
6297,TRP-005978,DRV-00137,USR-00759,LOC-0030,LOC-0018,2024-06-03 14:21:13,2024-06-03 15:11:13,34.75,50,129336.51,2.0,258673.02,Completed,Cash,Success
6298,TRP-005979,DRV-00342,USR-00365,LOC-0003,LOC-0041,2024-06-26 15:39:13,2024-06-26 17:34:13,21.07,115,46771.41,5.0,70157.12,Completed,GoPay,Success
6299,TRP-005980,DRV-00494,USR-00483,LOC-0026,LOC-0030,2024-11-09 11:50:27,2024-11-09 12:26:27,18.09,36,133935.6,1.25,167419.5,Cancelled ,Cash,Success
6300,TRP-005981,DRV-00089,USR-00546,LOC-0008,LOC-0011,2024-09-04 16:51:05,2024-09-04 18:08:05,2.85,77,130729.02,1.25,163411.27,Completed,Cash,Success
6301,TRP-005981,DRV-00089,USR-00546,LOC-0008,LOC-0011,2024-09-04 16:51:05,2024-09-04 18:08:05,2.85,77,130729.02,1.25,163411.27,Completed,Cash,Success
6302,TRP-005982,DRV-00256,USR-00692,LOC-0010,LOC-0052,2024-06-18 05:57:02,2024-06-18 06:50:02,37.68,53,28891.94,1.0,28891.94,Completed,Cash,Success
6303,TRP-005983,DRV-00053,USR-00567,LOC-0040,LOC-0053,2024-10-17 05:24:44,2024-10-17 06:10:44,,46,92748.38,1.75,162309.67,Completed,GoPay,Success
6304,TRP-005984,DRV-00428,USR-00075,LOC-0015,LOC-0011,2024-12-29 05:55:54,2024-12-29 07:50:54,4.72,115,126192.04,1.25,157740.05,Completed,Cash,Success
6305,TRP-005985,DRV-00100,USR-01943,LOC-0043,LOC-0010,2024-10-31 10:35:35,2024-10-31 11:26:35,3.24,51,36261.93,1.0,36261.93,Completed,Cash,Success
6306,TRP-005986,DRV-00367,USR-01204,LOC-0032,LOC-0040,2024-03-19 19:08:51,2024-03-19 20:36:51,21.95,88,30506.11,1.0,30506.11,Cancelled,GoPay,Success
6307,TRP-005987,DRV-00346,USR-00771,LOC-0054,LOC-0021,2024-11-10 04:09:20,2024-11-10 04:59:20,21.44,50,141513.23,1.0,141513.23,Cancelled,GoPay,Pending
6308,TRP-005988,DRV-00370,USR-01004,LOC-0048,LOC-0035,2024-04-06 05:30:23,2024-04-06 06:03:23,16.78,33,33806.81,1.25,42258.51,Completed,Cash,Success
6309,TRP-005989,DRV-00236,USR-00863,LOC-0020,LOC-0016,2024-10-29 07:38:42,2024-10-29 09:01:42,1.5,83,78866.43,1.25,98583.04,Completed,Credit Card,Success
6310,TRP-005990,DRV-00020,USR-01244,LOC-0014,LOC-0031,2024-01-02 09:18:55,2024-01-02 09:59:55,1.18,41,143101.42,1.0,143101.42,Completed,Cash,Failed
6311,TRP-005991,DRV-00267,USR-01480,LOC-0007,LOC-0029,2024-07-16 09:41:14,2024-07-16 10:43:14,11.98,62,28619.66,1.75,50084.4,Completed,GoPay,Success
6312,TRP-005992,DRV-00428,USR-00284,LOC-0035,LOC-0008,2024-02-21 05:57:19,2024-02-21 07:13:19,8.38,76,24601.03,1.0,24601.03,Completed,Cash,Success
6313,TRP-005993,DRV-00341,USR-00776,LOC-0020,LOC-0040,2024-06-30 13:28:32,2024-06-30 15:27:32,28.05,119,108402.14,1.75,189703.74,Completed,Cash,Success
6314,TRP-005994,DRV-00393,USR-01237,LOC-0019,LOC-0005,2024-11-11 08:06:29,2024-11-11 09:44:29,22.62,98,81864.43,1.0,81864.43,Completed,GoPay,Success
6315,TRP-005995,DRV-00108,USR-01988,LOC-0028,LOC-0022,2024-10-11 07:33:58,2024-10-11 08:52:58,21.77,79,89477.39,2.0,178954.78,Completed,Credit Card,Success
6316,TRP-005996,DRV-00315,USR-00896,LOC-0015,LOC-0048,2024-07-08 05:29:46,2024-07-08 06:29:46,28.85,60,102058.13,1.0,102058.13,Completed,Credit Card,Success
6317,TRP-005997,DRV-00130,USR-00572,LOC-0014,LOC-0003,2024-04-20 18:55:01,2024-04-20 20:18:01,4.43,83,144221.79,1.0,144221.79,Completed,Cash,Success
6318,TRP-005997,DRV-00130,USR-00572,LOC-0014,LOC-0003,2024-04-20 18:55:01,2024-04-20 20:18:01,4.43,83,144221.79,1.0,144221.79,Completed,Cash,Success
6319,TRP-005998,DRV-00137,USR-01776,LOC-0057,LOC-0022,2024-03-08 12:49:23,2024-03-08 14:49:23,39.17,120,138322.28,1.0,138322.28,Cancelled,Cash,Success
6320,TRP-005999,DRV-00133,USR-01810,LOC-0047,LOC-0045,2024-08-27 09:26:25,2024-08-27 10:49:25,18.44,83,123327.55,1.0,123327.55,Completed,Credit Card,Success
6321,TRP-006000,DRV-00387,USR-00332,LOC-0016,LOC-0011,2024-12-15 00:26:29,2024-12-15 01:17:29,14.94,51,10060.49,1.25,12575.61,Completed,GoPay,Success
